date,value
1996-03-18,5.1579604149
1996-03-19,5.2319984436
1996-03-20,5.182639122
1996-03-21,5.3553948402
1996-03-22,5.33071661
1996-03-25,5.4294314384
1996-03-26,5.4294314384
1996-03-27,5.33071661
1996-03-28,5.3553948402
1996-03-29,5.3060350418
1996-04-01,5.3553948402
1996-04-02,5.4787898064
1996-04-03,5.4541120529
1996-04-04,5.3553948402
1996-04-08,5.3060350418
1996-04-09,5.380074501
1996-04-10,5.33071661
1996-04-11,5.33071661
1996-04-12,5.33071661
1996-04-15,5.3553948402
1996-04-16,5.380074501
1996-04-17,5.3060350418
1996-04-18,5.2566790581
1996-04-19,5.2813539505
1996-04-22,5.3553948402
1996-04-23,5.2813539505
1996-04-24,5.2813539505
1996-04-25,5.2319984436
1996-04-26,5.2566790581
1996-04-29,5.2566790581
1996-04-30,5.380074501
1996-05-01,5.33071661
1996-05-02,5.2073187828
1996-05-03,5.2566790581
1996-05-06,5.2319984436
1996-05-07,5.2813539505
1996-05-08,5.3060350418
1996-05-09,5.33071661
1996-05-10,5.3553948402
1996-05-13,5.3060350418
1996-05-14,5.380074501
1996-05-15,5.3060350418
1996-05-16,5.3553948402
1996-05-17,5.380074501
1996-05-20,5.4047532082
1996-05-21,5.4787898064
1996-05-22,5.380074501
1996-05-23,5.4294314384
1996-05-24,5.4541120529
1996-05-28,5.4787898064
1996-05-29,5.5034685135
1996-05-30,5.4787898064
1996-05-31,5.4787898064
1996-06-03,5.3553948402
1996-06-04,5.4294314384
1996-06-05,5.4294314384
1996-06-06,5.5034685135
1996-06-07,5.4787898064
1996-06-10,5.4787898064
1996-06-11,5.4047532082
1996-06-12,5.3553948402
1996-06-13,5.2566790581
1996-06-14,5.33071661
1996-06-17,5.2813539505
1996-06-18,5.380074501
1996-06-19,5.380074501
1996-06-20,5.3553948402
1996-06-21,5.3553948402
1996-06-24,5.4047532082
1996-06-25,5.380074501
1996-06-26,5.4047532082
1996-06-27,5.4047532082
1996-06-28,5.4047532082
1996-07-01,5.4047532082
1996-07-02,5.33071661
1996-07-03,5.33071661
1996-07-05,5.3060350418
1996-07-08,5.3060350418
1996-07-09,5.2813539505
1996-07-10,5.2566790581
1996-07-11,5.182639122
1996-07-12,5.2073187828
1996-07-15,5.1332817078
1996-07-16,5.0345659256
1996-07-17,5.1086015701
1996-07-18,5.182639122
1996-07-19,5.2319984436
1996-07-22,5.2073187828
1996-07-23,5.182639122
1996-07-24,5.0839223862
1996-07-25,5.1086015701
1996-07-26,5.0592432022
1996-07-29,5.0345659256
1996-07-30,5.0345659256
1996-07-31,5.1332817078
1996-08-01,5.182639122
1996-08-02,5.3060350418
1996-08-05,5.2319984436
1996-08-06,5.2813539505
1996-08-07,5.2813539505
1996-08-08,5.2319984436
1996-08-09,5.2319984436
1996-08-12,5.2319984436
1996-08-13,5.2813539505
1996-08-14,5.2319984436
1996-08-15,5.2813539505
1996-08-16,5.182639122
1996-08-19,5.2073187828
1996-08-20,5.3553948402
1996-08-21,5.3553948402
1996-08-22,5.4047532082
1996-08-23,5.380074501
1996-08-26,5.3592367172
1996-08-27,5.3341960907
1996-08-28,5.3091521263
1996-08-29,5.2590651512
1996-08-30,5.208978653
1996-09-03,5.208978653
1996-09-04,5.208978653
1996-09-05,5.208978653
1996-09-06,5.2590651512
1996-09-09,5.2340226173
1996-09-10,5.3091521263
1996-09-11,5.2590651512
1996-09-12,5.3091521263
1996-09-13,5.4093251228
1996-09-16,5.4093251228
1996-09-17,5.4343671799
1996-09-18,5.4093251228
1996-09-19,5.3842802048
1996-09-20,5.4594116211
1996-09-23,5.4093251228
1996-09-24,5.4093251228
1996-09-25,5.3842802048
1996-09-26,5.4594116211
1996-09-27,5.4594116211
1996-09-30,5.5094966888
1996-10-01,5.5595836639
1996-10-02,5.609667778
1996-10-03,5.609667778
1996-10-04,5.6347122192
1996-10-07,5.6847982407
1996-10-08,5.6847982407
1996-10-09,5.7348856926
1996-10-10,5.7348856926
1996-10-11,5.7599287033
1996-10-14,5.7098436356
1996-10-15,5.8100142479
1996-10-16,5.7599287033
1996-10-17,5.8100142479
1996-10-18,5.8100142479
1996-10-21,5.8350586891
1996-10-22,5.7599287033
1996-10-23,5.8350586891
1996-10-24,5.8100142479
1996-10-25,5.7849712372
1996-10-28,5.6847982407
1996-10-29,5.6597557068
1996-10-30,5.7348856926
1996-10-31,5.8350586891
1996-11-01,5.8350586891
1996-11-04,5.8350586891
1996-11-05,5.8601002693
1996-11-06,5.9853177071
1996-11-07,5.9352312088
1996-11-08,5.9602737427
1996-11-11,5.9352312088
1996-11-12,5.9352312088
1996-11-13,6.0103602409
1996-11-14,6.0854902267
1996-11-15,6.0103602409
1996-11-18,6.1606192589
1996-11-19,6.1856641769
1996-11-20,6.2357497215
1996-11-21,6.2107048035
1996-11-22,6.2107048035
1996-11-25,6.2858376503
1996-11-26,6.3609642982
1996-11-27,6.3609642982
1996-11-29,6.3609642982
1996-12-02,6.3609642982
1996-12-03,6.3108773232
1996-12-04,6.3609642982
1996-12-05,6.3860087395
1996-12-06,6.2357497215
1996-12-09,6.2357497215
1996-12-10,6.3359193802
1996-12-11,6.1606192589
1996-12-12,6.1606192589
1996-12-13,6.0854902267
1996-12-16,6.0354037285
1996-12-17,6.0604453087
1996-12-18,6.0604453087
1996-12-19,6.1606192589
1996-12-20,6.2357497215
1996-12-23,6.2292928696
1996-12-24,6.2797317505
1996-12-26,6.3049516678
1996-12-27,6.3049516678
1996-12-30,6.3049516678
1996-12-31,6.2040734291
1997-01-02,6.1031923294
1997-01-03,6.2292928696
1997-01-06,6.3049516678
1997-01-07,6.3049516678
1997-01-08,6.3049516678
1997-01-09,6.2040734291
1997-01-10,6.178853035
1997-01-13,6.2040734291
1997-01-14,6.1536335945
1997-01-15,6.405831337
1997-01-16,6.405831337
1997-01-17,6.405831337
1997-01-20,6.405831337
1997-01-21,6.3553919792
1997-01-22,6.2797317505
1997-01-23,6.2545127869
1997-01-24,6.1284122467
1997-01-27,6.0527539253
1997-01-28,6.1031923294
1997-01-29,6.1031923294
1997-01-30,6.0779733658
1997-01-31,6.178853035
1997-02-03,6.1536335945
1997-02-04,6.178853035
1997-02-05,6.1284122467
1997-02-06,6.2040734291
1997-02-07,6.2545127869
1997-02-10,6.1284122467
1997-02-11,6.1284122467
1997-02-12,6.2040734291
1997-02-13,6.1031923294
1997-02-14,6.0527539253
1997-02-18,5.9770965576
1997-02-19,5.8005552292
1997-02-20,6.0527539253
1997-02-21,6.0527539253
1997-02-24,6.1031923294
1997-02-25,6.1284122467
1997-02-26,6.0023150444
1997-02-27,6.0527539253
1997-02-28,6.0023150444
1997-03-03,6.0023150444
1997-03-04,6.0779733658
1997-03-05,6.0275344849
1997-03-06,6.0527539253
1997-03-07,6.0275344849
1997-03-10,5.9518766403
1997-03-11,5.8762164116
1997-03-12,5.8005552292
1997-03-13,5.7248954773
1997-03-14,5.8005552292
1997-03-17,5.6996760368
1997-03-18,5.6492357254
1997-03-19,5.6492357254
1997-03-20,5.4979171753
1997-03-21,5.6492357254
1997-03-24,5.7248954773
1997-03-25,5.6996760368
1997-03-26,5.6996760368
1997-03-27,5.5987963676
1997-03-31,5.4474797249
1997-04-01,5.4726986885
1997-04-02,5.3970384598
1997-04-03,5.4474797249
1997-04-04,5.5483584404
1997-04-07,5.5735769272
1997-04-08,5.5987963676
1997-04-09,5.5735769272
1997-04-10,5.5987963676
1997-04-11,5.5735769272
1997-04-14,5.5231370926
1997-04-15,5.4979171753
1997-04-16,5.6492357254
1997-04-17,5.6240162849
1997-04-18,5.6492357254
1997-04-21,5.6492357254
1997-04-22,5.6492357254
1997-04-23,5.6492357254
1997-04-24,5.6492357254
1997-04-25,5.5987963676
1997-04-28,5.5987963676
1997-04-29,5.6996760368
1997-04-30,5.7501173019
1997-05-01,5.8005552292
1997-05-02,5.8005552292
1997-05-05,5.9518766403
1997-05-06,5.9518766403
1997-05-07,5.9266557693
1997-05-08,6.0527539253
1997-05-09,6.1284122467
1997-05-12,6.178853035
1997-05-13,6.1284122467
1997-05-14,6.2040734291
1997-05-15,6.2292928696
1997-05-16,6.1536335945
1997-05-19,6.1536335945
1997-05-20,6.2040734291
1997-05-21,6.2040734291
1997-05-22,6.2545127869
1997-05-23,6.3049516678
1997-05-27,6.405831337
1997-05-28,6.4310512543
1997-05-29,6.2545127869
1997-05-30,6.405831337
1997-06-02,6.6075892448
1997-06-03,6.506711483
1997-06-04,6.506711483
1997-06-05,6.5571522713
1997-06-06,6.5571522713
1997-06-09,6.531932354
1997-06-10,6.3553919792
1997-06-11,6.3049516678
1997-06-12,6.2040734291
1997-06-13,6.2040734291
1997-06-16,6.3049516678
1997-06-17,6.3049516678
1997-06-18,6.2292928696
1997-06-19,6.405831337
1997-06-20,6.6832509041
1997-06-23,6.6328110695
1997-06-24,6.6580309868
1997-06-25,6.6580309868
1997-06-26,6.6328110695
1997-06-27,6.7336888313
1997-06-30,6.8597874641
1997-07-01,6.8597874641
1997-07-02,6.9102272987
1997-07-03,6.7336888313
1997-07-07,6.4562706947
1997-07-08,6.506711483
1997-07-09,6.3553919792
1997-07-10,6.506711483
1997-07-11,6.7084674835
1997-07-14,6.7336888313
1997-07-15,6.6832509041
1997-07-16,6.6832509041
1997-07-17,6.6832509041
1997-07-18,6.6580309868
1997-07-21,6.6580309868
1997-07-22,6.7589073181
1997-07-23,6.8597874641
1997-07-24,6.8597874641
1997-07-25,6.7841262817
1997-07-28,6.8093481064
1997-07-29,6.8597874641
1997-07-30,6.9606685638
1997-07-31,7.1119880676
1997-08-01,7.0111069679
1997-08-04,7.1119880676
1997-08-05,7.1372051239
1997-08-06,7.2633056641
1997-08-07,7.3137450218
1997-08-08,7.2128624916
1997-08-11,7.1624236107
1997-08-12,7.1372051239
1997-08-13,7.187643528
1997-08-14,7.187643528
1997-08-15,6.8093481064
1997-08-18,6.7084674835
1997-08-19,6.6580309868
1997-08-20,6.9354448318
1997-08-21,6.7589073181
1997-08-22,6.6328110695
1997-08-25,6.8017029762
1997-08-26,6.7755427361
1997-08-27,6.8278617859
1997-08-28,6.3831348419
1997-08-29,6.121530056
1997-09-02,6.2000141144
1997-09-03,6.3831348419
1997-09-04,6.2261738777
1997-09-05,6.3569731712
1997-09-08,6.5400958061
1997-09-09,6.6185750961
1997-09-10,6.4354557991
1997-09-11,6.3308129311
1997-09-12,6.4354557991
1997-09-15,6.5400958061
1997-09-16,6.5139365196
1997-09-17,6.566257
1997-09-18,6.5400958061
1997-09-19,6.4877772331
1997-09-22,6.2784938812
1997-09-23,6.2261738777
1997-09-24,6.2523331642
1997-09-25,6.4877772331
1997-09-26,6.5139365196
1997-09-29,6.5139365196
1997-09-30,6.5139365196
1997-10-01,6.592417717
1997-10-02,6.592417717
1997-10-03,6.5400958061
1997-10-06,6.5139365196
1997-10-07,6.4354557991
1997-10-08,6.3308129311
1997-10-09,6.2784938812
1997-10-10,6.1476917267
1997-10-13,6.2261738777
1997-10-14,6.1476917267
1997-10-15,5.8337655067
1997-10-16,5.8337655067
1997-10-17,5.8337655067
1997-10-20,5.6506443024
1997-10-21,5.3628787994
1997-10-22,5.0489544868
1997-10-23,4.6565475464
1997-10-24,4.8135113716
1997-10-27,4.3949456215
1997-10-28,5.2843976021
1997-10-29,4.6303892136
1997-10-30,4.5257482529
1997-10-31,4.6827087402
1997-11-03,5.0489544868
1997-11-04,4.7088708878
1997-11-05,4.7611918449
1997-11-06,4.4995861053
1997-11-07,4.3426246643
1997-11-10,4.4211063385
1997-11-11,4.368786335
1997-11-12,4.1595020294
1997-11-13,4.368786335
1997-11-14,4.5257482529
1997-11-17,4.6565475464
1997-11-18,4.4995861053
1997-11-19,4.4472665787
1997-11-20,4.4472665787
1997-11-21,4.6565475464
1997-11-24,4.4995861053
1997-11-25,4.5519070625
1997-11-26,4.6565475464
1997-11-28,4.6042275429
1997-12-01,4.7611918449
1997-12-02,4.8396716118
1997-12-03,4.8919935226
1997-12-04,4.9966335297
1997-12-05,5.0751156807
1997-12-08,5.0751156807
1997-12-09,4.8919935226
1997-12-10,4.6827087402
1997-12-11,4.4995861053
1997-12-12,4.5519070625
1997-12-15,4.4995861053
1997-12-16,4.4995861053
1997-12-17,4.4995861053
1997-12-18,4.4211063385
1997-12-19,4.3949456215
1997-12-22,4.368786335
1997-12-23,4.4093418121
1997-12-24,4.4093418121
1997-12-26,4.462146759
1997-12-29,4.5149526596
1997-12-30,4.594162941
1997-12-31,4.594162941
1998-01-02,4.7261786461
1998-01-05,4.4885501862
1998-01-06,4.3829360008
1998-01-07,4.0925011635
1998-01-08,4.0132908821
1998-01-09,3.5908396244
1998-01-12,3.6964528561
1998-01-13,3.8548719883
1998-01-14,3.9076786041
1998-01-15,3.6964528561
1998-01-16,3.9076786041
1998-01-20,4.1453075409
1998-01-21,3.934081316
1998-01-22,3.8284695148
1998-01-23,3.8548719883
1998-01-26,3.8548719883
1998-01-27,3.881275177
1998-01-28,3.9868876934
1998-01-29,4.1717104912
1998-01-30,4.2509212494
1998-02-02,4.5677599907
1998-02-03,4.5413565636
1998-02-04,4.4357433319
1998-02-05,4.5413565636
1998-02-06,4.462146759
1998-02-09,4.6733727455
1998-02-10,4.75258255
1998-02-11,4.6469688416
1998-02-12,4.5677599907
1998-02-13,4.4093418121
1998-02-17,4.3301286697
1998-02-18,4.5149526596
1998-02-19,4.462146759
1998-02-20,4.4885501862
1998-02-23,4.594162941
1998-02-24,4.462146759
1998-02-25,4.5413565636
1998-02-26,4.6469688416
1998-02-27,4.6733727455
1998-03-02,4.75258255
1998-03-03,4.75258255
1998-03-04,4.6205663681
1998-03-05,4.4357433319
1998-03-06,4.594162941
1998-03-09,4.5677599907
1998-03-10,4.5413565636
1998-03-11,4.594162941
1998-03-12,4.4885501862
1998-03-13,4.5677599907
1998-03-16,4.6205663681
1998-03-17,4.594162941
1998-03-18,4.5413565636
1998-03-19,4.6469688416
1998-03-20,4.7261786461
1998-03-23,4.6997737885
1998-03-24,4.75258255
1998-03-25,4.8053889275
1998-03-26,4.75258255
1998-03-27,4.75258255
1998-03-30,4.7261786461
1998-03-31,4.6733727455
1998-04-01,4.594162941
1998-04-02,4.4885501862
1998-04-03,4.4093418121
1998-04-06,4.4357433319
1998-04-07,4.4357433319
1998-04-08,4.5149526596
1998-04-09,4.5413565636
1998-04-13,4.5413565636
1998-04-14,4.5413565636
1998-04-15,4.5149526596
1998-04-16,4.4357433319
1998-04-17,4.3829360008
1998-04-20,4.3829360008
1998-04-21,4.4357433319
1998-04-22,4.3829360008
1998-04-23,4.3037285805
1998-04-24,4.2773227692
1998-04-27,4.0660982132
1998-04-28,4.2509212494
1998-04-29,4.2245173454
1998-04-30,4.2245173454
1998-05-01,4.2245173454
1998-05-04,4.1189045906
1998-05-05,3.9604840279
1998-05-06,3.9076786041
1998-05-07,3.8548719883
1998-05-08,3.9604840279
1998-05-11,3.9604840279
1998-05-12,3.8548719883
1998-05-13,3.7492587566
1998-05-14,3.8284695148
1998-05-15,3.7492587566
1998-05-18,3.6964528561
1998-05-19,3.7492587566
1998-05-20,3.8284695148
1998-05-21,3.8548719883
1998-05-22,3.8020663261
1998-05-26,3.7756612301
1998-05-27,3.6172430515
1998-05-28,3.5380330086
1998-05-29,3.5116295815
1998-06-01,3.3532106876
1998-06-02,3.3268077374
1998-06-03,3.4324219227
1998-06-04,3.406017065
1998-06-05,3.4324219227
1998-06-08,3.3796141148
1998-06-09,3.3004038334
1998-06-10,3.0627748966
1998-06-11,3.0363721848
1998-06-12,3.0891785622
1998-06-15,2.8515498638
1998-06-16,3.0627748966
1998-06-17,3.3796141148
1998-06-18,3.2740013599
1998-06-19,3.406017065
1998-06-22,3.3004038334
1998-06-23,3.3004038334
1998-06-24,3.3532106876
1998-06-25,3.4324219227
1998-06-26,3.3796141148
1998-06-29,3.2475979328
1998-06-30,3.2740013599
1998-07-01,3.5380330086
1998-07-02,3.4588239193
1998-07-06,3.4324219227
1998-07-07,3.3532106876
1998-07-08,3.4852280617
1998-07-09,3.3532106876
1998-07-10,3.3004038334
1998-07-13,3.2475979328
1998-07-14,3.3796141148
1998-07-15,3.3796141148
1998-07-16,3.4588239193
1998-07-17,3.4324219227
1998-07-20,3.3532106876
1998-07-21,3.3268077374
1998-07-22,3.2475979328
1998-07-23,3.1155827045
1998-07-24,3.2475979328
1998-07-27,3.1683881283
1998-07-28,3.0891785622
1998-07-29,3.0891785622
1998-07-30,3.1155827045
1998-07-31,3.0099692345
1998-08-03,2.9571614265
1998-08-04,2.8779518604
1998-08-05,3.0099692345
1998-08-06,2.9307579994
1998-08-07,2.8779518604
1998-08-10,2.7723395824
1998-08-11,2.6667265892
1998-08-12,2.7987430096
1998-08-13,2.6667265892
1998-08-14,2.825145483
1998-08-17,2.825145483
1998-08-18,2.9043557644
1998-08-19,3.0363721848
1998-08-20,2.9835655689
1998-08-21,2.9043557644
1998-08-24,2.9835655689
1998-08-25,3.0897200108
1998-08-26,2.9241986275
1998-08-27,2.786264658
1998-08-28,2.6759178638
1998-08-31,2.4552228451
1998-09-01,2.7310910225
1998-09-02,2.7035031319
1998-09-03,2.6483309269
1998-09-04,2.8414390087
1998-09-08,3.3380012512
1998-09-09,3.0897200108
1998-09-10,2.9241986275
1998-09-11,3.0897200108
1998-09-14,3.0897200108
1998-09-15,3.0897200108
1998-09-16,3.117305994
1998-09-17,2.9793725014
1998-09-18,3.0069591999
1998-09-21,2.9517848492
1998-09-22,2.9793725014
1998-09-23,3.1724793911
1998-09-24,3.0897200108
1998-09-25,3.117305994
1998-09-28,3.2276527882
1998-09-29,3.2000668049
1998-09-30,3.0897200108
1998-10-01,2.9793725014
1998-10-02,3.0897200108
1998-10-05,2.9241986275
1998-10-06,2.9517848492
1998-10-07,3.0621314049
1998-10-08,3.2000668049
1998-10-09,3.5311071873
1998-10-12,3.6414554119
1998-10-13,3.5586943626
1998-10-14,3.586281538
1998-10-15,3.9724979401
1998-10-16,3.9173235893
1998-10-19,3.9449110031
1998-10-20,3.8897359371
1998-10-21,3.9173235893
1998-10-22,3.8897359371
1998-10-23,3.9173235893
1998-10-26,3.9449110031
1998-10-27,3.9724979401
1998-10-28,3.9724979401
1998-10-29,4.0828433037
1998-10-30,4.2759504318
1998-11-02,4.3311233521
1998-11-03,4.4138851166
1998-11-04,4.4138851166
1998-11-05,4.2759504318
1998-11-06,4.1380167007
1998-11-09,3.8897359371
1998-11-10,3.9173235893
1998-11-11,4.1931905746
1998-11-12,3.9724979401
1998-11-13,4.1380167007
1998-11-16,4.1931905746
1998-11-17,4.3035378456
1998-11-18,4.2207760811
1998-11-19,4.3587112427
1998-11-20,4.2759504318
1998-11-23,4.4138851166
1998-11-24,4.4414715767
1998-11-25,4.4414715767
1998-11-27,4.4138851166
1998-11-30,4.1931905746
1998-12-01,4.1656041145
1998-12-02,4.0552573204
1998-12-03,4.1931905746
1998-12-04,4.2483658791
1998-12-07,4.3862977028
1998-12-08,4.3035378456
1998-12-09,4.1931905746
1998-12-10,4.1931905746
1998-12-11,4.0828433037
1998-12-14,3.9173235893
1998-12-15,4.1380167007
1998-12-16,4.110429287
1998-12-17,4.1656041145
1998-12-18,4.2759504318
1998-12-21,4.3311233521
1998-12-22,4.2385458946
1998-12-23,4.2943162918
1998-12-24,4.266430378
1998-12-28,4.1827735901
1998-12-29,4.2385458946
1998-12-30,4.1548910141
1998-12-31,4.1827735901
1999-01-04,4.0991187096
1999-01-05,4.0991187096
1999-01-06,4.2943162918
1999-01-07,4.3500862122
1999-01-08,4.4337420464
1999-01-11,4.2943162918
1999-01-12,4.3222017288
1999-01-13,4.0712347031
1999-01-14,4.015463829
1999-01-15,4.3222017288
1999-01-19,4.2385458946
1999-01-20,4.2106609344
1999-01-21,4.015463829
1999-01-22,3.9875781536
1999-01-25,3.8481543064
1999-01-26,3.9318087101
1999-01-27,3.9039232731
1999-01-28,3.9039232731
1999-01-29,3.8760380745
1999-02-01,3.9039232731
1999-02-02,3.8202674389
1999-02-03,3.8202674389
1999-02-04,3.764497757
1999-02-05,3.6529586315
1999-02-08,3.6808421612
1999-02-09,3.6529586315
1999-02-10,3.6529586315
1999-02-11,3.7366137505
1999-02-12,3.7366137505
1999-02-16,3.7366137505
1999-02-17,3.7366137505
1999-02-18,3.7087271214
1999-02-19,3.597186327
1999-02-22,3.764497757
1999-02-23,3.6808421612
1999-02-24,3.7087271214
1999-02-25,3.764497757
1999-02-26,3.8760380745
1999-03-01,3.8760380745
1999-03-02,3.8481543064
1999-03-03,3.8760380745
1999-03-04,3.9039232731
1999-03-05,4.0712347031
1999-03-08,4.015463829
1999-03-09,4.2106609344
1999-03-10,4.266430378
1999-03-11,4.266430378
1999-03-12,4.2385458946
1999-03-15,4.2385458946
1999-03-16,4.2943162918
1999-03-17,4.3222017288
1999-03-18,4.2385458946
1999-03-19,4.3500862122
1999-03-22,4.4058566093
1999-03-23,4.3500862122
1999-03-24,4.2943162918
1999-03-25,4.3779711723
1999-03-26,4.3500862122
1999-03-29,4.3222017288
1999-03-30,4.3222017288
1999-03-31,4.3500862122
1999-04-01,4.4058566093
1999-04-05,4.4616274834
1999-04-06,4.4058566093
1999-04-07,4.5731668472
1999-04-08,4.6568231583
1999-04-09,4.7404794693
1999-04-12,4.6568231583
1999-04-13,4.6847090721
1999-04-14,4.6568231583
1999-04-15,4.8520188332
1999-04-16,5.0472154617
1999-04-19,4.9914441109
1999-04-20,4.9635591507
1999-04-21,5.1587543488
1999-04-22,5.353951931
1999-04-23,5.298181057
1999-04-26,5.353951931
1999-04-27,5.5491509438
1999-04-28,5.3260674477
1999-04-29,5.4097237587
1999-04-30,5.3818383217
1999-05-03,5.5212626457
1999-05-04,5.4933795929
1999-05-05,5.5770344734
1999-05-06,5.5770344734
1999-05-07,5.4376077652
1999-05-10,5.3260674477
1999-05-11,5.2424120903
1999-05-12,5.298181057
1999-05-13,5.4097237587
1999-05-14,5.2702980042
1999-05-17,5.1866393089
1999-05-18,5.2145271301
1999-05-19,5.1029868126
1999-05-20,5.1308722496
1999-05-21,5.0751008987
1999-05-24,5.0751008987
1999-05-25,5.0751008987
1999-05-26,5.1308722496
1999-05-27,5.0193300247
1999-05-28,5.0472154617
1999-06-01,5.0751008987
1999-06-02,5.1029868126
1999-06-03,5.1308722496
1999-06-04,5.2145271301
1999-06-07,5.298181057
1999-06-08,5.298181057
1999-06-09,5.3818383217
1999-06-10,5.298181057
1999-06-11,5.353951931
1999-06-14,5.298181057
1999-06-15,5.298181057
1999-06-16,5.4376077652
1999-06-17,5.5491509438
1999-06-18,5.4933795929
1999-06-21,5.7443437576
1999-06-22,5.8280000687
1999-06-23,5.6885762215
1999-06-24,5.5770344734
1999-06-25,5.6328029633
1999-06-28,5.716460228
1999-06-29,5.6606888771
1999-06-30,5.7443437576
1999-07-01,5.7722315788
1999-07-02,5.8001179695
1999-07-06,5.8280000687
1999-07-07,5.8001179695
1999-07-08,5.7443437576
1999-07-09,5.7722315788
1999-07-12,5.7443437576
1999-07-13,5.5770344734
1999-07-14,5.4654917717
1999-07-15,5.5770344734
1999-07-16,5.4933795929
1999-07-19,5.3818383217
1999-07-20,5.353951931
1999-07-21,5.3818383217
1999-07-22,5.2424120903
1999-07-23,5.2424120903
1999-07-26,5.1587543488
1999-07-27,5.3260674477
1999-07-28,5.3818383217
1999-07-29,5.2145271301
1999-07-30,5.2424120903
1999-08-02,5.353951931
1999-08-03,5.4097237587
1999-08-04,5.4654917717
1999-08-05,5.3260674477
1999-08-06,5.1866393089
1999-08-09,5.2424120903
1999-08-10,5.1308722496
1999-08-11,5.0751008987
1999-08-12,5.1308722496
1999-08-13,5.1587543488
1999-08-16,5.2145271301
1999-08-17,5.1029868126
1999-08-18,5.1866393089
1999-08-19,5.2702980042
1999-08-20,5.4376077652
1999-08-23,5.5491509438
1999-08-24,5.4654917717
1999-08-25,5.4948749542
1999-08-26,5.4664053917
1999-08-27,5.352519989
1999-08-30,5.4664053917
1999-08-31,5.3809919357
1999-09-01,5.3809919357
1999-09-02,5.2671074867
1999-09-03,5.3809919357
1999-09-07,5.3809919357
1999-09-08,5.352519989
1999-09-09,5.5802869797
1999-09-10,5.6087584496
1999-09-13,5.5802869797
1999-09-14,5.5518174171
1999-09-15,5.4379324913
1999-09-16,5.352519989
1999-09-17,5.4664053917
1999-09-20,5.4379324913
1999-09-21,5.2671074867
1999-09-22,5.2955780029
1999-09-23,5.2386379242
1999-09-24,5.1816959381
1999-09-27,5.210167408
1999-09-28,5.1532239914
1999-09-29,5.210167408
1999-09-30,5.1816959381
1999-10-01,5.210167408
1999-10-04,5.210167408
1999-10-05,5.2386379242
1999-10-06,5.3240504265
1999-10-07,5.3240504265
1999-10-08,5.2955780029
1999-10-11,5.2955780029
1999-10-12,5.0678110123
1999-10-13,4.9823999405
1999-10-14,5.0962848663
1999-10-15,4.8685173988
1999-10-18,4.840045929
1999-10-19,4.9254574776
1999-10-20,5.210167408
1999-10-21,5.0393419266
1999-10-22,5.2671074867
1999-10-25,5.2671074867
1999-10-26,5.2386379242
1999-10-27,5.2386379242
1999-10-28,5.4664053917
1999-10-29,5.4664053917
1999-11-01,5.4664053917
1999-11-02,5.4379324913
1999-11-03,5.4094619751
1999-11-04,5.4948749542
1999-11-05,5.4948749542
1999-11-08,5.4379324913
1999-11-09,5.4664053917
1999-11-10,5.5802869797
1999-11-11,5.5518174171
1999-11-12,5.665699482
1999-11-15,5.7511119843
1999-11-16,5.921939373
1999-11-17,5.7511119843
1999-11-18,5.8365254402
1999-11-19,5.9788794518
1999-11-22,6.1212353706
1999-11-23,5.9504079819
1999-11-24,5.921939373
1999-11-26,5.9788794518
1999-11-29,5.9788794518
1999-11-30,5.9504079819
1999-12-01,6.0358219147
1999-12-02,6.2066450119
1999-12-03,6.4059438705
1999-12-06,6.4059438705
1999-12-07,6.4059438705
1999-12-08,6.3774724007
1999-12-09,6.5767660141
1999-12-10,6.5767660141
1999-12-13,6.5482959747
1999-12-14,6.4059438705
1999-12-15,6.2635884285
1999-12-16,6.1781754494
1999-12-17,6.3489999771
1999-12-20,6.4628825188
1999-12-21,6.4948425293
1999-12-22,6.4373655319
1999-12-23,6.4373655319
1999-12-27,6.581056118
1999-12-28,6.4661040306
1999-12-29,6.379887104
1999-12-30,6.5235776901
1999-12-31,6.5523171425
2000-01-03,6.5523171425
2000-01-04,6.3224124908
2000-01-05,6.1499829292
2000-01-06,5.7763843536
2000-01-07,6.1212444305
2000-01-10,6.0637683868
2000-01-11,5.9200758934
2000-01-12,6.0350294113
2000-01-13,6.0350294113
2000-01-14,6.1499829292
2000-01-18,5.9775543213
2000-01-19,5.8626008034
2000-01-20,5.8913378716
2000-01-21,5.8626008034
2000-01-24,5.6901707649
2000-01-25,5.833861351
2000-01-26,6.0350294113
2000-01-27,6.1499829292
2000-01-28,6.0350294113
2000-01-31,5.9775543213
2000-02-01,6.0637683868
2000-02-02,6.0350294113
2000-02-03,6.0925068855
2000-02-04,6.0925068855
2000-02-07,6.1212444305
2000-02-08,6.1212444305
2000-02-09,6.1212444305
2000-02-10,6.1787219048
2000-02-11,6.379887104
2000-02-14,6.2936711311
2000-02-15,6.2074604034
2000-02-16,6.2936711311
2000-02-17,6.3224124908
2000-02-18,6.0925068855
2000-02-22,5.9775543213
2000-02-23,6.2074604034
2000-02-24,6.2361969948
2000-02-25,6.2936711311
2000-02-28,6.1787219048
2000-02-29,6.1212444305
2000-03-01,6.0350294113
2000-03-02,6.0350294113
2000-03-03,6.2361969948
2000-03-06,6.264934063
2000-03-07,6.2074604034
2000-03-08,6.4661040306
2000-03-09,6.4373655319
2000-03-10,6.4373655319
2000-03-13,6.1787219048
2000-03-14,6.0925068855
2000-03-15,6.1787219048
2000-03-16,6.1499829292
2000-03-17,6.2361969948
2000-03-20,6.0925068855
2000-03-21,6.1787219048
2000-03-22,6.2074604034
2000-03-23,6.3224124908
2000-03-24,6.3511514664
2000-03-27,6.4661040306
2000-03-28,6.379887104
2000-03-29,6.3511514664
2000-03-30,6.2074604034
2000-03-31,6.2936711311
2000-04-03,6.0925068855
2000-04-04,6.0637683868
2000-04-05,6.0062904358
2000-04-06,6.0925068855
2000-04-07,6.2074604034
2000-04-10,6.1212444305
2000-04-11,5.9488148689
2000-04-12,6.0350294113
2000-04-13,5.9775543213
2000-04-14,5.546479702
2000-04-17,5.5752177238
2000-04-18,5.7763843536
2000-04-19,5.7189083099
2000-04-20,5.6326932907
2000-04-24,5.5177426338
2000-04-25,5.6901707649
2000-04-26,5.6039566994
2000-04-27,5.7476453781
2000-04-28,5.7763843536
2000-05-01,5.8626008034
2000-05-02,5.6901707649
2000-05-03,5.6326932907
2000-05-04,5.6326932907
2000-05-05,5.6614322662
2000-05-08,5.4602642059
2000-05-09,5.345310688
2000-05-10,5.2303590775
2000-05-11,5.4027872086
2000-05-12,5.5752177238
2000-05-15,5.5752177238
2000-05-16,5.6326932907
2000-05-17,5.4602642059
2000-05-18,5.4027872086
2000-05-19,5.4027872086
2000-05-22,5.287835598
2000-05-23,5.2303590775
2000-05-24,5.287835598
2000-05-25,5.057929039
2000-05-26,5.029191494
2000-05-30,5.287835598
2000-05-31,5.345310688
2000-06-01,5.5752177238
2000-06-02,5.8051228523
2000-06-05,5.6614322662
2000-06-06,5.546479702
2000-06-07,5.6901707649
2000-06-08,5.5752177238
2000-06-09,5.7476453781
2000-06-12,5.6614322662
2000-06-13,5.6901707649
2000-06-14,5.6614322662
2000-06-15,5.6901707649
2000-06-16,5.7763843536
2000-06-19,5.8913378716
2000-06-20,5.6901707649
2000-06-21,5.7476453781
2000-06-22,5.546479702
2000-06-23,5.6039566994
2000-06-26,5.6901707649
2000-06-27,5.7189083099
2000-06-28,5.7763843536
2000-06-29,5.7189083099
2000-06-30,5.7189083099
2000-07-03,5.7476453781
2000-07-05,5.6901707649
2000-07-06,5.833861351
2000-07-07,6.0637683868
2000-07-10,6.1499829292
2000-07-11,6.1787219048
2000-07-12,6.379887104
2000-07-13,6.2074604034
2000-07-14,6.2361969948
2000-07-17,6.2074604034
2000-07-18,6.0062904358
2000-07-19,6.2074604034
2000-07-20,6.379887104
2000-07-21,6.3224124908
2000-07-24,6.2361969948
2000-07-25,6.2361969948
2000-07-26,6.1212444305
2000-07-27,6.1212444305
2000-07-28,5.9488148689
2000-07-31,6.0637683868
2000-08-01,5.9488148689
2000-08-02,6.0925068855
2000-08-03,6.2361969948
2000-08-04,6.2361969948
2000-08-07,6.3511514664
2000-08-08,6.1787219048
2000-08-09,6.1499829292
2000-08-10,6.1499829292
2000-08-11,6.1499829292
2000-08-14,6.2361969948
2000-08-15,6.3224124908
2000-08-16,6.379887104
2000-08-17,6.4086256027
2000-08-18,6.3224124908
2000-08-21,6.3511514664
2000-08-22,6.4086256027
2000-08-23,6.3511514664
2000-08-24,6.3611869812
2000-08-25,6.2444682121
2000-08-28,6.2444682121
2000-08-29,6.273648262
2000-08-30,6.2152891159
2000-08-31,6.3028292656
2000-09-01,6.3028292656
2000-09-05,6.332007885
2000-09-06,6.332007885
2000-09-07,6.3028292656
2000-09-08,6.1861100197
2000-09-11,6.0402107239
2000-09-12,5.9234919548
2000-09-13,5.9526720047
2000-09-14,5.8651309013
2000-09-15,5.6608743668
2000-09-18,5.4566168785
2000-09-19,5.7192320824
2000-09-20,5.5149755478
2000-09-21,5.369076252
2000-09-22,5.3107171059
2000-09-25,5.4566168785
2000-09-26,5.3982553482
2000-09-27,5.4857950211
2000-09-28,5.6316943169
2000-09-29,5.6608743668
2000-10-02,5.5441536903
2000-10-03,5.6608743668
2000-10-04,5.7192320824
2000-10-05,5.6608743668
2000-10-06,5.5149755478
2000-10-09,5.4566168785
2000-10-10,5.4566168785
2000-10-11,5.2815365791
2000-10-12,5.1939983368
2000-10-13,5.4857950211
2000-10-16,5.2523555756
2000-10-17,5.077278614
2000-10-18,4.9313793182
2000-10-19,5.2523555756
2000-10-20,5.2523555756
2000-10-23,5.1939983368
2000-10-24,5.2231783867
2000-10-25,5.0189180374
2000-10-26,5.3107171059
2000-10-27,5.1939983368
2000-10-30,5.1939983368
2000-10-31,5.3398971558
2000-11-01,5.369076252
2000-11-02,5.4857950211
2000-11-03,5.5149755478
2000-11-06,5.4857950211
2000-11-07,5.5149755478
2000-11-08,5.3107171059
2000-11-09,5.3982553482
2000-11-10,5.2523555756
2000-11-13,5.1356368065
2000-11-14,5.3398971558
2000-11-15,5.2231783867
2000-11-16,5.1648178101
2000-11-17,5.2231783867
2000-11-20,5.1939983368
2000-11-21,5.2231783867
2000-11-22,5.1064586639
2000-11-24,5.2231783867
2000-11-27,5.369076252
2000-11-28,5.3107171059
2000-11-29,5.1356368065
2000-11-30,4.9021992683
2000-12-01,5.1356368065
2000-12-04,5.1356368065
2000-12-05,5.2231783867
2000-12-06,5.1648178101
2000-12-07,5.2523555756
2000-12-08,5.3982553482
2000-12-11,5.5149755478
2000-12-12,5.369076252
2000-12-13,5.369076252
2000-12-14,5.3982553482
2000-12-15,5.1648178101
2000-12-18,5.3107171059
2000-12-19,5.2523555756
2000-12-20,5.1049594879
2000-12-21,5.3103303909
2000-12-22,5.3983469009
2000-12-26,5.3396692276
2000-12-27,5.3396692276
2000-12-28,5.3690085411
2000-12-29,5.3983469009
2001-01-02,5.2809906006
2001-01-03,5.6330590248
2001-01-04,5.4570245743
2001-01-05,5.4276852608
2001-01-08,5.4276852608
2001-01-09,5.6037182808
2001-01-10,5.5743789673
2001-01-11,5.4863648415
2001-01-12,5.4863648415
2001-01-16,5.4863648415
2001-01-17,5.4863648415
2001-01-18,5.6330590248
2001-01-19,5.7504124641
2001-01-22,5.8384299278
2001-01-23,5.8384299278
2001-01-24,5.8090910912
2001-01-25,5.8090910912
2001-01-26,5.779750824
2001-01-29,5.7269420624
2001-01-30,5.7128577232
2001-01-31,5.7034702301
2001-02-01,5.7598023415
2001-02-02,5.5814223289
2001-02-05,5.6048946381
2001-02-06,5.6706132889
2001-02-07,5.5861148834
2001-02-08,5.5673384666
2001-02-09,5.5391745567
2001-02-12,5.5438666344
2001-02-13,5.5814223289
2001-02-14,5.6659164429
2001-02-15,5.6471395493
2001-02-16,5.5344786644
2001-02-20,5.5203971863
2001-02-21,5.5344786644
2001-02-22,5.5157022476
2001-02-23,5.5626444817
2001-02-26,5.6189751625
2001-02-27,5.5485634804
2001-02-28,5.6048946381
2001-03-01,5.4640660286
2001-03-02,5.4640660286
2001-03-05,5.4969263077
2001-03-06,5.6659164429
2001-03-07,5.5438666344
2001-03-08,5.506313324
2001-03-09,5.4452915192
2001-03-12,4.9993386269
2001-03-13,5.1683306694
2001-03-14,5.0415868759
2001-03-15,5.2246608734
2001-03-16,5.1073060036
2001-03-19,5.2809906006
2001-03-20,4.9993386269
2001-03-21,4.9664773941
2001-03-22,4.7880988121
2001-03-23,5.0321979523
2001-03-26,5.0838346481
2001-03-27,5.1542472839
2001-03-28,4.9617834091
2001-03-29,4.9523978233
2001-03-30,5.00872612
2001-04-02,4.8960652351
2001-04-03,4.745850563
2001-04-04,4.7834043503
2001-04-05,5.0181159973
2001-04-06,4.7834043503
2001-04-09,4.7270746231
2001-04-10,4.8538188934
2001-04-11,4.8444309235
2001-04-12,5.0134205818
2001-04-16,4.9430074692
2001-04-17,4.8444309235
2001-04-18,5.1073060036
2001-04-19,5.1777172089
2001-04-20,5.0509767532
2001-04-23,5.0228095055
2001-04-24,5.0415868759
2001-04-25,5.1120014191
2001-04-26,5.0228095055
2001-04-27,5.0368919373
2001-04-30,5.0415868759
2001-05-01,5.0932235718
2001-05-02,5.0697507858
2001-05-03,4.9711723328
2001-05-04,5.0791387558
2001-05-07,5.1120014191
2001-05-08,5.0932235718
2001-05-09,5.0181159973
2001-05-10,5.1073060036
2001-05-11,5.1495537758
2001-05-14,5.0368919373
2001-05-15,5.0697507858
2001-05-16,5.1213889122
2001-05-17,5.2058849335
2001-05-18,5.0932235718
2001-05-21,5.2340493202
2001-05-22,5.1636357307
2001-05-23,5.1166944504
2001-05-24,5.1589412689
2001-05-25,5.0791387558
2001-05-29,5.0744466782
2001-05-30,4.9758682251
2001-05-31,4.9899516106
2001-06-01,4.994644165
2001-06-04,4.994644165
2001-06-05,5.1589412689
2001-06-06,5.1073060036
2001-06-07,5.1120014191
2001-06-08,5.0885295868
2001-06-11,5.0321979523
2001-06-12,5.004032135
2001-06-13,4.9148406982
2001-06-14,4.7317667007
2001-06-15,4.7740168571
2001-06-18,4.7223801613
2001-06-19,4.8725962639
2001-06-20,4.7693214417
2001-06-21,4.8491244316
2001-06-22,4.7646274567
2001-06-25,4.7129912376
2001-06-26,4.7036027908
2001-06-27,4.6754384041
2001-06-28,4.6754384041
2001-06-29,4.7317667007
2001-07-02,4.7317667007
2001-07-03,4.7036027908
2001-07-05,4.6519684792
2001-07-06,4.6003303528
2001-07-09,4.633190155
2001-07-10,4.5862474442
2001-07-11,4.6003303528
2001-07-12,4.7176861763
2001-07-13,4.6613554955
2001-07-16,4.6378831863
2001-07-17,4.6097202301
2001-07-18,4.5768575668
2001-07-19,4.5862474442
2001-07-20,4.5627770424
2001-07-23,4.5064454079
2001-07-24,4.4313387871
2001-07-25,4.6050248146
2001-07-26,4.4641981125
2001-07-27,4.4876689911
2001-07-30,4.4829740524
2001-07-31,4.6003303528
2001-08-01,4.6613554955
2001-08-02,4.62849617
2001-08-03,4.4923639297
2001-08-06,4.4407277107
2001-08-07,4.4407277107
2001-08-08,4.2999010086
2001-08-09,4.2576527596
2001-08-10,4.3139839172
2001-08-13,4.2529582977
2001-08-14,4.323372364
2001-08-15,4.2858185768
2001-08-16,4.2858185768
2001-08-17,4.2952065468
2001-08-20,4.323372364
2001-08-21,4.2482643127
2001-08-22,4.3186788559
2001-08-23,4.2999010086
2001-08-24,4.3927321434
2001-08-27,4.2874584198
2001-08-28,4.277888298
2001-08-29,4.3066005707
2001-08-30,4.2683191299
2001-08-31,4.3257398605
2001-09-04,4.2922449112
2001-09-05,4.2635335922
2001-09-06,4.0242772102
2001-09-07,3.928576231
2001-09-10,4.0003533363
2001-09-17,3.6366832256
2001-09-18,3.5696930885
2001-09-19,3.5409824848
2001-09-20,3.3974289894
2001-09-21,3.4452795982
2001-09-24,3.5266263485
2001-09-25,3.4644212723
2001-09-26,3.5601232052
2001-09-27,3.651039362
2001-09-28,3.7945942879
2001-10-01,3.6558251381
2001-10-02,3.7036771774
2001-10-03,3.871155262
2001-10-04,3.8280889988
2001-10-05,3.9429311752
2001-10-08,3.8280889988
2001-10-09,3.8328745365
2001-10-10,3.9477171898
2001-10-11,3.9716417789
2001-10-12,3.8233041763
2001-10-15,3.8472299576
2001-10-16,3.8280889988
2001-10-17,3.8328745365
2001-10-18,3.7658836842
2001-10-19,3.7563126087
2001-10-22,3.8185172081
2001-10-23,3.842443943
2001-10-24,3.9142222404
2001-10-25,3.933360815
2001-10-26,3.928576231
2001-10-29,3.7371718884
2001-10-30,3.7323856354
2001-10-31,3.842443943
2001-11-01,3.919005394
2001-11-02,3.8759405613
2001-11-05,3.9668576717
2001-11-06,3.9142222404
2001-11-07,3.8328745365
2001-11-08,3.9477171898
2001-11-09,4.0194935799
2001-11-12,4.0338487625
2001-11-13,4.1343359947
2001-11-14,4.1534776688
2001-11-15,4.2300376892
2001-11-16,4.3066005707
2001-11-19,4.3592367172
2001-11-20,4.2204675674
2001-11-21,4.2491788864
2001-11-23,4.3066005707
2001-11-26,4.2922449112
2001-11-27,4.2156829834
2001-11-28,4.0721297264
2001-11-29,4.1486911774
2001-11-30,4.2348246574
2001-12-03,4.1534776688
2001-12-04,4.3783760071
2001-12-05,4.6511282921
2001-12-06,4.4692940712
2001-12-07,4.5075755119
2001-12-10,4.4980044365
2001-12-11,4.4357991219
2001-12-12,4.4549393654
2001-12-13,4.3688058853
2001-12-14,4.4549393654
2001-12-17,4.4501523972
2001-12-18,4.4118728638
2001-12-19,4.4836506844
2001-12-20,4.4549393654
2001-12-21,4.3783760071
2001-12-24,4.3783760071
2001-12-26,4.4313607216
2001-12-27,4.4361763
2001-12-28,4.4602599144
2001-12-31,4.4169101715
2002-01-02,4.4602599144
2002-01-03,4.503610611
2002-01-04,4.6192116737
2002-01-07,4.6673779488
2002-01-08,4.633661747
2002-01-09,4.5565948486
2002-01-10,4.5806779861
2002-01-11,4.5132446289
2002-01-14,4.503610611
2002-01-15,4.4361763
2002-01-16,4.3398413658
2002-01-17,4.4987945557
2002-01-18,4.4120941162
2002-01-22,4.4024610519
2002-01-23,4.440993309
2002-01-24,4.3976435661
2002-01-25,4.4024610519
2002-01-28,4.4024610519
2002-01-29,4.3639259338
2002-01-30,4.3831925392
2002-01-31,4.3783760071
2002-02-01,4.2675924301
2002-02-04,4.1423583031
2002-02-05,4.2386932373
2002-02-06,4.2579598427
2002-02-07,4.2338757515
2002-02-08,4.2916779518
2002-02-11,4.3831925392
2002-02-12,4.3542943001
2002-02-13,4.3831925392
2002-02-14,4.4120941162
2002-02-15,4.3639259338
2002-02-19,4.2579598427
2002-02-20,4.3398413658
2002-02-21,4.3061265945
2002-02-22,4.3687434196
2002-02-25,4.2916779518
2002-02-26,4.1616249084
2002-02-27,4.2435083389
2002-02-28,4.1760749817
2002-03-01,4.2483272552
2002-03-04,4.2964930534
2002-03-05,4.344660759
2002-03-06,4.4506282806
2002-03-07,4.4072771072
2002-03-08,4.4554448128
2002-03-11,4.4795279503
2002-03-12,4.4458117485
2002-03-13,4.4120941162
2002-03-14,4.4602599144
2002-03-15,4.4506282806
2002-03-18,4.4458117485
2002-03-19,4.4747095108
2002-03-20,4.4072771072
2002-03-21,4.3109436035
2002-03-22,4.3061265945
2002-03-25,4.3350272179
2002-03-26,4.344660759
2002-03-27,4.4217267036
2002-03-28,4.4265427589
2002-04-01,4.4265427589
2002-04-02,4.3109436035
2002-04-03,4.2964930534
2002-04-04,4.3205776215
2002-04-05,4.3109436035
2002-04-08,4.3061265945
2002-04-09,4.3061265945
2002-04-10,4.3013110161
2002-04-11,4.2435083389
2002-04-12,4.3542943001
2002-04-15,4.3542943001
2002-04-16,4.440993309
2002-04-17,4.4747095108
2002-04-18,4.5421442986
2002-04-19,4.633661747
2002-04-22,4.5228786469
2002-04-23,4.6529288292
2002-04-24,4.70591259
2002-04-25,4.6095786095
2002-04-26,4.6240282059
2002-04-29,4.6047611237
2002-04-30,4.7637143135
2002-05-01,4.78779459
2002-05-02,4.8455963135
2002-05-03,4.8311476707
2002-05-06,4.8359622955
2002-05-07,4.8311476707
2002-05-08,4.8889465332
2002-05-09,4.7155461311
2002-05-10,4.6914625168
2002-05-13,4.8504142761
2002-05-14,4.8359622955
2002-05-15,4.8166956902
2002-05-16,4.8407797813
2002-05-17,4.8985805511
2002-05-20,4.8504142761
2002-05-21,4.7685284615
2002-05-22,4.811879158
2002-05-23,4.7588949203
2002-05-24,4.7299971581
2002-05-28,4.6721963882
2002-05-29,4.6047611237
2002-05-30,4.5758609772
2002-05-31,4.5806779861
2002-06-03,4.4650783539
2002-06-04,4.5758609772
2002-06-05,4.6240282059
2002-06-06,4.5132446289
2002-06-07,4.6192116737
2002-06-10,4.6577448845
2002-06-11,4.5903115273
2002-06-12,4.5373282433
2002-06-13,4.4747095108
2002-06-14,4.3735599518
2002-06-17,4.4265427589
2002-06-18,4.3928275108
2002-06-19,4.2001590729
2002-06-20,4.2194261551
2002-06-21,4.1808924675
2002-06-24,4.1953411102
2002-06-25,4.1905255318
2002-06-26,4.1664419174
2002-06-27,4.2627754211
2002-06-28,4.2820439339
2002-07-01,4.1953411102
2002-07-02,4.07010746
2002-07-03,4.2290582657
2002-07-05,4.4987945557
2002-07-08,4.2964930534
2002-07-09,4.2964930534
2002-07-10,4.1857089996
2002-07-11,4.2386932373
2002-07-12,4.1712594032
2002-07-15,4.2531433105
2002-07-16,4.103826046
2002-07-17,4.0990076065
2002-07-18,4.07010746
2002-07-19,3.9834082127
2002-07-22,3.9159750938
2002-07-23,4.0893759727
2002-07-24,4.07010746
2002-07-25,3.9737739563
2002-07-26,3.8533565998
2002-07-29,4.017124176
2002-07-30,4.0219421387
2002-07-31,4.0315742493
2002-08-01,3.9689588547
2002-08-02,3.8485407829
2002-08-05,3.7281222343
2002-08-06,3.8100073338
2002-08-07,3.8774411678
2002-08-08,3.9737739563
2002-08-09,3.8485407829
2002-08-12,3.7281222343
2002-08-13,3.7570233345
2002-08-14,3.8292725086
2002-08-15,3.9207909107
2002-08-16,3.9256074429
2002-08-19,3.9641401768
2002-08-20,3.9207909107
2002-08-21,3.9448738098
2002-08-22,3.9785916805
2002-08-23,3.911157608
2002-08-26,3.9015228748
2002-08-27,3.8148238659
2002-08-28,3.8100073338
2002-08-29,3.7618393898
2002-08-30,3.7666563988
2002-09-03,3.694406271
2002-09-04,3.7955572605
2002-09-05,3.7570233345
2002-09-06,3.7955572605
2002-09-09,3.70403862
2002-09-10,3.7570233345
2002-09-11,3.7618393898
2002-09-12,3.7377557755
2002-09-13,3.70403862
2002-09-16,3.6558721066
2002-09-17,3.6510560513
2002-09-18,3.6269724369
2002-09-19,3.506554842
2002-09-20,3.5643548965
2002-09-23,3.5402722359
2002-09-24,3.4439384937
2002-09-25,3.5210044384
2002-09-26,3.506554842
2002-09-27,3.4824714661
2002-09-30,3.4343049526
2002-10-01,3.6028892994
2002-10-02,3.4535713196
2002-10-03,3.415037632
2002-10-04,3.3379712105
2002-10-07,3.3187031746
2002-10-08,3.3716881275
2002-10-09,3.328337431
2002-10-10,3.3524198532
2002-10-11,3.4872882366
2002-10-14,3.4824714661
2002-10-15,3.6847727299
2002-10-16,3.5595376492
2002-10-17,3.6847727299
2002-10-18,3.6221556664
2002-10-21,3.6655058861
2002-10-22,3.6414210796
2002-10-23,3.6799557209
2002-10-24,3.6655058861
2002-10-25,3.7522058487
2002-10-28,3.7570233345
2002-10-29,3.7377557755
2002-10-30,3.7570233345
2002-10-31,3.6655058861
2002-11-01,3.7088572979
2002-11-04,3.7859239578
2002-11-05,3.7618393898
2002-11-06,3.7955572605
2002-11-07,3.7329394817
2002-11-08,3.7522058487
2002-11-11,3.694406271
2002-11-12,3.7184896469
2002-11-13,3.7281222343
2002-11-14,3.8389065266
2002-11-15,3.911157608
2002-11-18,3.8340904713
2002-11-19,3.8244564533
2002-11-20,3.911157608
2002-11-21,3.8870742321
2002-11-22,3.8967075348
2002-11-25,3.8822586536
2002-11-26,3.8340904713
2002-11-27,3.9159750938
2002-11-29,3.8581736088
2002-12-02,3.911157608
2002-12-03,3.9015228748
2002-12-04,3.8389065266
2002-12-05,3.8581736088
2002-12-06,3.8051898479
2002-12-09,3.7088572979
2002-12-10,3.8340904713
2002-12-11,3.7136740685
2002-12-12,3.7281222343
2002-12-13,3.7570233345
2002-12-16,3.7714734077
2002-12-17,3.7570233345
2002-12-18,3.6414210796
2002-12-19,3.6317884922
2002-12-20,3.6703221798
2002-12-23,3.6663966179
2002-12-24,3.6811208725
2002-12-26,3.70566082
2002-12-27,3.5584168434
2002-12-30,3.5878653526
2002-12-31,3.6467626095
2003-01-02,3.7105686665
2003-01-03,3.7302014828
2003-01-06,3.7449269295
2003-01-07,3.6958453655
2003-01-08,3.7007524967
2003-01-09,3.759649992
2003-01-10,3.7400181293
2003-01-13,3.7792830467
2003-01-14,3.7989156246
2003-01-15,3.7841920853
2003-01-16,3.7400181293
2003-01-17,3.7645597458
2003-01-21,3.6467626095
2003-01-22,3.6663966179
2003-01-23,3.7498350143
2003-01-24,3.6516711712
2003-01-27,3.6467626095
2003-01-28,3.6614871025
2003-01-29,3.6811208725
2003-01-30,3.6173148155
2003-01-31,3.6713037491
2003-02-03,3.7007524967
2003-02-04,3.5682332516
2003-02-05,3.5682332516
2003-02-06,3.5829577446
2003-02-07,3.5535075665
2003-02-10,3.5682332516
2003-02-11,3.5535075665
2003-02-12,3.6222224236
2003-02-13,3.5829577446
2003-02-14,3.6762123108
2003-02-18,3.7154772282
2003-02-19,3.7252941132
2003-02-20,3.6614871025
2003-02-21,3.6713037491
2003-02-24,3.5878653526
2003-02-25,3.5436909199
2003-02-26,3.5436909199
2003-02-27,3.597681284
2003-02-28,3.6025898457
2003-03-03,3.6467626095
2003-03-04,3.6173148155
2003-03-05,3.6173148155
2003-03-06,3.5093348026
2003-03-07,3.5289678574
2003-03-10,3.4209873676
2003-03-11,3.4847939014
2003-03-12,3.4357120991
2003-03-13,3.4897036552
2003-03-14,3.4995186329
2003-03-17,3.5878653526
2003-03-18,3.5338754654
2003-03-19,3.6320385933
2003-03-20,3.6663966179
2003-03-21,3.70566082
2003-03-24,3.5780489445
2003-03-25,3.6222224236
2003-03-26,3.5436909199
2003-03-27,3.4504361153
2003-03-28,3.4995186329
2003-03-31,3.3522725105
2003-04-01,3.3669993877
2003-04-02,3.4258959293
2003-04-03,3.3964469433
2003-04-04,3.4602530003
2003-04-07,3.4946107864
2003-04-08,3.4602530003
2003-04-09,3.3277320862
2003-04-10,3.3080997467
2003-04-11,3.3326406479
2003-04-14,3.3228251934
2003-04-15,3.3326406479
2003-04-16,3.2835583687
2003-04-17,3.3179166317
2003-04-21,3.2884674072
2003-04-22,3.3620891571
2003-04-23,3.3080997467
2003-04-24,3.2541100979
2003-04-25,3.2246601582
2003-04-28,3.3375489712
2003-04-29,3.4455292225
2003-04-30,3.4013559818
2003-05-01,3.4111707211
2003-05-02,3.504427433
2003-05-05,3.4995186329
2003-05-06,3.4946107864
2003-05-07,3.4897036552
2003-05-08,3.4700701237
2003-05-09,3.5633256435
2003-05-12,3.6222224236
2003-05-13,3.597681284
2003-05-14,3.5682332516
2003-05-15,3.597681284
2003-05-16,3.5780489445
2003-05-19,3.5240590572
2003-05-20,3.5535075665
2003-05-21,3.5682332516
2003-05-22,3.5927736759
2003-05-23,3.6762123108
2003-05-27,3.7792830467
2003-05-28,3.7252941132
2003-05-29,3.6860280037
2003-05-30,3.7351109982
2003-06-02,3.7547421455
2003-06-03,3.7694678307
2003-06-04,3.8234570026
2003-06-05,3.774374485
2003-06-06,3.7891013622
2003-06-09,3.7645597458
2003-06-10,3.8430893421
2003-06-11,3.8823552132
2003-06-12,3.8381822109
2003-06-13,3.8381822109
2003-06-16,3.9019870758
2003-06-17,3.892172575
2003-06-18,3.8676321507
2003-06-19,3.8234570026
2003-06-20,3.8479976654
2003-06-23,3.7400181293
2003-06-24,3.7302014828
2003-06-25,3.720385313
2003-06-26,3.7891013622
2003-06-27,3.774374485
2003-06-30,3.7547421455
2003-07-01,3.7989156246
2003-07-02,3.7891013622
2003-07-03,3.7547421455
2003-07-07,3.9167118073
2003-07-08,3.9216210842
2003-07-09,3.9265272617
2003-07-10,3.8676321507
2003-07-11,3.8970785141
2003-07-14,3.9756093025
2003-07-15,3.9216210842
2003-07-16,3.9216210842
2003-07-17,3.872538805
2003-07-18,4.0099668503
2003-07-21,3.9118039608
2003-07-22,3.9461603165
2003-07-23,3.872538805
2003-07-24,3.872538805
2003-07-25,3.9265272617
2003-07-28,3.9461603165
2003-07-29,3.9657936096
2003-07-30,3.9559779167
2003-07-31,4.0001511574
2003-08-01,3.980517149
2003-08-04,4.0001511574
2003-08-05,3.9314365387
2003-08-06,3.8823552132
2003-08-07,3.9019870758
2003-08-08,3.9118039608
2003-08-11,3.9461603165
2003-08-12,4.0345077515
2003-08-13,4.0737733841
2003-08-14,4.1179471016
2003-08-15,4.1179471016
2003-08-18,4.2062935829
2003-08-19,4.1866612434
2003-08-20,4.2112016678
2003-08-21,4.3388137817
2003-08-22,4.3486299515
2003-08-25,4.3878955841
2003-08-26,4.4075274467
2003-08-27,4.397711277
2003-08-28,4.3928041458
2003-08-29,4.4467940331
2003-09-02,4.5793123245
2003-09-03,4.6234869957
2003-09-04,4.6529364586
2003-09-05,4.5744042397
2003-09-08,4.6234869957
2003-09-09,4.5105986595
2003-09-10,4.3731713295
2003-09-11,4.4664258957
2003-09-12,4.4909658432
2003-09-15,4.5155076981
2003-09-16,4.5989456177
2003-09-17,4.5891313553
2003-09-18,4.6136713028
2003-09-19,4.4615178108
2003-09-22,4.4615178108
2003-09-23,4.5596814156
2003-09-24,4.706925869
2003-09-25,4.6725687981
2003-09-26,4.7216510773
2003-09-29,4.6578435898
2003-09-30,4.6480278969
2003-10-01,4.7854552269
2003-10-02,4.9179763794
2003-10-03,4.9965081215
2003-10-06,5.0014157295
2003-10-07,4.9621486664
2003-10-08,4.8688950539
2003-10-09,4.9179763794
2003-10-10,4.932700634
2003-10-13,4.9817824364
2003-10-14,4.9228854179
2003-10-15,4.9621486664
2003-10-16,4.9817824364
2003-10-17,4.9179763794
2003-10-20,5.0210490227
2003-10-21,5.0554046631
2003-10-22,4.9474263191
2003-10-23,4.849260807
2003-10-24,4.8050894737
2003-10-27,4.8345384598
2003-10-28,4.9915995598
2003-10-29,4.971965313
2003-10-30,4.927793026
2003-10-31,4.932700634
2003-11-03,4.9915995598
2003-11-04,4.9915995598
2003-11-05,4.9965081215
2003-11-06,4.9474263191
2003-11-07,4.9081606865
2003-11-10,4.8738036156
2003-11-11,4.819814682
2003-11-12,4.8149051666
2003-11-13,4.8541717529
2003-11-14,4.849260807
2003-11-17,4.7265577316
2003-11-18,4.6971087456
2003-11-19,4.7167420387
2003-11-20,4.6234869957
2003-11-21,4.6480278969
2003-11-24,4.706925869
2003-11-25,4.7314653397
2003-11-26,4.7903642654
2003-11-28,4.8787112236
2003-12-01,5.0014157295
2003-12-02,4.9670577049
2003-12-03,4.971965313
2003-12-04,4.9523339272
2003-12-05,4.8345384598
2003-12-08,4.8688950539
2003-12-09,4.8590774536
2003-12-10,4.893435955
2003-12-11,5.0603132248
2003-12-12,5.0455880165
2003-12-15,4.9474263191
2003-12-16,4.977288723
2003-12-17,4.932492733
2003-12-18,4.9524025917
2003-12-19,4.9175601006
2003-12-22,5.0242118835
2003-12-23,5.003993988
2003-12-24,4.9837765694
2003-12-26,5.003993988
2003-12-29,5.0242118835
2003-12-30,5.0141029358
2003-12-31,5.0545392036
2004-01-02,5.1606855392
2004-01-05,5.3274846077
2004-01-06,5.3274846077
2004-01-07,5.3375940323
2004-01-08,5.2971572876
2004-01-09,5.3224310875
2004-01-12,5.4690113068
2004-01-13,5.4134120941
2004-01-14,5.5195579529
2004-01-15,5.4942860603
2004-01-16,5.4538493156
2004-01-20,5.6105394363
2004-01-21,5.7722854614
2004-01-22,5.7823944092
2004-01-23,5.7571201324
2004-01-26,5.8531560898
2004-01-27,5.7470111847
2004-01-28,5.5195579529
2004-01-29,5.4589028358
2004-01-30,5.5043945312
2004-02-02,5.3628664017
2004-02-03,5.4184675217
2004-02-04,5.4134120941
2004-02-05,5.4639577866
2004-02-06,5.6054854393
2004-02-09,5.7217388153
2004-02-10,5.7217388153
2004-02-11,5.7470111847
2004-02-12,5.7116308212
2004-02-13,5.6964659691
2004-02-17,5.7773394585
2004-02-18,5.7318487167
2004-02-19,5.7015223503
2004-02-20,5.6964659691
2004-02-23,5.6105394363
2004-02-24,5.6358127594
2004-02-25,5.5852675438
2004-02-26,5.6257023811
2004-02-27,5.7065753937
2004-03-01,5.7217388153
2004-03-02,5.5953755379
2004-03-03,5.5448307991
2004-03-04,5.6004290581
2004-03-05,5.5903201103
2004-03-08,5.5195579529
2004-03-09,5.4487938881
2004-03-10,5.3375940323
2004-03-11,5.2263960838
2004-03-12,5.3729753494
2004-03-15,5.2061753273
2004-03-16,5.3072667122
2004-03-17,5.4033031464
2004-03-18,5.3325386047
2004-03-19,5.2617745399
2004-03-22,5.1404681206
2004-03-23,5.2314486504
2004-03-24,5.2819948196
2004-03-25,5.3375940323
2004-03-26,5.2567219734
2004-03-29,5.2718858719
2004-03-30,5.3578128815
2004-03-31,5.3578128815
2004-04-01,5.3780312538
2004-04-02,5.4386854172
2004-04-05,5.5296664238
2004-04-06,5.5043945312
2004-04-07,5.4892292023
2004-04-08,5.4841761589
2004-04-12,5.5195579529
2004-04-13,5.4740667343
2004-04-14,5.3375940323
2004-04-15,5.29210186
2004-04-16,5.2971572876
2004-04-19,5.29210186
2004-04-20,5.1859574318
2004-04-21,5.1758489609
2004-04-22,5.2263960838
2004-04-23,5.2567219734
2004-04-26,5.0798120499
2004-04-27,5.1253032684
2004-04-28,4.9888319969
2004-04-29,4.9888319969
2004-04-30,4.9585032463
2004-05-03,5.0393776894
2004-05-04,5.100030899
2004-05-05,5.0444321632
2004-05-06,5.003993988
2004-05-07,4.8321404457
2004-05-10,4.7007212639
2004-05-11,4.8270859718
2004-05-12,4.7866487503
2004-05-13,4.7815952301
2004-05-14,4.6501760483
2004-05-17,4.5187592506
2004-05-18,4.5844664574
2004-05-19,4.7209401131
2004-05-20,4.7007212639
2004-05-21,4.8574137688
2004-05-24,4.887740612
2004-05-25,4.9787225723
2004-05-26,5.0090489388
2004-05-27,5.0697031021
2004-05-28,5.0848670006
2004-06-01,5.003993988
2004-06-02,5.0444321632
2004-06-03,4.9281768799
2004-06-04,4.9686117172
2004-06-07,5.2011227608
2004-06-08,5.1404681206
2004-06-09,5.0242118835
2004-06-10,5.1455235481
2004-06-14,4.9736666679
2004-06-15,5.0393776894
2004-06-16,5.0292673111
2004-06-17,4.9938840866
2004-06-18,4.9483942986
2004-06-21,4.8624687195
2004-06-22,4.8978471756
2004-06-23,4.8927941322
2004-06-24,5.0090489388
2004-06-25,4.9888319969
2004-06-28,4.9989409447
2004-06-29,5.003993988
2004-06-30,5.1202497482
2004-07-01,5.0697031021
2004-07-02,5.0697031021
2004-07-06,5.1050853729
2004-07-07,5.2061753273
2004-07-08,5.0899224281
2004-07-09,5.1809043884
2004-07-12,5.1253032684
2004-07-13,5.0646486282
2004-07-14,4.9686117172
2004-07-15,4.9787225723
2004-07-16,5.0444321632
2004-07-19,5.0899224281
2004-07-20,5.1050853729
2004-07-21,5.0848670006
2004-07-22,5.2061753273
2004-07-23,5.1354122162
2004-07-26,5.1505756378
2004-07-27,5.2061753273
2004-07-28,5.1707949638
2004-07-29,5.1455235481
2004-07-30,5.1253032684
2004-08-02,5.1455235481
2004-08-03,5.1050853729
2004-08-04,5.1151943207
2004-08-05,5.1556310654
2004-08-06,5.1657381058
2004-08-09,5.2314486504
2004-08-10,5.29210186
2004-08-11,5.1910128593
2004-08-12,5.1859574318
2004-08-13,5.1910128593
2004-08-16,5.1960668564
2004-08-17,5.1859574318
2004-08-18,5.2314486504
2004-08-19,5.2213406563
2004-08-20,5.3022136688
2004-08-23,5.3274846077
2004-08-24,5.4083585739
2004-08-25,5.5246119499
2004-08-26,5.4942860603
2004-08-27,5.5043945312
2004-08-30,5.4589028358
2004-08-31,5.5296664238
2004-09-01,5.5953755379
2004-09-02,5.6307587624
2004-09-03,5.5751571655
2004-09-07,5.6964659691
2004-09-08,5.6509780884
2004-09-09,5.640868187
2004-09-10,5.640868187
2004-09-13,5.6964659691
2004-09-14,5.7267932892
2004-09-15,5.6459207535
2004-09-16,5.767229557
2004-09-17,5.7621760368
2004-09-20,5.7217388153
2004-09-21,5.7773394585
2004-09-22,5.6762495041
2004-09-23,5.6711931229
2004-09-24,5.5751571655
2004-09-27,5.5397768021
2004-09-28,5.5852675438
2004-09-29,5.5802111626
2004-09-30,5.6206488609
2004-10-01,5.7116308212
2004-10-04,5.7722854614
2004-10-05,5.7621760368
2004-10-06,5.7166852951
2004-10-07,5.6711931229
2004-10-08,5.6459207535
2004-10-11,5.6813011169
2004-10-12,5.6661405563
2004-10-13,5.5599937439
2004-10-14,5.4942860603
2004-10-15,5.5852675438
2004-10-18,5.5953755379
2004-10-19,5.5953755379
2004-10-20,5.5246119499
2004-10-21,5.5701036453
2004-10-22,5.5195579529
2004-10-25,5.4589028358
2004-10-26,5.5043945312
2004-10-27,5.55493927
2004-10-28,5.5094485283
2004-10-29,5.6257023811
2004-11-01,5.5903201103
2004-11-02,5.6964659691
2004-11-03,5.7571201324
2004-11-04,5.8076667786
2004-11-05,5.8228292465
2004-11-08,5.8177776337
2004-11-09,5.8278846741
2004-11-10,5.8885393143
2004-11-11,5.8834853172
2004-11-12,5.9542474747
2004-11-15,5.9643578529
2004-11-16,5.9087562561
2004-11-17,5.9744677544
2004-11-18,5.9694099426
2004-11-19,5.8885393143
2004-11-22,5.9542474747
2004-11-23,6.0553388596
2004-11-24,6.090719223
2004-11-26,6.0957765579
2004-11-29,6.1463198662
2004-11-30,6.0957765579
2004-12-01,6.2069759369
2004-12-02,6.2120285034
2004-12-03,6.1968646049
2004-12-06,6.1766476631
2004-12-07,6.1311578751
2004-12-08,6.1109380722
2004-12-09,6.1412668228
2004-12-10,6.0401735306
2004-12-13,6.0806112289
2004-12-14,6.1261024475
2004-12-15,6.1564311981
2004-12-16,6.090719223
2004-12-17,6.1210474968
2004-12-20,6.2120285034
2004-12-21,6.2069759369
2004-12-22,6.166536808
2004-12-23,6.2192687988
2004-12-27,6.1779122353
2004-12-28,6.2709703445
2004-12-29,6.2606287003
2004-12-30,6.2347807884
2004-12-31,6.2502889633
2005-01-03,6.2037615776
2005-01-04,6.0538372993
2005-01-05,5.9194231033
2005-01-06,5.9762916565
2005-01-07,5.9142532349
2005-01-10,5.9607806206
2005-01-11,5.893573761
2005-01-12,5.9504423141
2005-01-13,5.9401025772
2005-01-14,5.9245920181
2005-01-18,5.9711198807
2005-01-19,5.9142532349
2005-01-20,5.8522143364
2005-01-21,5.8005175591
2005-01-24,5.7694988251
2005-01-25,5.8728952408
2005-01-26,5.9607806206
2005-01-27,5.9039125443
2005-01-28,5.8987407684
2005-01-31,5.9556112289
2005-02-01,5.9556112289
2005-02-02,5.9401025772
2005-02-03,5.9039125443
2005-02-04,6.0073080063
2005-02-07,6.0073080063
2005-02-08,6.0486688614
2005-02-09,6.0383296013
2005-02-10,6.027987957
2005-02-11,6.0796866417
2005-02-14,6.0745172501
2005-02-15,6.084856987
2005-02-16,6.0641746521
2005-02-17,5.9866299629
2005-02-18,6.0590047836
2005-02-22,6.0538372993
2005-02-23,6.0486688614
2005-02-24,6.1262145042
2005-02-25,6.2192687988
2005-02-28,6.1572346687
2005-03-01,6.2089314461
2005-03-02,6.0745172501
2005-03-03,6.0951967239
2005-03-04,6.0796866417
2005-03-07,6.0641746521
2005-03-08,6.084856987
2005-03-09,6.0900259018
2005-03-10,6.0796866417
2005-03-11,6.084856987
2005-03-14,6.0693469048
2005-03-15,5.9814581871
2005-03-16,5.9917998314
2005-03-17,6.0486688614
2005-03-18,6.084856987
2005-03-21,6.0796866417
2005-03-22,5.9969701767
2005-03-23,5.9556112289
2005-03-24,5.9556112289
2005-03-28,5.9607806206
2005-03-29,5.8884029388
2005-03-30,5.9917998314
2005-03-31,5.9504423141
2005-04-01,5.9142532349
2005-04-04,5.9969701767
2005-04-05,6.0331578255
2005-04-06,6.0124783516
2005-04-07,6.0590047836
2005-04-08,6.027987957
2005-04-11,6.0331578255
2005-04-12,6.0693469048
2005-04-13,6.0590047836
2005-04-14,6.0486688614
2005-04-15,5.9762916565
2005-04-18,5.9452705383
2005-04-19,6.0073080063
2005-04-20,5.9090828896
2005-04-21,6.0951967239
2005-04-22,6.0434975624
2005-04-25,6.1055345535
2005-04-26,6.141723156
2005-04-27,6.1572346687
2005-04-28,6.1262145042
2005-04-29,6.2296090126
2005-05-02,6.2657990456
2005-05-03,6.1830830574
2005-05-04,6.2916493416
2005-05-05,6.2968158722
2005-05-06,6.2813062668
2005-05-09,6.3123250008
2005-05-10,6.2296090126
2005-05-11,6.2451205254
2005-05-12,6.1882505417
2005-05-13,6.1779122353
2005-05-16,6.2296090126
2005-05-17,6.1985907555
2005-05-18,6.2037615776
2005-05-19,6.1572346687
2005-05-20,6.1572346687
2005-05-23,6.1675724983
2005-05-24,6.1624026299
2005-05-25,6.1107053757
2005-05-26,6.1313829422
2005-05-27,6.1882505417
2005-05-31,6.2296090126
2005-06-01,6.2813062668
2005-06-02,6.2296090126
2005-06-03,6.17274189
2005-06-06,6.2089314461
2005-06-07,6.2192687988
2005-06-08,6.2244391441
2005-06-09,6.2657990456
2005-06-10,6.2451205254
2005-06-13,6.2606287003
2005-06-14,6.276137352
2005-06-15,6.2399506569
2005-06-16,6.2244391441
2005-06-17,6.3536844254
2005-06-20,6.3071570396
2005-06-21,6.301987648
2005-06-22,6.3847045898
2005-06-23,6.3485159874
2005-06-24,6.3691954613
2005-06-27,6.4105520248
2005-06-28,6.4519109726
2005-06-29,6.4415707588
2005-06-30,6.4208922386
2005-07-01,6.4105520248
2005-07-05,6.4467420578
2005-07-06,6.3795347214
2005-07-07,6.389872551
2005-07-08,6.4260625839
2005-07-11,6.4829292297
2005-07-12,6.4674210548
2005-07-13,6.5449662209
2005-07-14,6.6173453331
2005-07-15,6.6380238533
2005-07-18,6.6948914528
2005-07-19,6.7052302361
2005-07-20,6.7362518311
2005-07-21,6.8344745636
2005-07-22,6.8344745636
2005-07-25,6.7724380493
2005-07-26,6.7517604828
2005-07-27,6.8448162079
2005-07-28,6.8448162079
2005-07-29,6.8137984276
2005-08-01,6.8654966354
2005-08-02,6.9430437088
2005-08-03,6.963722229
2005-08-04,6.8913440704
2005-08-05,6.7879490852
2005-08-08,6.8603258133
2005-08-09,6.8551568985
2005-08-10,6.9016838074
2005-08-11,6.9482111931
2005-08-12,6.8965115547
2005-08-15,6.932703495
2005-08-16,6.8810043335
2005-08-17,6.963722229
2005-08-18,6.8137984276
2005-08-19,6.8137984276
2005-08-22,6.8241376877
2005-08-23,6.7000608444
2005-08-24,6.6070041656
2005-08-25,6.6948914528
2005-08-26,6.6948914528
2005-08-29,6.6948914528
2005-08-30,6.7000608444
2005-08-31,6.7517604828
2005-09-01,6.8448162079
2005-09-02,6.9068551064
2005-09-06,6.9016838074
2005-09-07,6.886177063
2005-09-08,6.8551568985
2005-09-09,6.9016838074
2005-09-12,6.8913440704
2005-09-13,6.8448162079
2005-09-14,6.8499860764
2005-09-15,6.8396449089
2005-09-16,6.8396449089
2005-09-19,6.7569303513
2005-09-20,6.8293070793
2005-09-21,6.8293070793
2005-09-22,6.8396449089
2005-09-23,6.798289299
2005-09-26,6.8603258133
2005-09-27,6.8603258133
2005-09-28,6.8448162079
2005-09-29,7.0412683487
2005-09-30,7.0205898285
2005-10-03,6.953379631
2005-10-04,6.9585523605
2005-10-05,6.7465906143
2005-10-06,6.6276836395
2005-10-07,6.7465906143
2005-10-10,6.7259101868
2005-10-11,6.7362518311
2005-10-12,6.5811567307
2005-10-13,6.6225152016
2005-10-14,6.6431932449
2005-10-17,6.5914955139
2005-10-18,6.5708174706
2005-10-19,6.5656476021
2005-10-20,6.4105520248
2005-10-21,6.5242900848
2005-10-24,6.5553078651
2005-10-25,6.5036096573
2005-10-26,6.4932694435
2005-10-27,6.3691954613
2005-10-28,6.4570837021
2005-10-31,6.5294599533
2005-11-01,6.5914955139
2005-11-02,6.6380238533
2005-11-03,6.6173453331
2005-11-04,6.5759882927
2005-11-07,6.4829292297
2005-11-08,6.4829292297
2005-11-09,6.5242900848
2005-11-10,6.5553078651
2005-11-11,6.612174511
2005-11-14,6.5139498711
2005-11-15,6.5191192627
2005-11-16,6.5346288681
2005-11-17,6.6070041656
2005-11-18,6.6431932449
2005-11-21,6.6380238533
2005-11-22,6.6276836395
2005-11-23,6.7465906143
2005-11-25,6.7259101868
2005-11-28,6.7259101868
2005-11-29,6.7155694962
2005-11-30,6.6587047577
2005-12-01,6.7362518311
2005-12-02,6.7310805321
2005-12-05,6.6948914528
2005-12-06,6.6948914528
2005-12-07,6.6948914528
2005-12-08,6.6587047577
2005-12-09,6.6793823242
2005-12-12,6.7104010582
2005-12-13,6.7104010582
2005-12-14,6.7155694962
2005-12-15,6.7465906143
2005-12-16,6.7155694962
2005-12-19,6.7569303513
2005-12-20,6.7827801704
2005-12-21,6.798289299
2005-12-22,6.8086256981
2005-12-23,6.8447656631
2005-12-27,6.8128795624
2005-12-28,6.8128795624
2005-12-29,6.7809934616
2005-12-30,6.7065963745
2006-01-03,6.7969369888
2006-01-04,6.903222084
2006-01-05,6.8660230637
2006-01-06,6.9510502815
2006-01-09,7.0573353767
2006-01-10,7.0520238876
2006-01-11,7.0785927773
2006-01-12,7.0307621956
2006-01-13,7.0998487473
2006-01-17,6.9935641289
2006-01-18,6.9935641289
2006-01-19,7.0839071274
2006-01-20,6.9297943115
2006-01-23,6.9616799355
2006-01-24,7.0201358795
2006-01-25,6.9988780022
2006-01-26,7.0201358795
2006-01-27,7.1742482185
2006-01-30,7.1636195183
2006-01-31,7.1264224052
2006-02-01,7.0839071274
2006-02-02,6.9776220322
2006-02-03,6.9297943115
2006-02-06,6.9563627243
2006-02-07,6.935107708
2006-02-08,6.9776220322
2006-02-09,6.9616799355
2006-02-10,6.9297943115
2006-02-13,6.8181915283
2006-02-14,6.9935641289
2006-02-15,6.9510502815
2006-02-16,6.9776220322
2006-02-17,6.935107708
2006-02-21,7.0041937828
2006-02-22,6.9935641289
2006-02-23,7.0785927773
2006-02-24,7.1157927513
2006-02-27,7.1583061218
2006-02-28,7.0307621956
2006-03-01,7.1423625946
2006-03-02,7.1476759911
2006-03-03,7.0998487473
2006-03-06,7.0467061996
2006-03-07,6.935107708
2006-03-08,6.9776220322
2006-03-09,6.935107708
2006-03-10,7.0041937828
2006-03-13,7.0201358795
2006-03-14,7.0839071274
2006-03-15,7.1211071014
2006-03-16,7.1157927513
2006-03-17,7.137049675
2006-03-20,7.1583061218
2006-03-21,7.137049675
2006-03-22,7.110478878
2006-03-23,7.1583061218
2006-03-24,7.1636195183
2006-03-27,7.2008213997
2006-03-28,7.1476759911
2006-03-29,7.2114472389
2006-03-30,7.2327046394
2006-03-31,7.1689367294
2006-04-03,7.3017921448
2006-04-04,7.3336782455
2006-04-05,7.3655619621
2006-04-06,7.4346485138
2006-04-07,7.4187049866
2006-04-10,7.4931063652
2006-04-11,7.4240169525
2006-04-12,7.4240169525
2006-04-13,7.4399633408
2006-04-17,7.4559054375
2006-04-18,7.6472187042
2006-04-19,7.6153321266
2006-04-20,7.6578464508
2006-04-21,7.6791043282
2006-04-24,7.5993905067
2006-04-25,7.498418808
2006-04-26,7.5728168488
2006-04-27,7.5409345627
2006-04-28,7.6047029495
2006-05-01,7.5675048828
2006-05-02,7.7056760788
2006-05-03,7.7428712845
2006-05-04,7.7747602463
2006-05-05,7.7960190773
2006-05-08,7.8438482285
2006-05-09,7.7747602463
2006-05-10,7.6791043282
2006-05-11,7.6206459999
2006-05-12,7.4771609306
2006-05-15,7.402762413
2006-05-16,7.4187049866
2006-05-17,7.3602495193
2006-05-18,7.2645921707
2006-05-19,7.3443031311
2006-05-22,7.1476759911
2006-05-23,7.0839071274
2006-05-24,7.137049675
2006-05-25,7.1901917458
2006-05-26,7.227391243
2006-05-30,7.0413951874
2006-05-31,7.1211071014
2006-06-01,7.1742482185
2006-06-02,7.179564476
2006-06-05,7.0892190933
2006-06-06,7.0732774734
2006-06-07,7.0626487732
2006-06-08,6.9510502815
2006-06-09,6.9085359573
2006-06-12,6.8022494316
2006-06-13,6.594994545
2006-06-14,6.791621685
2006-06-15,6.935107708
2006-06-16,6.9244794846
2006-06-19,6.8872785568
2006-06-20,6.8447656631
2006-06-21,6.9297943115
2006-06-22,6.9244794846
2006-06-23,6.9723072052
2006-06-26,6.9669933319
2006-06-27,6.8394508362
2006-06-28,6.9085359573
2006-06-29,7.1476759911
2006-06-30,7.1848807335
2006-07-03,7.2327046394
2006-07-05,7.1476759911
2006-07-06,7.2114472389
2006-07-07,7.137049675
2006-07-10,7.1742482185
2006-07-11,7.1423625946
2006-07-12,7.0732774734
2006-07-13,7.0148220062
2006-07-14,6.9669933319
2006-07-17,6.9563627243
2006-07-18,7.0148220062
2006-07-19,7.1955080032
2006-07-20,7.0785927773
2006-07-21,7.0413951874
2006-07-24,7.2220778465
2006-07-25,7.2167625427
2006-07-26,7.2114472389
2006-07-27,7.2433342934
2006-07-28,7.4080753326
2006-07-31,7.2964773178
2006-08-01,7.2327046394
2006-08-02,7.386818409
2006-08-03,7.3389897346
2006-08-04,7.2380194664
2006-08-07,7.2433342934
2006-08-08,7.2167625427
2006-08-09,7.3177347183
2006-08-10,7.3336782455
2006-08-11,7.3230500221
2006-08-14,7.3921351433
2006-08-15,7.4771609306
2006-08-16,7.5728168488
2006-08-17,7.5781350136
2006-08-18,7.5675048828
2006-08-21,7.4665350914
2006-08-22,7.4505901337
2006-08-23,7.3602495193
2006-08-24,7.3602495193
2006-08-25,7.3496189117
2006-08-28,7.3283629417
2006-08-29,7.3708763123
2006-08-30,7.4505901337
2006-08-31,7.5356183052
2006-09-01,7.6259598732
2006-09-05,7.6100172997
2006-09-06,7.5037331581
2006-09-07,7.4399633408
2006-09-08,7.5303049088
2006-09-11,7.4612202644
2006-09-12,7.5993905067
2006-09-13,7.5834450722
2006-09-14,7.5356183052
2006-09-15,7.6206459999
2006-09-18,7.6950469017
2006-09-19,7.6684746742
2006-09-20,7.8119606972
2006-09-21,7.6897344589
2006-09-22,7.6525330544
2006-09-25,7.700357914
2006-09-26,7.6047029495
2006-09-27,7.6312761307
2006-09-28,7.6153321266
2006-09-29,7.5037331581
2006-10-02,7.5887608528
2006-10-03,7.6153321266
2006-10-04,7.7322459221
2006-10-05,7.7853879929
2006-10-06,7.7322459221
2006-10-09,7.7109894753
2006-10-10,7.7216176987
2006-10-11,7.6791043282
2006-10-12,7.7853879929
2006-10-13,7.7588181496
2006-10-16,7.7694458961
2006-10-17,7.6844177246
2006-10-18,7.6897344589
2006-10-19,7.7322459221
2006-10-20,7.7375626564
2006-10-23,7.7747602463
2006-10-24,7.790705204
2006-10-25,7.7853879929
2006-10-26,7.8438482285
2006-10-27,7.7641310692
2006-10-30,7.7481884956
2006-10-31,7.7747602463
2006-11-01,7.790705204
2006-11-02,7.8597874641
2006-11-03,7.8810448647
2006-11-06,8.0351581573
2006-11-07,8.0192174911
2006-11-08,7.9979586601
2006-11-09,7.9448165894
2006-11-10,7.9820175171
2006-11-13,7.9873290062
2006-11-14,8.0298452377
2006-11-15,8.0883026123
2006-11-16,8.1095590591
2006-11-17,8.1786460876
2006-11-20,8.1095590591
2006-11-21,8.1573886871
2006-11-22,8.2743005753
2006-11-24,8.2371025085
2006-11-27,8.1520719528
2006-11-28,8.0511016846
2006-11-29,8.1414413452
2006-11-30,8.1999015808
2006-12-01,8.0829868317
2006-12-04,8.2743005753
2006-12-05,8.3646421432
2006-12-06,8.3540172577
2006-12-07,8.2530460358
2006-12-08,8.3008718491
2006-12-11,8.3433866501
2006-12-12,8.3008718491
2006-12-13,8.2530460358
2006-12-14,8.4496717453
2006-12-15,8.5293836594
2006-12-18,8.4762430191
2006-12-19,8.4762430191
2006-12-20,8.4930429459
2006-12-21,8.4388456345
2006-12-22,8.4388456345
2006-12-26,8.5743436813
2006-12-27,8.6177024841
2006-12-28,8.6610612869
2006-12-29,8.6719017029
2007-01-03,8.7586202621
2007-01-04,8.666478157
2007-01-05,8.6014413834
2007-01-08,8.8182420731
2007-01-09,8.7965602875
2007-01-10,8.7152614594
2007-01-11,8.7369413376
2007-01-12,8.8236598969
2007-01-16,8.9320583344
2007-01-17,8.9916791916
2007-01-18,8.9699983597
2007-01-19,9.1271781921
2007-01-22,9.1813774109
2007-01-23,9.2464141846
2007-01-24,9.1705360413
2007-01-25,8.8507595062
2007-01-26,8.8887004852
2007-01-29,8.8995380402
2007-01-30,9.0187797546
2007-01-31,8.8832788467
2007-02-01,9.0513000488
2007-02-02,9.0513000488
2007-02-05,9.0621366501
2007-02-06,9.1867952347
2007-02-07,9.1488571167
2007-02-08,9.2084760666
2007-02-09,9.1000795364
2007-02-12,9.1325979233
2007-02-13,9.0296173096
2007-02-14,9.1000795364
2007-02-15,9.1163339615
2007-02-16,9.1163339615
2007-02-20,9.1434364319
2007-02-21,9.1109161377
2007-02-22,9.1217575073
2007-02-23,9.045879364
2007-02-26,9.045879364
2007-02-27,8.3792247772
2007-02-28,8.5147247314
2007-03-01,8.384642601
2007-03-02,8.292509079
2007-03-05,8.0323476791
2007-03-06,8.3792247772
2007-03-07,8.3358650208
2007-03-08,8.4388456345
2007-03-09,8.5851831436
2007-03-12,8.6231241226
2007-03-13,8.319606781
2007-03-14,8.4442634583
2007-03-15,8.4117450714
2007-03-16,8.3250255585
2007-03-19,8.5364046097
2007-03-20,8.5635042191
2007-03-21,8.7694625854
2007-03-22,8.7369413376
2007-03-23,8.7152614594
2007-03-26,8.7965602875
2007-03-27,8.6881628036
2007-03-28,8.6339616776
2007-03-29,8.7369413376
2007-03-30,8.7044219971
2007-04-02,8.8182420731
2007-04-03,8.9916791916
2007-04-04,9.007938385
2007-04-05,9.0241985321
2007-04-09,9.0729780197
2007-04-10,9.1054944992
2007-04-11,9.0350379944
2007-04-12,9.1271781921
2007-04-13,9.0513000488
2007-04-16,9.1542758942
2007-04-17,9.0729780197
2007-04-18,9.0350379944
2007-04-19,8.9103803635
2007-04-20,9.007938385
2007-04-23,9.0025177002
2007-04-24,8.9862613678
2007-04-25,9.0675563812
2007-04-26,9.0729780197
2007-04-27,8.9862613678
2007-04-30,8.8453378677
2007-05-01,8.8832788467
2007-05-02,9.0675563812
2007-05-03,9.2138967514
2007-05-04,9.2572574615
2007-05-07,9.2409963608
2007-05-08,9.1488571167
2007-05-09,9.2843542099
2007-05-10,9.0513000488
2007-05-11,9.3927545547
2007-05-14,9.2409963608
2007-05-15,9.2193145752
2007-05-16,9.311457634
2007-05-17,9.3222942352
2007-05-18,9.2951946259
2007-05-21,9.2409963608
2007-05-22,9.1759548187
2007-05-23,9.1000795364
2007-05-24,8.980837822
2007-05-25,9.0783958435
2007-05-29,9.0025177002
2007-05-30,9.0783958435
2007-05-31,9.1217575073
2007-06-01,9.1163339615
2007-06-04,9.1651134491
2007-06-05,9.1109161377
2007-06-06,9.0404548645
2007-06-07,8.8778581619
2007-06-08,9.0783958435
2007-06-11,9.0621366501
2007-06-12,8.8887004852
2007-06-13,9.0783958435
2007-06-14,9.1271781921
2007-06-15,9.2030553818
2007-06-18,9.22473526
2007-06-19,9.2193145752
2007-06-20,9.1867952347
2007-06-21,9.3168735504
2007-06-22,9.1976385117
2007-06-25,9.1813774109
2007-06-26,9.1163339615
2007-06-27,9.2789354324
2007-06-28,9.3006134033
2007-06-29,9.22473526
2007-07-02,9.3656539917
2007-07-03,9.4252729416
2007-07-05,9.4848909378
2007-07-06,9.707113266
2007-07-09,9.848028183
2007-07-10,9.6312322617
2007-07-11,9.7233695984
2007-07-12,9.8913888931
2007-07-13,9.8751277924
2007-07-16,9.7721500397
2007-07-17,9.782989502
2007-07-18,9.7775697708
2007-07-19,9.837187767
2007-07-20,9.8426103592
2007-07-23,9.9997882843
2007-07-24,9.8209285736
2007-07-25,9.9943656921
2007-07-26,9.6474885941
2007-07-27,9.5390920639
2007-07-30,9.8100891113
2007-07-31,9.7233695984
2007-08-01,9.6583309174
2007-08-02,9.6420707703
2007-08-03,9.2301549911
2007-08-06,9.5065717697
2007-08-07,9.4740533829
2007-08-08,9.7342061996
2007-08-09,9.3006134033
2007-08-10,9.3873300552
2007-08-13,9.3277139664
2007-08-14,9.2464141846
2007-08-15,8.9103803635
2007-08-16,8.856180191
2007-08-17,9.1054944992
2007-08-20,9.0513000488
2007-08-21,9.1705360413
2007-08-22,9.6312322617
2007-08-23,9.5824518204
2007-08-24,9.799249649
2007-08-27,9.8534479141
2007-08-28,9.4577932358
2007-08-29,9.7884073257
2007-08-30,9.7016897202
2007-08-31,9.9943656921
2007-09-04,10.167804718
2007-09-05,10.0648260117
2007-09-06,10.19490242
2007-09-07,9.9889469147
2007-09-10,10.2816238403
2007-09-11,10.4388017654
2007-09-12,10.6176614761
2007-09-13,10.8019380569
2007-09-14,10.8886556625
2007-09-17,10.6230764389
2007-09-18,11.0566759109
2007-09-19,11.0891962051
2007-09-20,10.9807949066
2007-09-21,11.1596546173
2007-09-24,11.2680511475
2007-09-25,11.262629509
2007-09-26,11.3710289001
2007-09-27,11.5065279007
2007-09-28,11.3981332779
2007-10-01,11.6095075607
2007-10-02,11.7775278091
2007-10-03,11.2355337143
2007-10-04,11.2409505844
2007-10-05,11.772105217
2007-10-08,11.4956893921
2007-10-09,11.9292869568
2007-10-10,11.8696632385
2007-10-11,11.7666854858
2007-10-12,12.0051622391
2007-10-15,11.7883653641
2007-10-16,11.4685907364
2007-10-17,12.0160055161
2007-10-18,11.8967647552
2007-10-19,11.5065279007
2007-10-22,11.6420297623
2007-10-23,11.9347066879
2007-10-24,11.8642463684
2007-10-25,12.0864658356
2007-10-26,12.6392993927
2007-10-29,13.0620498657
2007-10-30,12.7802143097
2007-10-31,12.9699144363
2007-11-01,12.43334198
2007-11-02,12.4441804886
2007-11-05,11.69622612
2007-11-06,12.3303575516
2007-11-07,11.9292869568
2007-11-08,11.9238672256
2007-11-09,11.7775278091
2007-11-12,11.4577512741
2007-11-13,12.1948661804
2007-11-14,12.2490634918
2007-11-15,11.7612695694
2007-11-16,11.6528663635
2007-11-19,11.3059921265
2007-11-20,11.5227899551
2007-11-21,10.9807949066
2007-11-23,11.2843132019
2007-11-26,11.0675144196
2007-11-27,11.4685907364
2007-11-28,12.0864658356
2007-11-29,12.1298246384
2007-11-30,12.2815799713
2007-12-03,12.1948661804
2007-12-04,12.2869987488
2007-12-05,12.8235731125
2007-12-06,12.9482345581
2007-12-07,12.3195199966
2007-12-10,12.3357820511
2007-12-11,12.0105791092
2007-12-12,12.2002811432
2007-12-13,12.0322628021
2007-12-14,11.7666854858
2007-12-17,11.2084350586
2007-12-18,11.5336313248
2007-12-19,11.6582899094
2007-12-20,11.7341661453
2007-12-21,12.1840219498
2007-12-24,12.266163826
2007-12-26,12.2882137299
2007-12-27,11.858212471
2007-12-28,11.8637237549
2007-12-31,12.0897502899
2008-01-02,12.0125761032
2008-01-03,12.0125761032
2008-01-04,11.8141059875
2008-01-07,12.1338567734
2008-01-08,11.8251342773
2008-01-09,12.2275762558
2008-01-10,12.3047552109
2008-01-11,11.8526954651
2008-01-14,11.9023141861
2008-01-15,11.3234586716
2008-01-16,10.9706363678
2008-01-17,10.6233243942
2008-01-18,10.9982023239
2008-01-22,10.8052463531
2008-01-23,10.9265327454
2008-01-24,10.9155035019
2008-01-25,11.0533304214
2008-01-28,11.1415328979
2008-01-29,11.0864076614
2008-01-30,10.799738884
2008-01-31,11.025765419
2008-02-01,11.0808935165
2008-02-04,10.943072319
2008-02-05,10.4083213806
2008-02-06,10.2374229431
2008-02-07,10.4083213806
2008-02-08,10.3587055206
2008-02-11,10.3587055206
2008-02-12,10.4303770065
2008-02-13,10.5571680069
2008-02-14,10.3587055206
2008-02-15,10.584736824
2008-02-19,10.5130662918
2008-02-20,10.5075550079
2008-02-21,10.1437044144
2008-02-22,10.2043476105
2008-02-25,10.2760124207
2008-02-26,10.4469146729
2008-02-27,10.6067867279
2008-02-28,10.5020389557
2008-02-29,10.176779747
2008-03-03,10.2594766617
2008-03-04,10.0389595032
2008-03-05,10.1712703705
2008-03-06,9.8239574432
2008-03-07,9.6310033798
2008-03-10,9.5538263321
2008-03-11,10.2539606094
2008-03-12,9.950753212
2008-03-13,9.7798519135
2008-03-14,9.410490036
2008-03-17,9.2836961746
2008-03-18,9.7136983871
2008-03-19,9.2671546936
2008-03-20,9.4545936584
2008-03-24,9.592414856
2008-03-25,9.7963933945
2008-03-26,9.7467765808
2008-03-27,9.8349819183
2008-03-28,9.9342126846
2008-03-31,9.8956251144
2008-04-01,10.309091568
2008-04-02,10.176779747
2008-04-03,10.4358844757
2008-04-04,10.3807554245
2008-04-07,10.3476829529
2008-04-08,10.3146028519
2008-04-09,10.0499849319
2008-04-10,10.1437044144
2008-04-11,10.0003662109
2008-04-14,10.0003662109
2008-04-15,10.099603653
2008-04-16,10.2539606094
2008-04-17,10.1712703705
2008-04-18,10.3256292343
2008-04-21,10.3972997665
2008-04-22,10.3862724304
2008-04-23,10.6729393005
2008-04-24,10.7005062103
2008-04-25,10.7115297318
2008-04-28,10.584736824
2008-04-29,10.6288375854
2008-04-30,10.7225570679
2008-05-01,10.9155035019
2008-05-02,11.0478181839
2008-05-05,10.9926900864
2008-05-06,11.0808935165
2008-05-07,10.6343507767
2008-05-08,10.7831983566
2008-05-09,10.5902481079
2008-05-12,10.6949930191
2008-05-13,10.7501211166
2008-05-14,10.7721729279
2008-05-15,10.9871749878
2008-05-16,10.9155035019
2008-05-19,10.7831983566
2008-05-20,10.5020389557
2008-05-21,10.4413967133
2008-05-22,10.4855031967
2008-05-23,10.3972997665
2008-05-27,10.5461454391
2008-05-28,10.5516557693
2008-05-29,10.6343507767
2008-05-30,10.7005062103
2008-06-02,10.5351190567
2008-06-03,10.4303770065
2008-06-04,10.4744787216
2008-06-05,10.7335824966
2008-06-06,10.2925539017
2008-06-09,10.2704992294
2008-06-10,10.1437044144
2008-06-11,9.9893426895
2008-06-12,10.0334444046
2008-06-13,10.0279340744
2008-06-16,10.0499849319
2008-06-17,9.9562644958
2008-06-18,9.9562644958
2008-06-19,9.9728078842
2008-06-20,9.719212532
2008-06-23,9.7467765808
2008-06-24,9.7357521057
2008-06-25,9.8229665756
2008-06-26,9.4651613235
2008-06-27,9.4372034073
2008-06-30,9.4707489014
2008-07-01,9.4148406982
2008-07-02,9.0961675644
2008-07-03,9.1297101974
2008-07-07,9.2471199036
2008-07-08,9.364522934
2008-07-09,9.0793952942
2008-07-10,9.1800298691
2008-07-11,9.1912107468
2008-07-14,9.0961675644
2008-07-15,8.8501739502
2008-07-16,9.1967992783
2008-07-17,9.2471199036
2008-07-18,9.2638912201
2008-07-21,9.3701171875
2008-07-22,9.4987020493
2008-07-23,9.6328821182
2008-07-24,9.364522934
2008-07-25,9.5154733658
2008-07-28,9.2918434143
2008-07-29,9.4931106567
2008-07-30,9.5993347168
2008-07-31,9.3365697861
2008-08-01,9.3533439636
2008-08-04,9.2023935318
2008-08-05,9.2974357605
2008-08-06,9.2974357605
2008-08-07,8.9619903564
2008-08-08,9.1800298691
2008-08-11,9.1800298691
2008-08-12,9.1017599106
2008-08-13,9.0570325851
2008-08-14,9.1520738602
2008-08-15,9.0570325851
2008-08-18,8.7942657471
2008-08-19,8.5259103775
2008-08-20,8.8334026337
2008-08-21,8.6992235184
2008-08-22,8.8166284561
2008-08-25,8.6936340332
2008-08-26,8.8222208023
2008-08-27,8.9563970566
2008-08-28,8.9619903564
2008-08-29,8.8669471741
2008-09-02,8.7942657471
2008-09-03,8.7215852737
2008-09-04,8.3581857681
2008-09-05,8.42527771
2008-09-08,8.5929985046
2008-09-09,8.3078689575
2008-09-10,8.3805513382
2008-09-11,8.4308681488
2008-09-12,8.42527771
2008-09-15,7.9165182114
2008-09-16,8.1960544586
2008-09-17,7.5698876381
2008-09-18,8.1066045761
2008-09-19,8.2575540543
2008-09-22,7.8382463455
2008-09-23,7.6761140823
2008-09-24,7.6872959137
2008-09-25,7.8941555023
2008-09-26,7.7767481804
2008-09-29,6.9381346703
2008-09-30,7.3853964806
2008-10-01,7.4692549706
2008-10-02,7.0331759453
2008-10-03,6.9101786613
2008-10-06,6.6194615364
2008-10-07,6.3175587654
2008-10-08,6.4181919098
2008-10-09,5.9150261879
2008-10-10,5.8982520103
2008-10-13,6.8486838341
2008-10-14,6.6362347603
2008-10-15,5.8199806213
2008-10-16,6.2448801994
2008-10-17,6.0436115265
2008-10-20,6.3958296776
2008-10-21,6.0156598091
2008-10-22,5.6075315475
2008-10-23,5.719347477
2008-10-24,5.3671312332
2008-10-27,4.8695540428
2008-10-28,5.6969861984
2008-10-29,5.5068998337
2008-10-30,5.9709339142
2008-10-31,5.8255729675
2008-11-03,5.8591156006
2008-11-04,6.2392878532
2008-11-05,5.8702974319
2008-11-06,5.5963506699
2008-11-07,6.1554265022
2008-11-10,6.0100679398
2008-11-11,5.6243057251
2008-11-12,5.4174470901
2008-11-13,5.8758883476
2008-11-14,5.3447670937
2008-11-17,5.3615398407
2008-11-18,5.272087574
2008-11-19,4.9701881409
2008-11-20,4.7577366829
2008-11-21,5.3056311607
2008-11-24,5.4118566513
2008-11-25,5.3671312332
2008-11-26,5.7808480263
2008-11-28,5.7473025322
2008-12-01,5.2832689285
2008-12-02,5.6410779953
2008-12-03,5.6019434929
2008-12-04,5.3056311607
2008-12-05,5.6131229401
2008-12-08,6.0100679398
2008-12-09,5.8758883476
2008-12-10,6.1162934303
2008-12-11,6.0547947884
2008-12-12,6.1442456245
2008-12-15,6.0659761429
2008-12-16,6.3511037827
2008-12-17,6.1554265022
2008-12-18,6.0547947884
2008-12-19,6.0380225182
2008-12-22,5.9206156731
2008-12-23,5.7914662361
2008-12-24,5.9015035629
2008-12-26,5.936252594
2008-12-29,5.9015035629
2008-12-30,5.9478340149
2008-12-31,6.0057501793
2009-01-02,6.2489905357
2009-01-05,6.2374091148
2009-01-06,6.364821434
2009-01-07,6.2084517479
2009-01-08,6.2258253098
2009-01-09,6.040500164
2009-01-12,5.9304599762
2009-01-13,5.8783378601
2009-01-14,5.733549118
2009-01-15,5.7045946121
2009-01-16,5.7740921974
2009-01-20,5.484518528
2009-01-21,5.762509346
2009-01-22,5.5482258797
2009-01-23,5.7103872299
2009-01-26,5.7393436432
2009-01-27,5.8204231262
2009-01-28,6.0115427971
2009-01-29,5.6814279556
2009-01-30,5.8030495644
2009-02-02,5.8030495644
2009-02-03,5.7103872299
2009-02-04,5.693010807
2009-02-05,5.6872177124
2009-02-06,5.9188780785
2009-02-09,5.9015035629
2009-02-10,5.6061396599
2009-02-11,5.7045946121
2009-02-12,5.6582608223
2009-02-13,5.6408867836
2009-02-17,5.4555606842
2009-02-18,5.5771799088
2009-02-19,5.6003470421
2009-02-20,5.5366415977
2009-02-23,5.5018925667
2009-02-24,5.7451348305
2009-02-25,5.6698451042
2009-02-26,5.5366415977
2009-02-27,5.5713896751
2009-03-02,5.270234108
2009-03-03,5.2991919518
2009-03-04,5.5366415977
2009-03-05,5.328148365
2009-03-06,5.2296934128
2009-03-09,5.0849065781
2009-03-10,5.328148365
2009-03-11,5.3513140678
2009-03-12,5.4787282944
2009-03-13,5.5308480263
2009-03-16,5.6003470421
2009-03-17,5.7683010101
2009-03-18,5.7972564697
2009-03-19,5.7509260178
2009-03-20,5.6698451042
2009-03-23,6.1679110527
2009-03-24,6.0694570541
2009-03-25,6.0694570541
2009-03-26,6.1794939041
2009-03-27,6.0578718185
2009-03-30,5.8609633446
2009-03-31,5.8899197578
2009-04-01,6.0115427971
2009-04-02,6.3474469185
2009-04-03,6.4459009171
2009-04-06,6.4806509018
2009-04-07,6.3300738335
2009-04-08,6.405362606
2009-04-09,6.5964794159
2009-04-13,6.6775603294
2009-04-14,6.6312265396
2009-04-15,6.7412652969
2009-04-16,6.8107643127
2009-04-17,6.8223452568
2009-04-20,6.6080627441
2009-04-21,6.7238912582
2009-04-22,6.6601867676
2009-04-23,6.7296833992
2009-04-24,6.8397216797
2009-04-27,6.6486029625
2009-04-28,6.4864392281
2009-04-29,6.7296833992
2009-04-30,6.8744702339
2009-05-01,6.9381747246
2009-05-04,7.4014930725
2009-05-05,7.3030400276
2009-05-06,7.5578641891
2009-05-07,7.4130783081
2009-05-08,7.6041946411
2009-05-11,7.3146219254
2009-05-12,7.3088283539
2009-05-13,7.2451229095
2009-05-14,7.233537674
2009-05-15,7.2509160042
2009-05-18,7.6273603439
2009-05-19,7.6041946411
2009-05-20,7.534696579
2009-05-21,7.3899121284
2009-05-22,7.4130783081
2009-05-26,7.7895236015
2009-05-27,7.8648114204
2009-05-28,7.945892334
2009-05-29,8.2123003006
2009-06-01,8.4497480392
2009-06-02,8.3223352432
2009-06-03,8.2528381348
2009-06-04,8.3744602203
2009-06-05,8.4555416107
2009-06-08,8.3049640656
2009-06-09,8.1312198639
2009-06-10,8.2586288452
2009-06-11,8.2933769226
2009-06-12,8.2180891037
2009-06-15,8.0038051605
2009-06-16,7.7258138657
2009-06-17,7.7373971939
2009-06-18,7.772149086
2009-06-19,7.8011031151
2009-06-22,7.6852765083
2009-06-23,7.676472187
2009-06-24,7.8936214447
2009-06-25,8.1166372299
2009-06-26,8.2222766876
2009-06-29,8.2692289352
2009-06-30,8.0638160706
2009-07-01,8.1166372299
2009-07-02,7.8290634155
2009-07-06,7.928832531
2009-07-07,7.7527666092
2009-07-08,7.6706027985
2009-07-09,7.7997198105
2009-07-10,7.7762432098
2009-07-13,7.7586359978
2009-07-14,7.8760151863
2009-07-15,8.2457513809
2009-07-16,8.2281455994
2009-07-17,8.3572597504
2009-07-20,8.6448316574
2009-07-21,8.6624393463
2009-07-22,8.638964653
2009-07-23,8.9617538452
2009-07-24,8.8619823456
2009-07-27,8.944144249
2009-07-28,8.9734916687
2009-07-29,8.7798156738
2009-07-30,9.0028362274
2009-07-31,9.0028362274
2009-08-03,9.2845411301
2009-08-04,9.1143407822
2009-08-05,8.891327858
2009-08-06,8.897195816
2009-08-07,8.8619823456
2009-08-10,8.8502416611
2009-08-11,8.8032932281
2009-08-12,8.8737220764
2009-08-13,8.897195816
2009-08-14,8.8385105133
2009-08-17,8.5450639725
2009-08-18,8.7328681946
2009-08-19,8.7035217285
2009-08-20,8.8326368332
2009-08-21,8.9148015976
2009-08-24,8.9030637741
2009-08-25,8.8795871735
2009-08-26,8.8326368332
2009-08-27,8.8032932281
2009-08-28,8.7328681946
2009-08-31,8.4629001617
2009-09-01,8.3337841034
2009-09-02,8.3337841034
2009-09-03,8.4746389389
2009-09-04,8.7328681946
2009-09-08,8.9148015976
2009-09-09,8.9734916687
2009-09-10,9.0791311264
2009-09-11,9.0673904419
2009-09-14,9.0263118744
2009-09-15,9.0263118744
2009-09-16,9.1906385422
2009-09-17,9.1789016724
2009-09-18,9.126077652
2009-09-21,9.0497846603
2009-09-22,9.2375888824
2009-09-23,9.0967350006
2009-09-24,8.9030637741
2009-09-25,8.9324092865
2009-09-28,9.0204410553
2009-09-29,9.0556554794
2009-09-30,9.1084756851
2009-10-01,8.8619823456
2009-10-02,8.791554451
2009-10-05,8.891327858
2009-10-06,8.9734916687
2009-10-07,9.0497846603
2009-10-08,9.1965084076
2009-10-09,9.2375888824
2009-10-12,9.1906385422
2009-10-13,9.1965084076
2009-10-14,9.3843107224
2009-10-15,9.3843107224
2009-10-16,9.231719017
2009-10-19,9.4253950119
2009-10-20,9.5603761673
2009-10-21,9.5838518143
2009-10-22,9.6131982803
2009-10-23,9.507557869
2009-10-26,9.4429979324
2009-10-27,9.3490962982
2009-10-28,9.1084756851
2009-10-29,9.2786712646
2009-10-30,9.1143407822
2009-11-02,9.155424118
2009-11-03,9.1730318069
2009-11-04,9.2258529663
2009-11-05,9.3021478653
2009-11-06,9.2786712646
2009-11-09,9.5251636505
2009-11-10,9.437130928
2009-11-11,9.4312610626
2009-11-12,9.3784399033
2009-11-13,9.437130928
2009-11-16,9.5779848099
2009-11-17,9.5192947388
2009-11-18,9.4077882767
2009-11-19,9.3373594284
2009-11-20,9.3080186844
2009-11-23,9.4136571884
2009-11-24,9.331489563
2009-11-25,9.4312610626
2009-11-27,9.2082462311
2009-11-30,9.3080186844
2009-12-01,9.4958200455
2009-12-02,9.513425827
2009-12-03,9.5427703857
2009-12-04,9.6014585495
2009-12-07,9.5310335159
2009-12-08,9.4429979324
2009-12-09,9.4723443985
2009-12-10,9.460606575
2009-12-11,9.4899492264
2009-12-14,9.4899492264
2009-12-15,9.4136571884
2009-12-16,9.3901805878
2009-12-17,9.1789016724
2009-12-18,9.1202116013
2009-12-21,9.1202116013
2009-12-22,9.1011772156
2009-12-23,9.2082490921
2009-12-24,9.2617864609
2009-12-28,9.2260942459
2009-12-29,9.279630661
2009-12-30,9.3510141373
2009-12-31,9.3153238297
2010-01-04,9.5532617569
2010-01-05,9.6424865723
2010-01-06,9.6722326279
2010-01-07,9.6722326279
2010-01-08,9.6781778336
2010-01-11,9.6900758743
2010-01-12,9.5889511108
2010-01-13,9.5294675827
2010-01-14,9.4699831009
2010-01-15,9.3450651169
2010-01-19,9.4640340805
2010-01-20,9.2439403534
2010-01-21,8.9703092575
2010-01-22,8.8334941864
2010-01-25,8.9465179443
2010-01-26,8.8632364273
2010-01-27,8.8215999603
2010-01-28,8.7323722839
2010-01-29,8.7026319504
2010-02-01,8.9286737442
2010-02-02,9.0357427597
2010-02-03,9.0000534058
2010-02-04,8.7026319504
2010-02-05,8.6669387817
2010-02-08,8.6371974945
2010-02-09,8.8572893143
2010-02-10,8.8572893143
2010-02-11,9.0178976059
2010-02-12,8.9227218628
2010-02-16,9.0773839951
2010-02-17,9.0952291489
2010-02-18,9.0714349747
2010-02-19,9.0119514465
2010-02-22,9.0178976059
2010-02-23,8.988155365
2010-02-24,9.1368665695
2010-02-25,9.1130714417
2010-02-26,9.1785068512
2010-03-01,9.279630661
2010-03-02,9.3807554245
2010-03-03,9.3510141373
2010-03-04,9.3153238297
2010-03-05,9.4580860138
2010-03-08,9.565158844
2010-03-09,9.5592060089
2010-03-10,9.5889511108
2010-03-11,9.5949001312
2010-03-12,9.5532617569
2010-03-15,9.5889511108
2010-03-16,9.6365432739
2010-03-17,9.7257671356
2010-03-18,9.6841287613
2010-03-19,9.6662826538
2010-03-22,9.6246433258
2010-03-23,9.6662826538
2010-03-24,9.6067991257
2010-03-25,9.517572403
2010-03-26,9.6722326279
2010-03-29,9.7733573914
2010-03-30,9.8209447861
2010-03-31,9.6900758743
2010-04-01,9.8506860733
2010-04-05,9.892326355
2010-04-06,9.9161186218
2010-04-07,9.85663414
2010-04-08,9.8685321808
2010-04-09,9.9756040573
2010-04-12,9.9220695496
2010-04-13,9.9458589554
2010-04-14,10.0469865799
2010-04-15,9.981552124
2010-04-16,9.7138681412
2010-04-19,9.6900758743
2010-04-20,9.7257671356
2010-04-21,9.6841287613
2010-04-22,9.6603345871
2010-04-23,9.6424865723
2010-04-26,9.6543855667
2010-04-27,9.3986024857
2010-04-28,9.4461898804
2010-04-29,9.4878263474
2010-04-30,9.3153238297
2010-05-03,9.3748073578
2010-05-04,9.0833301544
2010-05-05,9.0476398468
2010-05-06,8.7502174377
2010-05-07,8.8215999603
2010-05-10,9.1309213638
2010-05-11,9.0357427597
2010-05-12,9.0714349747
2010-05-13,9.0297966003
2010-05-14,8.8870325089
2010-05-17,8.8632364273
2010-05-18,8.7740097046
2010-05-19,8.7740097046
2010-05-20,8.5182247162
2010-05-21,8.6847848892
2010-05-24,8.7026319504
2010-05-25,8.6907310486
2010-05-26,8.5182247162
2010-05-27,8.8870325089
2010-05-28,8.7918548584
2010-06-01,8.6609888077
2010-06-02,8.8394432068
2010-06-03,8.8453922272
2010-06-04,8.6252994537
2010-06-07,8.6015052795
2010-06-08,8.7561655045
2010-06-09,8.7978038788
2010-06-10,8.9167728424
2010-06-11,8.9762592316
2010-06-14,8.9822053909
2010-06-15,9.1428155899
2010-06-16,9.1487665176
2010-06-17,9.1428155899
2010-06-18,9.1606607437
2010-06-21,9.2855796814
2010-06-22,9.237988472
2010-06-23,9.3021879196
2010-06-24,9.2719087601
2010-06-25,9.3385238647
2010-06-28,9.3203573227
2010-06-29,9.0296611786
2010-06-30,8.9448747635
2010-07-01,8.9630441666
2010-07-02,9.0114955902
2010-07-06,9.0841674805
2010-07-07,9.1992349625
2010-07-08,9.2113437653
2010-07-09,9.3142995834
2010-07-12,9.3385238647
2010-07-13,9.3627490997
2010-07-14,9.3688049316
2010-07-15,9.3021879196
2010-07-16,9.1750068665
2010-07-19,9.1992349625
2010-07-20,9.3385238647
2010-07-21,9.2416267395
2010-07-22,9.4596443176
2010-07-23,9.5868244171
2010-07-26,9.6473846436
2010-07-27,9.6110477448
2010-07-28,9.526263237
2010-07-29,9.6110477448
2010-07-30,9.6534414291
2010-08-02,9.8714599609
2010-08-03,9.8654050827
2010-08-04,9.8835725784
2010-08-05,9.9017410278
2010-08-06,9.9562473297
2010-08-09,10.0773696899
2010-08-10,9.9925832748
2010-08-11,9.8472366333
2010-08-12,9.8351259232
2010-08-13,9.8411836624
2010-08-16,9.7927331924
2010-08-17,9.7987890244
2010-08-18,9.8048448563
2010-08-19,9.774564743
2010-08-20,9.7866744995
2010-08-23,9.7382259369
2010-08-24,9.683722496
2010-08-25,9.7200593948
2010-08-26,9.6897792816
2010-08-27,9.774564743
2010-08-30,9.6897792816
2010-08-31,9.683722496
2010-09-01,9.9077997208
2010-09-02,9.938079834
2010-09-03,9.9501905441
2010-09-07,10.0410318375
2010-09-08,10.1015920639
2010-09-09,10.186378479
2010-09-10,10.2166624069
2010-09-13,10.3498945236
2010-09-14,10.3862304688
2010-09-15,10.434677124
2010-09-16,10.4225664139
2010-09-17,10.4891862869
2010-09-20,10.6769237518
2010-09-21,10.6405878067
2010-09-22,10.7193183899
2010-09-23,10.664814949
2010-09-24,10.8767747879
2010-09-27,10.9191703796
2010-09-28,10.8525514603
2010-09-29,10.8949460983
2010-09-30,10.985786438
2010-10-01,11.094792366
2010-10-04,11.143245697
2010-10-05,11.2159147263
2010-10-06,11.234087944
2010-10-07,11.234087944
2010-10-08,11.3976011276
2010-10-11,11.5187225342
2010-10-12,11.4702739716
2010-10-13,11.6035079956
2010-10-14,11.5550603867
2010-10-15,11.5490045547
2010-10-18,11.5913953781
2010-10-19,11.439997673
2010-10-20,11.6156234741
2010-10-21,11.4823884964
2010-10-22,11.4944992065
2010-10-25,11.6095657349
2010-10-26,11.488442421
2010-10-27,11.3430967331
2010-10-28,11.3128147125
2010-10-29,11.3430967331
2010-11-01,11.5368919373
2010-11-02,11.6640701294
2010-11-03,11.8760347366
2010-11-04,12.1848983765
2010-11-05,12.2212352753
2010-11-08,12.2515106201
2010-11-09,12.0334892273
2010-11-10,12.1727876663
2010-11-11,12.0940542221
2010-11-12,11.9365959167
2010-11-15,11.8881473541
2010-11-16,11.6519613266
2010-11-17,11.627737999
2010-11-18,11.8396959305
2010-11-19,11.6459007263
2010-11-22,11.5005559921
2010-11-23,11.2704229355
2010-11-24,11.4581613541
2010-11-26,11.2885923386
2010-11-29,11.4702739716
2010-11-30,11.439997673
2010-12-01,11.7670240402
2010-12-02,11.8215274811
2010-12-03,11.7427997589
2010-12-06,11.6398458481
2010-12-07,11.7185783386
2010-12-08,11.627737999
2010-12-09,11.6035079956
2010-12-10,11.6337900162
2010-12-13,11.7064628601
2010-12-14,11.69435215
2010-12-15,11.4581613541
2010-12-16,11.3673210144
2010-12-17,11.3976011276
2010-12-20,11.3733778
2010-12-21,11.5640735626
2010-12-22,11.6007480621
2010-12-23,11.5090665817
2010-12-27,11.5090665817
2010-12-28,11.4540567398
2010-12-29,11.5885238647
2010-12-30,11.6496429443
2010-12-31,11.5640735626
2011-01-03,11.8330068588
2011-01-04,12.0774888992
2011-01-05,12.1997299194
2011-01-06,12.1508359909
2011-01-07,12.1019363403
2011-01-10,11.9858083725
2011-01-11,12.1569480896
2011-01-12,12.2058429718
2011-01-13,12.1324968338
2011-01-14,12.1813936234
2011-01-18,12.1875076294
2011-01-19,12.1324968338
2011-01-20,12.0652647018
2011-01-21,11.9919185638
2011-01-24,11.9919185638
2011-01-25,11.9491329193
2011-01-26,11.9735813141
2011-01-27,11.9613618851
2011-01-28,11.7107629776
2011-01-31,11.7291021347
2011-02-01,11.8880147934
2011-02-02,11.9185771942
2011-02-03,11.9124612808
2011-02-04,11.9796943665
2011-02-07,11.9002399445
2011-02-08,11.7107629776
2011-02-09,11.4296102524
2011-02-10,11.2829198837
2011-02-11,11.4173822403
2011-02-14,11.3745994568
2011-02-15,11.3807144165
2011-02-16,11.4601707458
2011-02-17,11.4173822403
2011-02-18,11.4662828445
2011-02-22,11.1362276077
2011-02-23,11.1545658112
2011-02-24,11.0934429169
2011-02-25,11.3318147659
2011-02-28,11.411272049
2011-03-01,11.3684902191
2011-03-02,11.3684902191
2011-03-03,11.4479446411
2011-03-04,11.4601707458
2011-03-07,11.3318147659
2011-03-08,11.6251935959
2011-03-09,11.6740913391
2011-03-10,11.4479446411
2011-03-11,11.4296102524
2011-03-14,11.3929357529
2011-03-15,11.1423377991
2011-03-16,10.8611869812
2011-03-17,10.8428468704
2011-03-18,10.9284143448
2011-03-21,11.1423377991
2011-03-22,11.1423377991
2011-03-23,11.2768068314
2011-03-24,11.3195896149
2011-03-25,11.3134765625
2011-03-28,11.2217988968
2011-03-29,11.3195896149
2011-03-30,11.5518493652
2011-03-31,11.570186615
2011-04-01,11.661866188
2011-04-04,11.8880147934
2011-04-05,11.9002399445
2011-04-06,11.9735813141
2011-04-07,11.9246883392
2011-04-08,11.9735813141
2011-04-11,11.8207855225
2011-04-12,11.7107629776
2011-04-13,11.8146686554
2011-04-14,11.9063501358
2011-04-15,11.9552507401
2011-04-18,11.8452272415
2011-04-19,11.8268966675
2011-04-20,11.8696784973
2011-04-21,11.9369153976
2011-04-25,11.8268966675
2011-04-26,11.8330068588
2011-04-27,11.7779970169
2011-04-28,11.8085575104
2011-04-29,11.8330068588
2011-05-02,11.8635702133
2011-05-03,11.6924285889
2011-05-04,11.5946331024
2011-05-05,11.5396280289
2011-05-06,11.6313095093
2011-05-09,11.7107629776
2011-05-10,11.8268966675
2011-05-11,11.6068601608
2011-05-12,11.6802015305
2011-05-13,11.661866188
2011-05-16,11.6190862656
2011-05-17,11.6129713058
2011-05-18,11.7168779373
2011-05-19,11.7963314056
2011-05-20,11.6802015305
2011-05-23,11.4601707458
2011-05-24,11.4662828445
2011-05-25,11.5151748657
2011-05-26,11.5335149765
2011-05-27,11.5946331024
2011-05-31,11.8880147934
2011-06-01,11.7535486221
2011-06-02,11.8330068588
2011-06-03,11.6496429443
2011-06-06,11.5518493652
2011-06-07,11.5640735626
2011-06-08,11.4723939896
2011-06-09,11.5640735626
2011-06-10,11.2951421738
2011-06-13,11.3073663712
2011-06-14,11.411272049
2011-06-15,11.2034597397
2011-06-16,11.1240034103
2011-06-17,11.1240034103
2011-06-20,10.9834260941
2011-06-21,11.111782074
2011-06-22,11.054186821
2011-06-23,11.0789585114
2011-06-24,11.1099224091
2011-06-27,11.2090082169
2011-06-28,11.2461662292
2011-06-29,11.30189991
2011-06-30,11.4691095352
2011-07-01,11.5681915283
2011-07-05,11.5681915283
2011-07-06,11.5062637329
2011-07-07,11.5619983673
2011-07-08,11.5186481476
2011-07-11,11.2771291733
2011-07-12,11.1842365265
2011-07-13,11.2461662292
2011-07-14,11.2028150558
2011-07-15,11.2028150558
2011-07-18,11.1470785141
2011-07-19,11.2523574829
2011-07-20,11.30189991
2011-07-21,11.4195642471
2011-07-22,11.4876832962
2011-07-25,11.4814910889
2011-07-26,11.5248422623
2011-07-27,11.4505243301
2011-07-28,11.5805778503
2011-07-29,11.6363124847
2011-08-01,11.7106266022
2011-08-02,11.5186481476
2011-08-03,11.4814910889
2011-08-04,11.0417995453
2011-08-05,10.7135810852
2011-08-08,10.1809978485
2011-08-09,10.5773363113
2011-08-10,10.0881090164
2011-08-11,10.4349040985
2011-08-12,10.4906396866
2011-08-15,10.7011957169
2011-08-16,10.6144933701
2011-08-17,10.6702318192
2011-08-18,10.4039392471
2011-08-19,10.2305383682
2011-08-22,10.2305383682
2011-08-23,10.558763504
2011-08-24,10.5897254944
2011-08-25,10.4720582962
2011-08-26,10.5277957916
2011-08-29,10.7259683609
2011-08-30,10.7569303513
2011-08-31,10.9303302765
2011-09-01,10.843629837
2011-09-02,10.583530426
2011-09-06,10.6206865311
2011-09-07,10.7878932953
2011-09-08,10.6021127701
2011-09-09,10.3482046127
2011-09-12,10.267698288
2011-09-13,10.3110456467
2011-09-14,10.1748075485
2011-09-15,10.317240715
2011-09-16,10.2924690247
2011-09-19,10.0014057159
2011-09-20,9.9642496109
2011-09-21,9.6422243118
2011-09-22,9.2582683563
2011-09-23,9.4750175476
2011-09-26,9.4254741669
2011-09-27,9.6298379898
2011-09-28,9.2087259293
2011-09-29,9.3140048981
2011-09-30,8.8743114471
2011-10-03,8.6266012192
2011-10-04,8.5832509995
2011-10-05,8.8371543884
2011-10-06,9.0910615921
2011-10-07,9.2211122513
2011-10-10,9.5926809311
2011-10-11,9.6360330582
2011-10-12,9.9023237228
2011-10-13,9.8342027664
2011-10-14,9.9394769669
2011-10-17,9.6793804169
2011-10-18,9.6731882095
2011-10-19,9.5369434357
2011-10-20,9.4502458572
2011-10-21,9.7289228439
2011-10-24,9.9704437256
2011-10-25,9.797044754
2011-10-26,9.9766359329
2011-10-27,10.3853616714
2011-10-28,10.4410982132
2011-10-31,10.02617836
2011-11-01,10.1252641678
2011-11-02,10.3729734421
2011-11-03,10.3667850494
2011-11-04,10.2057704926
2011-11-07,10.3729734421
2011-11-08,10.4472913742
2011-11-09,9.8961286545
2011-11-10,9.9580554962
2011-11-11,10.0014057159
2011-11-14,9.8837423325
2011-11-15,9.9766359329
2011-11-16,9.6855726242
2011-11-17,9.518368721
2011-11-18,9.5802927017
2011-11-21,9.3449668884
2011-11-22,9.4254741669
2011-11-23,9.295425415
2011-11-25,9.295425415
2011-11-28,9.5493297577
2011-11-29,9.5121746063
2011-11-30,9.9023237228
2011-12-01,9.8837423325
2011-12-02,9.778465271
2011-12-05,9.8961286545
2011-12-06,9.790851593
2011-12-07,9.8280096054
2011-12-08,9.6422243118
2011-12-09,9.7413072586
2011-12-12,9.4874010086
2011-12-13,9.4626321793
2011-12-14,9.4192819595
2011-12-15,9.3511600494
2011-12-16,9.4502458572
2011-12-19,9.295425415
2011-12-20,9.6112031937
2011-12-21,9.554816246
2011-12-22,9.6550617218
2011-12-23,9.6926527023
2011-12-27,9.6425333023
2011-12-28,9.58614254
2011-12-29,9.6675949097
2011-12-30,9.6926527023
2012-01-03,9.9119462967
2012-01-04,9.8492927551
2012-01-05,9.8430261612
2012-01-06,9.7427787781
2012-01-09,9.774107933
2012-01-10,9.9056806564
2012-01-11,9.8743562698
2012-01-12,9.9307422638
2012-01-13,9.8555555344
2012-01-17,10.0059289932
2012-01-18,10.1688289642
2012-01-19,10.4069166183
2012-01-20,10.5259590149
2012-01-23,10.5760831833
2012-01-24,10.6324739456
2012-01-25,10.6825990677
2012-01-26,10.6825990677
2012-01-27,10.7264566422
2012-01-30,10.5698194504
2012-01-31,10.5886154175
2012-02-01,10.6575345993
2012-02-02,10.6575345993
2012-02-03,10.789106369
2012-02-06,10.7264566422
2012-02-07,10.7076568604
2012-02-08,10.8705596924
2012-02-09,10.876824379
2012-02-10,10.7765798569
2012-02-13,10.8329687119
2012-02-14,10.9457464218
2012-02-15,11.1086473465
2012-02-16,11.2151575089
2012-02-17,11.2527503967
2012-02-21,11.2527503967
2012-02-22,11.259016037
2012-02-23,11.2151575089
2012-02-24,11.2840795517
2012-02-27,11.2527503967
2012-02-28,11.3968601227
2012-02-29,11.4344511032
2012-03-01,11.4657773972
2012-03-02,11.4219179153
2012-03-05,11.2715492249
2012-03-06,10.9394798279
2012-03-07,11.0334644318
2012-03-08,11.1900959015
2012-03-09,11.1900959015
2012-03-12,11.1838331223
2012-03-13,11.4532461166
2012-03-14,11.340470314
2012-03-15,11.3592615128
2012-03-16,11.3905944824
2012-03-19,11.315407753
2012-03-20,11.152504921
2012-03-21,11.0835866928
2012-03-22,11.01466465
2012-03-23,10.9896059036
2012-03-26,11.1838331223
2012-03-27,11.227689743
2012-03-28,11.121178627
2012-03-29,10.8893537521
2012-03-30,10.9332151413
2012-04-02,11.039730072
2012-04-03,11.039730072
2012-04-04,10.9018859863
2012-04-05,11.0021333694
2012-04-09,10.8893537521
2012-04-10,10.7013893127
2012-04-11,10.7452487946
2012-04-12,10.9896059036
2012-04-13,10.8893537521
2012-04-16,10.8642940521
2012-04-17,10.9645433426
2012-04-18,11.0021333694
2012-04-19,11.0083990097
2012-04-20,11.0459928513
2012-04-23,10.8642940521
2012-04-24,10.9018859863
2012-04-25,10.9708061218
2012-04-26,11.01466465
2012-04-27,10.9708061218
2012-04-30,10.9958686829
2012-05-01,11.0898523331
2012-05-02,11.1587705612
2012-05-03,11.121178627
2012-05-04,10.9958686829
2012-05-07,10.9018859863
2012-05-08,10.8079061508
2012-05-09,10.6763334274
2012-05-10,10.5886154175
2012-05-11,10.5259590149
2012-05-14,10.325466156
2012-05-15,10.3066711426
2012-05-16,10.1500329971
2012-05-17,9.9745988846
2012-05-18,9.9558057785
2012-05-21,10.1813573837
2012-05-22,10.0873794556
2012-05-23,9.9808673859
2012-05-24,9.9056806564
2012-05-25,9.8806200027
2012-05-29,10.1437673569
2012-05-30,9.9871292114
2012-05-31,9.9745988846
2012-06-01,9.780371666
2012-06-04,9.7615776062
2012-06-05,9.8492927551
2012-06-06,10.0685825348
2012-06-07,10.1688289642
2012-06-08,9.9871292114
2012-06-11,9.9933977127
2012-06-12,10.2064247131
2012-06-13,10.1312360764
2012-06-14,10.1312360764
2012-06-15,10.2565450668
2012-06-18,10.2878732681
2012-06-19,10.3943853378
2012-06-20,10.4069166183
2012-06-21,10.1319904327
2012-06-22,10.2088918686
2012-06-25,10.0679035187
2012-06-26,10.1319904327
2012-06-27,10.2665700912
2012-06-28,10.2281188965
2012-06-29,10.5100946426
2012-07-02,10.5421390533
2012-07-03,10.6831274033
2012-07-05,10.7151670456
2012-07-06,10.6831274033
2012-07-09,10.6318559647
2012-07-10,10.5293226242
2012-07-11,10.6382665634
2012-07-12,10.4780511856
2012-07-13,10.5869951248
2012-07-16,10.5421390533
2012-07-17,10.7343950272
2012-07-18,10.7087602615
2012-07-19,10.7728471756
2012-07-20,10.6574935913
2012-07-23,10.4716444016
2012-07-24,10.4652357101
2012-07-25,10.4267845154
2012-07-26,10.5229120255
2012-07-27,10.7151670456
2012-07-30,10.7472133636
2012-07-31,10.7343950272
2012-08-01,10.7279872894
2012-08-02,10.6895341873
2012-08-03,10.8817920685
2012-08-06,10.926653862
2012-08-07,11.0099658966
2012-08-08,11.0163736343
2012-08-09,11.0740537643
2012-08-10,10.9715137482
2012-08-13,10.9458789825
2012-08-14,10.9907388687
2012-08-15,10.9715137482
2012-08-16,10.9651041031
2012-08-17,11.0163736343
2012-08-20,11.0484161377
2012-08-21,11.0227823257
2012-08-22,10.9458789825
2012-08-23,10.9330625534
2012-08-24,10.9522886276
2012-08-27,10.9138374329
2012-08-28,10.9522886276
2012-08-29,10.9522886276
2012-08-30,10.7664384842
2012-08-31,10.8882007599
2012-09-04,10.7728471756
2012-09-05,10.7151670456
2012-09-06,10.8753833771
2012-09-07,11.1445455551
2012-09-10,11.1253204346
2012-09-11,11.2342662811
2012-09-12,11.33680439
2012-09-13,11.5034275055
2012-09-14,11.6764593124
2012-09-17,11.6123723984
2012-09-18,11.6572322845
2012-09-19,11.7149095535
2012-09-20,11.6059675217
2012-09-21,11.5675106049
2012-09-24,11.6123723984
2012-09-25,11.4713840485
2012-09-26,11.4521579742
2012-09-27,11.6700515747
2012-09-28,11.6636419296
2012-10-01,11.7533607483
2012-10-02,11.7405443192
2012-10-03,11.785405159
2012-10-04,11.7918148041
2012-10-05,11.8238582611
2012-10-08,11.7469501495
2012-10-09,11.7020921707
2012-10-10,11.6700515747
2012-10-11,11.6315994263
2012-10-12,11.5867404938
2012-10-15,11.6764593124
2012-10-16,11.8302640915
2012-10-17,11.8751277924
2012-10-18,11.8494901657
2012-10-19,11.6828680038
2012-10-22,11.843079567
2012-10-23,11.7533607483
2012-10-24,11.996887207
2012-10-25,12.112241745
2012-10-26,11.9392137527
2012-10-31,11.8558969498
2012-11-01,12.112241745
2012-11-02,12.0866098404
2012-11-05,12.1763315201
2012-11-06,12.3109111786
2012-11-07,12.054567337
2012-11-08,11.8687143326
2012-11-09,11.8751277924
2012-11-12,11.9584369659
2012-11-13,11.8558969498
2012-11-14,11.7725887299
2012-11-15,11.8110370636
2012-11-16,11.8238582611
2012-11-19,12.0161190033
2012-11-20,11.9520254135
2012-11-21,12.0353422165
2012-11-23,12.2788696289
2012-11-26,12.2660503387
2012-11-27,12.1827383041
2012-11-28,12.2532320023
2012-11-29,12.2788696289
2012-11-30,12.2468214035
2012-12-03,12.1635131836
2012-12-04,12.1058330536
2012-12-05,12.291686058
2012-12-06,12.3365440369
2012-12-07,12.3557729721
2012-12-10,12.3429555893
2012-12-11,12.3942222595
2012-12-12,12.4070396423
2012-12-13,12.3237285614
2012-12-14,12.439084053
2012-12-17,12.3942222595
2012-12-18,12.38260746
2012-12-19,12.3503437042
2012-12-20,12.4342279434
2012-12-21,12.3438882828
2012-12-24,12.3438882828
2012-12-26,12.3955106735
2012-12-27,12.4084177017
2012-12-28,12.38260746
2012-12-31,12.5310201645
2013-01-02,12.8213891983
2013-01-03,12.6407108307
2013-01-04,12.7245960236
2013-01-07,12.7504072189
2013-01-08,12.6794271469
2013-01-09,12.8471975327
2013-01-10,12.9310808182
2013-01-11,12.8601007462
2013-01-14,12.8407430649
2013-01-15,12.8471975327
2013-01-16,12.892364502
2013-01-17,12.9568901062
2013-01-18,12.9827022552
2013-01-22,13.014966011
2013-01-23,12.9956073761
2013-01-24,13.0923986435
2013-01-25,13.105301857
2013-01-28,13.0278720856
2013-01-29,13.1311130524
2013-01-30,13.1246623993
2013-01-31,13.0923986435
2013-02-01,13.1182088852
2013-02-04,12.8988208771
2013-02-05,12.8601007462
2013-02-06,12.9246273041
2013-02-07,12.8407430649
2013-02-08,12.9827022552
2013-02-11,13.014966011
2013-02-12,13.0407752991
2013-02-13,13.0601320267
2013-02-14,13.0343227386
2013-02-15,13.0472297668
2013-02-19,13.0020608902
2013-02-20,12.9181756973
2013-02-21,12.7697658539
2013-02-22,12.660071373
2013-02-25,12.6407108307
2013-02-26,12.6665239334
2013-02-27,12.9117240906
2013-02-28,12.9827022552
2013-03-01,12.9827022552
2013-03-04,12.8536472321
2013-03-05,12.8794593811
2013-03-06,12.8988208771
2013-03-07,12.9891529083
2013-03-08,13.0923986435
2013-03-11,13.0665845871
2013-03-12,12.9439878464
2013-03-13,12.8020267487
2013-03-14,12.7955760956
2013-03-15,12.6342582703
2013-03-18,12.4793968201
2013-03-19,12.4664897919
2013-03-20,12.5890922546
2013-03-21,12.5439214706
2013-03-22,12.6084508896
2013-03-25,12.5116586685
2013-03-26,12.7181425095
2013-03-27,12.7568616867
2013-03-28,12.8020267487
2013-04-01,12.6858816147
2013-04-02,12.892364502
2013-04-03,12.7762136459
2013-04-04,12.7955760956
2013-04-05,12.5568304062
2013-04-08,12.5374708176
2013-04-09,12.5568304062
2013-04-10,12.731051445
2013-04-11,12.731051445
2013-04-12,12.7181425095
2013-04-15,12.453584671
2013-04-16,12.5761861801
2013-04-17,12.4923019409
2013-04-18,12.498755455
2013-04-19,12.7375020981
2013-04-22,12.8407430649
2013-04-23,12.8149337769
2013-04-24,12.9246273041
2013-04-25,13.105301857
2013-04-26,13.0794897079
2013-04-29,13.1569213867
2013-04-30,13.2020902634
2013-05-01,13.0601320267
2013-05-02,13.105301857
2013-05-03,13.2214460373
2013-05-06,13.2859764099
2013-05-07,13.4021224976
2013-05-08,13.4150285721
2013-05-09,13.3440485001
2013-05-10,13.4085760117
2013-05-13,13.311788559
2013-05-14,13.2988786697
2013-05-15,13.3698577881
2013-05-16,13.3246889114
2013-05-17,13.4214792252
2013-05-20,13.5440816879
2013-05-21,13.5505361557
2013-05-22,13.4085760117
2013-05-23,13.1633768082
2013-05-24,13.0730371475
2013-05-28,13.2214460373
2013-05-29,12.963344574
2013-05-30,12.8536472321
2013-05-31,12.7116909027
2013-06-03,12.8407430649
2013-06-04,12.7697658539
2013-06-05,12.38260746
2013-06-06,12.4277763367
2013-06-07,12.3890628815
2013-06-10,12.2922716141
2013-06-11,12.1051435471
2013-06-12,12.124502182
2013-06-13,12.3438882828
2013-06-14,12.2148399353
2013-06-17,12.453584671
2013-06-18,12.5761861801
2013-06-19,12.3180799484
2013-06-20,11.795416832
2013-06-21,11.8147754669
2013-06-24,11.6340999603
2013-06-25,11.8470420837
2013-06-26,12.0341615677
2013-06-27,12.0916185379
2013-06-28,12.1048240662
2013-07-01,12.0718069077
2013-07-02,12.0850124359
2013-07-03,11.9859580994
2013-07-05,12.0585985184
2013-07-08,12.0189762115
2013-07-09,12.1642570496
2013-07-10,12.1906757355
2013-07-11,12.6067180634
2013-07-12,12.4284133911
2013-07-15,12.4284133911
2013-07-16,12.4350166321
2013-07-17,12.3755836487
2013-07-18,12.3293561935
2013-07-19,12.3623723984
2013-07-22,12.4680337906
2013-07-23,12.6529445648
2013-07-24,12.69917202
2013-07-25,12.7189826965
2013-07-26,12.7255868912
2013-07-29,12.6397323608
2013-07-30,12.6727542877
2013-07-31,12.6397323608
2013-08-01,12.8906822205
2013-08-02,12.9633245468
2013-08-05,12.8840789795
2013-08-06,12.7255868912
2013-08-07,12.5538854599
2013-08-08,12.7453966141
2013-08-09,12.7189826965
2013-08-12,12.9038915634
2013-08-13,13.0359649658
2013-08-14,13.0425682068
2013-08-15,12.8906822205
2013-08-16,12.8972873688
2013-08-19,12.7652072906
2013-08-20,12.6001138687
2013-08-21,12.3755836487
2013-08-22,12.5274715424
2013-08-23,12.5142612457
2013-08-26,12.4614343643
2013-08-27,12.309545517
2013-08-28,12.2831315994
2013-08-29,12.3491668701
2013-08-30,12.4218082428
2013-09-03,12.7123765945
2013-09-04,12.8114366531
2013-09-05,12.923699379
2013-09-06,12.9435129166
2013-09-09,13.0425682068
2013-09-10,13.0293645859
2013-09-11,13.0491762161
2013-09-12,12.8774738312
2013-09-13,12.9567193985
2013-09-16,13.1086082458
2013-09-17,13.1020040512
2013-09-18,13.4586114883
2013-09-19,13.5246486664
2013-09-20,13.3925714493
2013-09-23,13.4057817459
2013-09-24,13.3199310303
2013-09-25,13.2803077698
2013-09-26,13.3265342712
2013-09-27,13.3595542908
2013-09-30,13.2274742126
2013-10-01,13.3595542908
2013-10-02,13.4388017654
2013-10-03,13.3925714493
2013-10-04,13.4850292206
2013-10-07,13.3067235947
2013-10-08,13.2869119644
2013-10-09,13.3001174927
2013-10-10,13.4916315079
2013-10-11,13.5642738342
2013-10-14,13.5972919464
2013-10-15,13.4784212112
2013-10-16,13.5180463791
2013-10-17,13.5048389435
2013-10-18,13.6897420883
2013-10-21,13.6897420883
2013-10-22,13.6501226425
2013-10-23,13.4982357025
2013-10-24,13.3925714493
2013-10-25,13.4123840332
2013-10-28,13.3595542908
2013-10-29,13.3463468552
2013-10-30,13.4652147293
2013-10-31,13.4454059601
2013-11-01,13.5642738342
2013-11-04,13.5378580093
2013-11-05,13.3265342712
2013-11-06,13.3595542908
2013-11-07,13.1614379883
2013-11-08,13.2274742126
2013-11-11,13.2869119644
2013-11-12,13.1680393219
2013-11-13,13.1746463776
2013-11-14,13.2208719254
2013-11-15,13.45200634
2013-11-18,13.6897420883
2013-11-19,13.5642738342
2013-11-20,13.5246486664
2013-11-21,13.5906887054
2013-11-22,13.6303110123
2013-11-25,13.4850292206
2013-11-26,13.5906887054
2013-11-27,13.7293701172
2013-11-29,13.702958107
2013-12-02,13.6237096786
2013-12-03,13.6567287445
2013-12-04,13.6435194016
2013-12-05,13.5906887054
2013-12-06,13.6831417084
2013-12-09,13.6435194016
2013-12-10,13.6237096786
2013-12-11,13.3331422806
2013-12-12,13.3661584854
2013-12-13,13.4454059601
2013-12-16,13.4718208313
2013-12-17,13.45200634
2013-12-18,13.6237201691
2013-12-19,13.3774642944
2013-12-20,13.3774642944
2013-12-23,13.450676918
2013-12-24,13.6104078293
2013-12-26,13.5372018814
2013-12-27,13.6064977646
2013-12-30,13.6398115158
2013-12-31,13.7264347076
2014-01-02,13.5798444748
2014-01-03,13.3932695389
2014-01-06,13.4132604599
2014-01-07,13.5198726654
2014-01-08,13.593170166
2014-01-09,13.5132064819
2014-01-10,13.6198196411
2014-01-13,13.4199256897
2014-01-14,13.5798444748
2014-01-15,13.5132064819
2014-01-16,13.5265369415
2014-01-17,13.7331018448
2014-01-21,13.6331424713
2014-01-22,13.5998344421
2014-01-23,13.2466745377
2014-01-24,12.9668169022
2014-01-27,12.920173645
2014-01-28,12.9601554871
2014-01-29,12.7269392014
2014-01-30,12.7802448273
2014-01-31,12.7402648926
2014-02-03,12.5203752518
2014-02-04,12.7069473267
2014-02-05,12.5070476532
2014-02-06,12.7336025238
2014-02-07,12.7802448273
2014-02-10,12.6603097916
2014-02-11,12.9734792709
2014-02-12,13.1267366409
2014-02-13,13.1400632858
2014-02-14,13.1800451279
2014-02-18,13.186709404
2014-02-19,13.1800451279
2014-02-20,13.1800451279
2014-02-21,13.2333488464
2014-02-24,13.1733856201
2014-02-25,13.1667156219
2014-02-26,13.2066965103
2014-02-27,13.4132604599
2014-02-28,13.4465770721
2014-03-03,13.3333005905
2014-03-04,13.4932184219
2014-03-05,13.4665679932
2014-03-06,13.5398674011
2014-03-07,13.3532924652
2014-03-10,13.2733278275
2014-03-11,13.2200231552
2014-03-12,13.1667156219
2014-03-13,12.9135093689
2014-03-14,12.8468799591
2014-03-17,12.9668169022
2014-03-18,13.0467767715
2014-03-19,12.9335012436
2014-03-20,12.7735805511
2014-03-21,12.900182724
2014-03-24,12.8868608475
2014-03-25,13.033452034
2014-03-26,12.9868040085
2014-03-27,13.0001325607
2014-03-28,13.1600551605
2014-03-31,13.1800451279
2014-04-01,13.4932184219
2014-04-02,13.6464767456
2014-04-03,13.6598033905
2014-04-04,13.6331424713
2014-04-07,13.5398674011
2014-04-08,13.6198196411
2014-04-09,13.7664136887
2014-04-10,13.9196681976
2014-04-11,14.0129594803
2014-04-14,14.1395616531
2014-04-15,13.8730306625
2014-04-16,13.9396629333
2014-04-17,13.9796419144
2014-04-21,13.9329977036
2014-04-22,13.859703064
2014-04-23,13.7864055634
2014-04-24,13.7464227676
2014-04-25,13.5731801987
2014-04-28,13.593170166
2014-04-29,13.7664136887
2014-04-30,13.5132064819
2014-05-01,13.5598526001
2014-05-02,13.6664686203
2014-05-05,13.4998826981
2014-05-06,13.4798946381
2014-05-07,13.4199256897
2014-05-08,13.2400121689
2014-05-09,13.3666133881
2014-05-12,13.6797895432
2014-05-13,13.7131099701
2014-05-14,13.7131099701
2014-05-15,13.7131099701
2014-05-16,13.8663682938
2014-05-19,13.859703064
2014-05-20,13.8397130966
2014-05-21,13.9529876709
2014-05-22,13.9663143158
2014-05-23,14.0262823105
2014-05-27,14.0262823105
2014-05-28,14.0262823105
2014-05-29,14.1062459946
2014-05-30,14.1462202072
2014-06-02,14.226184845
2014-06-03,14.2928180695
2014-06-04,14.226184845
2014-06-05,14.2728271484
2014-06-06,14.1062459946
2014-06-09,14.2128591537
2014-06-10,14.1728801727
2014-06-11,14.1062459946
2014-06-12,14.0596008301
2014-06-13,14.186205864
2014-06-16,14.1462202072
2014-06-17,14.0995779037
2014-06-18,14.1129112244
2014-06-19,14.1195716858
2014-06-20,14.0995779037
2014-06-23,13.9329977036
2014-06-24,13.9329977036
2014-06-25,14.0889320374
2014-06-26,14.23939991
2014-06-27,14.3283119202
2014-06-30,14.2804298401
2014-07-01,14.3214693069
2014-07-02,14.5608463287
2014-07-03,14.5745229721
2014-07-07,14.5540037155
2014-07-08,14.465092659
2014-07-09,14.3761873245
2014-07-10,14.3830251694
2014-07-11,14.4240598679
2014-07-14,14.417219162
2014-07-15,14.417219162
2014-07-16,14.5198049545
2014-07-17,14.3351478577
2014-07-18,14.4514160156
2014-07-21,14.4924535751
2014-07-22,14.6702737808
2014-07-23,14.7386665344
2014-07-24,14.8002176285
2014-07-25,14.8070573807
2014-07-28,14.8754520416
2014-07-29,15.0259199142
2014-07-30,15.0737915039
2014-07-31,15.0464363098
2014-08-01,15.0327539444
2014-08-04,15.0806283951
2014-08-05,14.8549337387
2014-08-06,14.8686113358
2014-08-07,14.8002176285
2014-08-08,14.9028100967
2014-08-11,15.0259199142
2014-08-12,14.9917221069
2014-08-13,15.1148271561
2014-08-14,15.1490259171
2014-08-15,15.0669498444
2014-08-18,15.1148271561
2014-08-19,15.3542003632
2014-08-20,15.5046634674
2014-08-21,15.2994861603
2014-08-22,15.3200073242
2014-08-25,15.4089174271
2014-08-26,15.3542003632
2014-08-27,15.2447767258
2014-08-28,15.0532751083
2014-08-29,14.9370031357
2014-09-02,14.9917221069
2014-09-03,15.3336868286
2014-09-04,15.2516136169
2014-09-05,15.2789707184
2014-09-08,15.1421842575
2014-09-09,15.0669498444
2014-09-10,15.0122385025
2014-09-11,15.0122385025
2014-09-12,14.923324585
2014-09-15,14.7523441315
2014-09-16,14.8275785446
2014-09-17,14.6771125793
2014-09-18,14.6224012375
2014-09-19,14.6087226868
2014-09-22,14.4582576752
2014-09-23,14.4103794098
2014-09-24,14.5061283112
2014-09-25,14.2667551041
2014-09-26,14.417219162
2014-09-29,13.876914978
2014-09-30,13.9042749405
2014-10-01,13.7196083069
2014-10-02,13.7127723694
2014-10-03,13.9589891434
2014-10-06,14.2599143982
2014-10-07,14.2188816071
2014-10-08,14.3351478577
2014-10-09,14.300951004
2014-10-10,14.0820970535
2014-10-13,14.2599143982
2014-10-14,14.2804298401
2014-10-15,14.287270546
2014-10-16,14.2257232666
2014-10-17,14.3967008591
2014-10-20,14.3283119202
2014-10-21,14.417219162
2014-10-22,14.4445762634
2014-10-23,14.533490181
2014-10-24,14.533490181
2014-10-27,14.3556671143
2014-10-28,14.595044136
2014-10-29,14.6155605316
2014-10-30,14.6224012375
2014-10-31,14.7797021866
2014-11-03,14.7044677734
2014-11-04,14.6565971375
2014-11-05,14.595044136
2014-11-06,14.5676851273
2014-11-07,14.5266466141
2014-11-10,14.6771125793
2014-11-11,14.7523441315
2014-11-12,14.8207378387
2014-11-13,15.0122385025
2014-11-14,15.2379379272
2014-11-17,14.9780416489
2014-11-18,14.7318296432
2014-11-19,14.6839475632
2014-11-20,14.5882024765
2014-11-21,14.8822917938
2014-11-24,14.8822917938
2014-11-25,14.8549337387
2014-11-26,15.0601129532
2014-11-28,14.8275785446
2014-12-01,14.4514160156
2014-12-02,14.6497545242
2014-12-03,14.533490181
2014-12-04,14.5061283112
2014-12-05,14.6976289749
2014-12-08,14.4035387039
2014-12-09,14.3077917099
2014-12-10,14.2325620651
2014-12-11,14.23939991
2014-12-12,14.1778459549
2014-12-15,14.0068635941
2014-12-16,13.8700752258
2014-12-17,13.8804283142
2014-12-18,13.9632587433
2014-12-19,14.0667943954
2014-12-22,14.0667943954
2014-12-23,14.0529870987
2014-12-24,14.1634254456
2014-12-26,14.3152742386
2014-12-29,14.329079628
2014-12-30,14.1703233719
2014-12-31,14.1772260666
2015-01-02,14.1634254456
2015-01-05,14.0598907471
2015-01-06,13.8459148407
2015-01-07,14.1082029343
2015-01-08,14.1634254456
2015-01-09,14.2117414474
2015-01-12,14.34288311
2015-01-13,14.5982627869
2015-01-14,14.5223407745
2015-01-15,14.6327781677
2015-01-16,14.6741905212
2015-01-20,14.5292415619
2015-01-21,14.6603832245
2015-01-22,14.8053321838
2015-01-23,14.8812589645
2015-01-26,14.984787941
2015-01-27,15.0538110733
2015-01-28,15.0262050629
2015-01-29,15.1435441971
2015-01-30,14.9571819305
2015-02-02,15.1573476791
2015-02-03,15.0745172501
2015-02-04,15.067615509
2015-02-05,15.0193023682
2015-02-06,14.9985942841
2015-02-09,14.9433755875
2015-02-10,15.0538110733
2015-02-11,15.0193023682
2015-02-12,14.9640855789
2015-02-13,15.0331077576
2015-02-17,15.0745172501
2015-02-18,15.1021280289
2015-02-19,15.0469093323
2015-02-20,15.0883235931
2015-02-23,15.0054960251
2015-02-24,15.0538110733
2015-02-25,14.984787941
2015-02-26,15.0054960251
2015-02-27,14.984787941
2015-03-02,15.1021280289
2015-03-03,15.1159343719
2015-03-04,15.0331077576
2015-03-05,14.8467435837
2015-03-06,14.7915296555
2015-03-09,14.7708187103
2015-03-10,14.5154399872
2015-03-11,14.5499486923
2015-03-12,14.5844602585
2015-03-13,14.474023819
2015-03-16,14.5844602585
2015-03-17,14.4947338104
2015-03-18,14.6189727783
2015-03-19,14.8191318512
2015-03-20,14.8053321838
2015-03-23,14.757019043
2015-03-24,14.8674554825
2015-03-25,14.9364728928
2015-03-26,14.9709863663
2015-03-27,15.0952291489
2015-03-30,15.2470769882
2015-03-31,15.1366415024
2015-04-01,15.3575124741
2015-04-02,15.3161001205
2015-04-06,15.4265346527
2015-04-07,15.4748535156
2015-04-08,15.9856157303
2015-04-09,16.8138885498
2015-04-10,16.6068191528
2015-04-13,16.5861110687
2015-04-14,16.5999221802
2015-04-15,16.4135608673
2015-04-16,16.3721427917
2015-04-17,16.1029586792
2015-04-20,16.1236610413
2015-04-21,16.3100204468
2015-04-22,16.3376331329
2015-04-23,16.3721427917
2015-04-24,16.510187149
2015-04-27,16.5516052246
2015-04-28,16.5792121887
2015-04-29,16.5032844543
2015-04-30,16.4204597473
2015-05-01,16.5792121887
2015-05-04,16.779378891
2015-05-05,16.4618701935
2015-05-06,16.2686061859
2015-05-07,16.2617092133
2015-05-08,16.4687767029
2015-05-11,16.3238220215
2015-05-12,16.28241539
2015-05-13,16.1857833862
2015-05-14,16.2962188721
2015-05-15,16.7103557587
2015-05-18,16.5930137634
2015-05-19,16.6068191528
2015-05-20,16.5239944458
2015-05-21,16.6275272369
2015-05-22,16.9243240356
2015-05-26,16.9036197662
2015-05-27,16.7862815857
2015-05-28,16.4894809723
2015-05-29,16.3445358276
2015-06-01,16.3445358276
2015-06-02,16.3721427917
2015-06-03,16.6758441925
2015-06-04,16.5447006226
2015-06-05,16.4135608673
2015-06-08,16.2271995544
2015-06-09,16.0615444183
2015-06-10,15.999420166
2015-06-11,16.0960540771
2015-06-12,16.2202949524
2015-06-15,15.978717804
2015-06-16,15.999420166
2015-06-17,16.0960540771
2015-06-18,16.2202949524
2015-06-19,16.3307304382
2015-06-22,16.4480667114
2015-06-23,16.5032844543
2015-06-24,16.3238220215
2015-06-25,16.2860679626
2015-06-26,16.0972633362
2015-06-29,15.6147623062
2015-06-30,15.7755937576
2015-07-01,15.7965764999
2015-07-02,16.027338028
2015-07-06,15.4049816132
2015-07-07,15.2161798477
2015-07-08,14.4190073013
2015-07-09,15.0413589478
2015-07-10,15.3979902267
2015-07-13,15.6357421875
2015-07-14,15.649728775
2015-07-15,15.5518321991
2015-07-16,15.6916828156
2015-07-17,15.852514267
2015-07-20,15.8175563812
2015-07-21,15.7546205521
2015-07-22,15.649728775
2015-07-23,15.7196559906
2015-07-24,15.6007804871
2015-07-27,15.1812124252
2015-07-28,15.4469394684
2015-07-29,15.6007804871
2015-07-30,15.4609270096
2015-07-31,15.5448379517
2015-08-03,15.2861051559
2015-08-04,15.3909988403
2015-08-05,15.4539318085
2015-08-06,15.2931013107
2015-08-07,15.3909988403
2015-08-10,15.5308532715
2015-08-11,15.3210716248
2015-08-12,14.8875226974
2015-08-13,14.8945150375
2015-08-14,15.0133857727
2015-08-17,14.8945150375
2015-08-18,14.6078090668
2015-08-19,14.3071184158
2015-08-20,13.9295158386
2015-08-21,13.6078500748
2015-08-24,12.7687225342
2015-08-25,13.2372369766
2015-08-26,13.4540090561
2015-08-27,13.7826681137
2015-08-28,13.6218357086
2015-08-31,13.4819850922
2015-09-01,13.0903902054
2015-09-02,13.1533241272
2015-09-03,13.2232542038
2015-09-04,13.006477356
2015-09-08,13.7127428055
2015-09-09,13.8036489487
2015-09-10,13.7337245941
2015-09-11,13.7477083206
2015-09-14,13.6987571716
2015-09-15,13.7197370529
2015-09-16,14.0553865433
2015-09-17,13.7896623611
2015-09-18,13.7896623611
2015-09-21,13.8875598907
2015-09-22,13.7407150269
2015-09-23,13.6148424149
2015-09-24,13.4540090561
2015-09-25,13.4470157623
2015-09-28,13.2372369766
2015-09-29,13.1393375397
2015-09-30,13.3700990677
2015-10-01,13.4330348969
2015-10-02,13.824631691
2015-10-05,14.0064373016
2015-10-06,13.824631691
2015-10-07,14.0204210281
2015-10-08,14.2022342682
2015-10-09,14.1043348312
2015-10-12,14.0833597183
2015-10-13,13.9924526215
2015-10-14,14.0553865433
2015-10-15,14.4819412231
2015-10-16,14.6148042679
2015-10-19,14.4259977341
2015-10-20,14.4120178223
2015-10-21,14.2791547775
2015-10-22,14.5938243866
2015-10-23,14.8455600739
2015-10-26,14.6078090668
2015-10-27,14.5588645935
2015-10-28,14.544880867
2015-10-29,14.4819412231
2015-10-30,14.3420915604
2015-11-02,14.3211097717
2015-11-03,14.4120178223
2015-11-04,14.5798387527
2015-11-05,14.5169086456
2015-11-06,14.4259977341
2015-11-09,14.2511854172
2015-11-10,14.1043348312
2015-11-11,14.1462936401
2015-11-12,14.3071184158
2015-11-13,14.0833597183
2015-11-16,14.1812543869
2015-11-17,14.1882476807
2015-11-18,14.2022342682
2015-11-19,14.2651691437
2015-11-20,14.4539699554
2015-11-23,14.3770523071
2015-11-24,14.3350963593
2015-11-25,14.2791547775
2015-11-27,13.9854593277
2015-11-30,14.0483932495
2015-12-01,14.2302055359
2015-12-02,14.1952409744
2015-12-03,14.1043348312
2015-12-04,14.2791547775
2015-12-07,14.1742620468
2015-12-08,13.9644813538
2015-12-09,13.9155292511
2015-12-10,13.8805685043
2015-12-11,13.6428136826
2015-12-14,13.6987571716
2015-12-15,13.7616882324
2015-12-16,13.9295158386
2015-12-17,13.8456039429
2015-12-18,13.8805685043
2015-12-21,13.9045991898
2015-12-22,14.0106363297
2015-12-23,14.1590843201
2015-12-24,14.1590843201
2015-12-28,14.0177049637
2015-12-29,14.1166715622
2015-12-30,14.0742588043
2015-12-31,14.0106363297
2016-01-04,13.7066726685
2016-01-05,13.7561559677
2016-01-06,13.5087442398
2016-01-07,13.2471904755
2016-01-08,13.0280532837
2016-01-11,12.9573659897
2016-01-12,12.9644327164
2016-01-13,12.8866767883
2016-01-14,12.9715003967
2016-01-15,12.5473680496
2016-01-19,12.6109867096
2016-01-20,12.1939210892
2016-01-21,12.1797838211
2016-01-22,12.4271936417
2016-01-25,12.2646102905
2016-01-26,12.4201250076
2016-01-27,12.2928829193
2016-01-28,12.3847818375
2016-01-29,12.7028837204
2016-02-01,12.5968475342
2016-02-02,12.3494338989
2016-02-03,12.356505394
2016-02-04,12.2646102905
2016-02-05,12.222196579
2016-02-08,12.031334877
2016-02-09,11.9253005981
2016-02-10,12.0030574799
2016-02-11,12.0030574799
2016-02-12,12.2575416565
2016-02-16,12.3847818375
2016-02-17,12.5756454468
2016-02-18,12.5120229721
2016-02-19,12.5897817612
2016-02-22,12.9361572266
2016-02-23,12.7523670197
2016-02-24,12.7311601639
2016-02-25,12.7170200348
2016-02-26,12.8089189529
2016-02-29,12.7877092361
2016-03-01,13.0280532837
2016-03-02,13.2754678726
2016-03-03,13.2966756821
2016-03-04,13.5158119202
2016-03-07,13.3178815842
2016-03-08,13.1482248306
2016-03-09,13.218914032
2016-03-10,13.1977100372
2016-03-11,13.4804649353
2016-03-14,13.4663295746
2016-03-15,13.4946041107
2016-03-16,13.6501207352
2016-03-17,13.6783981323
2016-03-18,13.7702913284
2016-03-21,13.8339147568
2016-03-22,13.8197793961
2016-03-23,13.6642580032
2016-03-24,13.5723628998
2016-03-28,13.6289157867
2016-03-29,13.7985696793
2016-03-30,14.0459814072
2016-03-31,13.9752941132
2016-04-01,13.883398056
2016-04-04,13.7632226944
2016-04-05,13.5652952194
2016-04-06,13.7702913284
2016-04-07,13.6218442917
2016-04-08,13.7702913284
2016-04-11,13.8409814835
2016-04-12,13.9611568451
2016-04-13,14.2439117432
2016-04-14,14.2580480576
2016-04-15,14.1732215881
2016-04-18,14.2439117432
2016-04-19,14.349946022
2016-04-20,14.3004646301
2016-04-21,14.2580480576
2016-04-22,14.2509832382
2016-04-25,14.2863273621
2016-04-26,14.3287382126
2016-04-27,14.3075304031
2016-04-28,14.2227058411
2016-04-29,13.9823637009
2016-05-02,13.9964990616
2016-05-03,13.7278785706
2016-05-04,13.6218442917
2016-05-05,13.7349481583
2016-05-06,13.6289157867
2016-05-09,13.5582256317
2016-05-10,13.7773590088
2016-05-11,13.5511541367
2016-05-12,13.4521932602
2016-05-13,13.2896051407
2016-05-16,13.4521932602
2016-05-17,13.3815002441
2016-05-18,13.3249483109
2016-05-19,13.2471904755
2016-05-20,13.4309873581
2016-05-23,13.3673648834
2016-05-24,13.5370187759
2016-05-25,13.7137393951
2016-05-26,13.7208108902
2016-05-27,13.7490873337
2016-05-31,13.9611568451
2016-06-01,13.9187431335
2016-06-02,14.0247745514
2016-06-03,14.1025342941
2016-06-06,14.2509832382
2016-06-07,14.3145990372
2016-06-08,14.2792606354
2016-06-09,14.208568573
2016-06-10,14.1378774643
2016-06-13,13.8692598343
2016-06-14,13.7773590088
2016-06-15,13.7632226944
2016-06-16,13.671330452
2016-06-17,13.6430521011
2016-06-20,13.8551216125
2016-06-21,13.8692598343
2016-06-22,13.8901729584
2016-06-23,14.2002859116
2016-06-24,13.57284832
2016-06-27,13.4574575424
2016-06-28,13.6521816254
2016-06-29,13.8973865509
2016-06-30,14.1209516525
2016-07-01,14.229133606
2016-07-05,13.9911422729
2016-07-06,14.005563736
2016-07-07,13.9695043564
2016-07-08,14.1425924301
2016-07-11,14.2074966431
2016-07-12,14.452703476
2016-07-13,14.4238557816
2016-07-14,14.5753059387
2016-07-15,14.5969419479
2016-07-18,14.7483930588
2016-07-19,14.6906986237
2016-07-20,14.9142637253
2016-07-21,14.9070539474
2016-07-22,14.9863862991
2016-07-25,14.9431123734
2016-07-26,15.2099590302
2016-07-27,15.137834549
2016-07-28,15.137834549
2016-07-29,15.0729265213
2016-08-01,15.0368680954
2016-08-02,14.979174614
2016-08-03,14.8998432159
2016-08-04,14.9070539474
2016-08-05,15.1666841507
2016-08-08,15.2315912247
2016-08-09,15.2532262802
2016-08-10,15.1883182526
2016-08-11,15.3469839096
2016-08-12,15.2964982986
2016-08-15,15.3830413818
2016-08-16,15.2820739746
2016-08-17,15.2099590302
2016-08-18,15.2676486969
2016-08-19,15.1450471878
2016-08-22,15.0945644379
2016-08-23,15.2243804932
2016-08-24,15.1089868546
2016-08-25,15.152258873
2016-08-26,15.101776123
2016-08-29,15.1089868546
2016-08-30,15.2388010025
2016-08-31,15.1666841507
2016-09-01,15.3469839096
2016-09-02,15.6066150665
2016-09-06,15.7652730942
2016-09-07,15.7941246033
2016-09-08,15.9383592606
2016-09-09,15.8301830292
2016-09-12,15.8950881958
2016-09-13,15.5200681686
2016-09-14,15.6066150665
2016-09-15,15.851817131
2016-09-16,15.7797012329
2016-09-19,15.7724866867
2016-09-20,15.7580633163
2016-09-21,15.9383592606
2016-09-22,16.0032691956
2016-09-23,15.8806686401
2016-09-26,15.6859426498
2016-09-27,15.851817131
2016-09-28,15.9744205475
2016-09-29,15.8157558441
2016-09-30,15.8734540939
2016-10-03,15.9023008347
2016-10-04,15.8229703903
2016-10-05,15.9888401031
2016-10-06,15.9672079086
2016-10-07,15.9383592606
2016-10-10,16.046541214
2016-10-11,15.5777645111
2016-10-12,15.678730011
2016-10-13,15.4984340668
2016-10-14,15.5921878815
2016-10-17,15.5128593445
2016-10-18,15.678730011
2016-10-19,15.7292175293
2016-10-20,15.7508478165
2016-10-21,15.743637085
2016-10-24,15.9095134735
2016-10-25,15.8806686401
2016-10-26,15.8301830292
2016-10-27,15.693154335
2016-10-28,15.5777645111
2016-10-31,15.5561265945
2016-11-01,15.6210393906
2016-11-02,15.4912204742
2016-11-03,15.4335231781
2016-11-04,15.2388010025
2016-11-07,15.2748603821
2016-11-08,15.3758268356
2016-11-09,15.152258873
2016-11-10,15.1161994934
2016-11-11,15.0080184937
2016-11-14,14.849357605
2016-11-15,14.9863862991
2016-11-16,14.7700281143
2016-11-17,14.9359006882
2016-11-18,14.979174614
2016-11-21,15.0440797806
2016-11-22,15.1594715118
2016-11-23,15.101776123
2016-11-25,15.137834549
2016-11-28,15.0729265213
2016-11-29,15.1594715118
2016-11-30,15.2676486969
2016-12-01,15.1306257248
2016-12-02,14.95753479
2016-12-05,15.0152292252
2016-12-06,15.0224456787
2016-12-07,15.1234140396
2016-12-08,14.95753479
2016-12-09,14.8565711975
2016-12-12,14.6330041885
2016-12-13,14.8060884476
2016-12-14,14.5536699295
2016-12-15,14.4671287537
2016-12-16,14.3877973557
2016-12-19,14.2651920319
2016-12-20,14.2651920319
2016-12-21,14.2360363007
2016-12-22,14.2141675949
2016-12-23,14.1631412506
2016-12-27,14.1631412506
2016-12-28,14.0756721497
2016-12-29,14.1631412506
2016-12-30,14.199587822
2017-01-03,14.432847023
2017-01-04,14.5276079178
2017-01-05,14.7973117828
2017-01-06,14.7389936447
2017-01-09,14.804605484
2017-01-10,15.0815992355
2017-01-11,15.1472005844
2017-01-12,14.9358100891
2017-01-13,15.015994072
2017-01-17,15.037861824
2017-01-18,15.139913559
2017-01-19,15.110751152
2017-01-20,15.110751152
2017-01-23,15.139913559
2017-01-24,15.2128047943
2017-01-25,15.2856960297
2017-01-26,15.322142601
2017-01-27,15.3440084457
2017-01-30,15.322142601
2017-01-31,15.3294334412
2017-02-01,15.3731737137
2017-02-02,15.3148546219
2017-02-03,15.3148546219
2017-02-06,15.2929878235
2017-02-07,15.2929878235
2017-02-08,15.4241943359
2017-02-09,15.4387722015
2017-02-10,15.4970874786
2017-02-13,15.4970874786
2017-02-14,15.5991344452
2017-02-15,15.6866121292
2017-02-16,15.5991344452
2017-02-17,15.642873764
2017-02-21,15.7084789276
2017-02-22,15.7230558395
2017-02-23,15.7886667252
2017-02-24,15.7084789276
2017-02-27,15.8251047134
2017-02-28,15.7522125244
2017-03-01,15.9854698181
2017-03-02,15.7959499359
2017-03-03,15.8105316162
2017-03-06,15.7595033646
2017-03-07,15.7449226379
2017-03-08,15.7886667252
2017-03-09,15.7230558395
2017-03-10,15.8761329651
2017-03-13,15.8615531921
2017-03-14,15.7959499359
2017-03-15,16.0000495911
2017-03-16,16.1604156494
2017-03-17,16.1749954224
2017-03-20,16.2551765442
2017-03-21,16.1531257629
2017-03-22,16.2260189056
2017-03-23,16.3426494598
2017-03-24,16.3134918213
2017-03-27,16.262468338
2017-03-28,16.3207817078
2017-03-29,16.335357666
2017-03-30,16.3134918213
2017-03-31,16.2187309265
2017-04-03,16.3572292328
2017-04-04,16.3936729431
2017-04-05,16.4592761993
2017-04-06,16.4811458588
2017-04-07,16.4738540649
2017-04-10,16.4884357452
2017-04-11,16.4009647369
2017-04-12,16.4738540649
2017-04-13,16.4301185608
2017-04-17,16.4665641785
2017-04-18,16.2478885651
2017-04-19,16.1166744232
2017-04-20,16.335357666
2017-04-21,16.2405929565
2017-04-24,16.3207817078
2017-04-25,16.4592761993
2017-04-26,16.5613250732
2017-04-27,16.6852436066
2017-04-28,16.692533493
2017-05-01,16.7289867401
2017-05-02,16.780008316
2017-05-03,16.7435588837
2017-05-04,16.7435588837
2017-05-05,16.7144050598
2017-05-08,16.6998252869
2017-05-09,16.9112167358
2017-05-10,16.9695281982
2017-05-11,16.9841098785
2017-05-12,17.0205535889
2017-05-15,17.1226043701
2017-05-16,17.0642929077
2017-05-17,16.8747653961
2017-05-18,16.9695281982
2017-05-19,16.9841098785
2017-05-22,16.9695281982
2017-05-23,16.9913978577
2017-05-24,17.0715808868
2017-05-25,17.1153182983
2017-05-26,17.1007347107
2017-05-30,17.1882095337
2017-05-31,17.2392349243
2017-06-01,17.4214706421
2017-06-02,17.5016498566
2017-06-05,17.3704395294
2017-06-06,17.5672531128
2017-06-07,17.5308036804
2017-06-08,17.6255645752
2017-06-09,17.5891208649
2017-06-12,17.4214706421
2017-06-13,17.5672531128
2017-06-14,17.472492218
2017-06-15,17.3850231171
2017-06-16,17.3777332306
2017-06-19,17.5964107513
2017-06-20,17.4407577515
2017-06-21,17.396282196
2017-06-22,17.4704036713
2017-06-23,17.4259300232
2017-06-26,17.5593490601
2017-06-27,17.4704036713
2017-06-28,17.4629878998
2017-06-29,17.3888721466
2017-06-30,17.3666362762
2017-07-03,17.2999267578
2017-07-05,17.1961536407
2017-07-06,17.0849742889
2017-07-07,17.1590938568
2017-07-10,17.2702770233
2017-07-11,17.396282196
2017-07-12,17.5445251465
2017-07-13,17.63347435
2017-07-14,17.7001781464
2017-07-17,17.6112327576
2017-07-18,17.63347435
2017-07-19,17.6705303192
2017-07-20,17.7150058746
2017-07-21,17.7520675659
2017-07-24,17.8335971832
2017-07-25,17.8410129547
2017-07-26,17.8558349609
2017-07-27,17.8335971832
2017-07-28,17.9151287079
2017-07-31,17.9966659546
2017-08-01,18.1597366333
2017-08-02,18.181968689
2017-08-03,18.2486801147
2017-08-04,18.2338542938
2017-08-07,18.2190341949
2017-08-08,18.2709140778
2017-08-09,18.3302097321
2017-08-10,17.9151287079
2017-08-11,17.8928985596
2017-08-14,18.0485515594
2017-08-15,17.9521961212
2017-08-16,18.100435257
2017-08-17,17.7965393066
2017-08-18,17.8113651276
2017-08-21,17.8706626892
2017-08-22,18.0485515594
2017-08-23,18.0263175964
2017-08-24,18.0114898682
2017-08-25,18.1300868988
2017-08-28,18.100435257
2017-08-29,18.0856113434
2017-08-30,18.1597366333
2017-08-31,18.3005657196
2017-09-01,18.4117450714
2017-09-05,18.2338542938
2017-09-06,18.3079776764
2017-09-07,18.2486801147
2017-09-08,18.3227977753
2017-09-11,18.5599899292
2017-09-12,18.4636306763
2017-09-13,18.404335022
2017-09-14,18.345035553
2017-09-15,18.4265727997
2017-09-18,18.5748119354
2017-09-19,18.5599899292
2017-09-20,18.5377502441
2017-09-21,18.4784545898
2017-09-22,18.3598632812
2017-09-25,18.1300868988
2017-09-26,18.1226711273
2017-09-27,18.1374969482
2017-09-28,18.1597366333
2017-09-29,18.3005657196
2017-10-02,18.3376216888
2017-10-03,18.4488067627
2017-10-04,18.4784545898
2017-10-05,18.6711711884
2017-10-06,18.5451602936
2017-10-09,18.4932804108
2017-10-10,18.6563434601
2017-10-11,18.5451602936
2017-10-12,18.5525760651
2017-10-13,18.6934051514
2017-10-16,18.7675323486
2017-10-17,18.7675323486
2017-10-18,18.8194103241
2017-10-19,18.6489334106
2017-10-20,18.6118755341
2017-10-23,18.4784545898
2017-10-24,18.4339847565
2017-10-25,18.3524494171
2017-10-26,18.4117450714
2017-10-27,18.485868454
2017-10-30,18.2783279419
2017-10-31,18.2931556702
2017-11-01,18.4784545898
2017-11-02,18.6044616699
2017-11-03,18.5525760651
2017-11-06,18.5377502441
2017-11-07,18.6192874908
2017-11-08,18.789768219
2017-11-09,18.7452907562
2017-11-10,18.8638858795
2017-11-13,19.01212883
2017-11-14,19.0047111511
2017-11-15,18.8712940216
2017-11-16,18.975069046
2017-11-17,18.8490657806
2017-11-20,18.9528331757
2017-11-21,19.2715530396
2017-11-22,19.2863788605
2017-11-24,19.3753242493
2017-11-27,19.2715530396
2017-11-28,19.2715530396
2017-11-29,19.1307239532
2017-11-30,19.019536972
2017-12-01,18.9528331757
2017-12-04,18.8564739227
2017-12-05,18.7749404907
2017-12-06,18.6118755341
2017-12-07,18.5896396637
2017-12-08,18.7082290649
2017-12-11,18.7304706573
2017-12-12,18.752702713
2017-12-13,18.9824810028
2017-12-14,18.7601184845
2017-12-15,18.8119983673
2017-12-18,18.9602451324
2017-12-19,18.8893489838
2017-12-20,18.9350852966
2017-12-21,19.0418148041
2017-12-22,19.1561489105
2017-12-26,19.1409053802
2017-12-27,19.1866416931
2017-12-28,19.2781162262
2017-12-29,19.3772125244
2018-01-02,19.598274231
2018-01-03,19.7126178741
2018-01-04,19.7202396393
2018-01-05,19.7735996246
2018-01-08,19.7659721375
2018-01-09,19.8269615173
2018-01-10,19.7735996246
2018-01-11,19.8879432678
2018-01-12,20.0175285339
2018-01-16,20.0327739716
2018-01-17,20.2462120056
2018-01-18,20.109003067
2018-01-19,20.2004795074
2018-01-22,20.3758010864
2018-01-23,20.4139213562
2018-01-24,20.3910484314
2018-01-25,20.3910484314
2018-01-26,20.5053939819
2018-01-29,20.2080974579
2018-01-30,20.1623649597
2018-01-31,20.2767086029
2018-02-01,20.1013832092
2018-02-02,19.7888412476
2018-02-05,19.163772583
2018-02-06,19.4305686951
2018-02-07,18.9731998444
2018-02-08,18.691160202
2018-02-09,18.5539512634
2018-02-12,18.706407547
2018-02-13,18.828371048
2018-02-14,19.179019928
2018-02-15,19.4000816345
2018-02-16,19.3772125244
2018-02-20,19.2933635712
2018-02-21,19.339099884
2018-02-22,19.2933635712
2018-02-23,19.5296707153
2018-02-26,19.7964687347
2018-02-27,19.689748764
2018-02-28,19.4991779327
2018-03-01,19.5144271851
2018-03-02,19.5296707153
2018-03-05,19.3086071014
2018-03-06,19.4229488373
2018-03-07,19.2781162262
2018-03-08,19.598274231
2018-03-09,19.9260540009
2018-03-12,20.055644989
2018-03-13,19.8726940155
2018-03-14,19.8269615173
2018-03-15,19.8650722504
2018-03-16,19.8269615173
2018-03-19,19.7507286072
2018-03-20,19.8117103577
2018-03-21,19.758354187
2018-03-22,19.2476234436
2018-03-23,18.9427146912
2018-03-26,19.4458141327
2018-03-27,19.1942672729
2018-03-28,19.0799236298
2018-03-29,19.2933635712
2018-04-02,19.0494270325
2018-04-03,19.2323818207
2018-04-04,19.2400035858
2018-04-05,19.2552490234
2018-04-06,19.0036964417
2018-04-09,19.1942672729
2018-04-10,19.4610652924
2018-04-11,19.6592617035
2018-04-12,19.7049942017
2018-04-13,19.5525398254
2018-04-16,19.3619632721
2018-04-17,19.3619632721
2018-04-18,19.4991779327
2018-04-19,19.4458141327
2018-04-20,19.339099884
2018-04-23,19.3086071014
2018-04-24,19.354341507
2018-04-25,19.3086071014
2018-04-26,19.3314762115
2018-04-27,19.4077033997
2018-04-30,19.598274231
2018-05-01,19.5906524658
2018-05-02,19.598274231
2018-05-03,19.5372905731
2018-05-04,19.4991779327
2018-05-07,19.2704925537
2018-05-08,19.5525398254
2018-05-09,19.651638031
2018-05-10,19.8803195953
2018-05-11,20.1013832092
2018-05-14,20.2080974579
2018-05-15,19.9717922211
2018-05-16,20.0099067688
2018-05-17,19.7354850769
2018-05-18,19.7202396393
2018-05-21,20.1547412872
2018-05-22,20.139497757
2018-05-23,19.9108123779
2018-05-24,19.842206955
2018-05-25,19.8726940155
2018-05-29,19.6592617035
2018-05-30,19.7202396393
2018-05-31,19.8117103577
2018-06-01,19.8193397522
2018-06-04,19.9184341431
2018-06-05,20.0251522064
2018-06-06,20.2157249451
2018-06-07,20.0937576294
2018-06-08,19.9946594238
2018-06-11,20.0175285339
2018-06-12,19.8955669403
2018-06-13,19.7126178741
2018-06-14,19.6287651062
2018-06-15,19.5830287933
2018-06-18,19.4458141327
2018-06-19,19.1307125092
2018-06-20,19.2468471527
2018-06-21,18.8829631805
2018-06-22,19.0687770844
2018-06-25,18.8132915497
2018-06-26,18.8752193451
2018-06-27,18.5500583649
2018-06-28,18.7358665466
2018-06-29,18.7436065674
2018-07-02,18.4803791046
2018-07-03,18.4958610535
2018-07-05,18.5190906525
2018-07-06,18.7203845978
2018-07-09,19.0068473816
2018-07-10,18.9371604919
2018-07-11,18.7049026489
2018-07-12,18.8907108307
2018-07-13,18.913936615
2018-07-16,18.8984508514
2018-07-17,18.8597450256
2018-07-18,18.7900600433
2018-07-19,18.689414978
2018-07-20,18.8829631805
2018-07-23,18.8829631805
2018-07-24,19.1152305603
2018-07-25,19.316526413
2018-07-26,19.1152305603
2018-07-27,19.0532951355
2018-07-30,19.0842609406
2018-07-31,19.1694278717
2018-08-01,18.8519973755
2018-08-02,18.5655422211
2018-08-03,18.5500583649
2018-08-06,18.6352214813
2018-08-07,18.9681301117
2018-08-08,18.991361618
2018-08-09,19.0610351562
2018-08-10,18.7900600433
2018-08-13,18.6816692352
2018-08-14,18.7281227112
2018-08-15,18.3100547791
2018-08-16,18.3874721527
2018-08-17,18.5190906525
2018-08-20,18.5655422211
2018-08-21,18.6352214813
2018-08-22,18.6971607208
2018-08-23,18.4648914337
2018-08-24,18.5423164368
2018-08-27,18.8210277557
2018-08-28,18.7590942383
2018-08-29,19.0455532074
2018-08-30,18.6661891937
2018-08-31,18.6971607208
2018-09-04,18.689414978
2018-09-05,18.2171478271
2018-09-06,18.0390834808
2018-09-07,17.8377838135
2018-09-10,17.7061748505
2018-09-11,17.6674556732
2018-09-12,17.9384307861
2018-09-13,18.2481136322
2018-09-14,18.2713413239
2018-09-17,18.2016620636
2018-09-18,18.4416675568
2018-09-19,18.5577964783
2018-09-20,18.5965099335
2018-09-21,18.7590942383
2018-09-24,18.5268287659
2018-09-25,18.588766098
2018-09-26,18.6507034302
2018-09-27,18.689414978
2018-09-28,18.5190906525
2018-10-01,18.6197357178
2018-10-02,18.178440094
2018-10-03,18.0777873993
2018-10-04,17.6751995087
2018-10-05,17.6984272003
2018-10-08,17.5668125153
2018-10-09,17.5822925568
2018-10-10,17.2339000702
2018-10-11,17.0558319092
2018-10-12,17.2571296692
2018-10-15,17.1564807892
2018-10-16,17.2261600494
2018-10-17,17.1487388611
2018-10-18,16.9474449158
2018-10-19,17.1487388611
2018-10-22,17.4661617279
2018-10-23,17.1022891998
2018-10-24,16.6996994019
2018-10-25,16.8080825806
2018-10-26,16.6455059052
2018-10-29,16.4596939087
2018-10-30,16.4906597137
2018-10-31,16.5448551178
2018-11-01,17.0248661041
2018-11-02,17.3113212585
2018-11-05,17.2339000702
2018-11-06,17.2029342651
2018-11-07,17.5513286591
2018-11-08,17.1564807892
2018-11-09,16.939699173
2018-11-12,16.8855056763
2018-11-13,17.2726135254
2018-11-14,17.2493877411
2018-11-15,17.6442337036
2018-11-16,17.7061748505
2018-11-19,17.6364860535
2018-11-20,17.2184181213
2018-11-21,17.4893894196
2018-11-23,17.5126190186
2018-11-26,17.9152069092
2018-11-27,17.8377838135
2018-11-28,18.1010150909
2018-11-29,17.8842372894
2018-11-30,17.8687572479
2018-12-03,18.3487644196
2018-12-04,18.178440094
2018-12-06,17.9616565704
2018-12-07,17.7448806763
2018-12-10,17.597782135
2018-12-11,17.6984272003
2018-12-12,17.9539165497
2018-12-13,18.0468215942
2018-12-14,18.0313396454
2018-12-17,17.8687572479
2018-12-18,17.8374176025
2018-12-19,17.7747497559
2018-12-20,17.7199115753
2018-12-21,17.6102428436
2018-12-24,17.4927349091
2018-12-26,17.8060836792
2018-12-27,17.6337413788
2018-12-28,17.7199115753
2018-12-31,17.6807441711
2019-01-02,17.4927349091
2019-01-03,17.2420539856
2019-01-04,17.860918045
2019-01-07,17.9157600403
2019-01-08,18.0959300995
2019-01-09,18.3701133728
2019-01-10,18.503288269
2019-01-11,18.4014453888
2019-01-14,18.3074436188
2019-01-15,18.4484462738
2019-01-16,18.699131012
2019-01-17,18.6521263123
2019-01-18,18.8166351318
2019-01-22,18.5737876892
2019-01-23,18.7226276398
2019-01-24,18.8244724274
2019-01-25,19.082983017
2019-01-28,18.9654712677
2019-01-29,18.9654712677
2019-01-30,19.1769886017
2019-01-31,19.3728313446
2019-02-01,19.1221485138
2019-02-04,19.3963336945
2019-02-05,19.5921726227
2019-02-06,19.4198303223
2019-02-07,19.223991394
2019-02-08,19.466835022
2019-02-11,19.5216712952
2019-02-12,19.5686740875
2019-02-13,19.8193531036
2019-02-14,19.8271865845
2019-02-15,19.7175178528
2019-02-19,19.9838581085
2019-02-20,20.1170368195
2019-02-21,20.1875400543
2019-02-22,20.3833808899
2019-02-25,20.3598804474
2019-02-26,20.2737064362
2019-02-27,20.2658729553
2019-02-28,20.2580432892
2019-03-01,20.3050460815
2019-03-04,20.2737064362
2019-03-05,20.2737064362
2019-03-06,20.2110385895
2019-03-07,19.944688797
2019-03-08,19.7880172729
2019-03-11,20.1405353546
2019-03-12,20.2502117157
2019-03-13,20.2345409393
2019-03-14,20.1327018738
2019-03-15,20.2423744202
2019-03-18,20.4068870544
2019-03-19,20.4225502014
2019-03-20,20.312877655
2019-03-21,20.3050460815
2019-03-22,20.0073604584
2019-03-25,20.0778675079
2019-03-26,20.1483726501
2019-03-27,20.1483726501
2019-03-28,20.2737064362
2019-03-29,20.5322265625
2019-04-01,20.8769054413
2019-04-02,21.0335845947
2019-04-03,21.0649166107
2019-04-04,21.1275844574
2019-04-05,21.2607593536
2019-04-08,21.0727500916
2019-04-09,20.9709148407
2019-04-10,21.0492515564
2019-04-11,20.8064041138
2019-04-12,20.9709148407
2019-04-15,20.7515659332
2019-04-16,20.8220710754
2019-04-17,20.7202339172
2019-04-18,20.7515659332
2019-04-22,20.6967372894
2019-04-23,20.8612422943
2019-04-24,20.634059906
2019-04-25,20.7202339172
2019-04-26,20.8299064636
2019-04-29,20.8847389221
2019-04-30,20.7437324524
2019-05-01,20.665397644
2019-05-02,20.9474105835
2019-05-03,21.2450942993
2019-05-06,20.6732292175
2019-05-07,20.4068870544
2019-05-08,20.3363761902
2019-05-09,19.9290275574
2019-05-10,20.1013641357
2019-05-13,19.5138397217
2019-05-14,19.756685257
2019-05-15,19.9133586884
2019-05-16,19.9681930542
2019-05-17,19.6626777649
2019-05-20,19.6156768799
2019-05-21,19.6783466339
2019-05-22,19.7801856995
2019-05-23,19.6000061035
2019-05-24,19.6156768799
2019-05-28,19.7018489838
2019-05-29,19.7958507538
2019-05-30,19.4746704102
2019-05-31,19.3179950714
2019-06-03,19.2709922791
2019-06-04,19.4041652679
2019-06-05,19.4041652679
2019-06-06,19.5060043335
2019-06-07,19.6313419342
2019-06-10,19.960357666
2019-06-11,20.0621986389
2019-06-12,19.6078453064
2019-06-13,19.6626777649
2019-06-14,19.4903392792
2019-06-17,19.6658496857
2019-06-18,20.2003803253
2019-06-19,20.4716300964
2019-06-20,20.7349090576
2019-06-21,20.5833263397
2019-06-24,20.6072597504
2019-06-25,20.3998317719
2019-06-26,20.5274791718
2019-06-27,20.7428913116
2019-06-28,20.6471500397
2019-07-01,20.8466033936
2019-07-02,21.0380783081
2019-07-03,21.1657276154
2019-07-05,21.0380783081
2019-07-08,20.9184055328
2019-07-09,20.702999115
2019-07-10,20.7269325256
2019-07-11,20.7349090576
2019-07-12,20.8864898682
2019-07-15,20.8705387115
2019-07-16,20.8944740295
2019-07-17,20.8625583649
2019-07-18,20.9582939148
2019-07-19,21.085943222
2019-07-22,20.8386230469
2019-07-23,20.9263782501
2019-07-24,20.9184055328
2019-07-25,20.6710834503
2019-07-26,20.5753517151
2019-07-29,20.3200531006
2019-07-30,20.160490036
2019-07-31,19.8254127502
2019-08-01,19.3068408966
2019-08-02,19.211107254
2019-08-05,18.2696990967
2019-08-06,18.5090370178
2019-08-07,18.6366863251
2019-08-08,18.8680477142
2019-08-09,18.5329685211
2019-08-12,17.9505767822
2019-08-13,18.0862045288
2019-08-14,17.6553859711
2019-08-15,18.1021595001
2019-08-16,18.5489273071
2019-08-19,19.0355892181
2019-08-20,18.9159164429
2019-08-21,19.0435676575
2019-08-22,18.7164669037
2019-08-23,18.3973445892
2019-08-26,18.4611721039
2019-08-27,18.4292564392
2019-08-28,18.4452171326
2019-08-29,18.5489273071
2019-08-30,18.2218284607
2019-09-03,18.1021595001
2019-09-04,18.9159164429
2019-09-05,18.8680477142
2019-09-06,19.0435676575
2019-09-09,18.9877204895
2019-09-10,19.0595188141
2019-09-11,19.2509937286
2019-09-12,19.2031269073
2019-09-13,19.3786430359
2019-09-16,19.1472797394
2019-09-17,19.0355892181
2019-09-18,18.8600711823
2019-09-19,18.6526412964
2019-09-20,18.5728626251
2019-09-23,18.3893661499
2019-09-24,18.3335227966
2019-09-25,18.2537403107
2019-09-26,18.1500263214
2019-09-27,18.0622692108
2019-09-30,18.1101360321
2019-10-01,17.8707923889
2019-10-02,18.0782222748
2019-10-03,18.3016090393
2019-10-04,17.9745101929
2019-10-07,17.9665317535
2019-10-08,17.7910118103
2019-10-09,17.7910118103
2019-10-10,17.8468608856
2019-10-11,18.2936286926
2019-10-14,18.2936286926
2019-10-15,18.3255443573
2019-10-16,18.5170116425
2019-10-17,18.5888195038
2019-10-18,18.4531898499
2019-10-21,18.6127529144
2019-10-22,18.6606216431
2019-10-23,18.5808410645
2019-10-24,18.6845569611
2019-10-25,18.7403964996
2019-10-28,19.0116577148
2019-10-29,18.8760280609
2019-10-30,18.9478302002
2019-10-31,18.9717617035
2019-11-01,19.3945999146
2019-11-04,19.5780944824
2019-11-05,19.6259632111
2019-11-06,19.689786911
2019-11-07,19.8254127502
2019-11-08,19.6738319397
2019-11-11,19.2988624573
2019-11-12,19.0994110107
2019-11-13,18.7723121643
2019-11-14,18.6287097931
2019-11-15,18.6686000824
2019-11-18,18.780292511
2019-11-19,18.9956970215
2019-11-20,18.8600711823
2019-11-21,18.7882671356
2019-11-22,18.8121986389
2019-11-25,19.2031269073
2019-11-26,19.1313247681
2019-11-27,19.1552562714
2019-11-29,18.780292511
2019-12-02,18.6765766144
2019-12-03,18.5648860931
2019-12-04,18.6047744751
2019-12-05,18.5728626251
2019-12-06,18.756357193
2019-12-09,18.5967960358
2019-12-10,18.5808410645
2019-12-11,18.7483787537
2019-12-12,19.211107254
2019-12-13,19.3307762146
2019-12-16,19.4418239594
2019-12-17,19.5062026978
2019-12-18,19.4418239594
2019-12-19,19.3130722046
2019-12-20,19.3854942322
2019-12-23,19.353307724
2019-12-24,19.3694019318
2019-12-26,19.4418239594
2019-12-27,19.5222969055
2019-12-30,19.5464363098
2019-12-31,19.5786247253
2020-01-02,20.0534057617
2020-01-03,19.7798042297
2020-01-06,19.8361339569
2020-01-07,19.8280849457
2020-01-08,19.8602752686
2020-01-09,20.1016902924
2020-01-10,20.1419277191
2020-01-13,20.4879493713
2020-01-14,20.4477157593
2020-01-15,20.3913841248
2020-01-16,20.5523281097
2020-01-17,20.6167068481
2020-01-21,19.7717571259
2020-01-22,19.763710022
2020-01-23,19.6027679443
2020-01-24,19.4418239594
2020-01-27,18.7336788177
2020-01-28,18.8141517639
2020-01-29,18.9831390381
2020-01-30,18.8141517639
2020-01-31,18.4359359741
2020-02-03,18.5968799591
2020-02-04,18.9026660919
2020-02-05,18.9348602295
2020-02-06,19.1843185425
2020-02-07,19.0072822571
2020-02-10,19.0555648804
2020-02-11,19.2406482697
2020-02-12,19.5303459167
2020-02-13,19.329164505
2020-02-14,19.4337825775
2020-02-18,19.3130722046
2020-02-19,19.3774471283
2020-02-20,19.0716571808
2020-02-21,19.0636100769
2020-02-24,18.5244522095
2020-02-25,18.3232784271
2020-02-26,18.5164070129
2020-02-27,18.4037475586
2020-02-28,18.4842166901
2020-03-02,18.3152275085
2020-03-03,18.1784286499
2020-03-04,18.331319809
2020-03-05,18.3474140167
2020-03-06,18.1381931305
2020-03-09,17.3495750427
2020-03-10,17.9209194183
2020-03-11,17.4380970001
2020-03-12,16.03789711
2020-03-13,16.9311275482
2020-03-16,15.3458414078
2020-03-17,16.3517341614
2020-03-18,15.6113996506
2020-03-19,14.9837245941
2020-03-20,15.1044340134
2020-03-23,14.6537914276
2020-03-24,15.4585027695
2020-03-25,15.8608570099
2020-03-26,16.4241580963
2020-03-27,15.6113996506
2020-03-30,15.925239563
2020-03-31,16.0459461212
2020-04-01,15.5148334503
2020-04-02,16.1022720337
2020-04-03,16.03789711
2020-04-06,16.7943286896
2020-04-07,16.9794101715
2020-04-08,17.0598812103
2020-04-09,17.0437850952
2020-04-13,17.0437850952
2020-04-14,17.4139499664
2020-04-15,17.1403484344
2020-04-16,17.0437850952
2020-04-17,17.4380970001
2020-04-20,17.172542572
2020-04-21,16.6816635132
2020-04-22,16.9552669525
2020-04-23,16.9552669525
2020-04-24,16.9713592529
2020-04-27,17.212770462
2020-04-28,17.2691040039
2020-04-29,17.4461421967
2020-04-30,17.0196418762
2020-05-01,16.5368175507
2020-05-04,16.6977615356
2020-05-05,16.8345584869
2020-05-06,16.8587017059
2020-05-07,16.8747940063
2020-05-08,17.124256134
2020-05-11,17.1564464569
2020-05-12,16.9552669525
2020-05-13,16.7782306671
2020-05-14,16.7138538361
2020-05-15,16.5368175507
2020-05-18,17.1403484344
2020-05-19,17.1162128448
2020-05-20,17.3254375458
2020-05-21,16.6736164093
2020-05-22,15.8206233978
2020-05-26,16.0459461212
2020-05-27,15.8206233978
2020-05-28,15.8850040436
2020-05-29,15.9654760361
2020-06-01,16.4804840088
2020-06-02,17.0196418762
2020-06-03,17.3576221466
2020-06-04,17.212770462
2020-06-05,17.7760734558
2020-06-08,17.8806858063
2020-06-09,17.9611568451
2020-06-10,17.9531097412
2020-06-11,17.1001186371
2020-06-12,17.4783306122
2020-06-15,17.2986984253
2020-06-16,17.3069019318
2020-06-17,17.520160675
2020-06-18,17.5611724854
2020-06-19,17.5283641815
2020-06-22,17.7990379333
2020-06-23,17.881061554
2020-06-24,17.7252216339
2020-06-25,17.7826347351
2020-06-26,17.6349945068
2020-06-29,17.5529689789
2020-06-30,17.5283641815
2020-07-01,17.6349945068
2020-07-02,18.0943202972
2020-07-06,18.7751178741
2020-07-07,18.3239917755
2020-07-08,18.4962387085
2020-07-09,18.1517353058
2020-07-10,17.9548835754
2020-07-13,18.0123004913
2020-07-14,18.1271343231
2020-07-15,17.9548835754
2020-07-16,17.7252216339
2020-07-17,17.7744350433
2020-07-20,17.7580299377
2020-07-21,17.8236465454
2020-07-22,17.6185894012
2020-07-23,17.4873523712
2020-07-24,17.4381389618
2020-07-27,17.405330658
2020-07-28,17.3479137421
2020-07-29,17.4545440674
2020-07-30,17.4135284424
2020-07-31,17.3151035309
2020-08-03,17.3643169403
2020-08-04,17.7744350433
2020-08-05,17.7170181274
2020-08-06,17.6596031189
2020-08-07,17.4709472656
2020-08-10,17.6596031189
2020-08-11,17.8072376251
2020-08-12,18.2337646484
2020-08-13,18.2747764587
2020-08-14,18.2747764587
2020-08-17,18.4060115814
2020-08-18,18.3321895599
2020-08-19,18.1845493317
2020-08-20,18.0205001831
2020-08-21,18.2665748596
2020-08-24,18.5864620209
2020-08-25,18.6684837341
2020-08-26,18.6028690338
2020-08-27,18.422416687
2020-08-28,18.7915229797
2020-08-31,18.6192760468
2020-09-01,18.7177009583
2020-09-02,18.7915229797
2020-09-03,18.5700569153
2020-09-04,18.4716320038
2020-09-08,18.2665748596
2020-09-09,18.5372505188
2020-09-10,18.2009544373
2020-09-11,18.3896045685
2020-09-14,18.5372505188
2020-09-15,18.72590065
2020-09-16,18.6520805359
2020-09-17,18.5782604218
2020-09-18,18.5044364929
2020-09-21,18.1681442261
2020-09-22,17.922077179
2020-09-23,17.8646564484
2020-09-24,17.8072376251
2020-09-25,17.8482513428
2020-09-28,17.8974666595
2020-09-29,17.8646564484
2020-09-30,17.9794902802
2020-10-01,18.1763439178
2020-10-02,18.077922821
2020-10-05,18.2911777496
2020-10-06,18.2583694458
2020-10-07,18.4306201935
2020-10-08,18.4552288055
2020-10-09,18.3731975555
2020-10-12,18.422416687
2020-10-13,18.3731975555
2020-10-14,18.2747764587
2020-10-15,17.9958953857
2020-10-16,17.9630851746
2020-10-19,17.9384784698
2020-10-20,18.0287075043
2020-10-21,18.0205001831
2020-10-22,18.1435375214
2020-10-23,18.225561142
2020-10-26,18.1517353058
2020-10-27,17.9958953857
2020-10-28,17.7826347351
2020-10-29,17.8646564484
2020-10-30,17.6349945068
2020-11-02,17.8318481445
2020-11-03,18.1845493317
2020-11-04,18.6848907471
2020-11-05,18.9145526886
2020-11-06,18.742307663
2020-11-09,19.1688251495
2020-11-10,19.587146759
2020-11-11,19.6281585693
2020-11-12,19.3164691925
2020-11-13,19.5543384552
2020-11-16,19.8332157135
2020-11-17,19.9480495453
2020-11-18,19.9152374268
2020-11-19,19.9480495453
2020-11-20,20.0546798706
2020-11-23,19.7265834808
2020-11-24,20.0710830688
2020-11-25,20.0956897736
2020-11-27,20.1120948792
2020-11-30,19.5133247375
2020-12-01,19.8250141144
2020-12-02,19.8004074097
2020-12-03,19.8496189117
2020-12-04,20.0546798706
2020-12-07,19.8906326294
2020-12-08,19.8250141144
2020-12-09,19.7840042114
2020-12-10,20.013666153
2020-12-11,19.8742275238
2020-12-14,19.9147834778
2020-12-15,19.8816795349
2020-12-16,19.9313411713
2020-12-17,19.9810009003
2020-12-18,19.8816795349
2020-12-21,19.7161331177
2020-12-22,19.5588684082
2020-12-23,19.7823524475
2020-12-24,19.9561710358
2020-12-28,20.1134357452
2020-12-29,20.0886039734
2020-12-30,20.5355682373
2020-12-31,20.394859314
2021-01-04,20.6017837524
2021-01-05,21.1480808258
2021-01-06,20.858379364
2021-01-07,20.990814209
2021-01-08,21.1480808258
2021-01-11,20.9163208008
2021-01-12,21.2060184479
2021-01-13,21.1811885834
2021-01-14,21.1480808258
2021-01-15,21.2805118561
2021-01-19,21.7854156494
2021-01-20,21.9261264801
2021-01-21,21.8681907654
2021-01-22,21.5619354248
2021-01-25,21.9095726013
2021-01-26,21.6447048187
2021-01-27,21.2225704193
2021-01-28,21.1646347046
2021-01-29,20.7425003052
2021-02-01,20.9494285583
2021-02-02,21.313621521
2021-02-03,21.2805118561
2021-02-04,21.3384552002
2021-02-05,21.5784912109
2021-02-08,21.5453834534
2021-02-09,21.636428833
2021-02-10,21.7605876923
2021-02-11,22.1165027618
2021-02-12,22.1496124268
2021-02-16,22.2820491791
2021-02-17,22.5386390686
2021-02-18,22.273771286
2021-02-19,22.4227561951
2021-02-22,22.1992721558
2021-02-23,23.0104351044
2021-02-24,22.5634670258
2021-02-25,22.2820491791
2021-02-26,21.7771396637
2021-03-01,22.1082267761
2021-03-02,21.7771396637
2021-03-03,21.9840698242
2021-03-04,21.8930206299
2021-03-05,21.9840698242
2021-03-08,21.8185272217
2021-03-09,22.0337333679
2021-03-10,22.2903251648
2021-03-11,22.3979282379
2021-03-12,22.1661701202
2021-03-15,22.3317089081
2021-03-16,22.273771286
2021-03-17,22.364818573
2021-03-18,22.3565387726
2021-03-19,22.3068790436
2021-03-22,22.1827220917
2021-03-23,21.810251236
2021-03-24,21.412946701
2021-03-25,21.8185272217
2021-03-26,22.1744422913
2021-03-29,22.1992721558
2021-03-30,22.2903251648
2021-03-31,22.000623703
2021-04-01,22.1496124268
2021-04-05,22.3151531219
2021-04-06,22.2241077423
2021-04-07,21.8681907654
2021-04-08,22.3399868011
2021-04-09,22.3896484375
2021-04-12,22.0833930969
2021-04-13,22.2489376068
2021-04-14,22.5220813751
2021-04-15,22.5138092041
2021-04-16,22.5220813751
2021-04-19,22.4806976318
2021-04-20,22.4641399384
2021-04-21,22.5469169617
2021-04-22,22.45586586
2021-04-23,22.7538394928
2021-04-26,22.7869548798
2021-04-27,22.7455635071
2021-04-28,22.7703952789
2021-04-29,23.0683765411
2021-04-30,22.5717449188
2021-05-03,22.4889736176
2021-05-04,22.4806976318
2021-05-05,22.5303573608
2021-05-06,22.7538394928
2021-05-07,22.9111061096
2021-05-10,22.9938793182
2021-05-11,22.45586586
2021-05-12,22.2572135925
2021-05-13,22.2406616211
2021-05-14,22.4227561951
2021-05-17,22.4393100739
2021-05-18,22.5386390686
2021-05-19,22.6131305695
2021-05-20,22.5469169617
2021-05-21,22.5634670258
2021-05-24,22.5220813751
2021-05-25,22.9359378815
2021-05-26,23.1925296783
2021-05-27,23.2090873718
2021-05-28,23.2587471008
2021-06-01,23.0518188477
2021-06-02,22.9524936676
2021-06-03,22.7455635071
2021-06-04,22.7621192932
2021-06-07,22.6627960205
2021-06-08,22.6793498993
2021-06-09,22.6379642487
2021-06-10,22.6480369568
2021-06-11,22.6312465668
2021-06-14,22.6900100708
2021-06-15,22.3626270294
2021-06-16,22.3206558228
2021-06-17,22.3290519714
2021-06-18,22.4297809601
2021-06-21,22.3458404541
2021-06-22,22.3206558228
2021-06-23,22.4633598328
2021-06-24,22.5640926361
2021-06-25,22.6900100708
2021-06-28,22.5556983948
2021-06-29,22.4885425568
2021-06-30,22.4297809601
2021-07-01,22.4717540741
2021-07-02,22.4129943848
2021-07-06,22.2786827087
2021-07-07,22.5221214294
2021-07-08,22.2115249634
2021-07-09,22.2534999847
2021-07-12,22.3962020874
2021-07-13,22.4969387054
2021-07-14,22.3626270294
2021-07-15,22.4801521301
2021-07-16,22.5473022461
2021-07-19,22.1191921234
2021-07-20,22.2031345367
2021-07-21,22.4885425568
2021-07-22,22.6312465668
2021-07-23,22.3878116608
2021-07-26,22.0856113434
2021-07-27,21.4224567413
2021-07-28,21.6155281067
2021-07-29,21.724653244
2021-07-30,21.8925418854
2021-08-02,21.8841495514
2021-08-03,21.9764842987
2021-08-04,21.8757514954
2021-08-05,21.7750225067
2021-08-06,21.7330493927
2021-08-09,21.816991806
2021-08-10,21.7498378754
2021-08-11,21.800201416
2021-08-12,21.623922348
2021-08-13,21.8253898621
2021-08-16,21.9596977234
2021-08-17,21.7162590027
2021-08-18,21.6658916473
2021-08-19,21.6658916473
2021-08-20,21.565158844
2021-08-23,21.6910762787
2021-08-24,21.6323184967
2021-08-25,21.640712738
2021-08-26,21.5567684174
2021-08-27,21.6491069794
2021-08-30,21.6323184967
2021-08-31,21.6323184967
2021-09-01,21.7750225067
2021-09-02,21.7414417267
2021-09-03,21.6323184967
2021-09-07,21.7750225067
2021-09-08,21.7834186554
2021-09-09,21.607131958
2021-09-10,21.7330493927
2021-09-13,21.7330493927
2021-09-14,21.4056682587
2021-09-15,20.9775543213
2021-09-16,20.6669616699
2021-09-17,20.5326519012
2021-09-20,19.7771568298
2021-09-21,20.0709609985
2021-09-22,20.4319210052
2021-09-23,20.3311862946
2021-09-24,19.8023395538
2021-09-27,19.9450454712
2021-09-28,19.7435817719
2021-09-29,20.0541725159
2021-09-30,20.1297206879
2021-10-01,20.0457763672
2021-10-04,19.9198608398
2021-10-05,20.1549053192
2021-10-06,20.1465110779
2021-10-07,20.3479766846
2021-10-08,20.3983421326
2021-10-11,20.2052726746
2021-10-12,20.1045398712
2021-10-13,20.2976112366
2021-10-14,20.2220573425
2021-10-15,20.5410480499
2021-10-18,20.5074710846
2021-10-19,20.7341175079
2021-10-20,20.8600330353
2021-10-21,20.624994278
2021-10-22,20.7173290253
2021-10-25,20.7844829559
2021-10-26,20.7341175079
2021-10-27,20.5494422913
2021-10-28,20.6501731873
2021-10-29,20.5998058319
2021-11-01,20.6837520599
2021-11-02,20.5326519012
2021-11-03,20.4403152466
2021-11-04,20.4235267639
2021-11-05,20.5830211639
2021-11-08,20.6417789459
2021-11-09,20.4487094879
2021-11-10,20.4067382812
2021-11-11,20.5410480499
2021-11-12,20.3983421326
2021-11-15,20.5914134979
2021-11-16,20.624994278
2021-11-17,20.5074710846
2021-11-18,20.4906787872
2021-11-19,20.5326519012
2021-11-22,20.5914134979
2021-11-23,20.5578327179
2021-11-24,20.5746250153
2021-11-26,19.9114723206
2021-11-29,19.9114723206
2021-11-30,19.5505084991
2021-12-01,19.4749584198
2021-12-02,19.6932144165
2021-12-03,19.8191299438
2021-12-06,19.9114723206
2021-12-07,20.1129341125
2021-12-08,20.0625686646
2021-12-09,20.0709609985
2021-12-10,20.0961456299
2021-12-13,19.7940998077
2021-12-14,19.683801651
2021-12-15,19.6668338776
2021-12-16,19.7177410126
2021-12-17,19.4632091522
2021-12-20,19.3698787689
2021-12-21,19.4547233582
2021-12-22,19.5395698547
2021-12-23,19.5989589691
2021-12-27,19.7601642609
2021-12-28,19.7601642609
2021-12-29,19.7177410126
2021-12-30,19.7415027618
2021-12-31,19.6820926666
2022-01-03,19.7499923706
2022-01-04,19.8773040771
2022-01-05,19.5717582703
2022-01-06,19.5802440643
2022-01-07,19.8773040771
2022-01-10,19.8009147644
2022-01-11,19.8263778687
2022-01-12,20.1319198608
2022-01-13,19.9876384735
2022-01-14,20.3101558685
2022-01-18,20.0215892792
2022-01-19,20.2083053589
2022-01-20,20.6157016754
2022-01-21,20.683599472
2022-01-24,20.6581363678
2022-01-25,20.5647754669
2022-01-26,20.2846927643
2022-01-27,20.2592334747
2022-01-28,19.9197387695
2022-01-31,20.1234340668
2022-02-01,20.2337684631
2022-02-02,20.250743866
2022-02-03,20.1573829651
2022-02-04,20.4289741516
2022-02-07,20.4799022675
2022-02-08,20.6581363678
2022-02-09,20.853345871
2022-02-10,20.7684707642
2022-02-11,20.6326732635
2022-02-14,20.5053634644
2022-02-15,20.7854442596
2022-02-16,20.9212417603
2022-02-17,20.7769584656
2022-02-18,20.683599472
2022-02-22,20.1404094696
2022-02-23,19.8348636627
2022-02-24,19.7415027618
2022-02-25,19.6566314697
2022-02-28,19.2492408752
2022-03-01,19.121931076
2022-03-02,18.9776477814
2022-03-03,19.0031070709
2022-03-04,18.7484874725
2022-03-07,18.1543731689
2022-03-08,18.2137870789
2022-03-09,18.1543731689
2022-03-10,18.2052993774
2022-03-11,18.3071479797
2022-03-14,18.1119403839
2022-03-15,17.7894210815
2022-03-16,18.96916008
2022-03-17,19.1558799744
2022-03-18,19.6905822754
2022-03-21,19.4274749756
2022-03-22,19.4020118713
2022-03-23,19.3171386719
2022-03-24,19.4529380798
2022-03-25,19.2662162781
2022-03-28,19.2492408752
2022-03-29,19.4614219666
2022-03-30,19.5293235779
2022-03-31,19.1558799744
2022-04-01,19.4529380798
2022-04-04,19.5972194672
2022-04-05,19.3935260773
2022-04-06,19.1473922729
2022-04-07,19.0115947723
2022-04-08,19.1983203888
2022-04-11,18.7484874725
2022-04-12,18.6975650787
2022-04-13,18.7315158844
2022-04-14,18.7484874725
2022-04-18,18.6636142731
2022-04-19,18.6805915833
2022-04-20,18.6211795807
2022-04-21,18.3920192719
2022-04-22,18.3920192719
2022-04-25,18.1543731689
2022-04-26,17.9252185822
2022-04-27,18.128911972
2022-04-28,18.2731971741
2022-04-29,18.1374034882
2022-05-02,18.0949611664
2022-05-03,18.3920192719
2022-05-04,18.4938716888
2022-05-05,18.018579483
2022-05-06,17.7469844818
2022-05-09,17.407491684
2022-05-10,17.5432891846
2022-05-11,17.4584159851
2022-05-12,17.551776886
2022-05-13,17.9252185822
2022-05-16,17.942193985
2022-05-17,18.3326091766
2022-05-18,18.1543731689
2022-05-19,18.2901725769
2022-05-20,18.4853820801
2022-05-23,18.4853820801
2022-05-24,18.2477359772
2022-05-25,18.2731971741
2022-05-26,18.4514312744
2022-05-27,18.7824363708
2022-05-31,18.8163871765
2022-06-01,18.7400035858
2022-06-02,18.9521827698
2022-06-03,18.799413681
2022-06-06,19.0200824738
2022-06-07,19.0540313721
2022-06-08,18.9352092743
2022-06-09,18.7198429108
2022-06-10,18.5733890533
2022-06-13,18.2287998199
2022-06-14,18.2632579803
2022-06-15,18.3666324615
2022-06-16,18.0134334564
2022-06-17,18.0565032959
2022-06-21,18.3580188751
2022-06-22,18.1684970856
2022-06-23,18.1943397522
2022-06-24,18.5044708252
2022-06-27,18.8404464722
2022-06-28,18.9696674347
2022-06-29,19.0213565826
2022-06-30,19.1247329712
2022-07-01,19.0902729034
2022-07-05,18.8749065399
2022-07-06,18.7198429108
2022-07-07,19.0127410889
2022-07-08,18.9696674347
2022-07-11,18.513086319
2022-07-12,18.5475463867
2022-07-13,18.5820045471
2022-07-14,18.4183235168
2022-07-15,18.2804889679
2022-07-18,18.435552597
2022-07-19,18.5561618805
2022-07-20,18.4958572388
2022-07-21,18.2804889679
2022-07-22,18.1512680054
2022-07-25,18.3580188751
2022-07-26,18.3924789429
2022-07-27,18.5389328003
2022-07-28,18.513086319
2022-07-29,18.3063316345
2022-08-01,18.1684970856
2022-08-02,17.892824173
2022-08-03,17.9445133209
2022-08-04,18.1168117523
2022-08-05,18.1512680054
2022-08-08,18.177110672
2022-08-09,18.0995788574
2022-08-10,18.0823497772
2022-08-11,18.2115707397
2022-08-12,18.3321781158
2022-08-15,18.2374153137
2022-08-16,18.2029533386
2022-08-17,18.2201843262
2022-08-18,18.039276123
2022-08-19,17.9272823334
2022-08-22,17.8755970001
2022-08-23,17.7722167969
2022-08-24,17.5913085938
2022-08-25,18.0134334564
2022-08-26,17.8755970001
2022-08-29,17.7722167969
2022-08-30,17.5396213531
2022-08-31,17.6085395813
2022-09-01,17.5137748718
2022-09-02,17.3328666687
2022-09-06,17.1777992249
2022-09-07,17.2639503479
2022-09-08,17.1261100769
2022-09-09,17.4534759521
2022-09-12,17.6257667542
2022-09-13,17.1347255707
2022-09-14,17.1002693176
2022-09-15,17.0571937561
2022-09-16,17.160572052
2022-09-19,17.2036457062
2022-09-20,17.1777992249
2022-09-21,17.0055084229
2022-09-22,16.8073692322
2022-09-23,16.6350727081
2022-09-26,16.5058498383
2022-09-27,16.2474098206
2022-09-28,16.0751132965
2022-09-29,15.7132959366
2022-09-30,15.7132959366
2022-10-03,15.9458942413
2022-10-04,16.256023407
2022-10-05,16.4713916779
2022-10-06,16.3852462769
2022-10-07,16.2043361664
2022-10-10,15.9458942413
2022-10-11,15.7735977173
2022-10-12,15.635761261
2022-10-13,15.6874485016
2022-10-14,15.2825574875
2022-10-17,15.5582294464
2022-10-18,15.4548521042
2022-10-19,15.3170156479
2022-10-20,15.3342456818
2022-10-21,15.2222537994
2022-10-24,14.3521652222
2022-10-25,14.1798686981
2022-10-26,14.3952379227
2022-10-27,14.3263206482
2022-10-28,14.1023387909
2022-10-31,13.8697385788
2022-11-01,14.3866252899
2022-11-02,14.5330753326
2022-11-03,14.4813833237
2022-11-04,15.2222537994
2022-11-07,15.3859348297
2022-11-08,15.4893112183
2022-11-09,15.1964092255
2022-11-10,15.7563705444
2022-11-11,16.5489253998
2022-11-14,16.6867618561
2022-11-15,17.0141201019
2022-11-16,16.8418254852
2022-11-17,17.0313529968
2022-11-18,16.7556762695
2022-11-21,16.5489253998
2022-11-22,16.5489253998
2022-11-23,16.5575370789
2022-11-25,16.4110889435
2022-11-28,16.3421707153
2022-11-29,16.824596405
2022-11-30,17.2381038666
2022-12-01,17.470703125
2022-12-02,17.5740776062
2022-12-05,17.6085395813
2022-12-06,17.9703578949
2022-12-07,17.5396213531
2022-12-08,18.1081943512
2022-12-09,18.2632579803
2022-12-12,18.2804889679
2022-12-13,18.7266101837
2022-12-14,18.5520019531
2022-12-15,18.3162841797
2022-12-16,18.2639007568
2022-12-19,18.1329460144
2022-12-20,18.1765975952
2022-12-21,18.290096283
2022-12-22,18.1416778564
2022-12-23,18.3861255646
2022-12-27,18.796453476
2022-12-28,18.3861255646
2022-12-29,18.6305770874
2022-12-30,18.3424739838
2023-01-03,18.7877235413
2023-01-04,19.3639259338
2023-01-05,19.1893177032
2023-01-06,19.2678909302
2023-01-09,19.1718597412
2023-01-10,19.215511322
2023-01-11,19.1456680298
2023-01-12,19.3115444183
2023-01-13,19.2766227722
2023-01-17,19.0670928955
2023-01-18,18.9972515106
2023-01-19,19.2417030334
2023-01-20,19.4599609375
2023-01-23,19.7218704224
2023-01-24,19.6782207489
2023-01-25,19.7131385803
2023-01-26,19.7131385803
2023-01-27,19.5996456146
2023-01-30,19.4948787689
2023-01-31,19.2504329681
2023-02-01,19.425037384
2023-02-02,19.2242393494
2023-02-03,19.0670928955
2023-02-06,18.9448699951
2023-02-07,18.8575649261
2023-02-08,18.7527999878
2023-02-09,19.0409011841
2023-02-10,18.7615318298
2023-02-13,18.805185318
2023-02-14,18.8313751221
2023-02-15,18.5345420837
2023-02-16,18.5345420837
2023-02-17,18.2726306915
2023-02-21,18.1678657532
2023-02-22,18.1504077911
2023-02-23,17.8797683716
2023-02-24,17.6527748108
2023-02-27,17.8797683716
2023-02-28,17.7924594879
2023-03-01,18.2115192413
2023-03-02,18.4472370148
2023-03-03,18.4210472107
2023-03-06,18.4472370148
2023-03-07,18.2027873993
2023-03-08,18.0543746948
2023-03-09,17.9146900177
2023-03-10,17.504360199
2023-03-13,17.696428299
2023-03-14,17.8448448181
2023-03-15,17.5305500031
2023-03-16,17.5305500031
2023-03-17,17.4519805908
2023-03-20,17.399597168
2023-03-21,17.4607086182
2023-03-22,17.6615066528
2023-03-23,17.7837314606
2023-03-24,17.8099212646
2023-03-27,17.7488098145
2023-03-28,17.8011932373
2023-03-29,17.9059581757
2023-03-30,18.028181076
2023-03-31,17.9408798218
2023-04-03,18.2027873993
2023-04-04,18.1678657532
2023-04-05,18.0631027222
2023-04-06,18.2289791107
2023-04-10,18.2464408875
2023-04-11,18.290096283
2023-04-12,18.1242160797
2023-04-13,18.3075523376
2023-04-14,18.115486145
2023-04-17,18.3512058258
2023-04-18,18.3424739838
2023-04-19,18.1504077911
2023-04-20,18.0892963409
2023-04-21,17.9932613373
2023-04-24,17.8535747528
2023-04-25,17.5829315186
2023-04-26,17.8273830414
2023-04-27,18.0892963409
2023-04-28,18.1853275299
2023-05-01,18.1678657532
2023-05-02,17.8535747528
2023-05-03,17.8448448181
2023-05-04,17.9932613373
2023-05-05,18.001991272
2023-05-08,18.001991272
2023-05-09,17.7226200104
2023-05-10,17.7226200104
2023-05-11,17.6702365875
2023-05-12,17.3646736145
2023-05-15,17.8535747528
2023-05-16,17.5392818451
2023-05-17,17.3559417725
2023-05-18,17.2773723602
2023-05-19,17.3646736145
2023-05-22,17.4519805908
2023-05-23,17.1464176178
2023-05-24,17.006729126
2023-05-25,16.7360877991
2023-05-26,16.9979991913
2023-05-30,16.6225948334
2023-05-31,16.5440235138
2023-06-01,16.6749763489
2023-06-02,17.1726074219
2023-06-05,17.2249889374
2023-06-06,17.3646736145
2023-06-07,17.2342891693
2023-06-08,17.4471664429
2023-06-09,17.393945694
2023-06-12,17.4649066925
2023-06-13,17.5890846252
2023-06-14,17.6068248749
2023-06-15,17.6334323883
2023-06-16,17.7043914795
2023-06-20,17.4116859436
2023-06-21,17.3229866028
2023-06-22,17.3407268524
2023-06-23,16.9593200684
2023-06-26,16.9681873322
2023-06-27,17.1988048553
2023-06-28,17.2520256042
2023-06-29,17.0834960938
2023-06-30,17.1455879211
2023-07-03,17.2608966827
2023-07-05,17.1988048553
2023-07-06,16.702091217
2023-07-07,16.702091217
2023-07-10,16.6666126251
2023-07-11,16.8528785706
2023-07-12,17.0125389099
2023-07-13,17.3673343658
2023-07-14,17.2342891693
2023-07-17,17.2076759338
2023-07-18,17.0302810669
2023-07-19,17.0214080811
2023-07-20,17.0125389099
2023-07-21,17.07462883
2023-07-24,17.0923690796
2023-07-25,17.1189785004
2023-07-26,17.3584651947
2023-07-27,17.3495979309
2023-07-28,17.7310066223
2023-07-31,17.7487411499
2023-08-01,17.4737758636
2023-08-02,17.1721992493
2023-08-03,17.3407268524
2023-08-04,16.9504508972
2023-08-07,16.9947986603
2023-08-08,16.7109603882
2023-08-09,16.702091217
2023-08-10,16.7641811371
2023-08-11,16.4980831146
2023-08-14,16.3827724457
2023-08-15,16.1166744232
2023-08-16,15.9304065704
2023-08-17,15.8949270248
2023-08-18,15.6909179688
2023-08-21,15.469168663
2023-08-22,15.4425592422
2023-08-23,15.6820487976
2023-08-24,15.6288290024
2023-08-25,15.6199607849
2023-08-28,15.8594455719
2023-08-29,16.2674617767
2023-08-30,16.2497253418
2023-08-31,16.0989360809
2023-09-01,16.3472919464
2023-09-05,16.0545864105
2023-09-06,16.045715332
2023-09-07,15.7441368103
2023-09-08,15.7441368103
2023-09-11,15.6110877991
2023-09-12,15.6909179688
2023-09-13,15.6820487976
2023-09-14,15.6377000809
2023-09-15,15.5578708649
2023-09-18,15.4869089127
2023-09-19,15.4957799911
2023-09-20,15.4425592422
2023-09-21,15.1942005157
2023-09-22,15.5135192871
2023-09-25,15.2296819687
2023-09-26,14.9901914597
2023-09-27,15.1321115494
2023-09-28,15.0611534119
2023-09-29,15.2119417191
2023-10-02,15.1498508453
2023-10-03,14.9458436966
2023-10-04,15.0168046951
2023-10-05,15.1143732071
2023-10-06,15.3804702759
2023-10-09,15.3183813095
2023-10-10,15.5312585831
2023-10-11,15.6199607849
2023-10-12,15.5489988327
2023-10-13,15.3183813095
2023-10-16,15.4159488678
2023-10-17,15.3982095718
2023-10-18,15.1587219238
2023-10-19,14.91036129
2023-10-20,14.8571443558
2023-10-23,14.8837547302
2023-10-24,15.1321115494
2023-10-25,14.8482732773
2023-10-26,14.7861852646
2023-10-27,14.91036129
2023-10-30,15.0345420837
2023-10-31,14.8837547302
2023-11-01,14.9014940262
2023-11-02,15.1942005157
2023-11-03,15.5578708649
2023-11-06,15.6110877991
2023-11-07,15.3804702759
2023-11-08,15.2030715942
2023-11-09,15.1055021286
2023-11-10,15.0434122086
2023-11-13,15.2385501862
2023-11-14,15.566740036
2023-11-15,15.8771886826
2023-11-16,15.566740036
2023-11-17,15.6377000809
2023-11-20,15.8417072296
2023-11-21,15.6731777191
2023-11-22,15.7086553574
2023-11-24,15.6377000809
2023-11-27,15.4425592422
2023-11-28,15.3449888229
2023-11-29,15.0522813797
2023-11-30,14.91036129
2023-12-01,14.9547147751
2023-12-04,14.8127946854
2023-12-05,14.4846067429
2023-12-06,14.5555667877
2023-12-07,14.591047287
2023-12-08,14.5999145508
2023-12-11,14.6797447205
2023-12-12,14.6531362534
2023-12-13,14.7595729828
2023-12-14,15.1853322983
2023-12-15,15.3183813095
2023-12-18,15.2828998566
2023-12-19,15.3982095718
2023-12-20,15.0616865158
2023-12-21,15.4891624451
2023-12-22,15.4345903397
2023-12-26,15.4709730148
2023-12-27,15.5710201263
2023-12-28,15.7802114487
2023-12-29,15.7984008789
2024-01-02,15.3982124329
2024-01-03,15.3618297577
2024-01-04,15.152639389
2024-01-05,15.1617355347
2024-01-08,15.0707826614
2024-01-09,14.8797836304
2024-01-10,14.8615932465
2024-01-11,14.9434490204
2024-01-12,15.016210556
2024-01-16,14.5614509583
2024-01-17,14.1430702209
2024-01-18,14.2249269485
2024-01-19,14.3340702057
2024-01-22,13.9702596664
2024-01-23,14.3704509735
2024-01-24,14.6978788376
2024-01-25,14.688782692
2024-01-26,14.7888307571
2024-01-29,14.6978788376
2024-01-30,14.3977365494
2024-01-31,14.26130867
2024-02-01,14.4341163635
2024-02-02,14.2067365646
2024-02-05,14.2704019547
2024-02-06,14.7160692215
2024-02-07,14.670592308
2024-02-08,14.5159740448
2024-02-09,14.5796413422
2024-02-12,14.7342605591
2024-02-13,14.479593277
2024-02-14,14.6069259644
2024-02-15,14.688782692
2024-02-16,14.8524971008
2024-02-20,14.7160692215
2024-02-21,15.1162595749
2024-02-22,15.152639389
2024-02-23,15.1071643829
2024-02-26,15.0344028473
2024-02-27,15.0344028473
2024-02-28,14.8434019089
2024-02-29,14.8524971008
2024-03-01,14.7888307571
2024-03-04,14.7615432739
2024-03-05,14.470498085
2024-03-06,14.6251153946
2024-03-07,14.670592308
2024-03-08,14.7251644135
2024-03-11,15.0071163177
2024-03-12,15.2708787918
2024-03-13,15.3163547516
2024-03-14,15.0344028473
2024-03-15,14.9070682526
2024-03-18,14.688782692
2024-03-19,14.61602211
2024-03-20,14.5887365341
2024-03-21,14.6614980698
2024-03-22,14.4250221252
2024-03-25,14.3249740601
2024-03-26,14.2522115707
2024-03-27,14.2340221405
2024-03-28,14.1430702209
2024-04-01,14.2340221405
2024-04-02,14.3795461655
2024-04-03,14.2249269485
2024-04-04,14.124879837
2024-04-05,14.2067365646
2024-04-08,14.1794500351
2024-04-09,14.3340702057
2024-04-10,14.1703557968
2024-04-11,14.26130867
2024-04-12,13.788356781
2024-04-15,13.5973567963
2024-04-16,13.3426914215
2024-04-17,13.3245000839
2024-04-18,13.4063568115
2024-04-19,13.36997509
2024-04-22,13.6337366104
2024-04-23,13.8702125549
2024-04-24,14.0975942612
2024-04-25,14.2885932922
2024-04-26,14.5341644287
2024-04-29,14.7706403732
2024-04-30,14.5887365341
2024-05-01,14.670592308
2024-05-02,15.2708787918
2024-05-03,15.3709230423
2024-05-06,15.4618778229
2024-05-07,15.4345903397
2024-05-08,15.2072114944
2024-05-09,15.5255451202
2024-05-10,15.8347806931
2024-05-13,16.0803527832
2024-05-14,15.9439239502
2024-05-15,16.0894470215
2024-05-16,16.2258758545
2024-05-17,16.4259700775
2024-05-20,16.3623027802
2024-05-21,16.0530643463
2024-05-22,15.9075431824
2024-05-23,15.6073989868
2024-05-24,15.5528297424
2024-05-28,15.6073989868
2024-05-29,15.3618297577
2024-05-30,15.2617826462
2024-05-31,15.2072114944
2024-06-03,15.1617355347
2024-06-04,15.2799730301
2024-06-05,15.3527336121
2024-06-06,15.3527336121
2024-06-07,15.0071163177
2024-06-10,15.088973999
2024-06-11,14.848315239
2024-06-12,14.8111476898
2024-06-13,14.7646884918
2024-06-14,14.6346025467
2024-06-17,14.6996450424
2024-06-18,14.6903543472
2024-06-20,14.6067285538
2024-06-21,14.4673509598
2024-06-24,14.5323934555
2024-06-25,14.3372659683
2024-06-26,14.3093891144
2024-06-27,14.1514282227
2024-06-28,14.2164716721
2024-07-01,14.1978883743
2024-07-02,14.2536392212
2024-07-03,14.4394750595
2024-07-05,14.104970932
2024-07-08,13.8819665909
2024-07-09,14.0027608871
2024-07-10,14.0956783295
2024-07-11,14.4116001129
2024-07-12,14.7461051941
2024-07-15,14.4952259064
2024-07-16,14.5138101578
2024-07-17,14.5509777069
2024-07-18,14.4023084641
2024-07-19,14.4023084641
2024-07-22,14.5138101578
2024-07-23,14.3651409149
2024-07-24,14.1328458786
2024-07-25,14.104970932
2024-07-26,14.1978883743
2024-07-29,14.2815141678
2024-07-30,14.1607208252
2024-07-31,14.1700124741
2024-08-01,14.1607208252
2024-08-02,14.0770940781
2024-08-05,14.1700124741
2024-08-06,14.0306358337
2024-08-07,14.1235542297
2024-08-08,14.4580593109
2024-08-09,14.3651409149
2024-08-12,14.3372659683
2024-08-13,14.5138101578
2024-08-14,14.3279743195
2024-08-15,14.4766426086
2024-08-16,14.5509777069
2024-08-19,14.6996450424
2024-08-20,14.4859342575
2024-08-21,14.5045175552
2024-08-22,14.5602684021
2024-08-23,14.7739801407
2024-08-26,14.8761911392
2024-08-27,14.9784011841
2024-08-28,14.8390226364
2024-08-29,15.0155677795
2024-08-30,15.0341510773
2024-09-03,14.6903543472
2024-09-04,14.708937645
2024-09-05,14.8576068878
2024-09-06,14.6996450424
2024-09-09,14.7925653458
2024-09-10,14.6067285538
2024-09-11,14.6438961029
2024-09-12,14.7925653458
2024-09-13,14.8297309875
2024-09-16,14.9133577347
2024-09-17,15.1270704269
2024-09-18,15.0341510773
2024-09-19,15.5080347061
2024-09-20,15.5730772018
2024-09-23,15.7310390472
2024-09-24,16.465089798
2024-09-25,16.2235031128
2024-09-26,16.9575576782
2024-09-27,17.4035644531
2024-09-30,17.3385219574
2024-10-01,17.7287769318
2024-10-02,18.6114997864
2024-10-03,18.100446701
2024-10-04,18.6114997864
2024-10-07,18.9088363647
2024-10-08,17.431438446
2024-10-09,17.3849773407
2024-10-10,17.3571052551
2024-10-11,17.5057735443
2024-10-14,17.2641868591
2024-10-15,16.623052597
2024-10-16,16.7995948792
2024-10-17,16.5022583008
2024-10-18,16.9110984802
2024-10-21,16.6323432922
2024-10-22,16.7252616882
2024-10-23,16.5672988892
2024-10-24,16.6323432922
2024-10-25,16.6973838806
2024-10-28,16.88322258
2024-10-29,16.790304184
2024-10-30,16.6602191925
2024-10-31,16.6044692993
2024-11-01,16.743844986
2024-11-04,16.7995948792
2024-11-05,17.0783500671
2024-11-06,16.6880931854
2024-11-07,17.1341018677
2024-11-08,16.7159671783
2024-11-11,16.6788024902
2024-11-12,16.232793808
2024-11-13,16.0934181213
2024-11-14,16.0283737183
2024-11-15,15.9726257324
2024-11-18,16.0748329163
2024-11-19,15.9726257324
2024-11-20,16.0190849304
2024-11-21,16.0190849304
2024-11-22,15.7403287888
2024-11-25,15.7682037354
2024-11-26,15.7682037354
2024-11-27,16.0376682281
2024-11-29,16.2049198151
2024-12-02,16.0376682281
2024-12-03,16.1491680145
2024-12-04,16.0190849304
2024-12-05,16.0562515259
2024-12-06,16.0655422211
2024-12-09,16.9668483734
2024-12-10,16.5208415985
2024-12-11,16.3442993164
2024-12-12,16.2049198151
2024-12-13,16.1027107239
2024-12-16,15.8704137802
2024-12-17,15.8751554489
2024-12-18,15.5622053146
2024-12-19,15.6096200943
2024-12-20,15.704454422
2024-12-23,15.8467054367
2024-12-24,16.0458564758
2024-12-26,16.1122398376
2024-12-27,15.8941240311
2024-12-30,15.7708387375
2024-12-31,15.7992887497
2025-01-02,15.5527210236
2025-01-03,15.6760063171
2025-01-06,15.6191043854
2025-01-07,15.4389219284
2025-01-08,15.2682209015
2025-01-10,15.012169838
2025-01-13,14.9837198257
2025-01-14,15.0690698624
2025-01-15,15.2587375641
2025-01-16,15.2871875763
2025-01-17,15.5527210236
2025-01-21,15.6570386887
2025-01-22,15.5432376862
2025-01-23,15.4578866959
2025-01-24,15.5811719894
2025-01-27,15.5811719894
2025-01-28,15.6570386887
2025-01-29,15.5906553268
2025-01-30,15.8467054367
2025-01-31,15.6475563049
2025-02-03,15.4673709869
2025-02-04,15.6096200943
2025-02-05,15.3630552292
2025-02-06,15.4768543243
2025-02-07,15.3725366592
2025-02-10,15.4958209991
2025-02-11,15.3440876007
2025-02-12,15.7992887497
2025-02-13,15.9605064392
2025-02-14,16.1027565002
2025-02-18,16.0174064636
2025-02-19,16.0363731384
2025-02-20,16.1122398376
2025-02-21,16.301908493
2025-02-24,16.3303565979
2025-02-25,16.4820899963
2025-02-26,16.7381420135
2025-02-27,16.7381420135
2025-02-28,16.6812438965
2025-03-03,16.4157066345
2025-03-04,16.6433086395
2025-03-05,17.2407608032
2025-03-06,17.3924942017
2025-03-07,17.3640441895
2025-03-10,17.022644043
2025-03-11,17.1743793488
2025-03-12,17.2692089081
2025-03-13,17.2312774658
2025-03-14,17.212310791
2025-03-17,17.4399108887
2025-03-18,17.2786941528
2025-03-19,17.4209461212
2025-03-20,17.0890274048
2025-03-21,16.9183273315
2025-03-24,16.8234920502
2025-03-25,16.7760753632
2025-03-26,16.6622753143
2025-03-27,16.8898773193
2025-03-28,16.6527919769
2025-03-31,16.6053752899
2025-04-01,16.8234920502
2025-04-02,16.8709106445
2025-04-03,16.5769252777
2025-04-04,15.5337533951
2025-04-07,14.8699197769
2025-04-08,14.4147176743
2025-04-09,14.9742364883
2025-04-10,14.9552707672
2025-04-11,15.1449365616
2025-04-14,15.5147895813
2025-04-15,15.5053052902
2025-04-16,15.4958209991
2025-04-17,15.5811719894
2025-04-21,15.5337533951
2025-04-22,15.9889564514
2025-04-23,16.1975898743
2025-04-24,16.2829399109
2025-04-25,16.2924251556
2025-04-28,16.2450065613
2025-04-29,16.2734565735
2025-04-30,16.6148586273
2025-05-01,16.567440033
2025-05-02,16.8803920746
2025-05-05,16.8898773193
2025-05-06,17.2692089081
2025-05-07,17.3545589447
2025-05-08,17.2881774902
2025-05-09,17.4019775391
2025-05-12,17.7433776855
2025-05-13,17.7149295807
2025-05-14,17.9235630035
2025-05-15,17.8287296295
2025-05-16,17.8666629791
2025-05-19,17.9330463409
2025-05-20,18.0373649597
2025-05-21,17.847694397
2025-05-22,17.8097629547
2025-05-23,17.8002815247
2025-05-27,17.9614982605
2025-05-28,17.847694397
2025-05-29,18.0563297272
2025-05-30,17.9614982605
2025-06-02,18.1890964508
2025-06-03,18.3787651062
2025-06-04,18.4261837006
2025-06-05,18.4735965729
2025-06-06,18.539981842
2025-06-09,18.7201652527
2025-06-10,18.8529319763
2025-06-11,18.9287986755
2025-06-12,18.9003505707
2025-06-13,18.7296485901
2025-06-16,18.9999713898
2025-06-17,18.786813736
2025-06-18,18.6221027374
2025-06-20,18.408946991
2025-06-23,18.7674369812
2025-06-24,19.2809486389
2025-06-25,19.4359722137
2025-06-26,19.300327301
2025-06-27,19.29063797
2025-06-30,19.242193222
2025-07-01,19.29063797
2025-07-02,19.4844169617
2025-07-03,19.5425491333
2025-07-07,19.2034378052
2025-07-08,19.29063797
2025-07-09,19.3100166321
2025-07-10,19.3197059631
2025-07-11,19.4650382996
2025-07-14,19.4844169617
2025-07-15,19.4650382996
2025-07-16,19.5231723785
2025-07-17,19.6297512054
2025-07-18,19.678194046
2025-07-21,19.8332176208
2025-07-22,20.1238861084
2025-07-23,20.1626396179
2025-07-24,20.230463028
2025-07-25,20.1432647705
2025-07-28,20.4145526886
2025-07-29,20.5308208466
2025-07-30,20.2885971069
2025-07-31,20.0560626984
2025-08-01,19.6975727081
2025-08-04,20.0173072815
2025-08-05,20.18201828
2025-08-06,20.172328949
2025-08-07,20.4048633575
2025-08-08,20.3951740265
2025-08-11,20.3370418549
2025-08-12,20.5308208466
2025-08-13,20.8893089294
2025-08-14,20.7149085999
2025-08-15,20.5308208466
2025-08-18,20.4339313507
2025-08-19,20.4339313507
2025-08-20,20.4920635223
2025-08-21,20.5114421844
2025-08-22,20.8117980957
2025-08-25,20.8408660889
2025-08-26,20.7924194336
2025-08-27,20.5501976013
2025-08-28,20.6373977661
2025-08-29,20.5017528534
2025-09-02,20.6277103424
2025-09-03,20.4823741913
2025-09-04,20.3467311859
2025-09-05,20.5211315155
2025-09-08,20.734287262
2025-09-09,20.8893089294
2025-09-10,20.9861984253
2025-09-11,21.3543796539
2025-09-12,21.238111496
2025-09-15,21.2962436676
2025-09-16,21.063709259
2025-09-17,21.121843338
2025-09-18,20.9183769226
2025-09-19,20.8021087646
2025-09-22,20.7149085999
2025-09-23,20.5211315155
2025-09-24,20.4242420197
2025-09-25,20.3467311859
2025-09-26,20.4533081055
2025-09-29,20.8311767578
2025-09-30,20.8796195984
2025-10-01,20.9958877563
2025-10-02,20.9280662537
2025-10-03,20.8893089294
2025-10-06,20.8699321747
2025-10-07,20.743976593
2025-10-08,20.8699321747
2025-10-09,20.8893089294
2025-10-10,20.0173072815
2025-10-13,20.4436206818
2025-10-14,20.4048633575
2025-10-15,20.4339313507
2025-10-16,20.3370418549
2025-10-17,20.5308208466
2025-10-20,20.7536659241
2025-10-21,20.6470870972
2025-10-22,20.3757972717
2025-10-23,20.559885025
2025-10-24,20.743976593
2025-10-27,20.9474449158
2025-10-28,21.1993541718
2025-10-29,21.2574901581
2025-10-30,20.7730426788
2025-10-31,20.8699321747
2025-11-03,21.3156223297
2025-11-04,21.179977417
2025-11-05,21.4028224945
2025-11-06,21.5094013214
2025-11-07,21.5869121552
2025-11-10,21.8775787354
2025-11-11,22.1101131439
2025-11-12,22.4201583862
2025-11-13,22.1779346466
2025-11-14,22.0616703033
2025-11-17,21.6644229889
2025-11-18,21.3931331635
2025-11-19,21.2090435028
2025-11-20,20.9668197632
2025-11-21,21.0249557495
2025-11-24,21.4415779114
2025-11-25,21.4609565735
2025-11-26,21.4706439972
2025-11-28,21.5481567383
2025-12-01,21.567533493
2025-12-02,21.4900226593
2025-12-03,21.5384674072
2025-12-04,21.3931331635
2025-12-05,21.3640651703
2025-12-08,21.1412220001
2025-12-09,21.0152664185
2025-12-10,21.1412220001
2025-12-11,21.2284221649
2025-12-12,21.189666748
2025-12-15,21.3350009918
2025-12-16,21.1399993896
2025-12-17,21.0699996948
2025-12-18,21.4400005341
2025-12-19,21.6100006104
2025-12-22,21.6399993896
2025-12-23,21.7099990845
2025-12-24,21.8099994659
2025-12-26,21.9099998474
2025-12-29,21.4599990845
2025-12-30,21.5300006866
2025-12-31,21.25
2026-01-02,21.8700008392
2026-01-05,21.9899997711
2026-01-06,22.2399997711
2026-01-07,22.0599994659
2026-01-08,22.1299991608
2026-01-09,22.3199996948
2026-01-12,22.5300006866
2026-01-13,22.3999996185
2026-01-14,22.4699993134
2026-01-15,22.8099994659
2026-01-16,22.5400009155
2026-01-20,22.2999992371
2026-01-21,22.6000003815
2026-01-22,22.6399993896
2026-01-23,22.6299991608
2026-01-26,22.8299999237
2026-01-27,23.2700004578
2026-01-28,23.5499992371
2026-01-29,23.7199993134
2026-01-30,23.3799991608
2026-02-02,23.25
2026-02-03,23.3700008392
2026-02-04,23.5
2026-02-05,23.3299999237
2026-02-06,23.6299991608
2026-02-09,23.7399997711
2026-02-10,23.6700000763
2026-02-11,23.7999992371
2026-02-12,23.3299999237
2026-02-13,23.1499996185
2026-02-17,23.4300003052
2026-02-18,23.5599994659
2026-02-19,23.5799999237
2026-02-20,23.7600002289
2026-02-23,23.7800006866
2026-02-24,23.9500007629
2026-02-25,23.8600006104
2026-02-26,23.8700008392
2026-02-27,24.2099990845
2026-03-02,23.9400005341
2026-03-03,23.5100002289
2026-03-04,23.3099994659
2026-03-05,23.1499996185
2026-03-06,23.1700000763
2026-03-09,23.1399993896
2026-03-10,23.3099994659
2026-03-11,23.3500003815
2026-03-12,22.8799991608
2026-03-13,22.7600002289
2026-03-16,23.0300006866
2026-03-17,22.9899997711
2026-03-18,22.6499996185
2026-03-19,22.8299999237
2026-03-20,22.3199996948
2026-03-23,22.3799991608
2026-03-24,22.5300006866
2026-03-25,23.0200004578
2026-03-26,22.5699996948
2026-03-27,22.3799991608
2026-03-30,22.3799991608
2026-03-31,23.0900001526
2026-04-01,23.25
2026-04-02,23.1599998474
2026-04-06,23.2700004578
2026-04-07,23.25
2026-04-08,23.7700004578
2026-04-09,23.8400001526
2026-04-10,23.8799991608
2026-04-13,23.7199993134
2026-04-14,23.8700008392
2026-04-15,23.6100006104
2026-04-16,23.3899993896
2026-04-17,23.4699993134
2026-04-20,23.5200004578
2026-04-21,23.2800006866
2026-04-22,23.5
2026-04-23,23.2600002289
2026-04-24,23.3600006104
2026-04-27,23.3299999237
2026-04-28,23.2700004578
2026-04-29,23.3299999237
2026-04-30,23.7199993134
2026-05-01,23.7800006866
2026-05-04,23.4400005341
2026-05-05,23.7099990845
2026-05-06,24.3899993896
2026-05-07,24.3400001526
2026-05-08,24.2800006866
2026-05-11,24.3199996948
2026-05-12,24.1800003052
2026-05-13,24.5499992371
2026-05-14,24.4200000763
2026-05-15,24.0599994659
2026-05-18,23.9699993134
2026-05-19,23.6499996185
2026-05-20,23.8799991608
2026-05-21,23.8299999237
2026-05-22,23.4899997711
2026-05-26,23.3400001526
2026-05-27,23.1000003815
2026-05-28,23.0699996948
2026-05-29,23.1100006104
2026-06-01,23.0100002289
2026-06-02,23.1700000763
2026-06-03,22.8099994659
2026-06-04,22.5200004578
2026-06-05,21.8199996948
2026-06-08,21.8500003815
2026-06-09,21.5900001526
2026-06-10,21.3799991608
2026-06-11,21.8799991608
