date,value
1996-03-18,38.6630096436
1996-03-19,38.5025749207
1996-03-20,38.5025749207
1996-03-21,39.4651298523
1996-03-22,39.3047218323
1996-03-25,39.6255683899
1996-03-26,39.6255683899
1996-03-27,39.9464111328
1996-03-28,39.9464111328
1996-03-29,40.2672729492
1996-04-01,40.2672729492
1996-04-02,40.5881347656
1996-04-03,40.2672729492
1996-04-04,40.4277038574
1996-04-08,39.7859992981
1996-04-09,40.4277038574
1996-04-10,40.1068496704
1996-04-11,40.1068496704
1996-04-12,40.2672729492
1996-04-15,40.4277038574
1996-04-16,40.4277038574
1996-04-17,40.2672729492
1996-04-18,40.4277038574
1996-04-19,40.9089851379
1996-04-22,42.1924057007
1996-04-23,41.8715515137
1996-04-24,42.3528366089
1996-04-25,42.1924057007
1996-04-26,42.3528366089
1996-04-29,42.0319747925
1996-04-30,42.1924057007
1996-05-01,42.1924057007
1996-05-02,41.7111244202
1996-05-03,41.7111244202
1996-05-06,41.5506973267
1996-05-07,41.5506973267
1996-05-08,41.7111244202
1996-05-09,41.5506973267
1996-05-10,41.2298355103
1996-05-13,40.5881347656
1996-05-14,40.9089851379
1996-05-15,41.2298355103
1996-05-16,41.3902740479
1996-05-17,41.0694198608
1996-05-20,40.9089851379
1996-05-21,40.7485618591
1996-05-22,40.5881347656
1996-05-23,40.2672729492
1996-05-24,40.1068496704
1996-05-28,40.1068496704
1996-05-29,40.1068496704
1996-05-30,40.2672729492
1996-05-31,40.2672729492
1996-06-03,39.6255683899
1996-06-04,39.9464111328
1996-06-05,39.7859992981
1996-06-06,39.7859992981
1996-06-07,39.4651298523
1996-06-10,39.4651298523
1996-06-11,39.6255683899
1996-06-12,40.1068496704
1996-06-13,40.2672729492
1996-06-14,40.4277038574
1996-06-17,40.2672729492
1996-06-18,40.7485618591
1996-06-19,40.9089851379
1996-06-20,41.0694198608
1996-06-21,41.3902740479
1996-06-24,40.7485618591
1996-06-25,40.5881347656
1996-06-26,40.7485618591
1996-06-27,40.7485618591
1996-06-28,40.7485618591
1996-07-01,40.5881347656
1996-07-02,40.1068496704
1996-07-03,40.1068496704
1996-07-05,39.3047218323
1996-07-08,38.9838600159
1996-07-09,39.1442718506
1996-07-10,38.9838600159
1996-07-11,38.5025749207
1996-07-12,38.6630096436
1996-07-15,38.3421401978
1996-07-16,38.5025749207
1996-07-17,38.6630096436
1996-07-18,39.3047218323
1996-07-19,38.8234291077
1996-07-22,38.3421401978
1996-07-23,38.6630096436
1996-07-24,37.5400085449
1996-07-25,38.0213088989
1996-07-26,38.3421401978
1996-07-29,38.0213088989
1996-07-30,38.3421401978
1996-07-31,38.8234291077
1996-08-01,38.8234291077
1996-08-02,38.8234291077
1996-08-05,38.9838600159
1996-08-06,38.3421401978
1996-08-07,38.0213088989
1996-08-08,37.8608665466
1996-08-09,37.7004394531
1996-08-12,37.8608665466
1996-08-13,38.0213088989
1996-08-14,38.1817131042
1996-08-15,38.1817131042
1996-08-16,37.8608665466
1996-08-19,38.1817131042
1996-08-20,37.8608665466
1996-08-21,38.3421401978
1996-08-22,38.5025749207
1996-08-23,38.3421401978
1996-08-26,38.0213088989
1996-08-27,37.7004394531
1996-08-28,37.5400085449
1996-08-29,37.2191467285
1996-08-30,36.7378692627
1996-09-03,36.2565917969
1996-09-04,36.5774497986
1996-09-05,36.7378692627
1996-09-06,36.7378692627
1996-09-09,36.7378692627
1996-09-10,36.8983001709
1996-09-11,36.7378692627
1996-09-12,36.7378692627
1996-09-13,37.0587234497
1996-09-16,37.3795928955
1996-09-17,37.8608665466
1996-09-18,37.5400085449
1996-09-19,37.8608665466
1996-09-20,37.5400085449
1996-09-23,37.2191467285
1996-09-24,37.7004394531
1996-09-25,37.8608665466
1996-09-26,37.8608665466
1996-09-27,38.1817131042
1996-09-30,38.0213088989
1996-10-01,38.0213088989
1996-10-02,37.7004394531
1996-10-03,37.5400085449
1996-10-04,37.3795928955
1996-10-07,37.2191467285
1996-10-08,36.5774497986
1996-10-09,36.4170150757
1996-10-10,36.7378692627
1996-10-11,36.8983001709
1996-10-14,36.8983001709
1996-10-15,37.5400085449
1996-10-16,37.3795928955
1996-10-17,37.5400085449
1996-10-18,37.8608665466
1996-10-21,36.4170150757
1996-10-22,36.5774497986
1996-10-23,36.2565917969
1996-10-24,36.5774497986
1996-10-25,36.096157074
1996-10-28,35.9357299805
1996-10-29,35.7753105164
1996-10-30,35.6148986816
1996-10-31,35.454460144
1996-11-01,35.7753105164
1996-11-04,35.7753105164
1996-11-05,35.454460144
1996-11-06,36.2565917969
1996-11-07,36.2565917969
1996-11-08,36.7378692627
1996-11-11,36.7378692627
1996-11-12,36.7378692627
1996-11-13,36.4170150757
1996-11-14,36.5774497986
1996-11-15,36.7378692627
1996-11-18,36.2565917969
1996-11-19,36.2565917969
1996-11-20,36.5774497986
1996-11-21,36.5774497986
1996-11-22,37.0587234497
1996-11-25,37.0587234497
1996-11-26,36.8983001709
1996-11-27,36.7378692627
1996-11-29,36.2565917969
1996-12-02,35.454460144
1996-12-03,35.454460144
1996-12-04,35.6148986816
1996-12-05,36.5774497986
1996-12-06,35.454460144
1996-12-09,35.7753105164
1996-12-10,35.6148986816
1996-12-11,34.6523170471
1996-12-12,34.9731712341
1996-12-13,34.8127555847
1996-12-16,34.6523170471
1996-12-17,34.6523170471
1996-12-18,34.491897583
1996-12-19,34.0106124878
1996-12-20,34.1710319519
1996-12-23,34.0106124878
1996-12-24,33.2084693909
1996-12-26,33.6897506714
1996-12-27,33.3689002991
1996-12-30,33.529335022
1996-12-31,33.529335022
1997-01-02,33.529335022
1997-01-03,33.529335022
1997-01-06,34.0106124878
1997-01-07,33.3689002991
1997-01-08,32.8876152039
1997-01-09,31.9250545502
1997-01-10,30.481212616
1997-01-13,31.1229114532
1997-01-14,31.1229114532
1997-01-15,31.2833404541
1997-01-16,31.4437789917
1997-01-17,31.2833404541
1997-01-20,30.3207759857
1997-01-21,30.8020591736
1997-01-22,30.8020591736
1997-01-23,30.160358429
1997-01-24,29.8394927979
1997-01-27,29.0373573303
1997-01-28,29.8394927979
1997-01-29,29.5186309814
1997-01-30,29.3582134247
1997-01-31,30.160358429
1997-02-03,30.160358429
1997-02-04,29.9999198914
1997-02-05,29.5186309814
1997-02-06,29.1977787018
1997-02-07,29.5186309814
1997-02-10,29.6790618896
1997-02-11,29.5186309814
1997-02-12,29.6790618896
1997-02-13,30.160358429
1997-02-14,29.9999198914
1997-02-18,29.8394927979
1997-02-19,29.9999198914
1997-02-20,30.9624919891
1997-02-21,31.4437789917
1997-02-24,31.2833404541
1997-02-25,31.4437789917
1997-02-26,30.481212616
1997-02-27,31.1229114532
1997-02-28,30.8020591736
1997-03-03,30.6416358948
1997-03-04,30.6416358948
1997-03-05,30.3207759857
1997-03-06,29.6790618896
1997-03-07,29.8394927979
1997-03-10,29.8394927979
1997-03-11,30.160358429
1997-03-12,29.6790618896
1997-03-13,28.8769340515
1997-03-14,29.0373573303
1997-03-17,29.1977787018
1997-03-18,29.8394927979
1997-03-19,30.160358429
1997-03-20,29.8394927979
1997-03-21,30.481212616
1997-03-24,29.8394927979
1997-03-25,30.3207759857
1997-03-26,30.481212616
1997-03-27,30.481212616
1997-03-31,29.5186309814
1997-04-01,30.160358429
1997-04-02,30.160358429
1997-04-03,30.3207759857
1997-04-04,29.6790618896
1997-04-07,29.3582134247
1997-04-08,29.3582134247
1997-04-09,29.0373573303
1997-04-10,28.8769340515
1997-04-11,28.5560798645
1997-04-14,28.5560798645
1997-04-15,29.0373573303
1997-04-16,29.5186309814
1997-04-17,29.5186309814
1997-04-18,29.8394927979
1997-04-21,30.481212616
1997-04-22,30.481212616
1997-04-23,30.481212616
1997-04-24,30.160358429
1997-04-25,30.160358429
1997-04-28,30.3207759857
1997-04-29,30.3207759857
1997-04-30,31.2833404541
1997-05-01,31.2833404541
1997-05-02,31.7646255493
1997-05-05,31.9250545502
1997-05-06,32.727191925
1997-05-07,32.4063301086
1997-05-08,32.8876152039
1997-05-09,33.2084693909
1997-05-12,34.491897583
1997-05-13,34.3314590454
1997-05-14,34.9731712341
1997-05-15,34.8127555847
1997-05-16,35.2940330505
1997-05-19,35.7753105164
1997-05-20,36.096157074
1997-05-21,35.454460144
1997-05-22,34.491897583
1997-05-23,35.133605957
1997-05-27,34.6523170471
1997-05-28,35.2940330505
1997-05-29,34.9731712341
1997-05-30,34.3314590454
1997-06-02,34.9731712341
1997-06-03,34.9731712341
1997-06-04,35.2940330505
1997-06-05,35.454460144
1997-06-06,35.7753105164
1997-06-09,35.9357299805
1997-06-10,36.4170150757
1997-06-11,36.8983001709
1997-06-12,36.2565917969
1997-06-13,36.2565917969
1997-06-16,36.8983001709
1997-06-17,36.5774497986
1997-06-18,36.096157074
1997-06-19,36.4170150757
1997-06-20,36.096157074
1997-06-23,35.6148986816
1997-06-24,35.9357299805
1997-06-25,37.2191467285
1997-06-26,37.3795928955
1997-06-27,36.7378692627
1997-06-30,36.2565917969
1997-07-01,36.2565917969
1997-07-02,36.2565917969
1997-07-03,36.7378692627
1997-07-07,36.096157074
1997-07-08,35.9357299805
1997-07-09,35.9357299805
1997-07-10,35.7753105164
1997-07-11,35.6148986816
1997-07-14,36.4170150757
1997-07-15,35.9357299805
1997-07-16,36.4170150757
1997-07-17,36.7378692627
1997-07-18,36.2565917969
1997-07-21,35.9357299805
1997-07-22,36.2565917969
1997-07-23,36.2565917969
1997-07-24,35.9357299805
1997-07-25,36.2565917969
1997-07-28,35.9357299805
1997-07-29,35.6148986816
1997-07-30,35.6148986816
1997-07-31,35.7753105164
1997-08-01,34.6523170471
1997-08-04,34.6523170471
1997-08-05,33.6897506714
1997-08-06,34.6523170471
1997-08-07,34.3314590454
1997-08-08,35.2940330505
1997-08-11,34.3314590454
1997-08-12,34.491897583
1997-08-13,34.8127555847
1997-08-14,35.133605957
1997-08-15,34.491897583
1997-08-18,34.6523170471
1997-08-19,34.3314590454
1997-08-20,34.8127555847
1997-08-21,34.491897583
1997-08-22,33.3689002991
1997-08-25,33.2212524414
1997-08-26,33.7027130127
1997-08-27,33.0607643127
1997-08-28,32.25831604
1997-08-29,32.25831604
1997-09-02,31.7768497467
1997-09-03,32.4188041687
1997-09-04,32.4188041687
1997-09-05,32.7397918701
1997-09-08,32.4188041687
1997-09-09,33.0607643127
1997-09-10,32.5792999268
1997-09-11,31.9373378754
1997-09-12,31.7768497467
1997-09-15,31.9373378754
1997-09-16,31.7768497467
1997-09-17,31.4558773041
1997-09-18,31.616361618
1997-09-19,31.2953739166
1997-09-22,31.616361618
1997-09-23,31.4558773041
1997-09-24,32.4188041687
1997-09-25,32.4188041687
1997-09-26,31.4558773041
1997-09-29,31.7768497467
1997-09-30,31.9373378754
1997-10-01,32.25831604
1997-10-02,31.2953739166
1997-10-03,31.2953739166
1997-10-06,32.0978240967
1997-10-07,31.616361618
1997-10-08,31.616361618
1997-10-09,31.1348896027
1997-10-10,31.2953739166
1997-10-13,31.2953739166
1997-10-14,30.8139076233
1997-10-15,30.8139076233
1997-10-16,31.4558773041
1997-10-17,31.4558773041
1997-10-20,31.2953739166
1997-10-21,31.1348896027
1997-10-22,31.2953739166
1997-10-23,29.6904850006
1997-10-24,29.8509807587
1997-10-27,28.246088028
1997-10-28,29.6904850006
1997-10-29,29.0485305786
1997-10-30,28.8880462646
1997-10-31,28.8880462646
1997-11-03,29.5299911499
1997-11-04,28.5670681
1997-11-05,28.4065723419
1997-11-06,28.246088028
1997-11-07,26.4807052612
1997-11-10,26.4807052612
1997-11-11,26.4807052612
1997-11-12,25.3572883606
1997-11-13,25.8387432098
1997-11-14,26.4807052612
1997-11-17,27.6041316986
1997-11-18,27.12266922
1997-11-19,26.4807052612
1997-11-20,27.7646217346
1997-11-21,27.2831554413
1997-11-24,26.8016910553
1997-11-25,26.9621658325
1997-11-26,27.12266922
1997-11-28,26.9621658325
1997-12-01,27.6041316986
1997-12-02,27.2831554413
1997-12-03,27.2831554413
1997-12-04,26.8016910553
1997-12-05,26.4807052612
1997-12-08,26.4807052612
1997-12-09,26.8016910553
1997-12-10,26.8016910553
1997-12-11,26.1597309113
1997-12-12,25.9992370605
1997-12-15,26.4807052612
1997-12-16,25.8387432098
1997-12-17,26.9621658325
1997-12-18,26.1597309113
1997-12-19,25.3572883606
1997-12-22,25.0363025665
1997-12-23,24.7178649902
1997-12-24,25.1993808746
1997-12-26,25.0388698578
1997-12-29,25.3598918915
1997-12-30,25.3598918915
1997-12-31,25.3598918915
1998-01-02,25.3598918915
1998-01-05,24.7178649902
1998-01-06,24.7178649902
1998-01-07,25.5203895569
1998-01-08,25.0388698578
1998-01-09,24.3968372345
1998-01-12,24.2363452911
1998-01-13,24.7178649902
1998-01-14,25.1993808746
1998-01-15,25.0388698578
1998-01-16,27.2859516144
1998-01-20,27.7674636841
1998-01-21,27.2859516144
1998-01-22,27.606967926
1998-01-23,28.5699996948
1998-01-26,29.0515174866
1998-01-27,29.2120113373
1998-01-28,29.5330181122
1998-01-29,29.0515174866
1998-01-30,28.4094829559
1998-02-02,29.0515174866
1998-02-03,28.8910083771
1998-02-04,28.8910083771
1998-02-05,29.2120113373
1998-02-06,29.3725261688
1998-02-09,29.6935386658
1998-02-10,29.6935386658
1998-02-11,29.6935386658
1998-02-12,29.2120113373
1998-02-13,28.5699996948
1998-02-17,28.4094829559
1998-02-18,27.9279727936
1998-02-19,27.4464530945
1998-02-20,27.1254501343
1998-02-23,26.964931488
1998-02-24,26.4834213257
1998-02-25,26.80443573
1998-02-26,28.088470459
1998-02-27,28.7304992676
1998-03-02,28.8910083771
1998-03-03,28.8910083771
1998-03-04,28.2489833832
1998-03-05,27.9279727936
1998-03-06,28.7304992676
1998-03-09,27.7674636841
1998-03-10,27.7674636841
1998-03-11,27.2859516144
1998-03-12,27.1254501343
1998-03-13,27.7674636841
1998-03-16,27.4464530945
1998-03-17,27.2859516144
1998-03-18,26.964931488
1998-03-19,26.6439266205
1998-03-20,27.1254501343
1998-03-23,26.80443573
1998-03-24,26.4834213257
1998-03-25,26.80443573
1998-03-26,27.7674636841
1998-03-27,27.2859516144
1998-03-30,26.4834213257
1998-03-31,25.5203895569
1998-04-01,25.6808891296
1998-04-02,24.8783626556
1998-04-03,25.0388698578
1998-04-06,25.5203895569
1998-04-07,25.6808891296
1998-04-08,26.80443573
1998-04-09,27.1254501343
1998-04-13,27.1254501343
1998-04-14,27.2859516144
1998-04-15,26.964931488
1998-04-16,26.0019035339
1998-04-17,26.1624107361
1998-04-20,26.1624107361
1998-04-21,26.3229160309
1998-04-22,26.4834213257
1998-04-23,26.6439266205
1998-04-24,26.80443573
1998-04-27,25.0388698578
1998-04-28,25.8413925171
1998-04-29,26.0019035339
1998-04-30,26.4834213257
1998-05-01,26.3229160309
1998-05-04,26.1624107361
1998-05-05,26.3229160309
1998-05-06,25.5203895569
1998-05-07,25.3598918915
1998-05-08,25.3598918915
1998-05-11,25.6808891296
1998-05-12,25.3598918915
1998-05-13,25.0388698578
1998-05-14,25.3598918915
1998-05-15,25.1993808746
1998-05-18,25.0388698578
1998-05-19,25.3598918915
1998-05-20,25.3598918915
1998-05-21,25.6808891296
1998-05-22,25.3598918915
1998-05-26,25.0388698578
1998-05-27,25.0388698578
1998-05-28,25.0388698578
1998-05-29,24.8783626556
1998-06-01,24.0758342743
1998-06-02,24.3968372345
1998-06-03,24.3968372345
1998-06-04,24.5573501587
1998-06-05,24.2363452911
1998-06-08,23.9153289795
1998-06-09,24.0758342743
1998-06-10,23.5943202972
1998-06-11,22.7917881012
1998-06-12,22.7917881012
1998-06-15,21.8287601471
1998-06-16,22.6312866211
1998-06-17,25.0388698578
1998-06-18,24.5573501587
1998-06-19,25.3598918915
1998-06-22,24.3968372345
1998-06-23,23.7548332214
1998-06-24,23.7548332214
1998-06-25,23.4338264465
1998-06-26,23.5943202972
1998-06-29,23.7548332214
1998-06-30,25.1993808746
1998-07-01,26.4834213257
1998-07-02,25.1993808746
1998-07-06,24.8783626556
1998-07-07,25.3598918915
1998-07-08,25.5203895569
1998-07-09,24.7178649902
1998-07-10,24.8783626556
1998-07-13,25.0388698578
1998-07-14,25.6808891296
1998-07-15,25.5203895569
1998-07-16,26.3229160309
1998-07-17,26.3229160309
1998-07-20,26.3229160309
1998-07-21,25.6808891296
1998-07-22,24.8783626556
1998-07-23,24.3968372345
1998-07-24,24.8783626556
1998-07-27,24.0758342743
1998-07-28,24.0758342743
1998-07-29,24.2363452911
1998-07-30,24.3968372345
1998-07-31,24.2363452911
1998-08-03,23.2733097076
1998-08-04,22.9523048401
1998-08-05,24.0758342743
1998-08-06,23.9153289795
1998-08-07,23.1128063202
1998-08-10,22.7917881012
1998-08-11,21.9892692566
1998-08-12,22.3102760315
1998-08-13,22.470790863
1998-08-14,21.8287601471
1998-08-17,21.8287601471
1998-08-18,22.6312866211
1998-08-19,22.7917881012
1998-08-20,22.6312866211
1998-08-21,22.470790863
1998-08-24,22.1497707367
1998-08-25,22.1780509949
1998-08-26,21.85663414
1998-08-27,20.8923721313
1998-08-28,20.4102401733
1998-08-31,20.2495307922
1998-09-01,22.3387641907
1998-09-02,22.3387641907
1998-09-03,22.6601886749
1998-09-04,22.1780509949
1998-09-08,23.9458751678
1998-09-09,22.6601886749
1998-09-10,22.6601886749
1998-09-11,22.6601886749
1998-09-14,22.6601886749
1998-09-15,22.4994812012
1998-09-16,21.85663414
1998-09-17,22.0173397064
1998-09-18,22.1780509949
1998-09-21,21.5352230072
1998-09-22,21.2137928009
1998-09-23,21.85663414
1998-09-24,21.85663414
1998-09-25,21.5352230072
1998-09-28,21.5352230072
1998-09-29,21.85663414
1998-09-30,20.5709571838
1998-10-01,19.7673931122
1998-10-02,20.7316627502
1998-10-05,19.9281082153
1998-10-06,20.8923721313
1998-10-07,23.6244525909
1998-10-08,22.3387641907
1998-10-09,23.4637432098
1998-10-12,24.106584549
1998-10-13,23.4637432098
1998-10-14,23.3030338287
1998-10-15,24.4280052185
1998-10-16,23.9458751678
1998-10-19,24.9101352692
1998-10-20,25.3922672272
1998-10-21,26.1958236694
1998-10-22,25.8743915558
1998-10-23,25.0708446503
1998-10-26,24.9101352692
1998-10-27,24.588716507
1998-10-28,24.4280052185
1998-10-29,24.7494258881
1998-10-30,24.9101352692
1998-11-02,26.8386688232
1998-11-03,26.8386688232
1998-11-04,27.1600818634
1998-11-05,26.6779518127
1998-11-06,26.1958236694
1998-11-09,25.0708446503
1998-11-10,24.9101352692
1998-11-11,25.3922672272
1998-11-12,25.0708446503
1998-11-13,25.2315597534
1998-11-16,25.8743915558
1998-11-17,25.7136859894
1998-11-18,25.2315597534
1998-11-19,26.3565311432
1998-11-20,26.6779518127
1998-11-23,27.1600818634
1998-11-24,26.6779518127
1998-11-25,26.6779518127
1998-11-27,26.6779518127
1998-11-30,25.7136859894
1998-12-01,26.1958236694
1998-12-02,26.1958236694
1998-12-03,26.0351066589
1998-12-04,26.3565311432
1998-12-07,26.0351066589
1998-12-08,26.0351066589
1998-12-09,26.9993743896
1998-12-10,26.6779518127
1998-12-11,26.517250061
1998-12-14,25.8743915558
1998-12-15,26.0351066589
1998-12-16,26.0351066589
1998-12-17,26.3565311432
1998-12-18,26.6779518127
1998-12-21,26.517250061
1998-12-22,25.5777854919
1998-12-23,25.5777854919
1998-12-24,25.2560482025
1998-12-28,25.5777854919
1998-12-29,25.8995075226
1998-12-30,26.0603790283
1998-12-31,26.3821105957
1999-01-04,26.2212467194
1999-01-05,26.0603790283
1999-01-06,26.3821105957
1999-01-07,26.5429840088
1999-01-08,26.5429840088
1999-01-11,26.2212467194
1999-01-12,25.5777854919
1999-01-13,25.4169139862
1999-01-14,25.5777854919
1999-01-15,26.2212467194
1999-01-19,25.8995075226
1999-01-20,26.5429840088
1999-01-21,26.7038497925
1999-01-22,26.2212467194
1999-01-25,26.5429840088
1999-01-26,27.1864471436
1999-01-27,26.7038497925
1999-01-28,26.7038497925
1999-01-29,27.0255775452
1999-02-01,26.8647117615
1999-02-02,27.1864471436
1999-02-03,27.0255775452
1999-02-04,26.8647117615
1999-02-05,26.3821105957
1999-02-08,26.3821105957
1999-02-09,26.0603790283
1999-02-10,26.0603790283
1999-02-11,26.0603790283
1999-02-12,26.3821105957
1999-02-16,26.2212467194
1999-02-17,25.5777854919
1999-02-18,25.5777854919
1999-02-19,25.2560482025
1999-02-22,25.7386436462
1999-02-23,25.7386436462
1999-02-24,25.2560482025
1999-02-25,26.0603790283
1999-02-26,26.0603790283
1999-03-01,25.7386436462
1999-03-02,25.0951805115
1999-03-03,25.0951805115
1999-03-04,25.0951805115
1999-03-05,26.2212467194
1999-03-08,26.5429840088
1999-03-09,27.1864471436
1999-03-10,27.8299121857
1999-03-11,28.4733695984
1999-03-12,28.4733695984
1999-03-15,28.9559803009
1999-03-16,29.5994415283
1999-03-17,30.2429103851
1999-03-18,30.0820579529
1999-03-19,30.2429103851
1999-03-22,30.2429103851
1999-03-23,29.2777080536
1999-03-24,29.5994415283
1999-03-25,30.4037685394
1999-03-26,29.5994415283
1999-03-29,30.0820579529
1999-03-30,29.7603149414
1999-03-31,29.5994415283
1999-04-01,30.5646381378
1999-04-05,30.4037685394
1999-04-06,31.0472450256
1999-04-07,30.8863582611
1999-04-08,31.368976593
1999-04-09,31.0472450256
1999-04-12,30.8863582611
1999-04-13,31.0472450256
1999-04-14,31.8515758514
1999-04-15,31.6907157898
1999-04-16,31.8515758514
1999-04-19,31.208108902
1999-04-20,31.5298480988
1999-04-21,31.0472450256
1999-04-22,31.0472450256
1999-04-23,31.368976593
1999-04-26,31.5298480988
1999-04-27,31.8515758514
1999-04-28,31.6907157898
1999-04-29,31.6907157898
1999-04-30,30.8863582611
1999-05-03,31.368976593
1999-05-04,31.368976593
1999-05-05,31.208108902
1999-05-06,31.8515758514
1999-05-07,31.5298480988
1999-05-10,31.6907157898
1999-05-11,31.368976593
1999-05-12,31.0472450256
1999-05-13,30.5646381378
1999-05-14,30.2429103851
1999-05-17,29.1168479919
1999-05-18,29.2777080536
1999-05-19,28.9559803009
1999-05-20,28.9559803009
1999-05-21,28.6342411041
1999-05-24,28.7951049805
1999-05-25,28.9559803009
1999-05-26,29.5994415283
1999-05-27,28.6342411041
1999-05-28,29.1168479919
1999-06-01,30.0820579529
1999-06-02,30.0820579529
1999-06-03,29.5994415283
1999-06-04,29.5994415283
1999-06-07,30.0820579529
1999-06-08,30.4037685394
1999-06-09,30.5646381378
1999-06-10,31.368976593
1999-06-11,32.3341827393
1999-06-14,31.6907157898
1999-06-15,32.0124435425
1999-06-16,32.0124435425
1999-06-17,32.4950294495
1999-06-18,32.0124435425
1999-06-21,32.0124435425
1999-06-22,32.0124435425
1999-06-23,31.368976593
1999-06-24,31.5298480988
1999-06-25,31.5298480988
1999-06-28,31.6907157898
1999-06-29,32.1733207703
1999-06-30,32.1733207703
1999-07-01,32.8167877197
1999-07-02,32.9776382446
1999-07-06,32.8167877197
1999-07-07,32.9776382446
1999-07-08,32.6559028625
1999-07-09,32.3341827393
1999-07-12,32.9776382446
1999-07-13,32.9776382446
1999-07-14,33.6211090088
1999-07-15,33.9428443909
1999-07-16,33.9428443909
1999-07-19,34.425453186
1999-07-20,33.7819862366
1999-07-21,34.1037139893
1999-07-22,32.9776382446
1999-07-23,32.8167877197
1999-07-26,32.6559028625
1999-07-27,33.4602432251
1999-07-28,33.6211090088
1999-07-29,33.7819862366
1999-07-30,34.5863075256
1999-08-02,34.425453186
1999-08-03,34.425453186
1999-08-04,33.9428443909
1999-08-05,33.7819862366
1999-08-06,32.9776382446
1999-08-09,32.9776382446
1999-08-10,32.8167877197
1999-08-11,33.138507843
1999-08-12,33.4602432251
1999-08-13,33.9428443909
1999-08-16,34.2645874023
1999-08-17,34.747177124
1999-08-18,34.5863075256
1999-08-19,35.2297706604
1999-08-20,36.677570343
1999-08-23,36.5167045593
1999-08-24,36.0341186523
1999-08-25,35.6789321899
1999-08-26,35.1945915222
1999-08-27,35.0331687927
1999-08-30,35.5174865723
1999-08-31,34.5488395691
1999-09-01,36.0018157959
1999-09-02,34.8717155457
1999-09-03,35.6789321899
1999-09-07,34.8717155457
1999-09-08,35.1945915222
1999-09-09,36.3247108459
1999-09-10,36.1632652283
1999-09-13,36.9704780579
1999-09-14,36.4861450195
1999-09-15,36.9704780579
1999-09-16,36.4861450195
1999-09-17,36.4861450195
1999-09-20,36.8090286255
1999-09-21,36.3247108459
1999-09-22,36.1632652283
1999-09-23,35.8403739929
1999-09-24,35.0331687927
1999-09-27,35.1945915222
1999-09-28,35.6789321899
1999-09-29,35.3560523987
1999-09-30,36.0018157959
1999-10-01,36.8090286255
1999-10-04,36.9704780579
1999-10-05,36.1632652283
1999-10-06,36.6475906372
1999-10-07,36.4861450195
1999-10-08,36.8090286255
1999-10-11,36.9704780579
1999-10-12,37.1319198608
1999-10-13,36.0018157959
1999-10-14,37.1319198608
1999-10-15,36.3247108459
1999-10-18,35.6789321899
1999-10-19,36.1632652283
1999-10-20,36.6475906372
1999-10-21,36.4861450195
1999-10-22,36.9704780579
1999-10-25,36.9704780579
1999-10-26,37.6162528992
1999-10-27,37.4547958374
1999-10-28,37.6162528992
1999-10-29,38.2620201111
1999-11-01,37.7776985168
1999-11-02,37.9391479492
1999-11-03,38.4234657288
1999-11-04,38.584903717
1999-11-05,38.4234657288
1999-11-08,38.2620201111
1999-11-09,38.2620201111
1999-11-10,38.9077987671
1999-11-11,38.584903717
1999-11-12,38.7463531494
1999-11-15,38.584903717
1999-11-16,38.4234657288
1999-11-17,38.584903717
1999-11-18,39.2306900024
1999-11-19,39.3921318054
1999-11-22,40.0378952026
1999-11-23,39.876449585
1999-11-24,39.876449585
1999-11-26,40.6836624146
1999-11-29,40.3607788086
1999-11-30,39.3921318054
1999-12-01,39.3921318054
1999-12-02,39.5535812378
1999-12-03,40.1993331909
1999-12-06,39.3921318054
1999-12-07,39.715007782
1999-12-08,39.0692367554
1999-12-09,39.5535812378
1999-12-10,39.715007782
1999-12-13,39.0692367554
1999-12-14,38.584903717
1999-12-15,38.7463531494
1999-12-16,39.2306900024
1999-12-17,39.3921318054
1999-12-20,39.715007782
1999-12-21,39.513381958
1999-12-22,40.4890136719
1999-12-23,40.8142356873
1999-12-27,40.4890136719
1999-12-28,41.4646492004
1999-12-29,42.1150894165
1999-12-30,42.1150894165
1999-12-31,42.4402999878
2000-01-03,42.1150894165
2000-01-04,40.9768371582
2000-01-05,39.8386001587
2000-01-06,38.2125282288
2000-01-07,39.0255622864
2000-01-10,39.6759986877
2000-01-11,39.3507728577
2000-01-12,39.0255622864
2000-01-13,39.6759986877
2000-01-14,40.0011940002
2000-01-18,39.6759986877
2000-01-19,39.3507728577
2000-01-20,39.0255622864
2000-01-21,38.862953186
2000-01-24,38.7003479004
2000-01-25,39.1881637573
2000-01-26,39.6759986877
2000-01-27,39.3507728577
2000-01-28,39.0255622864
2000-01-31,40.0011940002
2000-02-01,40.0011940002
2000-02-02,40.3264122009
2000-02-03,40.9768371582
2000-02-04,41.6272621155
2000-02-07,40.9768371582
2000-02-08,40.3264122009
2000-02-09,40.3264122009
2000-02-10,40.3264122009
2000-02-11,40.0011940002
2000-02-14,40.6516151428
2000-02-15,39.3507728577
2000-02-16,39.1881637573
2000-02-17,39.513381958
2000-02-18,38.862953186
2000-02-22,38.2125282288
2000-02-23,37.8873176575
2000-02-24,38.0499267578
2000-02-25,38.5377349854
2000-02-28,39.1881637573
2000-02-29,39.513381958
2000-03-01,40.3264122009
2000-03-02,39.513381958
2000-03-03,39.8386001587
2000-03-06,38.3751373291
2000-03-07,38.862953186
2000-03-08,39.513381958
2000-03-09,39.1881637573
2000-03-10,38.862953186
2000-03-13,36.9116744995
2000-03-14,37.5620994568
2000-03-15,38.0499267578
2000-03-16,39.513381958
2000-03-17,39.0255622864
2000-03-20,39.3507728577
2000-03-21,39.1881637573
2000-03-22,38.862953186
2000-03-23,38.862953186
2000-03-24,38.862953186
2000-03-27,39.3507728577
2000-03-28,40.3264122009
2000-03-29,41.6272621155
2000-03-30,41.3020515442
2000-03-31,42.9281196594
2000-04-03,42.4402999878
2000-04-04,41.3020515442
2000-04-05,41.4646492004
2000-04-06,41.3020515442
2000-04-07,41.4646492004
2000-04-10,41.3020515442
2000-04-11,40.9768371582
2000-04-12,41.3020515442
2000-04-13,40.6516151428
2000-04-14,39.3507728577
2000-04-17,39.3507728577
2000-04-18,39.513381958
2000-04-19,39.1881637573
2000-04-20,39.8386001587
2000-04-24,39.6759986877
2000-04-25,40.8142356873
2000-04-26,40.0011940002
2000-04-27,39.513381958
2000-04-28,39.6759986877
2000-05-01,40.4890136719
2000-05-02,40.0011940002
2000-05-03,39.513381958
2000-05-04,40.0011940002
2000-05-05,40.0011940002
2000-05-08,39.6759986877
2000-05-09,39.1881637573
2000-05-10,38.862953186
2000-05-11,38.4157943726
2000-05-12,39.0255622864
2000-05-15,38.862953186
2000-05-16,39.0255622864
2000-05-17,38.0499267578
2000-05-18,38.2125282288
2000-05-19,37.724697113
2000-05-22,36.7490730286
2000-05-23,36.7490730286
2000-05-24,37.3994903564
2000-05-25,37.0742797852
2000-05-26,37.3994903564
2000-05-30,38.3751373291
2000-05-31,37.3994903564
2000-06-01,37.8873176575
2000-06-02,39.0255622864
2000-06-05,39.0255622864
2000-06-06,39.1881637573
2000-06-07,39.3507728577
2000-06-08,39.0255622864
2000-06-09,38.7003479004
2000-06-12,38.5377349854
2000-06-13,38.5377349854
2000-06-14,38.0499267578
2000-06-15,37.3994903564
2000-06-16,37.2368927002
2000-06-19,38.3751373291
2000-06-20,38.862953186
2000-06-21,39.0255622864
2000-06-22,39.3507728577
2000-06-23,38.7003479004
2000-06-26,38.7003479004
2000-06-27,39.1881637573
2000-06-28,39.6759986877
2000-06-29,42.1150894165
2000-06-30,39.513381958
2000-07-03,39.8386001587
2000-07-05,38.862953186
2000-07-06,39.1881637573
2000-07-07,39.3507728577
2000-07-10,39.513381958
2000-07-11,39.513381958
2000-07-12,39.1881637573
2000-07-13,38.3751373291
2000-07-14,38.3751373291
2000-07-17,38.2125282288
2000-07-18,37.0742797852
2000-07-19,36.7490730286
2000-07-20,37.5620994568
2000-07-21,36.4238586426
2000-07-24,35.7734222412
2000-07-25,36.2612457275
2000-07-26,35.9360389709
2000-07-27,35.2856140137
2000-07-28,34.309967041
2000-07-31,35.1230010986
2000-08-01,35.4482116699
2000-08-02,35.4482116699
2000-08-03,35.2856140137
2000-08-04,35.4482116699
2000-08-07,35.610824585
2000-08-08,35.4482116699
2000-08-09,35.7734222412
2000-08-10,35.610824585
2000-08-11,36.0986404419
2000-08-14,35.9360389709
2000-08-15,36.2612457275
2000-08-16,35.7734222412
2000-08-17,35.7734222412
2000-08-18,35.9360389709
2000-08-21,35.7734222412
2000-08-22,35.9360389709
2000-08-23,36.5864753723
2000-08-24,37.294719696
2000-08-25,37.6307067871
2000-08-28,38.1347007751
2000-08-29,37.9667053223
2000-08-30,37.1267318726
2000-08-31,37.4627113342
2000-09-01,37.7987098694
2000-09-05,36.6227416992
2000-09-06,36.6227416992
2000-09-07,36.9587364197
2000-09-08,36.7907409668
2000-09-11,36.2867660522
2000-09-12,35.9507751465
2000-09-13,35.7827720642
2000-09-14,35.7827720642
2000-09-15,35.4467964172
2000-09-18,35.6147842407
2000-09-19,36.2867660522
2000-09-20,36.4547538757
2000-09-21,36.1187591553
2000-09-22,35.7827720642
2000-09-25,35.4467964172
2000-09-26,35.6147842407
2000-09-27,35.1107940674
2000-09-28,35.6147842407
2000-09-29,35.6147842407
2000-10-02,35.6147842407
2000-10-03,36.1187591553
2000-10-04,36.2867660522
2000-10-05,36.1187591553
2000-10-06,35.6147842407
2000-10-09,35.6147842407
2000-10-10,35.6147842407
2000-10-11,34.7748069763
2000-10-12,34.2708282471
2000-10-13,35.1107940674
2000-10-16,34.7748069763
2000-10-17,34.1028442383
2000-10-18,33.5988502502
2000-10-19,34.4388275146
2000-10-20,34.1028442383
2000-10-23,34.2708282471
2000-10-24,34.1028442383
2000-10-25,33.5988502502
2000-10-26,33.7668380737
2000-10-27,34.2708282471
2000-10-30,33.4308624268
2000-10-31,34.1028442383
2000-11-01,33.9348335266
2000-11-02,34.6068000793
2000-11-03,35.1107940674
2000-11-06,35.2787971497
2000-11-07,35.1107940674
2000-11-08,34.7748069763
2000-11-09,34.2708282471
2000-11-10,33.5988502502
2000-11-13,33.4308624268
2000-11-14,34.1028442383
2000-11-15,33.5988502502
2000-11-16,32.5908927917
2000-11-17,32.926864624
2000-11-20,32.2548980713
2000-11-21,31.9189090729
2000-11-22,31.4149169922
2000-11-24,31.5829124451
2000-11-27,32.086894989
2000-11-28,31.9189090729
2000-11-29,31.7509078979
2000-11-30,31.5829124451
2000-12-01,32.5908927917
2000-12-04,32.086894989
2000-12-05,32.086894989
2000-12-06,32.086894989
2000-12-07,31.7509078979
2000-12-08,31.7509078979
2000-12-11,32.7588691711
2000-12-12,32.2548980713
2000-12-13,31.9189090729
2000-12-14,31.9189090729
2000-12-15,31.0789394379
2000-12-18,31.246925354
2000-12-19,30.4069709778
2000-12-20,30.9301223755
2000-12-21,30.7533798218
2000-12-22,31.2836036682
2000-12-26,31.1068611145
2000-12-27,31.4603500366
2000-12-28,31.4603500366
2000-12-29,31.2836036682
2001-01-02,31.1068611145
2001-01-03,32.5208129883
2001-01-04,30.9301223755
2001-01-05,30.7533798218
2001-01-08,30.9301223755
2001-01-09,30.7533798218
2001-01-10,30.5766429901
2001-01-11,29.6929168701
2001-01-12,29.6929168701
2001-01-16,30.2231521606
2001-01-17,30.7533798218
2001-01-18,31.637096405
2001-01-19,31.1068611145
2001-01-22,31.2836036682
2001-01-23,31.2836036682
2001-01-24,30.9301223755
2001-01-25,30.9301223755
2001-01-26,30.5766429901
2001-01-29,31.191696167
2001-01-30,31.3048248291
2001-01-31,31.1068611145
2001-02-01,31.2199878693
2001-02-02,30.7957992554
2001-02-05,30.6261329651
2001-02-06,30.5978469849
2001-02-07,30.117105484
2001-02-08,30.0605430603
2001-02-09,30.117105484
2001-02-12,30.0605430603
2001-02-13,30.2019290924
2001-02-14,29.9474220276
2001-02-15,30.399887085
2001-02-16,29.6929168701
2001-02-20,29.8343200684
2001-02-21,29.4949626923
2001-02-22,29.5798034668
2001-02-23,30.1736621857
2001-02-26,30.3150596619
2001-02-27,29.9757175446
2001-02-28,29.7777576447
2001-03-01,29.3818492889
2001-03-02,28.2789611816
2001-03-05,28.222410202
2001-03-06,29.0990562439
2001-03-07,29.0707874298
2001-03-08,29.0990562439
2001-03-09,28.4486446381
2001-03-12,27.5437107086
2001-03-13,27.7699432373
2001-03-14,25.9035320282
2001-03-15,27.2609233856
2001-03-16,27.1478157043
2001-03-19,27.4871616364
2001-03-20,27.2892055511
2001-03-21,28.6183185577
2001-03-22,28.2789611816
2001-03-23,29.6363582611
2001-03-26,30.399887085
2001-03-27,31.1634235382
2001-03-28,30.2019290924
2001-03-29,29.2970104218
2001-03-30,28.9576663971
2001-04-02,28.4486446381
2001-04-03,28.7597198486
2001-04-04,29.5515213013
2001-04-05,30.5412902832
2001-04-06,29.9191513062
2001-04-09,28.9011039734
2001-04-10,29.2970104218
2001-04-11,29.1273345947
2001-04-12,29.7494773865
2001-04-16,29.1556148529
2001-04-17,29.2687358856
2001-04-18,31.3613796234
2001-04-19,30.8806343079
2001-04-20,30.5130119324
2001-04-23,30.4564533234
2001-04-24,30.4847240448
2001-04-25,30.8240795135
2001-04-26,30.8240795135
2001-04-27,31.3613796234
2001-04-30,31.7290039062
2001-05-01,32.4925308228
2001-05-02,32.6056480408
2001-05-03,32.3794136047
2001-05-04,32.4642524719
2001-05-07,33.1146659851
2001-05-08,32.4642524719
2001-05-09,31.7007255554
2001-05-10,31.5876102448
2001-05-11,31.4462146759
2001-05-14,30.9371891022
2001-05-15,31.2199878693
2001-05-16,31.1351451874
2001-05-17,31.3048248291
2001-05-18,31.0785923004
2001-05-21,31.7855587006
2001-05-22,31.3048248291
2001-05-23,31.6724491119
2001-05-24,31.6724491119
2001-05-25,31.4462146759
2001-05-29,30.9089107513
2001-05-30,30.6826858521
2001-05-31,30.7957992554
2001-06-01,30.5978469849
2001-06-04,30.7109489441
2001-06-05,30.6261329651
2001-06-06,30.2019290924
2001-06-07,30.399887085
2001-06-08,30.3716220856
2001-06-11,29.6929168701
2001-06-12,29.2970104218
2001-06-13,29.2687358856
2001-06-14,28.9576663971
2001-06-15,28.5900344849
2001-06-18,28.6465930939
2001-06-19,28.4769248962
2001-06-20,28.5052070618
2001-06-21,29.1273345947
2001-06-22,28.9859428406
2001-06-25,28.7879924774
2001-06-26,28.8728313446
2001-06-27,28.7314338684
2001-06-28,28.8445453644
2001-06-29,28.9293861389
2001-07-02,28.8728313446
2001-07-03,28.7879924774
2001-07-05,27.8830471039
2001-07-06,27.1760959625
2001-07-09,27.5437107086
2001-07-10,27.2892055511
2001-07-11,27.4023246765
2001-07-12,28.165851593
2001-07-13,27.6851119995
2001-07-16,27.2892055511
2001-07-17,27.2043685913
2001-07-18,26.7519111633
2001-07-19,27.0064201355
2001-07-20,27.0346908569
2001-07-23,26.016658783
2001-07-24,26.0732097626
2001-07-25,26.8084640503
2001-07-26,26.4691143036
2001-07-27,26.978143692
2001-07-30,26.1014919281
2001-07-31,26.5822296143
2001-08-01,27.0629730225
2001-08-02,27.6851119995
2001-08-03,27.2892055511
2001-08-06,27.1195220947
2001-08-07,27.3740367889
2001-08-08,27.1195220947
2001-08-09,27.0346908569
2001-08-10,26.8650226593
2001-08-13,26.6953468323
2001-08-14,27.2326469421
2001-08-15,27.2326469421
2001-08-16,27.3174781799
2001-08-17,26.4691143036
2001-08-20,26.5822296143
2001-08-21,26.7236232758
2001-08-22,26.978143692
2001-08-23,26.4691143036
2001-08-24,26.8650226593
2001-08-27,26.6387863159
2001-08-28,26.3277187347
2001-08-29,25.9035320282
2001-08-30,25.4510707855
2001-08-31,25.8469829559
2001-09-04,25.3379516602
2001-09-05,24.8572120667
2001-09-06,24.5178623199
2001-09-07,24.461309433
2001-09-10,24.3199119568
2001-09-17,23.4432640076
2001-09-18,23.4998188019
2001-09-19,23.9240036011
2001-09-20,23.1322002411
2001-09-21,22.9059696198
2001-09-24,23.7543315887
2001-09-25,23.6129360199
2001-09-26,23.2735919952
2001-09-27,23.0190830231
2001-09-28,23.7543315887
2001-10-01,23.6129360199
2001-10-02,24.17852211
2001-10-03,24.4047546387
2001-10-04,24.3199119568
2001-10-05,24.0371208191
2001-10-08,24.1219654083
2001-10-09,23.6694946289
2001-10-10,23.952293396
2001-10-11,24.461309433
2001-10-12,24.461309433
2001-10-15,24.2350769043
2001-10-16,24.4330253601
2001-10-17,24.3481903076
2001-10-18,24.17852211
2001-10-19,24.2067928314
2001-10-22,24.4330253601
2001-10-23,24.461309433
2001-10-24,24.5178623199
2001-10-25,24.9703235626
2001-10-26,24.7158222198
2001-10-29,24.1219654083
2001-10-30,23.5281047821
2001-10-31,23.7260532379
2001-11-01,24.0371208191
2001-11-02,23.952293396
2001-11-05,24.1219654083
2001-11-06,24.5178623199
2001-11-07,23.6977825165
2001-11-08,23.952293396
2001-11-09,23.4998188019
2001-11-12,23.3018665314
2001-11-13,23.4715461731
2001-11-14,23.2170333862
2001-11-15,23.6412124634
2001-11-16,23.6129360199
2001-11-19,23.782617569
2001-11-20,23.782617569
2001-11-21,23.9805660248
2001-11-23,23.9805660248
2001-11-26,24.3764705658
2001-11-27,24.17852211
2001-11-28,23.6129360199
2001-11-29,23.5846614838
2001-11-30,23.6977825165
2001-12-03,23.1887531281
2001-12-04,23.2735919952
2001-12-05,23.9240036011
2001-12-06,23.7260532379
2001-12-07,23.2170333862
2001-12-10,22.3969421387
2001-12-11,22.5948963165
2001-12-12,22.8776836395
2001-12-13,22.283826828
2001-12-14,22.3686676025
2001-12-17,22.0293159485
2001-12-18,22.1989917755
2001-12-19,22.0858745575
2001-12-20,22.057598114
2001-12-21,22.0858745575
2001-12-24,21.8596439362
2001-12-26,21.5485744476
2001-12-27,21.6899681091
2001-12-28,22.1989917755
2001-12-31,21.8030815125
2002-01-02,21.9162025452
2002-01-03,22.453496933
2002-01-04,22.8211326599
2002-01-07,22.4252243042
2002-01-08,21.944480896
2002-01-09,21.831363678
2002-01-10,21.6051292419
2002-01-11,21.3506240845
2002-01-14,21.0678348541
2002-01-15,21.209230423
2002-01-16,20.9547080994
2002-01-17,21.1526679993
2002-01-18,21.2375049591
2002-01-22,20.7002048492
2002-01-23,20.5870933533
2002-01-24,20.3608551025
2002-01-25,20.5588111877
2002-01-28,20.7850399017
2002-01-29,20.2194595337
2002-01-30,20.3608551025
2002-01-31,20.1911792755
2002-02-01,19.9366722107
2002-02-04,19.5690402985
2002-02-05,19.0883045197
2002-02-06,18.975189209
2002-02-07,19.5407676697
2002-02-08,20.0497913361
2002-02-11,20.2194595337
2002-02-12,20.3608551025
2002-02-13,20.7284832001
2002-02-14,20.7002048492
2002-02-15,20.5588111877
2002-02-19,19.7670001984
2002-02-20,20.0497913361
2002-02-21,20.3891410828
2002-02-22,20.7284832001
2002-02-25,20.8981590271
2002-02-26,20.5588111877
2002-02-27,21.0678348541
2002-02-28,21.1243915558
2002-03-01,22.057598114
2002-03-04,23.3301525116
2002-03-05,22.9059696198
2002-03-06,23.5846614838
2002-03-07,24.3199119568
2002-03-08,24.2067928314
2002-03-11,24.5178623199
2002-03-12,23.8674545288
2002-03-13,23.1887531281
2002-03-14,23.4715461731
2002-03-15,24.0936813354
2002-03-18,23.2453117371
2002-03-19,23.8674545288
2002-03-20,23.2170333862
2002-03-21,23.2735919952
2002-03-22,22.7080097198
2002-03-25,22.4817790985
2002-03-26,22.5948963165
2002-03-27,22.7080097198
2002-03-28,23.0190830231
2002-04-01,22.2555503845
2002-04-02,22.2555503845
2002-04-03,22.679731369
2002-04-04,23.0473632812
2002-04-05,23.2735919952
2002-04-08,22.9625225067
2002-04-09,22.792848587
2002-04-10,23.2453117371
2002-04-11,22.5666179657
2002-04-12,22.6231784821
2002-04-15,22.5666179657
2002-04-16,23.3301525116
2002-04-17,23.3584289551
2002-04-18,23.5563812256
2002-04-19,23.5281047821
2002-04-22,23.6694946289
2002-04-23,23.8391742706
2002-04-24,23.6694946289
2002-04-25,23.9805660248
2002-04-26,23.8674545288
2002-04-29,23.7260532379
2002-04-30,23.8674545288
2002-05-01,24.0371208191
2002-05-02,24.0936813354
2002-05-03,24.1219654083
2002-05-06,23.8674545288
2002-05-07,23.5281047821
2002-05-08,24.17852211
2002-05-09,23.782617569
2002-05-10,23.7260532379
2002-05-13,23.952293396
2002-05-14,23.952293396
2002-05-15,23.9240036011
2002-05-16,24.5178623199
2002-05-17,25.0834465027
2002-05-20,25.2531242371
2002-05-21,25.1682796478
2002-05-22,25.7055854797
2002-05-23,25.7055854797
2002-05-24,25.6490192413
2002-05-28,25.4510707855
2002-05-29,25.2814006805
2002-05-30,25.4510707855
2002-05-31,25.3379516602
2002-06-03,25.4510707855
2002-06-04,25.2814006805
2002-06-05,25.1965560913
2002-06-06,24.574426651
2002-06-07,24.8289337158
2002-06-10,24.574426651
2002-06-11,24.461309433
2002-06-12,24.2067928314
2002-06-13,23.8108959198
2002-06-14,23.5563812256
2002-06-17,23.5563812256
2002-06-18,23.2453117371
2002-06-19,22.4817790985
2002-06-20,22.7362918854
2002-06-21,22.5383358002
2002-06-24,22.9059696198
2002-06-25,22.9908046722
2002-06-26,22.8494052887
2002-06-27,23.3867034912
2002-06-28,23.8391742706
2002-07-01,23.5563812256
2002-07-02,23.5281047821
2002-07-03,24.2067928314
2002-07-05,24.574426651
2002-07-08,24.3199119568
2002-07-09,24.5178623199
2002-07-10,24.17852211
2002-07-11,24.0371208191
2002-07-12,24.0654029846
2002-07-15,23.8391742706
2002-07-16,23.3301525116
2002-07-17,23.8108959198
2002-07-18,23.8108959198
2002-07-19,23.1887531281
2002-07-22,23.1887531281
2002-07-23,22.9908046722
2002-07-24,23.6412124634
2002-07-25,22.7080097198
2002-07-26,22.1141490936
2002-07-29,22.679731369
2002-07-30,22.5948963165
2002-07-31,22.2272701263
2002-08-01,21.6899681091
2002-08-02,21.9162025452
2002-08-05,21.6334056854
2002-08-06,21.7465343475
2002-08-07,22.3121032715
2002-08-08,22.283826828
2002-08-09,22.5100593567
2002-08-12,22.1424255371
2002-08-13,22.001039505
2002-08-14,22.792848587
2002-08-15,22.9059696198
2002-08-16,22.6231784821
2002-08-19,22.3403911591
2002-08-20,21.831363678
2002-08-21,22.057598114
2002-08-22,22.3121032715
2002-08-23,22.1141490936
2002-08-26,22.679731369
2002-08-27,22.5666179657
2002-08-28,22.1424255371
2002-08-29,21.9727592468
2002-08-30,22.0858745575
2002-09-03,20.9829959869
2002-09-04,21.0961093903
2002-09-05,20.8415985107
2002-09-06,21.209230423
2002-09-09,21.1243915558
2002-09-10,21.0395507812
2002-09-11,21.0961093903
2002-09-12,20.9547080994
2002-09-13,20.5588111877
2002-09-16,20.4174156189
2002-09-17,20.7567672729
2002-09-18,21.71824646
2002-09-19,21.2940654755
2002-09-20,21.0112705231
2002-09-23,20.5022506714
2002-09-24,20.1629066467
2002-09-25,20.4456939697
2002-09-26,20.8415985107
2002-09-27,20.8981590271
2002-09-30,20.7284832001
2002-10-01,20.8698768616
2002-10-02,20.0215072632
2002-10-03,19.8801174164
2002-10-04,19.7952747345
2002-10-07,19.0317440033
2002-10-08,19.2862567902
2002-10-09,18.5792751312
2002-10-10,18.9469146729
2002-10-11,19.371099472
2002-10-14,19.2579784393
2002-10-15,20.1911792755
2002-10-16,19.484210968
2002-10-17,19.9649505615
2002-10-18,19.7104358673
2002-10-21,19.9366722107
2002-10-22,19.0600204468
2002-10-23,19.371099472
2002-10-24,19.0600204468
2002-10-25,19.484210968
2002-10-28,19.484210968
2002-10-29,19.4276542664
2002-10-30,19.7952747345
2002-10-31,19.5407676697
2002-11-01,19.9083976746
2002-11-04,19.993227005
2002-11-05,20.3608551025
2002-11-06,20.3891410828
2002-11-07,19.9649505615
2002-11-08,19.7670001984
2002-11-11,19.3145332336
2002-11-12,19.484210968
2002-11-13,19.3428134918
2002-11-14,19.371099472
2002-11-15,19.653881073
2002-11-18,19.0600204468
2002-11-19,18.7772331238
2002-11-20,19.2579784393
2002-11-21,19.5973262787
2002-11-22,19.5407676697
2002-11-25,19.9083976746
2002-11-26,19.653881073
2002-11-27,20.1063461304
2002-11-29,20.2477359772
2002-12-02,20.0780696869
2002-12-03,19.8801174164
2002-12-04,19.5124931335
2002-12-05,19.3145332336
2002-12-06,19.484210968
2002-12-09,19.2579784393
2002-12-10,19.3993701935
2002-12-11,19.2862567902
2002-12-12,19.371099472
2002-12-13,19.2579784393
2002-12-16,19.371099472
2002-12-17,19.2297019958
2002-12-18,18.6923999786
2002-12-19,18.975189209
2002-12-20,19.1731395721
2002-12-23,19.0883045197
2002-12-24,19.2297019958
2002-12-26,19.5124931335
2002-12-27,19.4276542664
2002-12-30,19.7387199402
2002-12-31,19.653881073
2003-01-02,20.0215072632
2003-01-03,19.993227005
2003-01-06,20.3608551025
2003-01-07,19.7104358673
2003-01-08,19.4559307098
2003-01-09,19.7670001984
2003-01-10,19.5690402985
2003-01-13,19.5690402985
2003-01-14,19.9366722107
2003-01-15,20.1063461304
2003-01-16,20.3043022156
2003-01-17,20.1911792755
2003-01-21,20.1346321106
2003-01-22,20.0780696869
2003-01-23,20.5022506714
2003-01-24,20.2477359772
2003-01-27,19.8518333435
2003-01-28,19.7670001984
2003-01-29,19.484210968
2003-01-30,19.1731395721
2003-01-31,19.1448669434
2003-02-03,19.3993701935
2003-02-04,19.4276542664
2003-02-05,19.5124931335
2003-02-06,19.371099472
2003-02-07,19.2297019958
2003-02-10,19.2297019958
2003-02-11,19.371099472
2003-02-12,19.484210968
2003-02-13,19.653881073
2003-02-14,19.8518333435
2003-02-18,20.1063461304
2003-02-19,19.7670001984
2003-02-20,19.7670001984
2003-02-21,19.7952747345
2003-02-24,19.7387199402
2003-02-25,19.4559307098
2003-02-26,19.3145332336
2003-02-27,19.3993701935
2003-02-28,19.3428134918
2003-03-03,19.4276542664
2003-03-04,19.3428134918
2003-03-05,19.3145332336
2003-03-06,19.1165828705
2003-03-07,18.8055171967
2003-03-10,18.3813304901
2003-03-11,18.2116603851
2003-03-12,18.4378890991
2003-03-13,18.6923999786
2003-03-14,18.4378890991
2003-03-17,18.5510044098
2003-03-18,18.3530578613
2003-03-19,18.2682094574
2003-03-20,18.6641197205
2003-03-21,18.975189209
2003-03-24,18.8337917328
2003-03-25,18.9186229706
2003-03-26,19.0600204468
2003-03-27,18.8903503418
2003-03-28,18.8903503418
2003-03-31,18.2682094574
2003-04-01,18.4944438934
2003-04-02,18.7206821442
2003-04-03,18.3247680664
2003-04-04,18.3813304901
2003-04-07,18.6358375549
2003-04-08,18.3247680664
2003-04-09,18.2964935303
2003-04-10,18.1550960541
2003-04-11,17.8440303802
2003-04-14,17.7591934204
2003-04-15,17.7874698639
2003-04-16,17.8723106384
2003-04-17,18.0137004852
2003-04-21,18.0985431671
2003-04-22,18.0985431671
2003-04-23,17.9854183197
2003-04-24,17.8723106384
2003-04-25,17.6460781097
2003-04-28,17.7026386261
2003-04-29,17.7874698639
2003-04-30,18.1268215179
2003-05-01,18.183380127
2003-05-02,18.5792751312
2003-05-05,18.7206821442
2003-05-06,19.0600204468
2003-05-07,19.2014217377
2003-05-08,18.9186229706
2003-05-09,19.1165828705
2003-05-12,19.3428134918
2003-05-13,19.2579784393
2003-05-14,19.371099472
2003-05-15,19.2014217377
2003-05-16,19.1731395721
2003-05-19,18.6358375549
2003-05-20,18.8620738983
2003-05-21,18.6923999786
2003-05-22,19.0317440033
2003-05-23,19.2297019958
2003-05-27,19.1731395721
2003-05-28,19.0034675598
2003-05-29,19.0883045197
2003-05-30,19.2014217377
2003-06-02,19.3993701935
2003-06-03,19.5690402985
2003-06-04,19.7387199402
2003-06-05,19.8801174164
2003-06-06,19.993227005
2003-06-09,20.0215072632
2003-06-10,20.1911792755
2003-06-11,20.5305347443
2003-06-12,20.5022506714
2003-06-13,20.3325805664
2003-06-16,20.3891410828
2003-06-17,20.5870933533
2003-06-18,20.7284832001
2003-06-19,20.5588111877
2003-06-20,20.6719245911
2003-06-23,20.8415985107
2003-06-24,20.4174156189
2003-06-25,20.2760219574
2003-06-26,20.5022506714
2003-06-27,20.4739742279
2003-06-30,20.5588111877
2003-07-01,21.0961093903
2003-07-02,22.1424255371
2003-07-03,21.9162025452
2003-07-07,22.9342422485
2003-07-08,22.9059696198
2003-07-09,22.8494052887
2003-07-10,22.5100593567
2003-07-11,22.170715332
2003-07-14,22.3969421387
2003-07-15,22.283826828
2003-07-16,21.8030815125
2003-07-17,21.2375049591
2003-07-18,21.6051292419
2003-07-21,21.378900528
2003-07-22,21.492017746
2003-07-23,21.661693573
2003-07-24,21.6051292419
2003-07-25,22.001039505
2003-07-28,22.057598114
2003-07-29,21.7748069763
2003-07-30,21.3223438263
2003-07-31,21.492017746
2003-08-01,21.2375049591
2003-08-04,21.1243915558
2003-08-05,20.8698768616
2003-08-06,20.9547080994
2003-08-07,21.1526679993
2003-08-08,21.1243915558
2003-08-11,21.492017746
2003-08-12,21.6051292419
2003-08-13,21.8030815125
2003-08-14,22.1989917755
2003-08-15,22.283826828
2003-08-18,22.679731369
2003-08-19,23.0756378174
2003-08-20,23.0756378174
2003-08-21,23.4432640076
2003-08-22,23.3301525116
2003-08-25,23.1322002411
2003-08-26,23.4715461731
2003-08-27,23.4432640076
2003-08-28,23.3018665314
2003-08-29,23.4715461731
2003-09-02,24.6027011871
2003-09-03,24.6309833527
2003-09-04,24.3199119568
2003-09-05,24.0088443756
2003-09-08,24.3764705658
2003-09-09,24.6027011871
2003-09-10,24.2067928314
2003-09-11,24.2633609772
2003-09-12,24.6309833527
2003-09-15,24.4895839691
2003-09-16,25.6490192413
2003-09-17,25.3945159912
2003-09-18,25.9318141937
2003-09-19,25.6207466125
2003-09-22,25.1682796478
2003-09-23,25.366230011
2003-09-24,24.9420528412
2003-09-25,24.574426651
2003-09-26,24.8572120667
2003-09-29,25.1117267609
2003-09-30,24.7723789215
2003-10-01,25.7904186249
2003-10-02,26.2994422913
2003-10-03,26.7801837921
2003-10-06,26.6387863159
2003-10-07,26.7236232758
2003-10-08,26.2711620331
2003-10-09,26.4408435822
2003-10-10,26.9498538971
2003-10-13,27.0629730225
2003-10-14,27.3740367889
2003-10-15,26.8650226593
2003-10-16,27.0912513733
2003-10-17,27.0064201355
2003-10-20,27.2609233856
2003-10-21,27.4023246765
2003-10-22,26.4973964691
2003-10-23,25.6207466125
2003-10-24,25.5924663544
2003-10-27,26.016658783
2003-10-28,26.5822296143
2003-10-29,26.6953468323
2003-10-30,26.6387863159
2003-10-31,26.1297645569
2003-11-03,26.3842754364
2003-11-04,26.7801837921
2003-11-05,26.6105098724
2003-11-06,25.9318141937
2003-11-07,26.1863250732
2003-11-10,25.9600868225
2003-11-11,25.3379516602
2003-11-12,25.8752555847
2003-11-13,25.8752555847
2003-11-14,25.366230011
2003-11-17,24.6027011871
2003-11-18,24.4895839691
2003-11-19,24.5461425781
2003-11-20,24.3199119568
2003-11-21,24.574426651
2003-11-24,25.0834465027
2003-11-25,24.9986076355
2003-11-26,25.2531242371
2003-11-28,25.3379516602
2003-12-01,26.1014919281
2003-12-02,25.8752555847
2003-12-03,26.0732097626
2003-12-04,26.1297645569
2003-12-05,25.9318141937
2003-12-08,25.8187007904
2003-12-09,25.5359115601
2003-12-10,25.1400051117
2003-12-11,25.5359115601
2003-12-12,25.8187007904
2003-12-15,25.7338638306
2003-12-16,25.9318141937
2003-12-17,25.6490192413
2003-12-18,26.0449352264
2003-12-19,25.9318141937
2003-12-22,26.2768974304
2003-12-23,26.4183177948
2003-12-24,26.0506057739
2003-12-26,26.616312027
2003-12-29,26.8425941467
2003-12-30,27.1537399292
2003-12-31,27.266872406
2004-01-02,27.4365882874
2004-01-05,28.0022907257
2004-01-06,27.747718811
2004-01-07,27.5214366913
2004-01-08,27.747718811
2004-01-09,27.5214366913
2004-01-12,27.7194309235
2004-01-13,27.2951564789
2004-01-14,27.4931564331
2004-01-15,27.2951564789
2004-01-16,27.7194309235
2004-01-20,27.8325748444
2004-01-21,27.8608608246
2004-01-22,28.0871372223
2004-01-23,27.6345729828
2004-01-26,28.0871372223
2004-01-27,27.6911449432
2004-01-28,27.1537399292
2004-01-29,27.3234443665
2004-01-30,27.3234443665
2004-02-02,27.4931564331
2004-02-03,27.3517227173
2004-02-04,26.5597496033
2004-02-05,26.8143119812
2004-02-06,27.1254444122
2004-02-09,26.8143119812
2004-02-10,27.0405826569
2004-02-11,27.2103099823
2004-02-12,26.9557361603
2004-02-13,27.1537399292
2004-02-17,27.606294632
2004-02-18,27.3234443665
2004-02-19,27.2103099823
2004-02-20,26.8991699219
2004-02-23,27.0688781738
2004-02-24,26.7577495575
2004-02-25,26.6728782654
2004-02-26,26.786026001
2004-02-27,27.4648704529
2004-03-01,28.3134212494
2004-03-02,28.0022907257
2004-03-03,27.9174308777
2004-03-04,27.8608608246
2004-03-05,27.9457168579
2004-03-08,27.8608608246
2004-03-09,27.8325748444
2004-03-10,27.5497188568
2004-03-11,26.9840221405
2004-03-12,27.578004837
2004-03-15,27.5214366913
2004-03-16,28.0305747986
2004-03-17,29.077123642
2004-03-18,29.3316917419
2004-03-19,28.8225574493
2004-03-22,28.3699989319
2004-03-23,28.8508415222
2004-03-24,29.4731140137
2004-03-25,30.3216743469
2004-03-26,30.6328010559
2004-03-29,30.8590908051
2004-03-30,30.5762386322
2004-03-31,30.7459487915
2004-04-01,31.0853672028
2004-04-02,31.339931488
2004-04-05,31.4530754089
2004-04-06,31.3116416931
2004-04-07,31.0288047791
2004-04-08,30.8873691559
2004-04-12,31.5379314423
2004-04-13,30.9439506531
2004-04-14,30.3782310486
2004-04-15,29.9539661407
2004-04-16,30.349943161
2004-04-19,29.8125362396
2004-04-20,29.9822483063
2004-04-21,30.2085323334
2004-04-22,30.5479545593
2004-04-23,30.349943161
2004-04-26,30.3216743469
2004-04-27,30.0671024323
2004-04-28,29.1619796753
2004-04-29,29.077123642
2004-04-30,28.6811332703
2004-05-03,28.6528434753
2004-05-04,29.1054058075
2004-05-05,29.5014019012
2004-05-06,28.5679912567
2004-05-07,27.7194309235
2004-05-10,25.9657535553
2004-05-11,26.5031681061
2004-05-12,26.870885849
2004-05-13,26.3334732056
2004-05-14,25.9657535553
2004-05-17,25.286907196
2004-05-18,25.9940357208
2004-05-19,26.616312027
2004-05-20,26.786026001
2004-05-21,27.2385864258
2004-05-24,27.2103099823
2004-05-25,27.7194309235
2004-05-26,27.5214366913
2004-05-27,28.0305747986
2004-05-28,28.2568511963
2004-06-01,28.0871372223
2004-06-02,28.2851371765
2004-06-03,27.4648704529
2004-06-04,27.8042850494
2004-06-07,28.9356918335
2004-06-08,28.8225574493
2004-06-09,28.2002887726
2004-06-10,28.9356918335
2004-06-14,28.2568511963
2004-06-15,28.9639816284
2004-06-16,28.9356918335
2004-06-17,28.907409668
2004-06-18,28.907409668
2004-06-21,29.1336936951
2004-06-22,29.2468318939
2004-06-23,29.3599700928
2004-06-24,29.7276821136
2004-06-25,29.7276821136
2004-06-28,29.8973865509
2004-06-29,29.8973865509
2004-06-30,30.0388069153
2004-07-01,29.5014019012
2004-07-02,29.3316917419
2004-07-06,28.3699989319
2004-07-07,28.6245613098
2004-07-08,28.1437034607
2004-07-09,28.8508415222
2004-07-12,28.879119873
2004-07-13,29.4731140137
2004-07-14,28.7659835815
2004-07-15,28.4548511505
2004-07-16,28.6245613098
2004-07-19,28.7376976013
2004-07-20,28.7942714691
2004-07-21,28.0588531494
2004-07-22,28.3699989319
2004-07-23,27.6911449432
2004-07-26,27.8325748444
2004-07-27,27.8042850494
2004-07-28,27.606294632
2004-07-29,27.5214366913
2004-07-30,27.8325748444
2004-08-02,28.0022907257
2004-08-03,27.776008606
2004-08-04,27.5214366913
2004-08-05,26.870885849
2004-08-06,26.7294521332
2004-08-09,26.9840221405
2004-08-10,27.2103099823
2004-08-11,27.4365882874
2004-08-12,27.0123081207
2004-08-13,26.7011699677
2004-08-16,26.9840221405
2004-08-17,26.9557361603
2004-08-18,27.3517227173
2004-08-19,27.3800067902
2004-08-20,27.9174308777
2004-08-23,27.5497188568
2004-08-24,27.9739952087
2004-08-25,28.2002887726
2004-08-26,28.0871372223
2004-08-27,28.1720027924
2004-08-30,28.0305747986
2004-08-31,28.2285614014
2004-09-01,28.1720027924
2004-09-02,28.3982772827
2004-09-03,27.606294632
2004-09-07,28.6528434753
2004-09-08,28.3982772827
2004-09-09,28.0871372223
2004-09-10,28.0588531494
2004-09-13,28.1437034607
2004-09-14,28.3982772827
2004-09-15,27.747718811
2004-09-16,27.8608608246
2004-09-17,27.747718811
2004-09-20,27.6911449432
2004-09-21,27.8608608246
2004-09-22,27.2385864258
2004-09-23,27.1537399292
2004-09-24,27.0971660614
2004-09-27,26.8143119812
2004-09-28,26.9840221405
2004-09-29,27.0405826569
2004-09-30,27.4365882874
2004-10-01,28.0588531494
2004-10-04,28.2285614014
2004-10-05,28.0871372223
2004-10-06,28.3417129517
2004-10-07,27.9739952087
2004-10-08,28.1720027924
2004-10-11,28.3699989319
2004-10-12,28.0305747986
2004-10-13,27.776008606
2004-10-14,27.4365882874
2004-10-15,27.606294632
2004-10-18,27.8042850494
2004-10-19,27.8325748444
2004-10-20,27.6628684998
2004-10-21,27.8891468048
2004-10-22,27.5214366913
2004-10-25,27.6345729828
2004-10-26,27.6628684998
2004-10-27,28.0871372223
2004-10-28,28.0588531494
2004-10-29,28.0871372223
2004-11-01,28.0022907257
2004-11-02,28.3417129517
2004-11-03,28.5679912567
2004-11-04,28.9639816284
2004-11-05,29.0205497742
2004-11-08,28.7942714691
2004-11-09,28.6811332703
2004-11-10,28.3134212494
2004-11-11,28.4548511505
2004-11-12,28.907409668
2004-11-15,29.3599700928
2004-11-16,29.1902618408
2004-11-17,29.5862503052
2004-11-18,29.4731140137
2004-11-19,29.1619796753
2004-11-22,29.077123642
2004-11-23,28.9922637939
2004-11-24,29.1054058075
2004-11-26,29.3316917419
2004-11-29,29.3882598877
2004-11-30,29.1619796753
2004-12-01,29.5579776764
2004-12-02,29.6711044312
2004-12-03,29.7559642792
2004-12-06,29.4448204041
2004-12-07,28.9639816284
2004-12-08,29.1902618408
2004-12-09,28.7376976013
2004-12-10,28.4831314087
2004-12-13,28.7376976013
2004-12-14,28.8508415222
2004-12-15,28.9922637939
2004-12-16,28.9356918335
2004-12-17,29.1902618408
2004-12-20,29.3882598877
2004-12-21,29.6993980408
2004-12-22,29.7842464447
2004-12-23,29.9915771484
2004-12-27,30.1335792542
2004-12-28,30.7299995422
2004-12-29,30.3607883453
2004-12-30,30.6448001862
2004-12-31,31.0140151978
2005-01-03,30.6448001862
2005-01-04,30.1335792542
2005-01-05,30.105178833
2005-01-06,30.105178833
2005-01-07,29.9347743988
2005-01-10,30.1619758606
2005-01-11,30.588010788
2005-01-12,30.7584152222
2005-01-13,30.5027980804
2005-01-14,30.8152160645
2005-01-18,30.8720092773
2005-01-19,30.3039951324
2005-01-20,29.7643756866
2005-01-21,30.0767765045
2005-01-24,30.105178833
2005-01-25,29.8779830933
2005-01-26,30.3607883453
2005-01-27,30.1619758606
2005-01-28,30.0767765045
2005-01-31,30.0767765045
2005-02-01,30.2471847534
2005-02-02,30.3607883453
2005-02-03,29.9347743988
2005-02-04,30.0483798981
2005-02-07,29.9631767273
2005-02-08,29.7927627563
2005-02-09,29.6223659515
2005-02-10,29.8779830933
2005-02-11,30.105178833
2005-02-14,30.3891963959
2005-02-15,30.5312023163
2005-02-16,30.105178833
2005-02-17,29.9347743988
2005-02-18,30.2471847534
2005-02-22,30.1903877258
2005-02-23,29.9631767273
2005-02-24,30.0483798981
2005-02-25,30.3891963959
2005-02-28,30.7016124725
2005-03-01,30.9288215637
2005-03-02,30.7867965698
2005-03-03,30.7016124725
2005-03-04,31.1844272614
2005-03-07,31.1276226044
2005-03-08,30.9856128693
2005-03-09,31.0992183685
2005-03-10,31.3264255524
2005-03-11,31.3832321167
2005-03-14,31.0140151978
2005-03-15,30.8720092773
2005-03-16,30.8720092773
2005-03-17,30.9004135132
2005-03-18,31.042432785
2005-03-21,30.9288215637
2005-03-22,30.7299995422
2005-03-23,30.5027980804
2005-03-24,30.4175930023
2005-03-28,30.4175930023
2005-03-29,29.5087566376
2005-03-30,29.7359619141
2005-03-31,29.7927627563
2005-04-01,29.707567215
2005-04-04,29.6791706085
2005-04-05,30.0199756622
2005-04-06,30.0199756622
2005-04-07,30.1335792542
2005-04-08,30.0483798981
2005-04-11,29.9631767273
2005-04-12,29.9631767273
2005-04-13,29.6223659515
2005-04-14,29.1963481903
2005-04-15,28.5999164581
2005-04-18,28.2307167053
2005-04-19,28.7987270355
2005-04-20,28.3727169037
2005-04-21,28.9691352844
2005-04-22,28.770324707
2005-04-25,29.1963481903
2005-04-26,28.7419242859
2005-04-27,28.9123401642
2005-04-28,28.5999164581
2005-04-29,29.1111450195
2005-05-02,29.2815494537
2005-05-03,29.2247562408
2005-05-04,29.6507701874
2005-05-05,29.6791706085
2005-05-06,29.7359619141
2005-05-09,29.6791706085
2005-05-10,29.3099422455
2005-05-11,29.4519672394
2005-05-12,28.8555259705
2005-05-13,28.5999164581
2005-05-16,28.6567211151
2005-05-17,28.5431213379
2005-05-18,28.7419242859
2005-05-19,28.8555259705
2005-05-20,28.5715255737
2005-05-23,28.9691352844
2005-05-24,28.8555259705
2005-05-25,28.4863262177
2005-05-26,28.6851291656
2005-05-27,28.8555259705
2005-05-31,28.7419242859
2005-06-01,28.9123401642
2005-06-02,29.1111450195
2005-06-03,28.883939743
2005-06-06,29.1679515839
2005-06-07,29.2531528473
2005-06-08,29.2247562408
2005-06-09,29.0543403625
2005-06-10,28.9123401642
2005-06-13,28.6851291656
2005-06-14,28.7987270355
2005-06-15,28.9123401642
2005-06-16,29.1963481903
2005-06-17,29.395154953
2005-06-20,29.0543403625
2005-06-21,29.395154953
2005-06-22,29.2815494537
2005-06-23,29.0827465057
2005-06-24,29.0259399414
2005-06-27,28.9123401642
2005-06-28,29.1111450195
2005-06-29,28.9407348633
2005-06-30,28.7987270355
2005-07-01,28.7987270355
2005-07-05,28.9691352844
2005-07-06,28.6567211151
2005-07-07,28.6567211151
2005-07-08,29.0543403625
2005-07-11,29.1111450195
2005-07-12,29.2247562408
2005-07-13,28.883939743
2005-07-14,28.9407348633
2005-07-15,29.0259399414
2005-07-18,28.9975376129
2005-07-19,29.0543403625
2005-07-20,28.9691352844
2005-07-21,29.5087566376
2005-07-22,29.1395435333
2005-07-25,28.9691352844
2005-07-26,28.7987270355
2005-07-27,29.1395435333
2005-07-28,29.3099422455
2005-07-29,29.1111450195
2005-08-01,29.3667602539
2005-08-02,29.7359619141
2005-08-03,29.6507701874
2005-08-04,29.3383579254
2005-08-05,28.883939743
2005-08-08,28.9407348633
2005-08-09,29.4519672394
2005-08-10,30.3323802948
2005-08-11,31.1560344696
2005-08-12,31.0992183685
2005-08-15,31.4684391022
2005-08-16,30.9856128693
2005-08-17,31.2696247101
2005-08-18,30.9572181702
2005-08-19,31.0140151978
2005-08-22,31.8944568634
2005-08-23,31.6388397217
2005-08-24,31.4400405884
2005-08-25,31.5252399445
2005-08-26,31.4116401672
2005-08-29,31.3832321167
2005-08-30,31.2128257751
2005-08-31,31.6104488373
2005-09-01,31.8944568634
2005-09-02,32.1216621399
2005-09-06,32.405670166
2005-09-07,32.1500587463
2005-09-08,31.7808456421
2005-09-09,32.8316917419
2005-09-12,32.8600959778
2005-09-13,32.5760803223
2005-09-14,32.462474823
2005-09-15,33.0020942688
2005-09-16,33.1725006104
2005-09-19,32.8316917419
2005-09-20,33.1156997681
2005-09-21,33.3429069519
2005-09-22,33.3997154236
2005-09-23,33.2861175537
2005-09-26,33.8257293701
2005-09-27,33.6269187927
2005-09-28,34.1949501038
2005-09-29,35.1889801025
2005-09-30,34.6209602356
2005-10-03,34.4505577087
2005-10-04,34.3085517883
2005-10-05,33.7121200562
2005-10-06,33.0020942688
2005-10-07,33.3997154236
2005-10-10,33.2861175537
2005-10-11,33.9393310547
2005-10-12,33.7405319214
2005-10-13,33.9393310547
2005-10-14,34.1949501038
2005-10-17,33.6269187927
2005-10-18,33.1441040039
2005-10-19,33.4281044006
2005-10-20,32.6612892151
2005-10-21,33.0872955322
2005-10-24,33.3429069519
2005-10-25,33.4565162659
2005-10-26,33.5985145569
2005-10-27,33.541721344
2005-10-28,33.9677352905
2005-10-31,34.3937568665
2005-11-01,34.7345542908
2005-11-02,34.9617652893
2005-11-03,35.1037750244
2005-11-04,34.8197631836
2005-11-07,35.1605682373
2005-11-08,35.075378418
2005-11-09,34.8765716553
2005-11-10,34.7061538696
2005-11-11,35.0469779968
2005-11-14,34.5925674438
2005-11-15,34.1665496826
2005-11-16,34.5641441345
2005-11-17,35.4445838928
2005-11-18,35.6434020996
2005-11-21,35.8706130981
2005-11-22,35.7570152283
2005-11-23,36.0126190186
2005-11-25,35.5582046509
2005-11-28,35.728603363
2005-11-29,35.7570152283
2005-11-30,35.3877906799
2005-12-01,36.2114295959
2005-12-02,36.183013916
2005-12-05,36.4102363586
2005-12-06,36.6942481995
2005-12-07,36.552230835
2005-12-08,35.9558029175
2005-12-09,36.7226409912
2005-12-12,37.375869751
2005-12-13,37.6882896423
2005-12-14,37.4894676208
2005-12-15,37.2054595947
2005-12-16,37.7166824341
2005-12-19,37.6030769348
2005-12-20,37.9722900391
2005-12-21,38.5119056702
2005-12-22,38.8527183533
2005-12-23,38.9325904846
2005-12-27,38.1054382324
2005-12-28,38.7899856567
2005-12-29,38.8185081482
2005-12-30,38.561794281
2006-01-03,39.7882423401
2006-01-04,40.159034729
2006-01-05,39.8738098145
2006-01-06,40.472782135
2006-01-09,40.6724281311
2006-01-10,39.9308624268
2006-01-11,40.3586883545
2006-01-12,40.0734672546
2006-01-13,40.1305084229
2006-01-17,38.9040527344
2006-01-18,37.7631874084
2006-01-19,38.7899856567
2006-01-20,37.6776237488
2006-01-23,38.2480545044
2006-01-24,38.9040527344
2006-01-25,38.561794281
2006-01-26,39.4459838867
2006-01-27,40.3301696777
2006-01-30,40.1305084229
2006-01-31,39.987903595
2006-02-01,39.8738098145
2006-02-02,39.2748527527
2006-02-03,39.6171073914
2006-02-06,39.531539917
2006-02-07,39.2463340759
2006-02-08,39.0181465149
2006-02-09,38.9040527344
2006-02-10,38.7329368591
2006-02-13,37.9057846069
2006-02-14,38.8185081482
2006-02-15,38.3336219788
2006-02-16,38.7614517212
2006-02-17,37.9343223572
2006-02-21,38.0198860168
2006-02-22,38.2765769958
2006-02-23,38.6758842468
2006-02-24,39.41746521
2006-02-27,39.9023208618
2006-02-28,39.3604202271
2006-03-01,39.731212616
2006-03-02,39.1322402954
2006-03-03,38.5903167725
2006-03-06,38.3336219788
2006-03-07,37.9057846069
2006-03-08,38.1624946594
2006-03-09,38.561794281
2006-03-10,39.0181465149
2006-03-13,39.41746521
2006-03-14,39.8167724609
2006-03-15,39.7026901245
2006-03-16,39.3319015503
2006-03-17,39.8738098145
2006-03-20,40.3586883545
2006-03-21,39.8738098145
2006-03-22,40.3872032166
2006-03-23,39.7026901245
2006-03-24,40.1305084229
2006-03-27,40.2731132507
2006-03-28,39.7882423401
2006-03-29,40.9006080627
2006-03-30,41.2143516541
2006-03-31,41.0717353821
2006-04-03,41.7562789917
2006-04-04,41.7562789917
2006-04-05,41.9559135437
2006-04-06,42.1555747986
2006-04-07,41.8703651428
2006-04-10,42.0985412598
2006-04-11,41.6136665344
2006-04-12,41.2999229431
2006-04-13,41.2999229431
2006-04-17,40.8721008301
2006-04-18,42.2126197815
2006-04-19,42.1555747986
2006-04-20,41.8988800049
2006-04-21,42.1555747986
2006-04-24,41.8988800049
2006-04-25,41.9844322205
2006-04-26,42.412273407
2006-04-27,42.3837471008
2006-04-28,42.2126197815
2006-05-01,42.3552398682
2006-05-02,43.0397529602
2006-05-03,42.9256782532
2006-05-04,43.153842926
2006-05-05,43.9524650574
2006-05-08,44.180644989
2006-05-09,44.3517723083
2006-05-10,43.7242889404
2006-05-11,42.8686180115
2006-05-12,42.3267059326
2006-05-15,42.7260055542
2006-05-16,42.2696609497
2006-05-17,40.9291267395
2006-05-18,40.957649231
2006-05-19,41.2999229431
2006-05-22,40.2160835266
2006-05-23,39.6456413269
2006-05-24,39.731212616
2006-05-25,40.2160835266
2006-05-26,40.7294807434
2006-05-30,39.6456413269
2006-05-31,39.9308624268
2006-06-01,40.1019897461
2006-06-02,40.5583457947
2006-06-05,39.531539917
2006-06-06,38.9040527344
2006-06-07,38.0484199524
2006-06-08,36.8219642639
2006-06-09,36.6508293152
2006-06-12,36.3085594177
2006-06-13,35.0535774231
2006-06-14,35.9377632141
2006-06-15,37.2212638855
2006-06-16,36.8790054321
2006-06-19,36.6793403625
2006-06-20,36.7649078369
2006-06-21,37.2497825623
2006-06-22,37.0786476135
2006-06-23,36.9075317383
2006-06-26,37.2212638855
2006-06-27,36.5652580261
2006-06-28,37.0216140747
2006-06-29,38.5903167725
2006-06-30,38.9040527344
2006-07-03,39.5885887146
2006-07-05,38.2765769958
2006-07-06,38.6188468933
2006-07-07,38.4477081299
2006-07-10,39.0181465149
2006-07-11,39.0181465149
2006-07-12,37.9343223572
2006-07-13,36.9645729065
2006-07-14,36.6508293152
2006-07-17,36.1944656372
2006-07-18,35.8522109985
2006-07-19,36.5937805176
2006-07-20,36.3941345215
2006-07-21,36.4226379395
2006-07-24,37.107170105
2006-07-25,37.3923950195
2006-07-26,37.192741394
2006-07-27,37.7061271667
2006-07-28,38.7329368591
2006-07-31,38.7044143677
2006-08-01,38.1054382324
2006-08-02,38.9896354675
2006-08-03,38.6758842468
2006-08-04,38.8185081482
2006-08-07,37.9628448486
2006-08-08,38.1624946594
2006-08-09,38.3050956726
2006-08-10,38.7329368591
2006-08-11,38.3621559143
2006-08-14,38.5903167725
2006-08-15,39.4745063782
2006-08-16,39.9023208618
2006-08-17,39.8167724609
2006-08-18,40.0164337158
2006-08-21,39.6741638184
2006-08-22,39.7882423401
2006-08-23,39.5030288696
2006-08-24,39.1892929077
2006-08-25,38.9896354675
2006-08-28,38.9040527344
2006-08-29,39.2178153992
2006-08-30,38.9611129761
2006-08-31,39.1037139893
2006-09-01,39.4459838867
2006-09-05,39.987903595
2006-09-06,39.3889389038
2006-09-07,39.0751953125
2006-09-08,39.0751953125
2006-09-11,38.4762306213
2006-09-12,38.7899856567
2006-09-13,38.3050956726
2006-09-14,38.2765769958
2006-09-15,38.2480545044
2006-09-18,38.3621559143
2006-09-19,38.0484199524
2006-09-20,38.1910133362
2006-09-21,38.1910133362
2006-09-22,37.6490898132
2006-09-25,37.8772697449
2006-09-26,37.9057846069
2006-09-27,38.4762306213
2006-09-28,38.6758842468
2006-09-29,38.6188468933
2006-10-02,39.0181465149
2006-10-03,38.875541687
2006-10-04,39.1892929077
2006-10-05,39.531539917
2006-10-06,39.0751953125
2006-10-09,38.7044143677
2006-10-10,39.0181465149
2006-10-11,38.6473655701
2006-10-12,39.046672821
2006-10-13,38.9325904846
2006-10-16,39.3604202271
2006-10-17,39.1322402954
2006-10-18,39.3604202271
2006-10-19,39.3604202271
2006-10-20,39.3319015503
2006-10-23,39.7597236633
2006-10-24,39.7882423401
2006-10-25,39.9023208618
2006-10-26,40.159034729
2006-10-27,39.7026901245
2006-10-30,39.4745063782
2006-10-31,39.3889389038
2006-11-01,39.2178153992
2006-11-02,39.3033676147
2006-11-03,39.1037139893
2006-11-06,39.3604202271
2006-11-07,39.3033676147
2006-11-08,38.875541687
2006-11-09,38.390663147
2006-11-10,38.3336219788
2006-11-13,37.9343223572
2006-11-14,39.046672821
2006-11-15,38.9040527344
2006-11-16,38.5903167725
2006-11-17,38.2480545044
2006-11-20,37.4494514465
2006-11-21,37.4779586792
2006-11-22,37.8202323914
2006-11-24,37.6776237488
2006-11-27,37.6490898132
2006-11-28,38.2765769958
2006-11-29,39.0181465149
2006-11-30,39.3889389038
2006-12-01,39.4459838867
2006-12-04,39.9023208618
2006-12-05,39.9308624268
2006-12-06,40.1875572205
2006-12-07,40.2160835266
2006-12-08,40.0449485779
2006-12-11,40.1019897461
2006-12-12,40.159034729
2006-12-13,39.9593811035
2006-12-14,40.3586883545
2006-12-15,40.3586883545
2006-12-18,40.1019897461
2006-12-19,39.9308624268
2006-12-20,40.2152366638
2006-12-21,40.4450340271
2006-12-22,40.5886688232
2006-12-26,40.5599365234
2006-12-27,40.73229599
2006-12-28,40.7610206604
2006-12-29,40.8184585571
2007-01-03,40.7897338867
2007-01-04,41.220615387
2007-01-05,40.1577835083
2007-01-08,40.3875923157
2007-01-09,40.6461105347
2007-01-10,40.0428733826
2007-01-11,39.8418045044
2007-01-12,40.3588485718
2007-01-16,40.502494812
2007-01-17,40.502494812
2007-01-18,40.4737663269
2007-01-19,40.7610206604
2007-01-22,40.7610206604
2007-01-23,40.990814209
2007-01-24,41.5365982056
2007-01-25,40.8471832275
2007-01-26,40.8759117126
2007-01-29,41.0195388794
2007-01-30,41.2780723572
2007-01-31,41.10572052
2007-02-01,41.6514930725
2007-02-02,41.3929824829
2007-02-05,41.0769996643
2007-02-06,41.4217033386
2007-02-07,41.3929824829
2007-02-08,40.8759117126
2007-02-09,40.990814209
2007-02-12,40.962097168
2007-02-13,41.8238449097
2007-02-14,42.5132522583
2007-02-15,42.8579597473
2007-02-16,42.8292236328
2007-02-20,42.6855926514
2007-02-21,42.7143173218
2007-02-22,42.8292236328
2007-02-23,43.2026634216
2007-02-26,43.489906311
2007-02-27,42.4557991028
2007-02-28,42.3983573914
2007-03-01,42.1972694397
2007-03-02,41.5078697205
2007-03-05,40.9046401978
2007-03-06,41.8812980652
2007-03-07,41.7951087952
2007-03-08,42.168548584
2007-03-09,42.1972694397
2007-03-12,42.5419845581
2007-03-13,41.7663917542
2007-03-14,41.3929824829
2007-03-15,41.4217033386
2007-03-16,41.3929824829
2007-03-19,41.8525772095
2007-03-20,42.2260055542
2007-03-21,42.6855926514
2007-03-22,42.7430496216
2007-03-23,42.8004951477
2007-03-26,42.5707092285
2007-03-27,42.3983573914
2007-03-28,42.0823745728
2007-03-29,42.1398239136
2007-03-30,41.8525772095
2007-04-02,41.6227760315
2007-04-03,41.9674758911
2007-04-04,42.2834396362
2007-04-05,42.168548584
2007-04-09,42.1110954285
2007-04-10,42.2547340393
2007-04-11,42.0823745728
2007-04-12,42.0249214172
2007-04-13,41.6802253723
2007-04-16,42.2834396362
2007-04-17,42.0249214172
2007-04-18,42.0823745728
2007-04-19,41.8812980652
2007-04-20,42.0536613464
2007-04-23,41.5940437317
2007-04-24,41.5365982056
2007-04-25,41.7663917542
2007-04-26,41.5653152466
2007-04-27,41.3355255127
2007-04-30,41.0195388794
2007-05-01,41.0195388794
2007-05-02,41.2493476868
2007-05-03,41.3067893982
2007-05-04,41.450428009
2007-05-07,41.6514930725
2007-05-08,41.5653152466
2007-05-09,42.0823745728
2007-05-10,41.450428009
2007-05-11,41.7663917542
2007-05-14,41.6514930725
2007-05-15,41.3067893982
2007-05-16,41.3929824829
2007-05-17,41.0482711792
2007-05-18,40.9333763123
2007-05-21,40.9333763123
2007-05-22,41.3355255127
2007-05-23,41.3929824829
2007-05-24,41.1918945312
2007-05-25,41.0195388794
2007-05-29,41.450428009
2007-05-30,41.5365982056
2007-05-31,41.9387359619
2007-06-01,42.168548584
2007-06-04,42.3121833801
2007-06-05,42.2547340393
2007-06-06,42.0823745728
2007-06-07,41.910030365
2007-06-08,42.1110954285
2007-06-11,42.0536613464
2007-06-12,41.5078697205
2007-06-13,41.6227760315
2007-06-14,41.6802253723
2007-06-15,42.0536613464
2007-06-18,41.9674758911
2007-06-19,41.9387359619
2007-06-20,41.6514930725
2007-06-21,41.8525772095
2007-06-22,41.450428009
2007-06-25,41.220615387
2007-06-26,41.2780723572
2007-06-27,41.3642463684
2007-06-28,41.2780723572
2007-06-29,41.6802253723
2007-07-02,42.4270629883
2007-07-03,42.3409004211
2007-07-05,42.2260055542
2007-07-06,42.0249214172
2007-07-09,42.0249214172
2007-07-10,42.1110954285
2007-07-11,41.9674758911
2007-07-12,42.2547340393
2007-07-13,42.4557991028
2007-07-16,42.3696212769
2007-07-17,42.1398239136
2007-07-18,41.9387359619
2007-07-19,42.1398239136
2007-07-20,41.9674758911
2007-07-23,42.2260055542
2007-07-24,42.0823745728
2007-07-25,42.1110954285
2007-07-26,41.3642463684
2007-07-27,40.962097168
2007-07-30,41.6514930725
2007-07-31,41.450428009
2007-08-01,41.1344451904
2007-08-02,40.9333763123
2007-08-03,40.3588485718
2007-08-06,40.962097168
2007-08-07,40.8759117126
2007-08-08,41.220615387
2007-08-09,40.5599365234
2007-08-10,39.9854469299
2007-08-13,40.0428733826
2007-08-14,39.9279823303
2007-08-15,39.2673110962
2007-08-16,39.3534889221
2007-08-17,39.0662307739
2007-08-20,38.6353569031
2007-08-21,39.1236801147
2007-08-22,39.6407318115
2007-08-23,39.9279823303
2007-08-24,40.129070282
2007-08-27,39.8130760193
2007-08-28,39.4396514893
2007-08-29,39.8130760193
2007-08-30,39.5545501709
2007-08-31,40.4163169861
2007-09-04,40.186504364
2007-09-05,39.4109458923
2007-09-06,39.4396514893
2007-09-07,39.2385787964
2007-09-10,38.8938751221
2007-09-11,39.2960281372
2007-09-12,39.1811256409
2007-09-13,38.8938751221
2007-09-14,39.0087814331
2007-09-17,38.8077087402
2007-09-18,39.209854126
2007-09-19,39.6407318115
2007-09-20,39.4971046448
2007-09-21,39.5832901001
2007-09-24,39.7268981934
2007-09-25,39.9567108154
2007-09-26,40.301410675
2007-09-27,41.220615387
2007-09-28,41.1918945312
2007-10-01,41.6514930725
2007-10-02,41.5365982056
2007-10-03,41.5653152466
2007-10-04,41.5365982056
2007-10-05,42.0823745728
2007-10-08,41.8525772095
2007-10-09,41.7376670837
2007-10-10,41.6514930725
2007-10-11,41.7089538574
2007-10-12,41.7089538574
2007-10-15,41.220615387
2007-10-16,40.4737663269
2007-10-17,40.531211853
2007-10-18,40.7035713196
2007-10-19,39.8992614746
2007-10-22,40.129070282
2007-10-23,40.2439613342
2007-10-24,40.0716171265
2007-10-25,39.9279823303
2007-10-26,40.617389679
2007-10-29,41.1631736755
2007-10-30,40.962097168
2007-10-31,41.2493476868
2007-11-01,40.73229599
2007-11-02,40.617389679
2007-11-05,39.9279823303
2007-11-06,40.3875923157
2007-11-07,39.6407318115
2007-11-08,39.0087814331
2007-11-09,38.4917297363
2007-11-12,38.520450592
2007-11-13,39.1811256409
2007-11-14,39.2960281372
2007-11-15,38.9513320923
2007-11-16,38.6640777588
2007-11-19,38.0033912659
2007-11-20,39.0087814331
2007-11-21,38.3193778992
2007-11-23,39.1811256409
2007-11-26,39.1811256409
2007-11-27,39.8130760193
2007-11-28,40.186504364
2007-11-29,40.3301429749
2007-11-30,40.4163169861
2007-12-03,40.4737663269
2007-12-04,40.0428733826
2007-12-05,40.7897338867
2007-12-06,41.3067893982
2007-12-07,40.9333763123
2007-12-10,41.0482711792
2007-12-11,40.1577835083
2007-12-12,40.4737663269
2007-12-13,39.6407318115
2007-12-14,38.0895843506
2007-12-17,37.428894043
2007-12-18,38.0895843506
2007-12-19,37.8310432434
2007-12-20,37.9746665955
2007-12-21,38.5491905212
2007-12-24,38.4853210449
2007-12-26,38.6594734192
2007-12-27,38.0499687195
2007-12-28,38.4853210449
2007-12-31,38.5723991394
2008-01-02,38.3982429504
2008-01-03,38.5433692932
2008-01-04,37.5565719604
2008-01-07,37.3243865967
2008-01-08,37.2373123169
2008-01-09,38.0499687195
2008-01-10,37.73072052
2008-01-11,37.0921974182
2008-01-14,37.5565719604
2008-01-15,36.5117225647
2008-01-16,35.8441810608
2008-01-17,35.3507652283
2008-01-18,36.2795372009
2008-01-22,34.944442749
2008-01-23,35.0605316162
2008-01-24,35.6410217285
2008-01-25,36.1924476624
2008-01-28,35.9892883301
2008-01-29,36.5987968445
2008-01-30,36.424659729
2008-01-31,36.9180526733
2008-02-01,37.2373123169
2008-02-04,37.1212120056
2008-02-05,35.8732070923
2008-02-06,35.4088134766
2008-02-07,35.6119804382
2008-02-08,34.7122497559
2008-02-11,35.0605316162
2008-02-12,35.5829696655
2008-02-13,35.3217544556
2008-02-14,35.6700325012
2008-02-15,36.1053924561
2008-02-19,36.4536743164
2008-02-20,35.6990661621
2008-02-21,35.9602737427
2008-02-22,36.2505149841
2008-02-25,37.005115509
2008-02-26,37.4114456177
2008-02-27,37.2082862854
2008-02-28,36.8019561768
2008-02-29,36.3666038513
2008-03-03,36.3375778198
2008-03-04,35.4958877563
2008-03-05,35.6990661621
2008-03-06,35.3797988892
2008-03-07,34.8573722839
2008-03-10,34.7122497559
2008-03-11,35.7280807495
2008-03-12,35.7280807495
2008-03-13,35.8441810608
2008-03-14,33.4642410278
2008-03-17,34.4220123291
2008-03-18,35.4088134766
2008-03-19,34.3349533081
2008-03-20,34.9734764099
2008-03-24,36.0473403931
2008-03-25,36.424659729
2008-03-26,36.1344184875
2008-03-27,36.018321991
2008-03-28,36.1634407043
2008-03-31,35.9022331238
2008-04-01,36.9470787048
2008-04-02,36.8890342712
2008-04-03,37.0631599426
2008-04-04,37.0921974182
2008-04-07,37.3533973694
2008-04-08,36.8019561768
2008-04-09,36.2505149841
2008-04-10,36.1344184875
2008-04-11,36.3666038513
2008-04-14,36.1344184875
2008-04-15,36.3956260681
2008-04-16,37.5565719604
2008-04-17,37.005115509
2008-04-18,38.0209503174
2008-04-21,37.9048614502
2008-04-22,37.1792564392
2008-04-23,37.5855903625
2008-04-24,37.2953681946
2008-04-25,38.0209503174
2008-04-28,38.7175254822
2008-04-29,38.3692359924
2008-04-30,38.5433692932
2008-05-01,38.891658783
2008-05-02,38.8045845032
2008-05-05,38.8626289368
2008-05-06,39.036781311
2008-05-07,38.5433692932
2008-05-08,38.7175254822
2008-05-09,38.1080169678
2008-05-12,38.2531433105
2008-05-13,38.2821617126
2008-05-14,38.630443573
2008-05-15,39.3850631714
2008-05-16,39.530166626
2008-05-19,39.4721336365
2008-05-20,39.123840332
2008-05-21,38.4272956848
2008-05-22,38.978729248
2008-05-23,38.6594734192
2008-05-27,38.7755661011
2008-05-28,38.3402099609
2008-05-29,38.7755661011
2008-05-30,39.2979888916
2008-06-02,39.3850631714
2008-06-03,39.3560447693
2008-06-04,39.8204193115
2008-06-05,40.1396751404
2008-06-06,38.7175254822
2008-06-09,38.7755661011
2008-06-10,37.9338722229
2008-06-11,37.3824310303
2008-06-12,37.2953681946
2008-06-13,37.6726570129
2008-06-16,38.0209503174
2008-06-17,38.2821617126
2008-06-18,37.8758201599
2008-06-19,37.7597312927
2008-06-20,36.5117225647
2008-06-23,36.7729415894
2008-06-24,36.4826927185
2008-06-25,37.0367965698
2008-06-26,36.1035690308
2008-06-27,36.3077278137
2008-06-30,36.3660392761
2008-07-01,36.5118675232
2008-07-02,35.7244682312
2008-07-03,35.8411064148
2008-07-07,35.8411064148
2008-07-08,35.6953010559
2008-07-09,35.1120529175
2008-07-10,35.4328308105
2008-07-11,34.9662246704
2008-07-14,35.1995315552
2008-07-15,34.6162796021
2008-07-16,35.4911575317
2008-07-17,35.3161659241
2008-07-18,35.1703681946
2008-07-21,35.1703681946
2008-07-22,35.6369781494
2008-07-23,35.8702774048
2008-07-24,35.8411064148
2008-07-25,35.4328308105
2008-07-28,35.0245475769
2008-07-29,35.2286911011
2008-07-30,35.5494842529
2008-07-31,34.995388031
2008-08-01,34.4996299744
2008-08-04,33.6247367859
2008-08-05,34.3829650879
2008-08-06,34.1788291931
2008-08-07,33.4205970764
2008-08-08,33.9163703918
2008-08-11,34.1205062866
2008-08-12,33.8871879578
2008-08-13,33.3039512634
2008-08-14,33.0998077393
2008-08-15,32.8665008545
2008-08-18,33.1581344604
2008-08-19,32.6332015991
2008-08-20,32.9831619263
2008-08-21,33.1872940063
2008-08-22,32.9539909363
2008-08-25,32.6623649597
2008-08-26,32.8373451233
2008-08-27,32.9831619263
2008-08-28,33.2456283569
2008-08-29,33.2747764587
2008-09-02,32.8373451233
2008-09-03,32.9831619263
2008-09-04,31.9332904816
2008-09-05,31.9332904816
2008-09-08,32.7206954956
2008-09-09,31.8166484833
2008-09-10,32.2249183655
2008-09-11,32.049949646
2008-09-12,32.2540893555
2008-09-15,31.3500366211
2008-09-16,31.0584087372
2008-09-17,29.9502334595
2008-09-18,31.2917060852
2008-09-19,32.9831619263
2008-09-22,31.8458042145
2008-09-23,31.5541801453
2008-09-24,31.9916191101
2008-09-25,32.5457191467
2008-09-26,32.3707313538
2008-09-29,29.8627376556
2008-09-30,31.0875701904
2008-10-01,30.7084598541
2008-10-02,29.3961334229
2008-10-03,28.8128814697
2008-10-06,27.8796577454
2008-10-07,26.858959198
2008-10-08,25.8674316406
2008-10-09,24.671749115
2008-10-10,23.5927238464
2008-10-13,27.3255653381
2008-10-14,27.1797523499
2008-10-15,24.3509597778
2008-10-16,25.8382587433
2008-10-17,25.4883136749
2008-10-20,27.5005455017
2008-10-21,26.509016037
2008-10-22,24.9050521851
2008-10-23,25.7507781982
2008-10-24,24.2051467896
2008-10-27,22.7470054626
2008-10-28,25.5174713135
2008-10-29,24.934217453
2008-10-30,26.2757072449
2008-10-31,26.2465362549
2008-11-03,26.4215145111
2008-11-04,27.8796577454
2008-11-05,27.2964038849
2008-11-06,24.934217453
2008-11-07,26.3923606873
2008-11-10,26.6256637573
2008-11-11,25.5174713135
2008-11-12,24.817565918
2008-11-13,26.509016037
2008-11-14,25.0800323486
2008-11-17,25.0217075348
2008-11-18,25.0217075348
2008-11-19,23.4177494049
2008-11-20,22.7470054626
2008-11-21,24.1468143463
2008-11-24,25.284160614
2008-11-25,25.1675205231
2008-11-26,25.6341266632
2008-11-28,25.2550086975
2008-12-01,23.796869278
2008-12-02,24.9925422668
2008-12-03,25.2258434296
2008-12-04,24.2343120575
2008-12-05,24.6134262085
2008-12-08,25.7216091156
2008-12-09,25.5466327667
2008-12-10,26.1007289886
2008-12-11,26.0132427216
2008-12-12,26.596496582
2008-12-15,26.4506797791
2008-12-16,27.7921772003
2008-12-17,27.7338466644
2008-12-18,26.7714710236
2008-12-19,26.6548290253
2008-12-22,26.596496582
2008-12-23,26.1407241821
2008-12-24,26.4641723633
2008-12-26,26.9640655518
2008-12-29,27.1698875427
2008-12-30,27.9344120026
2008-12-31,28.1696472168
2009-01-02,28.3166713715
2009-01-05,27.6109580994
2009-01-06,27.346326828
2009-01-07,27.0816707611
2009-01-08,27.4639377594
2009-01-09,26.9934616089
2009-01-12,26.670009613
2009-01-13,26.1701316833
2009-01-14,25.4056072235
2009-01-15,25.7290592194
2009-01-16,25.9054927826
2009-01-20,24.7881145477
2009-01-21,25.8760890961
2009-01-22,25.229183197
2009-01-23,25.1703796387
2009-01-26,25.1409664154
2009-01-27,25.9348964691
2009-01-28,26.4053726196
2009-01-29,25.4056072235
2009-01-30,24.7881145477
2009-02-02,24.7881145477
2009-02-03,25.2585849762
2009-02-04,25.4938220978
2009-02-05,25.4056072235
2009-02-06,25.5526332855
2009-02-09,25.0821609497
2009-02-10,24.2000217438
2009-02-11,24.3176383972
2009-02-12,24.2882385254
2009-02-13,23.6413326263
2009-02-17,22.8474063873
2009-02-18,23.0238323212
2009-02-19,22.70038414
2009-02-20,22.4063358307
2009-02-23,21.4653892517
2009-02-24,22.3475284576
2009-02-25,21.7594356537
2009-02-26,21.4947910309
2009-02-27,21.6712207794
2009-03-02,20.9067058563
2009-03-03,20.8478908539
2009-03-04,21.4065818787
2009-03-05,20.9949150085
2009-03-06,20.9361076355
2009-03-09,20.2009925842
2009-03-10,21.2301502228
2009-03-11,21.318365097
2009-03-12,21.2889595032
2009-03-13,21.4947910309
2009-03-16,21.8770523071
2009-03-17,22.6415748596
2009-03-18,23.1708602905
2009-03-19,23.0532436371
2009-03-20,22.5533599854
2009-03-23,24.3176383972
2009-03-24,23.6413326263
2009-03-25,24.3470401764
2009-03-26,24.6116809845
2009-03-27,24.2000217438
2009-03-30,23.2590694427
2009-03-31,23.2296638489
2009-04-01,23.9059753418
2009-04-02,24.7587089539
2009-04-03,24.5528717041
2009-04-06,24.0235900879
2009-04-07,23.8765697479
2009-04-08,24.0530014038
2009-04-09,24.9351348877
2009-04-13,24.9939460754
2009-04-14,24.7587089539
2009-04-15,24.8763237
2009-04-16,24.9645404816
2009-04-17,25.0821609497
2009-04-20,24.5234718323
2009-04-21,24.8175201416
2009-04-22,24.9057369232
2009-04-23,25.0527515411
2009-04-24,25.4350128174
2009-04-27,25.3762111664
2009-04-28,24.9645404816
2009-04-29,25.1703796387
2009-04-30,25.0233516693
2009-05-01,25.4056072235
2009-05-04,26.0819282532
2009-05-05,25.9937057495
2009-05-06,26.61120224
2009-05-07,25.9937057495
2009-05-08,27.052280426
2009-05-11,26.7876281738
2009-05-12,26.9346389771
2009-05-13,26.4347743988
2009-05-14,26.4641723633
2009-05-15,26.7288169861
2009-05-18,26.9640655518
2009-05-19,26.7876281738
2009-05-20,27.1404838562
2009-05-21,26.7876281738
2009-05-22,26.8758544922
2009-05-26,27.757982254
2009-05-27,27.2287025452
2009-05-28,27.052280426
2009-05-29,27.552148819
2009-06-01,27.993221283
2009-06-02,28.0226211548
2009-06-03,27.4051170349
2009-06-04,27.6109580994
2009-06-05,27.2875118256
2009-06-08,27.4345302582
2009-06-09,27.6697692871
2009-06-10,27.6991672516
2009-06-11,28.1696472168
2009-06-12,28.1402339935
2009-06-15,27.6403579712
2009-06-16,27.346326828
2009-06-17,27.6697692871
2009-06-18,27.4345302582
2009-06-19,27.8755950928
2009-06-22,27.258102417
2009-06-23,27.4354915619
2009-06-24,27.4946250916
2009-06-25,28.1450309753
2009-06-26,28.2337245941
2009-06-29,28.085899353
2009-06-30,27.8789424896
2009-07-01,28.2041606903
2009-07-02,27.5833091736
2009-07-06,27.7606964111
2009-07-07,27.4650497437
2009-07-08,27.4650497437
2009-07-09,27.4650497437
2009-07-10,27.1694087982
2009-07-13,27.2285346985
2009-07-14,27.2285346985
2009-07-15,27.5241794586
2009-07-16,27.4059238434
2009-07-17,27.4059238434
2009-07-20,27.7606964111
2009-07-21,27.9972038269
2009-07-22,28.3224124908
2009-07-23,28.4406585693
2009-07-24,28.5884876251
2009-07-27,28.5293579102
2009-07-28,28.4997959137
2009-07-29,28.706741333
2009-07-30,29.0319480896
2009-07-31,29.179775238
2009-08-03,29.6823558807
2009-08-04,29.652797699
2009-08-05,29.445848465
2009-08-06,29.4162788391
2009-08-07,29.2980384827
2009-08-10,29.2980384827
2009-08-11,29.2980384827
2009-08-12,29.445848465
2009-08-13,29.7119274139
2009-08-14,29.8301811218
2009-08-17,29.0023899078
2009-08-18,29.2388916016
2009-08-19,29.3275947571
2009-08-20,29.6823558807
2009-08-21,30.0075626373
2009-08-24,29.9484424591
2009-08-25,30.1849536896
2009-08-26,30.214515686
2009-08-27,30.3032112122
2009-08-28,30.273645401
2009-08-31,30.214515686
2009-09-01,29.7710514069
2009-09-02,29.8597431183
2009-09-03,29.7710514069
2009-09-04,29.7119274139
2009-09-08,29.9780082703
2009-09-09,30.0962600708
2009-09-10,30.4510269165
2009-09-11,30.4214706421
2009-09-14,30.3032112122
2009-09-15,30.066696167
2009-09-16,30.214515686
2009-09-17,29.9188804626
2009-09-18,30.066696167
2009-09-21,29.7710514069
2009-09-22,30.1553764343
2009-09-23,29.8301811218
2009-09-24,29.8597431183
2009-09-25,29.6232357025
2009-09-28,29.8597431183
2009-09-29,29.2388916016
2009-09-30,29.3867168427
2009-10-01,28.6476097107
2009-10-02,28.2632789612
2009-10-05,28.4997959137
2009-10-06,28.8249969482
2009-10-07,29.0910720825
2009-10-08,29.4162788391
2009-10-09,29.4162788391
2009-10-12,29.4754104614
2009-10-13,29.3275947571
2009-10-14,29.652797699
2009-10-15,29.5049724579
2009-10-16,28.972820282
2009-10-19,29.445848465
2009-10-20,29.3571491241
2009-10-21,29.2684574127
2009-10-22,29.3275947571
2009-10-23,28.6476097107
2009-10-26,28.5589237213
2009-10-27,28.4406585693
2009-10-28,28.1450309753
2009-10-29,28.5884876251
2009-10-30,28.2337245941
2009-11-02,28.4997959137
2009-11-03,28.4702320099
2009-11-04,28.4111042023
2009-11-05,28.618057251
2009-11-06,28.4406585693
2009-11-09,28.7658653259
2009-11-10,28.5589237213
2009-11-11,28.5293579102
2009-11-12,28.0563297272
2009-11-13,28.3224124908
2009-11-16,28.5884876251
2009-11-17,28.2632789612
2009-11-18,27.9676437378
2009-11-19,27.3172283173
2009-11-20,27.5241794586
2009-11-23,27.8198261261
2009-11-24,27.4650497437
2009-11-25,27.9380779266
2009-11-27,27.7015666962
2009-11-30,28.2632789612
2009-12-01,29.2388916016
2009-12-02,29.1206455231
2009-12-03,29.534532547
2009-12-04,29.534532547
2009-12-07,29.2980384827
2009-12-08,29.3867168427
2009-12-09,29.4754104614
2009-12-10,29.2388916016
2009-12-11,29.4162788391
2009-12-14,29.445848465
2009-12-15,29.2093353271
2009-12-16,29.652797699
2009-12-17,29.2388916016
2009-12-18,29.179775238
2009-12-21,29.0910720825
2009-12-22,29.3237495422
2009-12-23,29.4132480621
2009-12-24,29.6220626831
2009-12-28,29.50274086
2009-12-29,29.6220626831
2009-12-30,29.293920517
2009-12-31,29.0552768707
2010-01-04,29.8010501862
2010-01-05,29.9800376892
2010-01-06,30.0993614197
2010-01-07,29.8308868408
2010-01-08,30.1888580322
2010-01-11,30.4573402405
2010-01-12,30.6661491394
2010-01-13,30.8451347351
2010-01-14,31.2926006317
2010-01-15,31.2329349518
2010-01-19,31.2031059265
2010-01-20,30.5169811249
2010-01-21,30.6661491394
2010-01-22,30.3380126953
2010-01-25,30.5766544342
2010-01-26,30.2485198975
2010-01-27,30.0695323944
2010-01-28,29.7712230682
2010-01-29,29.3535823822
2010-02-01,29.6519031525
2010-02-02,30.2186870575
2010-02-03,29.920375824
2010-02-04,29.3535823822
2010-02-05,29.293920517
2010-02-08,29.085111618
2010-02-09,29.2640991211
2010-02-10,29.2640991211
2010-02-11,29.4132480621
2010-02-12,29.2342643738
2010-02-16,29.5325737
2010-02-17,29.5325737
2010-02-18,29.5922393799
2010-02-19,29.1149463654
2010-02-22,29.4729156494
2010-02-23,29.3535823822
2010-02-24,29.4132480621
2010-02-25,29.4729156494
2010-02-26,29.6519031525
2010-03-01,29.9502048492
2010-03-02,30.0396938324
2010-03-03,30.2485198975
2010-03-04,29.9502048492
2010-03-05,30.2485198975
2010-03-08,30.4573402405
2010-03-09,30.3380126953
2010-03-10,30.129196167
2010-03-11,30.4274959564
2010-03-12,30.7258110046
2010-03-15,30.5766544342
2010-03-16,30.874961853
2010-03-17,30.9942893982
2010-03-18,30.7854690552
2010-03-19,30.7258110046
2010-03-22,30.874961853
2010-03-23,31.1732845306
2010-03-24,30.6661491394
2010-03-25,30.4871616364
2010-03-26,30.9644603729
2010-03-29,31.3522605896
2010-03-30,31.5312423706
2010-03-31,31.1434364319
2010-04-01,31.6207313538
2010-04-05,31.5312423706
2010-04-06,31.6207313538
2010-04-07,31.6207313538
2010-04-08,31.6505680084
2010-04-09,31.7400588989
2010-04-12,31.6803855896
2010-04-13,31.6207313538
2010-04-14,31.7698936462
2010-04-15,31.9190387726
2010-04-16,31.3224315643
2010-04-19,31.2627696991
2010-04-20,31.1434364319
2010-04-21,31.2627696991
2010-04-22,30.9942893982
2010-04-23,31.2031059265
2010-04-26,31.4119205475
2010-04-27,30.8451347351
2010-04-28,30.7258110046
2010-04-29,31.0837841034
2010-04-30,30.9942893982
2010-05-03,31.0837841034
2010-05-04,30.129196167
2010-05-05,30.0993614197
2010-05-06,29.920375824
2010-05-07,29.6519031525
2010-05-10,30.4871616364
2010-05-11,29.8010501862
2010-05-12,30.0695323944
2010-05-13,29.8308868408
2010-05-14,29.6220626831
2010-05-17,29.5624141693
2010-05-18,29.0552768707
2010-05-19,29.2640991211
2010-05-20,28.8166332245
2010-05-21,29.085111618
2010-05-24,28.697309494
2010-05-25,28.5183143616
2010-05-26,28.1603546143
2010-05-27,28.8464660645
2010-05-28,28.3691730499
2010-06-01,28.2796707153
2010-06-02,28.4288330078
2010-06-03,28.3691730499
2010-06-04,27.8322143555
2010-06-07,27.3847465515
2010-06-08,27.6532249451
2010-06-09,27.6830654144
2010-06-10,28.1603546143
2010-06-11,28.1006889343
2010-06-14,28.2796707153
2010-06-15,28.7868003845
2010-06-16,28.9061222076
2010-06-17,28.8464660645
2010-06-18,28.9061222076
2010-06-21,29.1149463654
2010-06-22,28.7569713593
2010-06-23,28.6337890625
2010-06-24,28.5436458588
2010-06-25,28.6638317108
2010-06-28,28.3333206177
2010-06-29,27.6422729492
2010-06-30,27.6422729492
2010-07-01,27.7324028015
2010-07-02,27.8525848389
2010-07-06,28.4234638214
2010-07-07,28.9642906189
2010-07-08,29.0243816376
2010-07-09,28.8441162109
2010-07-12,28.6938781738
2010-07-13,28.8441162109
2010-07-14,29.0544261932
2010-07-15,28.8140525818
2010-07-16,28.092962265
2010-07-19,28.1831016541
2010-07-20,28.3633728027
2010-07-21,27.8525848389
2010-07-22,28.3633728027
2010-07-23,28.7840137482
2010-07-26,28.8140525818
2010-07-27,28.6638317108
2010-07-28,28.9943332672
2010-07-29,29.1746063232
2010-07-30,28.9342384338
2010-08-02,29.5652008057
2010-08-03,29.4450206757
2010-08-04,29.384935379
2010-08-05,29.3548851013
2010-08-06,29.625295639
2010-08-09,29.6553459167
2010-08-10,29.4750747681
2010-08-11,28.4835472107
2010-08-12,28.3934135437
2010-08-13,28.3633728027
2010-08-16,28.5736942291
2010-08-17,28.7239170074
2010-08-18,28.9041976929
2010-08-19,28.8441162109
2010-08-20,28.5736942291
2010-08-23,28.3934135437
2010-08-24,28.3633728027
2010-08-25,28.273235321
2010-08-26,28.2431774139
2010-08-27,28.6037387848
2010-08-30,28.5135955811
2010-08-31,28.1831016541
2010-09-01,28.9642906189
2010-09-02,28.8741531372
2010-09-03,29.0844764709
2010-09-07,29.0844764709
2010-09-08,29.1445674896
2010-09-09,29.2346954346
2010-09-10,29.4450206757
2010-09-13,29.745475769
2010-09-14,29.8356170654
2010-09-15,29.7755355835
2010-09-16,29.384935379
2010-09-17,29.2947940826
2010-09-20,29.8055782318
2010-09-21,29.4750747681
2010-09-22,29.384935379
2010-09-23,29.2647457123
2010-09-24,29.6553459167
2010-09-27,29.8055782318
2010-09-28,29.9257621765
2010-09-29,30.0759906769
2010-09-30,29.7154369354
2010-10-01,29.7755355835
2010-10-04,29.2046604156
2010-10-05,30.1360759735
2010-10-06,30.466594696
2010-10-07,30.5867729187
2010-10-08,30.7369918823
2010-10-11,30.6769142151
2010-10-12,30.4064979553
2010-10-13,30.4966335297
2010-10-14,30.7069530487
2010-10-15,30.466594696
2010-10-18,30.6769142151
2010-10-19,30.4064979553
2010-10-20,30.6468601227
2010-10-21,30.2562599182
2010-10-22,30.4966335297
2010-10-25,30.5266666412
2010-10-26,30.2262191772
2010-10-27,30.1360759735
2010-10-28,30.2262191772
2010-10-29,30.1060409546
2010-11-01,29.8055782318
2010-11-02,30.0158977509
2010-11-03,30.1060409546
2010-11-04,30.7970943451
2010-11-05,31.0675086975
2010-11-08,31.0675086975
2010-11-09,30.8571891785
2010-11-10,31.2177352905
2010-11-11,31.0374622345
2010-11-12,30.7970943451
2010-11-15,30.7970943451
2010-11-16,30.2562599182
2010-11-17,30.7069530487
2010-11-18,31.4881515503
2010-11-19,31.5181999207
2010-11-22,31.4280567169
2010-11-23,30.8271389008
2010-11-24,31.3679580688
2010-11-26,30.8571891785
2010-11-29,31.0074100494
2010-11-30,30.8571891785
2010-12-01,31.4881515503
2010-12-02,31.788608551
2010-12-03,31.968875885
2010-12-06,32.1191215515
2010-12-07,31.728509903
2010-12-08,31.8186569214
2010-12-09,31.878742218
2010-12-10,31.788608551
2010-12-13,32.2092590332
2010-12-14,32.3294410706
2010-12-15,32.1191215515
2010-12-16,32.2993812561
2010-12-17,32.2092590332
2010-12-20,32.2392883301
2010-12-21,32.4298782349
2010-12-22,32.5508918762
2010-12-23,32.5206298828
2010-12-27,32.6113891602
2010-12-28,32.8533973694
2010-12-29,33.1559257507
2010-12-30,32.8836555481
2010-12-31,33.0046730042
2011-01-03,33.3071784973
2011-01-04,33.3374404907
2011-01-05,33.0954208374
2011-01-06,33.0954208374
2011-01-07,33.2164230347
2011-01-10,33.2164230347
2011-01-11,33.458442688
2011-01-12,33.7609519958
2011-01-13,33.7307090759
2011-01-14,33.7307090759
2011-01-18,33.8214645386
2011-01-19,33.7609519958
2011-01-20,33.458442688
2011-01-21,33.125667572
2011-01-24,33.3374404907
2011-01-25,33.6399612427
2011-01-26,33.5794448853
2011-01-27,33.6096954346
2011-01-28,33.0349197388
2011-01-31,33.0651702881
2011-02-01,33.7307090759
2011-02-02,34.0634765625
2011-02-03,34.3357429504
2011-02-04,34.3357429504
2011-02-07,34.3054847717
2011-02-08,34.5172462463
2011-02-09,34.2752380371
2011-02-10,34.2449836731
2011-02-11,34.2752380371
2011-02-14,34.5777549744
2011-02-15,34.3357429504
2011-02-16,34.8197593689
2011-02-17,35.1222953796
2011-02-18,35.0920410156
2011-02-22,34.1239891052
2011-02-23,34.1844902039
2011-02-24,34.0937385559
2011-02-25,34.5475006104
2011-02-28,34.8802680969
2011-03-01,34.8197593689
2011-03-02,34.5172462463
2011-03-03,34.850025177
2011-03-04,34.6080093384
2011-03-07,33.9424781799
2011-03-08,34.0937385559
2011-03-09,34.0937385559
2011-03-10,33.2466773987
2011-03-11,32.7021484375
2011-03-14,30.4030170441
2011-03-15,30.3425121307
2011-03-16,29.2231960297
2011-03-17,30.5542736053
2011-03-18,31.3710689545
2011-03-21,32.2786178589
2011-03-22,32.1576194763
2011-03-23,31.976102829
2011-03-24,32.036605835
2011-03-25,31.2500648499
2011-03-28,31.1895599365
2011-03-29,31.1290588379
2011-03-30,31.6130867004
2011-03-31,31.2198066711
2011-04-01,31.1593093872
2011-04-04,30.7357749939
2011-04-05,30.1307487488
2011-04-06,29.8584785461
2011-04-07,29.6164646149
2011-04-08,30.1912479401
2011-04-11,29.9794960022
2011-04-12,30.0399875641
2011-04-13,30.1610107422
2011-04-14,30.3727607727
2011-04-15,30.3425121307
2011-04-18,30.2517547607
2011-04-19,30.3425121307
2011-04-20,30.796289444
2011-04-21,30.9172821045
2011-04-25,30.8870429993
2011-04-26,30.9172821045
2011-04-27,30.9777984619
2011-04-28,31.7945976257
2011-04-29,31.8551006317
2011-05-02,31.9458580017
2011-05-03,31.9458580017
2011-05-04,31.8853473663
2011-05-05,31.6433334351
2011-05-06,31.8248500824
2011-05-09,31.9458580017
2011-05-10,32.0971183777
2011-05-11,31.5525817871
2011-05-12,31.6433334351
2011-05-13,30.9777984619
2011-05-16,30.796289444
2011-05-17,30.8265285492
2011-05-18,31.0685558319
2011-05-19,30.614780426
2011-05-20,30.2820014954
2011-05-23,29.8282299042
2011-05-24,30.1912479401
2011-05-25,30.2517547607
2011-05-26,30.524023056
2011-05-27,30.524023056
2011-05-31,31.0685558319
2011-06-01,30.6752815247
2011-06-02,30.7055358887
2011-06-03,30.433265686
2011-06-06,30.1307487488
2011-06-07,30.3727607727
2011-06-08,30.3425121307
2011-06-09,30.5542736053
2011-06-10,30.2517547607
2011-06-13,30.2517547607
2011-06-14,30.856798172
2011-06-15,30.2517547607
2011-06-16,30.1610107422
2011-06-17,30.2517547607
2011-06-20,30.2820014954
2011-06-21,30.796289444
2011-06-22,30.7596626282
2011-06-23,30.698633194
2011-06-24,30.8817272186
2011-06-27,30.7291526794
2011-06-28,31.0953407288
2011-06-29,31.5835914612
2011-06-30,31.8277130127
2011-07-01,32.1023597717
2011-07-05,32.1633758545
2011-07-06,32.3464736938
2011-07-07,32.5600814819
2011-07-08,32.2854537964
2011-07-11,31.8887443542
2011-07-12,31.9802894592
2011-07-13,32.5906028748
2011-07-14,32.2854537964
2011-07-15,32.5295715332
2011-07-18,32.1328620911
2011-07-19,32.5295715332
2011-07-20,32.8652420044
2011-07-21,33.1398849487
2011-07-22,33.200920105
2011-07-25,33.0788421631
2011-07-26,33.1398849487
2011-07-27,32.5906028748
2011-07-28,32.5295715332
2011-07-29,32.6821403503
2011-08-01,32.3769989014
2011-08-02,32.1023597717
2011-08-03,32.1633758545
2011-08-04,30.2103900909
2011-08-05,30.4850273132
2011-08-08,29.0202846527
2011-08-09,30.5155506134
2011-08-10,29.1118297577
2011-08-11,30.2103900909
2011-08-12,29.935754776
2011-08-15,30.3019351959
2011-08-16,30.0578155518
2011-08-17,30.0883159637
2011-08-18,29.0507965088
2011-08-19,28.7761592865
2011-08-22,28.8371944427
2011-08-23,29.3864707947
2011-08-24,29.0507965088
2011-08-25,28.6540966034
2011-08-26,29.2643966675
2011-08-29,29.6611042023
2011-08-30,29.5390510559
2011-08-31,30.0578155518
2011-09-01,29.7831745148
2011-09-02,29.2949180603
2011-09-06,28.6540966034
2011-09-07,29.20337677
2011-09-08,28.8371944427
2011-09-09,28.1658496857
2011-09-12,28.4404907227
2011-09-13,28.928735733
2011-09-14,29.0507965088
2011-09-15,29.3864707947
2011-09-16,29.6916294098
2011-09-19,29.2643966675
2011-09-20,29.2338981628
2011-09-21,28.8676986694
2011-09-22,28.4099731445
2011-09-23,28.5015201569
2011-09-26,28.6540966034
2011-09-27,29.1118297577
2011-09-28,29.1118297577
2011-09-29,29.6305923462
2011-09-30,28.8676986694
2011-10-03,28.4099731445
2011-10-04,28.7761592865
2011-10-05,28.6540966034
2011-10-06,28.7761592865
2011-10-07,28.6235809326
2011-10-10,29.3559532166
2011-10-11,29.1118297577
2011-10-12,29.2949180603
2011-10-13,29.2949180603
2011-10-14,29.3559532166
2011-10-17,29.2338981628
2011-10-18,29.5085277557
2011-10-19,29.0507965088
2011-10-20,28.9592571259
2011-10-21,29.2643966675
2011-10-24,29.5695610046
2011-10-25,29.1423416138
2011-10-26,29.20337677
2011-10-27,30.332452774
2011-10-28,30.4545040131
2011-10-31,28.6846027374
2011-11-01,28.3184318542
2011-11-02,28.4099731445
2011-11-03,28.6235809326
2011-11-04,28.5625534058
2011-11-07,28.8066711426
2011-11-08,28.6846027374
2011-11-09,28.1658496857
2011-11-10,28.1353340149
2011-11-11,28.4404907227
2011-11-14,28.3184318542
2011-11-15,28.3184318542
2011-11-16,27.7996616364
2011-11-17,27.8301773071
2011-11-18,27.9522342682
2011-11-21,27.4029541016
2011-11-22,27.6165657043
2011-11-23,26.9757404327
2011-11-25,26.9757404327
2011-11-28,27.7386322021
2011-11-29,27.8606853485
2011-11-30,28.7761592865
2011-12-01,28.3794593811
2011-12-02,28.4710006714
2011-12-05,28.6846027374
2011-12-06,28.3489379883
2011-12-07,28.7456436157
2011-12-08,28.0437793732
2011-12-09,28.6846027374
2011-12-12,28.1963577271
2011-12-13,28.0743026733
2011-12-14,27.7691459656
2011-12-15,27.7081127167
2011-12-16,27.6165657043
2011-12-19,27.2198677063
2011-12-20,27.917804718
2011-12-21,27.6398696899
2011-12-22,27.8251647949
2011-12-23,28.0413398743
2011-12-27,27.701631546
2011-12-28,27.3619194031
2011-12-29,27.917804718
2011-12-30,28.1339836121
2012-01-03,28.689874649
2012-01-04,28.6589927673
2012-01-05,28.3192901611
2012-01-06,28.0104522705
2012-01-09,28.1031093597
2012-01-10,28.4428081512
2012-01-11,28.3192901611
2012-01-12,28.1957492828
2012-01-13,28.2575206757
2012-01-17,28.2575206757
2012-01-18,28.5972290039
2012-01-19,28.8134002686
2012-01-20,29.1839923859
2012-01-23,29.3075256348
2012-01-24,29.0295753479
2012-01-25,29.4001731873
2012-01-26,29.3384037018
2012-01-27,29.4928188324
2012-01-30,29.3075256348
2012-01-31,29.4928188324
2012-02-01,29.6781101227
2012-02-02,29.7707614899
2012-02-03,29.8634109497
2012-02-06,29.7707614899
2012-02-07,30.0795841217
2012-02-08,30.2031116486
2012-02-09,30.1104698181
2012-02-10,29.7398815155
2012-02-13,30.0487041473
2012-02-14,29.9560585022
2012-02-15,30.4501667023
2012-02-16,30.7590103149
2012-02-17,30.789888382
2012-02-21,30.7590103149
2012-02-22,30.8516483307
2012-02-23,31.0369472504
2012-02-24,31.0987091064
2012-02-27,30.9134120941
2012-02-28,31.4075393677
2012-02-29,30.8516483307
2012-03-01,31.0369472504
2012-03-02,30.7281246185
2012-03-05,30.5428276062
2012-03-06,30.2957668304
2012-03-07,30.4810562134
2012-03-08,31.0060634613
2012-03-09,31.1296024323
2012-03-12,30.8207645416
2012-03-13,31.0987091064
2012-03-14,30.7590103149
2012-03-15,31.0060634613
2012-03-16,31.1913585663
2012-03-19,31.2840042114
2012-03-20,30.9751834869
2012-03-21,30.8207645416
2012-03-22,30.8516483307
2012-03-23,30.8516483307
2012-03-26,31.0678310394
2012-03-27,31.3148918152
2012-03-28,31.3766441345
2012-03-29,31.3457698822
2012-03-30,31.4384250641
2012-04-02,31.4692935944
2012-04-03,31.0678310394
2012-04-04,30.3575248718
2012-04-05,30.3575248718
2012-04-09,30.1722354889
2012-04-10,29.8016395569
2012-04-11,30.2031116486
2012-04-12,30.3575248718
2012-04-13,30.0178222656
2012-04-16,30.0795841217
2012-04-17,30.2648773193
2012-04-18,30.2031116486
2012-04-19,30.0178222656
2012-04-20,30.0795841217
2012-04-23,29.7398815155
2012-04-24,29.9251708984
2012-04-25,30.0795841217
2012-04-26,30.2340011597
2012-04-27,30.1413536072
2012-04-30,30.0795841217
2012-05-01,29.7707614899
2012-05-02,29.6163425446
2012-05-03,29.3692874908
2012-05-04,29.1531162262
2012-05-07,29.276638031
2012-05-08,29.0295753479
2012-05-09,28.7825202942
2012-05-10,28.9060516357
2012-05-11,28.5972290039
2012-05-14,28.2884025574
2012-05-15,27.917804718
2012-05-16,27.6089839935
2012-05-17,27.8560504913
2012-05-18,27.4545726776
2012-05-21,27.7325134277
2012-05-22,27.701631546
2012-05-23,27.485452652
2012-05-24,27.3619194031
2012-05-25,27.2075138092
2012-05-29,27.5472164154
2012-05-30,27.1766281128
2012-05-31,27.4545726776
2012-06-01,26.713388443
2012-06-04,27.0222206116
2012-06-05,27.3619194031
2012-06-06,27.7942810059
2012-06-07,27.6089839935
2012-06-08,27.3619194031
2012-06-11,27.2383956909
2012-06-12,27.5472164154
2012-06-13,27.3928050995
2012-06-14,27.6089839935
2012-06-15,28.0104522705
2012-06-18,28.0722236633
2012-06-19,28.226644516
2012-06-20,28.473690033
2012-06-21,28.0621166229
2012-06-22,28.249206543
2012-06-25,27.8126773834
2012-06-26,28.1244831085
2012-06-27,28.3427410126
2012-06-28,28.7480812073
2012-06-29,29.3405094147
2012-07-02,29.2469673157
2012-07-03,29.6211242676
2012-07-05,29.2469673157
2012-07-06,29.1222381592
2012-07-09,28.9663448334
2012-07-10,28.6545391083
2012-07-11,28.7168979645
2012-07-12,28.2803764343
2012-07-13,28.5609970093
2012-07-16,28.4362773895
2012-07-17,28.3115577698
2012-07-18,28.4050960541
2012-07-19,28.6233596802
2012-07-20,27.9373989105
2012-07-23,27.5632381439
2012-07-24,27.3137950897
2012-07-25,27.3137950897
2012-07-26,27.7191410065
2012-07-27,28.2180213928
2012-07-30,28.0621166229
2012-07-31,28.0309429169
2012-08-01,27.9373989105
2012-08-02,27.8126773834
2012-08-03,28.1244831085
2012-08-06,28.4050960541
2012-08-07,28.7480812073
2012-08-08,28.6857185364
2012-08-09,28.7480812073
2012-08-10,28.7792606354
2012-08-13,28.7168979645
2012-08-14,28.6857185364
2012-08-15,28.5298271179
2012-08-16,28.9039821625
2012-08-17,29.1222381592
2012-08-20,29.059885025
2012-08-21,29.059885025
2012-08-22,29.0287075043
2012-08-23,29.0287075043
2012-08-24,28.9975261688
2012-08-27,28.9039821625
2012-08-28,28.6545391083
2012-08-29,28.7480812073
2012-08-30,28.2180213928
2012-08-31,28.249206543
2012-09-04,27.875038147
2012-09-05,27.5320568085
2012-09-06,27.9062175751
2012-09-07,28.2803764343
2012-09-10,28.2803764343
2012-09-11,28.4050960541
2012-09-12,28.7168979645
2012-09-13,29.1845970154
2012-09-14,29.4964008331
2012-09-17,29.2157783508
2012-09-18,29.2781448364
2012-09-19,29.3405094147
2012-09-20,29.0287075043
2012-09-21,29.1845970154
2012-09-24,29.1222381592
2012-09-25,29.1222381592
2012-09-26,28.8104381561
2012-09-27,29.1534194946
2012-09-28,28.5921859741
2012-10-01,28.4986495972
2012-10-02,28.3739261627
2012-10-03,28.249206543
2012-10-04,28.5921859741
2012-10-05,28.5921859741
2012-10-08,28.4362773895
2012-10-09,27.9685726166
2012-10-10,27.7503147125
2012-10-11,27.9062175751
2012-10-12,27.9373989105
2012-10-15,28.1244831085
2012-10-16,28.5298271179
2012-10-17,28.6857185364
2012-10-18,28.8728065491
2012-10-19,28.4986495972
2012-10-22,28.9039821625
2012-10-23,28.3115577698
2012-10-24,28.3739261627
2012-10-25,28.5921859741
2012-10-26,28.4362773895
2012-10-31,28.249206543
2012-11-01,28.5298271179
2012-11-02,28.3115577698
2012-11-05,28.3115577698
2012-11-06,28.3739261627
2012-11-07,28.0309429169
2012-11-08,27.9062175751
2012-11-09,27.9062175751
2012-11-12,27.6255893707
2012-11-13,27.6567783356
2012-11-14,27.3137950897
2012-11-15,27.7503147125
2012-11-16,28.249206543
2012-11-19,28.6545391083
2012-11-20,28.5921859741
2012-11-21,28.6233596802
2012-11-23,28.9663448334
2012-11-26,28.9663448334
2012-11-27,28.8104381561
2012-11-28,28.8416213989
2012-11-29,29.1845970154
2012-11-30,29.0910587311
2012-12-03,28.9663448334
2012-12-04,28.9975261688
2012-12-05,28.9975261688
2012-12-06,29.1534194946
2012-12-07,29.2469673157
2012-12-10,29.1534194946
2012-12-11,29.1222381592
2012-12-12,29.2469673157
2012-12-13,29.1222381592
2012-12-14,29.2781448364
2012-12-17,29.5587596893
2012-12-18,30.0031433105
2012-12-19,30.4758796692
2012-12-20,30.8855781555
2012-12-21,30.6964855194
2012-12-24,30.6964855194
2012-12-26,30.6649684906
2012-12-27,30.6964855194
2012-12-28,30.4758796692
2012-12-31,30.7280082703
2013-01-02,31.4843864441
2013-01-03,31.2007446289
2013-01-04,31.0746765137
2013-01-07,30.7910423279
2013-01-08,30.3813323975
2013-01-09,30.7910423279
2013-01-10,31.0431671143
2013-01-11,31.1377124786
2013-01-14,31.3268051147
2013-01-15,31.2322597504
2013-01-16,30.8540725708
2013-01-17,30.9801330566
2013-01-18,31.1061954498
2013-01-22,30.7910423279
2013-01-23,30.5389099121
2013-01-24,30.8855781555
2013-01-25,31.1061954498
2013-01-28,30.6334514618
2013-01-29,31.0431671143
2013-01-30,31.3583202362
2013-01-31,31.4213657379
2013-02-01,31.3268051147
2013-02-04,31.3583202362
2013-02-05,31.2637767792
2013-02-06,31.6734867096
2013-02-07,31.7680301666
2013-02-08,31.6419639587
2013-02-11,31.9886379242
2013-02-12,31.7680301666
2013-02-13,31.6419639587
2013-02-14,31.3268051147
2013-02-15,31.2322597504
2013-02-19,31.7049999237
2013-02-20,31.7995529175
2013-02-21,31.4213657379
2013-02-22,31.9256095886
2013-02-25,31.4843864441
2013-02-26,32.0831947327
2013-02-27,32.0516738892
2013-02-28,32.1777305603
2013-03-01,32.492893219
2013-03-04,32.6820030212
2013-03-05,32.7450332642
2013-03-06,33.1547355652
2013-03-07,32.8395729065
2013-03-08,32.9971504211
2013-03-11,33.1862411499
2013-03-12,32.8395729065
2013-03-13,33.0286598206
2013-03-14,33.2177581787
2013-03-15,33.5329208374
2013-03-18,33.3753509521
2013-03-19,33.5644416809
2013-03-20,33.8165588379
2013-03-21,33.8165588379
2013-03-22,33.9426269531
2013-03-25,33.6274642944
2013-03-26,33.9426269531
2013-03-27,34.1002082825
2013-03-28,34.0371780396
2013-04-01,32.7135124207
2013-04-02,33.1232185364
2013-04-03,32.9971504211
2013-04-04,34.3523406982
2013-04-05,34.541431427
2013-04-08,34.8881111145
2013-04-09,34.6044654846
2013-04-10,35.329334259
2013-04-11,35.7390365601
2013-04-12,35.8020629883
2013-04-15,35.5184249878
2013-04-16,35.8650932312
2013-04-17,35.6129722595
2013-04-18,35.3608512878
2013-04-19,35.7390365601
2013-04-22,35.7075157166
2013-04-23,36.0541915894
2013-04-24,36.2748069763
2013-04-25,36.4639015198
2013-04-26,36.369354248
2013-04-29,36.589969635
2013-04-30,36.8736076355
2013-05-01,36.4639015198
2013-05-02,36.6214752197
2013-05-03,37.1257400513
2013-05-06,36.9681549072
2013-05-07,37.0311889648
2013-05-08,37.3463516235
2013-05-09,37.0627059937
2013-05-10,37.0627059937
2013-05-13,37.5354385376
2013-05-14,37.7875785828
2013-05-15,38.1342353821
2013-05-16,37.5669593811
2013-05-17,38.1657600403
2013-05-20,38.4178886414
2013-05-21,38.6384963989
2013-05-22,38.2287902832
2013-05-23,36.6214752197
2013-05-24,35.959651947
2013-05-28,35.7390365601
2013-05-29,35.1402359009
2013-05-30,34.9511299133
2013-05-31,34.1632347107
2013-06-03,33.753528595
2013-06-04,34.7305259705
2013-06-05,33.4068603516
2013-06-06,33.3753509521
2013-06-07,34.6675033569
2013-06-10,35.1087188721
2013-06-11,34.4153594971
2013-06-12,34.5099182129
2013-06-13,35.329334259
2013-06-14,34.226272583
2013-06-17,35.1402359009
2013-06-18,35.7390365601
2013-06-19,35.2978057861
2013-06-20,33.8480796814
2013-06-21,35.0772018433
2013-06-24,34.1002082825
2013-06-25,34.541431427
2013-06-26,34.3838539124
2013-06-27,35.228969574
2013-06-28,35.5138435364
2013-07-01,35.9569664001
2013-07-02,36.2101860046
2013-07-03,36.2418441772
2013-07-05,36.7166252136
2013-07-08,36.4634132385
2013-07-09,36.6533241272
2013-07-10,36.5267105103
2013-07-11,37.6028862
2013-07-12,37.5395774841
2013-07-15,37.887752533
2013-07-16,37.5712356567
2013-07-17,37.9194107056
2013-07-18,38.1093254089
2013-07-19,37.8244514465
2013-07-22,37.9194107056
2013-07-23,37.887752533
2013-07-24,37.5712356567
2013-07-25,36.8748779297
2013-07-26,36.0202674866
2013-07-29,35.228969574
2013-07-30,35.5454864502
2013-07-31,35.5138435364
2013-08-01,36.4950523376
2013-08-02,37.0648040771
2013-08-05,37.1597557068
2013-08-06,37.1914100647
2013-08-07,36.4950523376
2013-08-08,36.305141449
2013-08-09,36.3367958069
2013-08-12,36.305141449
2013-08-13,36.6216659546
2013-08-14,36.4317550659
2013-08-15,35.9253120422
2013-08-16,35.9253120422
2013-08-19,35.8303642273
2013-08-20,35.5138435364
2013-08-21,35.007396698
2013-08-22,35.228969574
2013-08-23,35.8303642273
2013-08-26,35.4188919067
2013-08-27,35.0390586853
2013-08-28,35.1340065002
2013-08-29,35.1023521423
2013-08-30,34.4060134888
2013-09-03,35.2606201172
2013-09-04,35.7987060547
2013-09-05,35.7037620544
2013-09-06,35.8303642273
2013-09-09,36.7482795715
2013-09-10,37.0331459045
2013-09-11,36.7799224854
2013-09-12,36.5267105103
2013-09-13,36.7166252136
2013-09-16,37.1914100647
2013-09-17,37.0331459045
2013-09-18,38.1726264954
2013-09-19,37.9827079773
2013-09-20,37.6661949158
2013-09-23,37.792804718
2013-09-24,37.8244514465
2013-09-25,37.7294960022
2013-09-26,38.3308906555
2013-09-27,38.0460166931
2013-09-30,37.7294960022
2013-10-01,37.5712356567
2013-10-02,37.3813209534
2013-10-03,37.096446991
2013-10-04,37.1597557068
2013-10-07,36.4634132385
2013-10-08,36.3367958069
2013-10-09,37.1914100647
2013-10-10,37.7294960022
2013-10-11,37.792804718
2013-10-14,37.8561019897
2013-10-15,37.5395774841
2013-10-16,37.887752533
2013-10-17,38.2042808533
2013-10-18,38.2359313965
2013-10-21,38.2675857544
2013-10-22,38.4574966431
2013-10-23,37.6661949158
2013-10-24,38.0460166931
2013-10-25,37.4762840271
2013-10-28,37.6028862
2013-10-29,37.887752533
2013-10-30,37.887752533
2013-10-31,37.6978416443
2013-11-01,37.2863693237
2013-11-04,37.3180084229
2013-11-05,37.0014953613
2013-11-06,37.5079345703
2013-11-07,36.8115844727
2013-11-08,37.096446991
2013-11-11,37.0331459045
2013-11-12,37.5079345703
2013-11-13,37.792804718
2013-11-14,38.1093254089
2013-11-15,38.6474113464
2013-11-18,38.58411026
2013-11-19,38.362537384
2013-11-20,38.362537384
2013-11-21,38.5208015442
2013-11-22,38.489151001
2013-11-25,38.2042808533
2013-11-26,38.0460166931
2013-11-27,38.2042808533
2013-11-29,38.1726264954
2013-12-02,38.0776786804
2013-12-03,37.9194107056
2013-12-04,37.6345405579
2013-12-05,37.3180084229
2013-12-06,37.792804718
2013-12-09,37.792804718
2013-12-10,37.8561019897
2013-12-11,37.5079345703
2013-12-12,37.6345405579
2013-12-13,37.3180084229
2013-12-16,37.096446991
2013-12-17,37.1281013489
2013-12-18,37.8552322388
2013-12-19,37.5363197327
2013-12-20,37.6638870239
2013-12-23,38.0146827698
2013-12-24,37.5044288635
2013-12-26,38.1103668213
2013-12-27,38.3017044067
2013-12-30,38.6525192261
2013-12-31,38.7162895203
2014-01-02,38.0784645081
2014-01-03,38.3017044067
2014-01-06,38.1741447449
2014-01-07,38.3335990906
2014-01-08,38.3973808289
2014-01-09,38.2698135376
2014-01-10,38.5249519348
2014-01-13,38.2698135376
2014-01-14,38.1741447449
2014-01-15,38.4611625671
2014-01-16,38.3335990906
2014-01-17,38.4292678833
2014-01-21,38.4930610657
2014-01-22,38.5887298584
2014-01-23,37.8233375549
2014-01-24,37.2492904663
2014-01-27,36.7709197998
2014-01-28,37.0898399353
2014-01-29,37.0579414368
2014-01-30,37.1217346191
2014-01-31,36.1330833435
2014-02-03,35.3995780945
2014-02-04,35.4314651489
2014-02-05,35.4952507019
2014-02-06,35.9098396301
2014-02-07,36.4838905334
2014-02-10,36.3244361877
2014-02-11,36.8347015381
2014-02-12,36.7709197998
2014-02-13,36.452003479
2014-02-14,36.2925453186
2014-02-18,37.0898399353
2014-02-19,36.6433525085
2014-02-20,36.4201126099
2014-02-21,36.7071456909
2014-02-24,37.1217346191
2014-02-25,36.9941596985
2014-02-26,36.8347015381
2014-02-27,36.8347015381
2014-02-28,37.0260505676
2014-03-03,36.1649856567
2014-03-04,37.0898399353
2014-03-05,36.6752433777
2014-03-06,37.3768615723
2014-03-07,37.1217346191
2014-03-10,36.9622688293
2014-03-11,36.5795669556
2014-03-12,36.228767395
2014-03-13,35.6228218079
2014-03-14,35.2082252502
2014-03-17,35.5909309387
2014-03-18,35.5590400696
2014-03-19,35.3676834106
2014-03-20,34.8574295044
2014-03-21,34.697971344
2014-03-24,34.8255233765
2014-03-25,34.984992981
2014-03-26,35.2401275635
2014-03-27,35.7503929138
2014-03-28,36.1330833435
2014-03-31,36.1330833435
2014-04-01,36.228767395
2014-04-02,36.5476837158
2014-04-03,36.3563270569
2014-04-04,36.1968612671
2014-04-07,35.8460617065
2014-04-08,35.0806694031
2014-04-09,35.5909309387
2014-04-10,34.570400238
2014-04-11,34.4428367615
2014-04-14,34.921207428
2014-04-15,34.8893165588
2014-04-16,35.5590400696
2014-04-17,35.6547203064
2014-04-21,35.6547203064
2014-04-22,35.3995780945
2014-04-23,35.4952507019
2014-04-24,35.3676834106
2014-04-25,35.1444511414
2014-04-28,35.3357963562
2014-04-29,35.4314651489
2014-04-30,35.3357963562
2014-05-01,35.7822799683
2014-05-02,35.7185020447
2014-05-05,35.6228218079
2014-05-06,35.527141571
2014-05-07,35.3676834106
2014-05-08,35.2401275635
2014-05-09,35.527141571
2014-05-12,35.5590400696
2014-05-13,36.0374069214
2014-05-14,35.8460617065
2014-05-15,35.4952507019
2014-05-16,35.5590400696
2014-05-19,35.6228218079
2014-05-20,35.2082252502
2014-05-21,35.6228218079
2014-05-22,35.9736289978
2014-05-23,36.3244361877
2014-05-27,36.6114616394
2014-05-28,36.452003479
2014-05-29,36.8665924072
2014-05-30,36.9303817749
2014-06-02,37.3768615723
2014-06-03,37.3130722046
2014-06-04,37.5682106018
2014-06-05,37.6638870239
2014-06-06,37.6638870239
2014-06-09,37.6319847107
2014-06-10,37.3130722046
2014-06-11,37.4087409973
2014-06-12,37.5363197327
2014-06-13,37.7276611328
2014-06-16,37.7276611328
2014-06-17,37.6638870239
2014-06-18,38.1741447449
2014-06-19,38.8438682556
2014-06-20,38.8757553101
2014-06-23,38.5568389893
2014-06-24,38.5568389893
2014-06-25,38.6916923523
2014-06-26,38.5632591248
2014-06-27,38.4669380188
2014-06-30,38.6595916748
2014-07-01,39.3338775635
2014-07-02,39.2375526428
2014-07-03,39.1091194153
2014-07-07,38.8201332092
2014-07-08,38.6916923523
2014-07-09,38.9485778809
2014-07-10,38.2742767334
2014-07-11,38.3384971619
2014-07-14,38.7880325317
2014-07-15,38.9164733887
2014-07-16,38.9806785583
2014-07-17,38.7238044739
2014-07-18,38.9164733887
2014-07-21,38.8522453308
2014-07-22,38.9806785583
2014-07-23,39.0127906799
2014-07-24,38.8201332092
2014-07-25,38.9485778809
2014-07-28,39.1733360291
2014-07-29,39.0770072937
2014-07-30,39.1091194153
2014-07-31,38.5311508179
2014-08-01,38.499042511
2014-08-04,38.5632591248
2014-08-05,37.9531898499
2014-08-06,37.7605361938
2014-08-07,37.6320991516
2014-08-08,37.6963195801
2014-08-11,38.0495147705
2014-08-12,37.9852981567
2014-08-13,38.3063850403
2014-08-14,38.3706169128
2014-08-15,38.4348258972
2014-08-18,38.5632591248
2014-08-19,38.5953712463
2014-08-20,38.3706169128
2014-08-21,38.5632591248
2014-08-22,38.2742767334
2014-08-25,38.4027252197
2014-08-26,38.2100601196
2014-08-27,38.0495147705
2014-08-28,37.9531898499
2014-08-29,37.8889656067
2014-09-02,38.2742767334
2014-09-03,38.3063850403
2014-09-04,38.177947998
2014-09-05,38.0174064636
2014-09-08,37.9852981567
2014-09-09,37.6641998291
2014-09-10,38.0816268921
2014-09-11,37.9852981567
2014-09-12,37.8568725586
2014-09-15,37.8889656067
2014-09-16,37.9531898499
2014-09-17,37.6320991516
2014-09-18,37.8568725586
2014-09-19,37.9210853577
2014-09-22,37.8889656067
2014-09-23,37.8247566223
2014-09-24,38.0495147705
2014-09-25,37.9531898499
2014-09-26,38.2421646118
2014-09-29,38.0174064636
2014-09-30,37.7926445007
2014-10-01,37.1825714111
2014-10-02,36.4761619568
2014-10-03,36.925693512
2014-10-06,36.8293609619
2014-10-07,36.6045951843
2014-10-08,36.8293609619
2014-10-09,35.8981971741
2014-10-10,35.3844490051
2014-10-13,35.0633392334
2014-10-14,35.2881202698
2014-10-15,35.0954627991
2014-10-16,34.9670219421
2014-10-17,35.127571106
2014-10-20,35.8339729309
2014-10-21,35.7697525024
2014-10-22,35.8018684387
2014-10-23,36.0266304016
2014-10-24,36.1550598145
2014-10-27,36.2192840576
2014-10-28,36.4119491577
2014-10-29,36.6045951843
2014-10-30,36.8935813904
2014-10-31,38.7238044739
2014-11-03,38.9806785583
2014-11-04,37.9531898499
2014-11-05,37.7605361938
2014-11-06,37.2788925171
2014-11-07,37.1504478455
2014-11-10,37.4394454956
2014-11-11,37.6641998291
2014-11-12,37.4715538025
2014-11-13,37.7926445007
2014-11-14,37.7926445007
2014-11-17,37.1825714111
2014-11-18,37.6963195801
2014-11-19,37.4715538025
2014-11-20,37.0862388611
2014-11-21,37.3752288818
2014-11-24,37.4394454956
2014-11-25,37.5357704163
2014-11-26,37.4394454956
2014-11-28,37.311000824
2014-12-01,37.50365448
2014-12-02,37.8247566223
2014-12-03,37.7926445007
2014-12-04,37.6963195801
2014-12-05,37.7284240723
2014-12-08,37.1183433533
2014-12-09,37.311000824
2014-12-10,36.7330322266
2014-12-11,36.8293609619
2014-12-12,36.4761619568
2014-12-15,35.7697525024
2014-12-16,35.8018684387
2014-12-17,36.4026527405
2014-12-18,36.9840660095
2014-12-19,37.17786026
2014-12-22,37.0809745789
2014-12-23,37.1455574036
2014-12-24,37.0809745789
2014-12-26,37.3393669128
2014-12-29,36.9517593384
2014-12-30,36.4995536804
2014-12-31,36.3057556152
2015-01-02,36.3703460693
2015-01-05,35.9504470825
2015-01-06,35.3690414429
2015-01-07,35.8858413696
2015-01-08,36.3380508423
2015-01-09,35.9504470825
2015-01-12,35.8212394714
2015-01-13,36.11195755
2015-01-14,36.0473480225
2015-01-15,36.3057556152
2015-01-16,36.6287574768
2015-01-20,36.919467926
2015-01-21,36.9840660095
2015-01-22,37.1455574036
2015-01-23,37.0163726807
2015-01-26,37.4362678528
2015-01-27,37.500869751
2015-01-28,37.4362678528
2015-01-29,37.7592735291
2015-01-30,37.1132545471
2015-02-02,37.500869751
2015-02-03,37.4362678528
2015-02-04,37.6300621033
2015-02-05,37.9530830383
2015-02-06,37.6300621033
2015-02-09,37.2747573853
2015-02-10,37.7592735291
2015-02-11,37.8238868713
2015-02-12,38.0822715759
2015-02-13,38.534488678
2015-02-17,38.5021858215
2015-02-18,39.1805000305
2015-02-19,39.471206665
2015-02-20,39.8265037537
2015-02-23,39.6003913879
2015-02-24,39.7942008972
2015-02-25,39.6973075867
2015-02-26,40.0525970459
2015-02-27,39.8911018372
2015-03-02,39.9880180359
2015-03-03,39.7942008972
2015-03-04,39.6003913879
2015-03-05,39.8265037537
2015-03-06,39.7619094849
2015-03-09,39.6327056885
2015-03-10,39.0512924194
2015-03-11,39.4065933228
2015-03-12,40.2787132263
2015-03-13,40.3110046387
2015-03-16,40.4724998474
2015-03-17,40.5694160461
2015-03-18,41.2154273987
2015-03-19,40.7309150696
2015-03-20,41.3769226074
2015-03-23,41.5707397461
2015-03-24,41.4738349915
2015-03-25,41.3769226074
2015-03-26,40.9570159912
2015-03-27,41.1185302734
2015-03-30,41.2800254822
2015-03-31,40.4724998474
2015-04-01,40.6340179443
2015-04-02,40.9893188477
2015-04-06,41.4738349915
2015-04-07,41.6676292419
2015-04-08,41.7322311401
2015-04-09,41.7322311401
2015-04-10,41.796836853
2015-04-13,41.5061340332
2015-04-14,41.796836853
2015-04-15,41.9906425476
2015-04-16,42.0875358582
2015-04-17,41.7645339966
2015-04-20,41.8937339783
2015-04-21,42.5397529602
2015-04-22,42.8627510071
2015-04-23,42.8304595947
2015-04-24,42.9919509888
2015-04-27,42.8950500488
2015-04-28,43.0242462158
2015-04-29,42.6366500854
2015-04-30,41.5384292603
2015-05-01,42.0552406311
2015-05-04,42.2490463257
2015-05-05,41.4415206909
2015-05-06,41.4092254639
2015-05-07,41.4738349915
2015-05-08,42.442855835
2015-05-11,41.7645339966
2015-05-12,41.7645339966
2015-05-13,42.0229454041
2015-05-14,42.2490463257
2015-05-15,42.442855835
2015-05-18,42.7981491089
2015-05-19,42.8304595947
2015-05-20,42.8304595947
2015-05-21,42.9919509888
2015-05-22,42.8950500488
2015-05-26,42.3459396362
2015-05-27,42.6366500854
2015-05-28,42.5397529602
2015-05-29,42.1521453857
2015-06-01,42.3459396362
2015-06-02,42.2490463257
2015-06-03,42.4105453491
2015-06-04,42.1198387146
2015-06-05,41.8614349365
2015-06-08,41.6353416443
2015-06-09,41.2154273987
2015-06-10,41.8937339783
2015-06-11,42.0875358582
2015-06-12,41.8614349365
2015-06-15,41.9906425476
2015-06-16,41.796836853
2015-06-17,41.4415206909
2015-06-18,41.4738349915
2015-06-19,41.5061340332
2015-06-22,42.1521453857
2015-06-23,42.6366500854
2015-06-24,42.1844406128
2015-06-25,42.2688484192
2015-06-26,42.4636383057
2015-06-29,41.3923110962
2015-06-30,41.5870857239
2015-07-01,41.8792686462
2015-07-02,41.8792686462
2015-07-06,41.5870857239
2015-07-07,41.6844902039
2015-07-08,39.9638710022
2015-07-09,40.4508323669
2015-07-10,41.1001243591
2015-07-13,41.6520118713
2015-07-14,41.9117355347
2015-07-15,41.8792686462
2015-07-16,42.041595459
2015-07-17,42.1389961243
2015-07-20,42.1389961243
2015-07-21,42.0091323853
2015-07-22,41.8143463135
2015-07-23,41.7818870544
2015-07-24,41.3923110962
2015-07-27,41.2299842834
2015-07-28,41.4247703552
2015-07-29,41.5870857239
2015-07-30,41.6520118713
2015-07-31,41.9766654968
2015-08-03,41.8143463135
2015-08-04,41.7494125366
2015-08-05,42.0091323853
2015-08-06,41.8792686462
2015-08-07,42.0091323853
2015-08-10,42.625957489
2015-08-11,41.8792686462
2015-08-12,41.6195526123
2015-08-13,41.9441986084
2015-08-14,41.9441986084
2015-08-17,42.041595459
2015-08-18,41.7494125366
2015-08-19,41.2949066162
2015-08-20,40.0612678528
2015-08-21,38.6977462769
2015-08-24,37.3342285156
2015-08-25,37.5614891052
2015-08-26,39.0548591614
2015-08-27,39.7690696716
2015-08-28,39.9638710022
2015-08-31,39.3470344543
2015-09-01,37.5614891052
2015-09-02,38.2432403564
2015-09-03,38.5354270935
2015-09-04,37.3017616272
2015-09-08,38.1783180237
2015-09-09,38.1133880615
2015-09-10,38.0809211731
2015-09-11,38.1133880615
2015-09-14,38.016002655
2015-09-15,38.3081665039
2015-09-16,38.6328201294
2015-09-17,38.600353241
2015-09-18,37.3666954041
2015-09-21,37.593952179
2015-09-22,37.0420532227
2015-09-23,37.0420532227
2015-09-24,36.7823371887
2015-09-25,37.6913452148
2015-09-28,36.7823371887
2015-09-29,36.3278388977
2015-09-30,37.1069908142
2015-10-01,37.3666954041
2015-10-02,37.8211936951
2015-10-05,38.762676239
2015-10-06,38.4380340576
2015-10-07,39.0548591614
2015-10-08,39.1847038269
2015-10-09,39.2821121216
2015-10-12,39.3470344543
2015-10-13,38.9250106812
2015-10-14,38.4704933167
2015-10-15,39.4444274902
2015-10-16,39.6392173767
2015-10-19,39.4444274902
2015-10-20,39.2171821594
2015-10-21,39.7366142273
2015-10-22,40.2235717773
2015-10-23,40.6131629944
2015-10-26,40.5806884766
2015-10-27,40.2560348511
2015-10-28,40.6456260681
2015-10-29,40.1911277771
2015-10-30,39.9963264465
2015-11-02,40.2885169983
2015-11-03,40.2560348511
2015-11-04,40.0612678528
2015-11-05,40.3534393311
2015-11-06,40.2560348511
2015-11-09,40.0937194824
2015-11-10,40.5157546997
2015-11-11,40.6780700684
2015-11-12,40.2885169983
2015-11-13,40.0937194824
2015-11-16,40.4832992554
2015-11-17,40.5806884766
2015-11-18,40.775478363
2015-11-19,40.775478363
2015-11-20,40.9702682495
2015-11-23,40.775478363
2015-11-24,40.9702682495
2015-11-25,40.7105445862
2015-11-27,40.5157546997
2015-11-30,40.1911277771
2015-12-01,40.8079528809
2015-12-02,40.4832992554
2015-12-03,40.0937194824
2015-12-04,40.3209724426
2015-12-07,40.2235717773
2015-12-08,39.7041511536
2015-12-09,39.2496452332
2015-12-10,39.6067504883
2015-12-11,38.9899330139
2015-12-14,39.3470344543
2015-12-15,39.1847038269
2015-12-16,40.1586532593
2015-12-17,39.7690696716
2015-12-18,39.2821121216
2015-12-21,39.406375885
2015-12-22,39.7006988525
2015-12-23,40.125831604
2015-12-24,39.6352920532
2015-12-28,39.6679916382
2015-12-29,40.2566375732
2015-12-30,40.0277175903
2015-12-31,39.6352920532
2016-01-04,39.0139541626
2016-01-05,39.5044898987
2016-01-06,38.817741394
2016-01-07,38.2290916443
2016-01-08,37.411529541
2016-01-11,37.6731529236
2016-01-12,37.476940155
2016-01-13,37.1499099731
2016-01-14,37.6077423096
2016-01-15,36.5612716675
2016-01-19,36.8555908203
2016-01-20,35.4493942261
2016-01-21,35.3185844421
2016-01-22,36.9210014343
2016-01-25,36.1361465454
2016-01-26,36.6266746521
2016-01-27,36.6593780518
2016-01-28,36.7247848511
2016-01-29,37.6077423096
2016-02-01,37.3788299561
2016-02-02,36.9863967896
2016-02-03,36.5285606384
2016-02-04,36.4304618835
2016-02-05,35.8091163635
2016-02-08,35.7437171936
2016-02-09,35.0569610596
2016-02-10,34.4356117249
2016-02-11,33.7488708496
2016-02-12,34.0431861877
2016-02-16,35.2858657837
2016-02-17,35.5802078247
2016-02-18,35.5802078247
2016-02-19,35.4166870117
2016-02-22,36.0053329468
2016-02-23,35.4166870117
2016-02-24,35.7764167786
2016-02-25,36.2015419006
2016-02-26,36.1688461304
2016-02-29,35.6128997803
2016-03-01,36.4958686829
2016-03-02,37.0191040039
2016-03-03,37.2807273865
2016-03-04,37.6731529236
2016-03-07,37.2807273865
2016-03-08,36.9210014343
2016-03-09,36.88829422
2016-03-10,36.7247848511
2016-03-11,37.7058563232
2016-03-14,37.8693733215
2016-03-15,37.3788299561
2016-03-16,37.4442367554
2016-03-17,37.5750389099
2016-03-18,37.4442367554
2016-03-21,37.6077423096
2016-03-22,37.8366622925
2016-03-23,37.3461265564
2016-03-24,37.1172142029
2016-03-28,37.6731529236
2016-03-29,38.065574646
2016-03-30,37.9347724915
2016-03-31,37.3134231567
2016-04-01,36.3977546692
2016-04-04,36.3977546692
2016-04-05,35.6128997803
2016-04-06,36.2015419006
2016-04-07,36.0053329468
2016-04-08,37.0518074036
2016-04-11,36.8228874207
2016-04-12,37.6731529236
2016-04-13,38.7196273804
2016-04-14,38.8831367493
2016-04-15,38.5234107971
2016-04-18,38.817741394
2016-04-19,39.406375885
2016-04-20,39.6352920532
2016-04-21,39.6352920532
2016-04-22,39.9296188354
2016-04-25,39.6679916382
2016-04-26,39.5044898987
2016-04-27,39.4717826843
2016-04-28,37.6731529236
2016-04-29,37.3461265564
2016-05-02,38.032875061
2016-05-03,37.6731529236
2016-05-04,37.3461265564
2016-05-05,37.5423545837
2016-05-06,37.7385520935
2016-05-09,37.7058563232
2016-05-10,38.6542320251
2016-05-11,37.9347724915
2016-05-12,38.2290916443
2016-05-13,37.7058563232
2016-05-16,38.2290916443
2016-05-17,37.9674720764
2016-05-18,38.0001716614
2016-05-19,37.7385520935
2016-05-20,38.0001716614
2016-05-23,37.8366622925
2016-05-24,38.1309738159
2016-05-25,38.3926086426
2016-05-26,38.3599014282
2016-05-27,38.2617950439
2016-05-31,38.5561141968
2016-06-01,38.5234107971
2016-06-02,38.1963882446
2016-06-03,38.3599014282
2016-06-06,38.7523231506
2016-06-07,39.0139541626
2016-06-08,39.2428741455
2016-06-09,38.7850265503
2016-06-10,38.0982780457
2016-06-13,37.411529541
2016-06-14,37.2480201721
2016-06-15,37.6077423096
2016-06-16,37.4442367554
2016-06-17,37.3788299561
2016-06-20,38.2290916443
2016-06-21,38.4907150269
2016-06-22,38.1347427368
2016-06-23,38.9916992188
2016-06-24,37.3766593933
2016-06-27,37.1789016724
2016-06-28,37.7392234802
2016-06-29,38.2336235046
2016-06-30,37.9040184021
2016-07-01,37.8381118774
2016-07-05,37.8381118774
2016-07-06,37.8381118774
2016-07-07,37.8710594177
2016-07-08,38.1347427368
2016-07-11,39.0576210022
2016-07-12,39.2883453369
2016-07-13,39.2224235535
2016-07-14,39.2883453369
2016-07-15,39.1565055847
2016-07-18,39.2553787231
2016-07-19,38.9916992188
2016-07-20,39.321308136
2016-07-21,39.0246696472
2016-07-22,39.0905761719
2016-07-25,38.9587478638
2016-07-26,38.9916992188
2016-07-27,39.0576210022
2016-07-28,39.0576210022
2016-07-29,39.7497901917
2016-08-01,39.8816299438
2016-08-02,39.3872299194
2016-08-03,39.1894569397
2016-08-04,39.7497901917
2016-08-05,39.8816299438
2016-08-08,40.046421051
2016-08-09,40.4089813232
2016-08-10,40.5408210754
2016-08-11,40.8374633789
2016-08-12,40.639705658
2016-08-15,40.8704147339
2016-08-16,40.5078697205
2016-08-17,40.8374633789
2016-08-18,40.639705658
2016-08-19,40.5408210754
2016-08-22,40.7715415955
2016-08-23,40.8045082092
2016-08-24,40.7715415955
2016-08-25,40.5737838745
2016-08-26,40.2771492004
2016-08-29,40.4089813232
2016-08-30,40.4089813232
2016-08-31,40.4749145508
2016-09-01,40.7715415955
2016-09-02,41.0681877136
2016-09-06,41.2988891602
2016-09-07,41.4966697693
2016-09-08,41.2988891602
2016-09-09,40.639705658
2016-09-12,40.9693031311
2016-09-13,40.2441825867
2016-09-14,39.9805030823
2016-09-15,40.1782608032
2016-09-16,39.8486633301
2016-09-19,39.9805030823
2016-09-20,40.5408210754
2016-09-21,41.7273826599
2016-09-22,42.254737854
2016-09-23,41.6614608765
2016-09-26,41.2988891602
2016-09-27,41.7603416443
2016-09-28,41.6944236755
2016-09-29,41.3977851868
2016-09-30,41.3318634033
2016-10-03,41.2000236511
2016-10-04,40.9693031311
2016-10-05,41.2329864502
2016-10-06,41.0352287292
2016-10-07,41.0352287292
2016-10-10,41.1670684814
2016-10-11,40.8045082092
2016-10-12,40.7385902405
2016-10-13,40.6726722717
2016-10-14,40.6726722717
2016-10-17,40.7056236267
2016-10-18,40.936340332
2016-10-19,41.0681877136
2016-10-20,41.4307556152
2016-10-21,41.4307556152
2016-10-24,41.4966697693
2016-10-25,41.5296363831
2016-10-26,41.4637069702
2016-10-27,41.5296363831
2016-10-28,41.5955467224
2016-10-31,41.6285057068
2016-11-01,41.4637069702
2016-11-02,41.2000236511
2016-11-03,41.2988891602
2016-11-04,40.8045082092
2016-11-07,41.0928993225
2016-11-08,41.0434532166
2016-11-09,40.6973876953
2016-11-10,40.730342865
2016-11-11,40.7880210876
2016-11-14,40.8374633789
2016-11-15,40.9033851624
2016-11-16,40.7056236267
2016-11-17,41.3153877258
2016-11-18,40.6973876953
2016-11-21,41.0269889832
2016-11-22,41.1258659363
2016-11-23,41.1258659363
2016-11-25,40.7797851562
2016-11-28,41.134098053
2016-11-29,41.1753120422
2016-11-30,41.1093864441
2016-12-01,40.7633056641
2016-12-02,40.8869018555
2016-12-05,40.8374633789
2016-12-06,41.0187492371
2016-12-07,41.6285057068
2016-12-08,42.106426239
2016-12-09,42.2300262451
2016-12-12,41.8180274963
2016-12-13,42.3124275208
2016-12-14,41.6614608765
2016-12-15,41.6614608765
2016-12-16,41.2988891602
2016-12-19,41.6532173157
2016-12-20,41.6944236755
2016-12-21,41.4718475342
2016-12-22,41.4051704407
2016-12-23,41.4801864624
2016-12-27,41.2217750549
2016-12-28,41.1634216309
2016-12-29,40.7466163635
2016-12-30,40.7299499512
2017-01-03,41.0633811951
2017-01-04,41.8886604309
2017-01-05,42.1304016113
2017-01-06,42.063709259
2017-01-09,42.1053962708
2017-01-10,41.9470100403
2017-01-11,42.2220954895
2017-01-12,42.1554069519
2017-01-13,42.4221611023
2017-01-17,41.9470100403
2017-01-18,41.9386749268
2017-01-19,41.821975708
2017-01-20,42.088722229
2017-01-23,42.1137237549
2017-01-24,42.2220954895
2017-01-25,42.6639060974
2017-01-26,42.7222633362
2017-01-27,42.3721504211
2017-01-30,42.255443573
2017-01-31,42.1554069519
2017-02-01,42.3804855347
2017-02-02,42.3638038635
2017-02-03,42.5555381775
2017-02-06,42.4888534546
2017-02-07,42.4638404846
2017-02-08,42.5888824463
2017-02-09,42.5305290222
2017-02-10,42.8306274414
2017-02-13,42.9973526001
2017-02-14,42.688911438
2017-02-15,42.6472434998
2017-02-16,42.6972579956
2017-02-17,42.6722450256
2017-02-21,43.0306892395
2017-02-22,43.0807228088
2017-02-23,43.0390319824
2017-02-24,42.9473381042
2017-02-27,42.8139533997
2017-02-28,42.7055931091
2017-03-01,43.2057418823
2017-03-02,42.7972793579
2017-03-03,42.8222885132
2017-03-06,42.7222633362
2017-03-07,42.6222343445
2017-03-08,42.4888534546
2017-03-09,42.4888534546
2017-03-10,42.7972793579
2017-03-13,43.0140151978
2017-03-14,42.7139282227
2017-03-15,43.1473922729
2017-03-16,43.0640487671
2017-03-17,43.2057418823
2017-03-20,43.2140884399
2017-03-21,42.8806495667
2017-03-22,42.938999176
2017-03-23,42.9723472595
2017-03-24,43.2391052246
2017-03-27,43.2641067505
2017-03-28,43.6308898926
2017-03-29,43.5725402832
2017-03-30,43.3307876587
2017-03-31,42.9306564331
2017-04-03,43.1473922729
2017-04-04,42.9973526001
2017-04-05,42.6972579956
2017-04-06,42.4805107117
2017-04-07,42.5722122192
2017-04-10,42.4721755981
2017-04-11,42.688911438
2017-04-12,42.5472068787
2017-04-13,42.1887626648
2017-04-17,42.6388969421
2017-04-18,42.505531311
2017-04-19,42.4805107117
2017-04-20,42.7389335632
2017-04-21,42.8973197937
2017-04-24,43.1974182129
2017-04-25,43.3558044434
2017-04-26,43.4058189392
2017-04-27,43.439163208
2017-04-28,43.2307548523
2017-05-01,43.3974876404
2017-05-02,43.5308494568
2017-05-03,43.6392211914
2017-05-04,43.7475891113
2017-05-05,43.9893455505
2017-05-08,44.0060119629
2017-05-09,43.8643035889
2017-05-10,43.6642303467
2017-05-11,43.5475234985
2017-05-12,43.6559028625
2017-05-15,43.7809410095
2017-05-16,43.814289093
2017-05-17,43.7475891113
2017-05-18,43.8643035889
2017-05-19,44.2227478027
2017-05-22,44.1977386475
2017-05-23,44.2561035156
2017-05-24,44.1894035339
2017-05-25,44.3061103821
2017-05-26,44.3311157227
2017-05-30,44.4228096008
2017-05-31,44.4228096008
2017-06-01,44.8229408264
2017-06-02,45.7649230957
2017-06-05,45.5898590088
2017-06-06,45.623210907
2017-06-07,45.6065368652
2017-06-08,45.4981651306
2017-06-09,45.0897026062
2017-06-12,45.2314147949
2017-06-13,45.4814987183
2017-06-14,45.4564971924
2017-06-15,45.0146713257
2017-06-16,45.1980705261
2017-06-19,45.3397865295
2017-06-20,45.3548851013
2017-06-21,45.2877655029
2017-06-22,45.3800582886
2017-06-23,45.3464889526
2017-06-26,45.2206459045
2017-06-27,45.1115837097
2017-06-28,45.3129348755
2017-06-29,44.8598976135
2017-06-30,45.0109100342
2017-07-03,44.7927780151
2017-07-05,44.8011627197
2017-07-06,44.4739608765
2017-07-07,44.4487953186
2017-07-10,44.3313407898
2017-07-11,44.6333694458
2017-07-12,44.9437904358
2017-07-13,44.8850593567
2017-07-14,44.9941177368
2017-07-17,44.9353942871
2017-07-18,45.1703071594
2017-07-19,45.3548851013
2017-07-20,45.5226821899
2017-07-21,45.6065788269
2017-07-24,45.514289856
2017-07-25,45.3548851013
2017-07-26,45.5059013367
2017-07-27,45.6569137573
2017-07-28,45.7911453247
2017-07-31,45.9421615601
2017-08-01,46.210647583
2017-08-02,46.1854667664
2017-08-03,46.3029212952
2017-08-04,46.2609672546
2017-08-07,46.2441978455
2017-08-08,46.1938514709
2017-08-09,45.9085998535
2017-08-10,45.430393219
2017-08-11,45.3632736206
2017-08-14,45.6988677979
2017-08-15,45.6401405334
2017-08-16,45.7911453247
2017-08-17,45.4807357788
2017-08-18,45.6820869446
2017-08-21,45.5814094543
2017-08-22,45.6736946106
2017-08-23,45.6904716492
2017-08-24,45.4555587769
2017-08-25,45.6065788269
2017-08-28,45.6569137573
2017-08-29,45.5646247864
2017-08-30,45.5394554138
2017-08-31,45.9002113342
2017-09-01,45.7156448364
2017-09-05,45.514289856
2017-09-06,45.7072525024
2017-09-07,45.9757232666
2017-09-08,46.1183509827
2017-09-11,46.3280944824
2017-09-12,46.3616485596
2017-09-13,46.2693595886
2017-09-14,46.2777633667
2017-09-15,46.344871521
2017-09-18,46.353263855
2017-09-19,46.6217346191
2017-09-20,46.6385116577
2017-09-21,46.4539375305
2017-09-22,46.5042762756
2017-09-25,46.6049499512
2017-09-26,46.6049499512
2017-09-27,46.697227478
2017-09-28,46.730796814
2017-09-29,46.7391929626
2017-10-02,46.7391929626
2017-10-03,47.0160560608
2017-10-04,47.0244407654
2017-10-05,46.9992675781
2017-10-06,46.9741020203
2017-10-09,47.0328292847
2017-10-10,47.3684196472
2017-10-11,47.6117172241
2017-10-12,47.5529975891
2017-10-13,48.1402740479
2017-10-16,48.3584098816
2017-10-17,48.3080673218
2017-10-18,48.2577209473
2017-10-19,48.1486625671
2017-10-20,48.2577209473
2017-10-23,48.3751907349
2017-10-24,48.7778892517
2017-10-25,48.3835754395
2017-10-26,48.6436576843
2017-10-27,49.0128059387
2017-10-30,48.9960327148
2017-10-31,49.2057685852
2017-11-01,49.482635498
2017-11-02,49.5413551331
2017-11-03,49.6588134766
2017-11-06,49.6504364014
2017-11-07,50.0447463989
2017-11-08,50.3551635742
2017-11-09,49.9356803894
2017-11-10,49.5665283203
2017-11-13,49.3483886719
2017-11-14,49.0883178711
2017-11-15,48.7275619507
2017-11-16,49.482635498
2017-11-17,49.2393226624
2017-11-20,49.482635498
2017-11-21,49.9356803894
2017-11-22,49.9692420959
2017-11-24,50.3803253174
2017-11-27,50.162197113
2017-11-28,50.3132133484
2017-11-29,50.2125358582
2017-11-30,50.262878418
2017-12-01,50.0363464355
2017-12-04,49.5077972412
2017-12-05,49.633644104
2017-12-06,49.4490737915
2017-12-07,49.7678794861
2017-12-08,50.0027923584
2017-12-11,50.170589447
2017-12-12,50.262878418
2017-12-13,50.4642333984
2017-12-14,50.2293128967
2017-12-15,50.2544898987
2017-12-18,50.8585395813
2017-12-19,50.3425369263
2017-12-20,50.4100990295
2017-12-21,50.4438781738
2017-12-22,50.6803436279
2017-12-26,50.7056884766
2017-12-27,50.6381225586
2017-12-28,50.5198936462
2017-12-29,50.6127891541
2018-01-02,50.9168243408
2018-01-03,51.6177787781
2018-01-04,52.2511749268
2018-01-05,52.3947563171
2018-01-08,52.6987838745
2018-01-09,52.7325515747
2018-01-10,53.0703697205
2018-01-11,53.4250793457
2018-01-12,53.5939826965
2018-01-16,53.5939826965
2018-01-17,54.0247077942
2018-01-18,53.5686531067
2018-01-19,53.906463623
2018-01-22,54.1344871521
2018-01-23,54.4638519287
2018-01-24,54.4807434082
2018-01-25,54.2189369202
2018-01-26,54.6158599854
2018-01-29,54.1513824463
2018-01-30,53.45885849
2018-01-31,53.1548271179
2018-02-01,53.416633606
2018-02-02,52.6312179565
2018-02-05,50.1398544312
2018-02-06,51.3559799194
2018-02-07,50.8999290466
2018-02-08,49.3882064819
2018-02-09,49.8864974976
2018-02-12,50.8577079773
2018-02-13,50.2327537537
2018-02-14,50.9928207397
2018-02-15,51.237739563
2018-02-16,52.0231552124
2018-02-20,51.6008911133
2018-02-21,51.0857200623
2018-02-22,51.3221931458
2018-02-23,52.0738182068
2018-02-26,52.7494468689
2018-02-27,52.0316047668
2018-02-28,51.5755615234
2018-03-01,50.0807304382
2018-03-02,50.6465606689
2018-03-05,50.8745956421
2018-03-06,51.1870727539
2018-03-07,50.7563552856
2018-03-08,51.0688323975
2018-03-09,51.1955070496
2018-03-12,51.2461891174
2018-03-13,51.1617355347
2018-03-14,51.381313324
2018-03-15,51.4826507568
2018-03-16,51.2546310425
2018-03-19,50.3847618103
2018-03-20,50.671913147
2018-03-21,50.7394676208
2018-03-22,50.2749710083
2018-03-23,49.2193069458
2018-03-26,49.9202766418
2018-03-27,50.0385093689
2018-03-28,50.6043395996
2018-03-29,51.2461891174
2018-04-02,50.2158584595
2018-04-03,50.8492584229
2018-04-04,50.8999290466
2018-04-05,51.1532897949
2018-04-06,50.3509750366
2018-04-09,50.7985839844
2018-04-10,51.0772781372
2018-04-11,50.9506072998
2018-04-12,50.8661460876
2018-04-13,50.8661460876
2018-04-16,51.0097198486
2018-04-17,51.2039642334
2018-04-18,51.5502166748
2018-04-19,51.3559799194
2018-04-20,51.2546310425
2018-04-23,51.1870727539
2018-04-24,51.0012664795
2018-04-25,51.1617355347
2018-04-26,51.4742088318
2018-04-27,51.3306312561
2018-04-30,51.2124061584
2018-05-01,51.170173645
2018-05-02,50.8661460876
2018-05-03,50.9168243408
2018-05-04,51.2884140015
2018-05-07,51.3475341797
2018-05-08,51.5079841614
2018-05-09,51.0688323975
2018-05-10,51.3644180298
2018-05-11,51.752910614
2018-05-14,52.0400466919
2018-05-15,51.5079841614
2018-05-16,51.6600036621
2018-05-17,51.6515617371
2018-05-18,51.5248756409
2018-05-21,51.5840034485
2018-05-22,51.4657669067
2018-05-23,51.2630767822
2018-05-24,50.9506072998
2018-05-25,50.7817001343
2018-05-29,50.4438781738
2018-05-30,50.7985839844
2018-05-31,50.452331543
2018-06-01,50.7985839844
2018-06-04,51.1026115417
2018-06-05,51.0097198486
2018-06-06,51.2292976379
2018-06-07,51.2292976379
2018-06-08,51.381313324
2018-06-11,51.5417709351
2018-06-12,51.2208442688
2018-06-13,51.2630767822
2018-06-14,51.2124061584
2018-06-15,50.9421539307
2018-06-18,50.5705566406
2018-06-19,50.0343856812
2018-06-20,50.0514144897
2018-06-21,49.8641738892
2018-06-22,50.1109809875
2018-06-25,49.4301338196
2018-06-26,49.7194862366
2018-06-27,49.3875808716
2018-06-28,49.4471549988
2018-06-29,49.2854385376
2018-07-02,48.5024604797
2018-07-03,48.4428825378
2018-07-05,48.3662948608
2018-07-06,48.681186676
2018-07-09,49.3535346985
2018-07-10,49.1662979126
2018-07-11,48.4854316711
2018-07-12,48.5365104675
2018-07-13,48.987575531
2018-07-16,49.0046005249
2018-07-17,49.4386367798
2018-07-18,49.3620452881
2018-07-19,49.3705444336
2018-07-20,49.5237426758
2018-07-23,49.7705459595
2018-07-24,49.974811554
2018-07-25,50.2982177734
2018-07-26,50.4258842468
2018-07-27,50.5790748596
2018-07-30,50.1960906982
2018-07-31,49.8131065369
2018-08-01,50.136516571
2018-08-02,49.855670929
2018-08-03,49.84715271
2018-08-06,49.4726829529
2018-08-07,49.889705658
2018-08-08,49.8386421204
2018-08-09,49.6514091492
2018-08-10,48.9365005493
2018-08-13,48.6471405029
2018-08-14,48.8428878784
2018-08-15,48.2471389771
2018-08-16,48.510974884
2018-08-17,48.6726722717
2018-08-20,48.8684310913
2018-08-21,48.8599052429
2018-08-22,49.0641670227
2018-08-23,48.8599052429
2018-08-24,49.0301208496
2018-08-27,49.7705459595
2018-08-28,49.6173629761
2018-08-29,49.7960929871
2018-08-30,49.4471549988
2018-08-31,49.5492782593
2018-09-04,48.9365005493
2018-09-05,48.4173545837
2018-09-06,48.5279960632
2018-09-07,48.2301216125
2018-09-10,48.3407554626
2018-09-11,48.4428825378
2018-09-12,48.5365104675
2018-09-13,48.9109764099
2018-09-14,49.4641723633
2018-09-17,49.4897041321
2018-09-18,50.6726913452
2018-09-19,50.8514137268
2018-09-20,50.9875869751
2018-09-21,51.0982246399
2018-09-24,50.868434906
2018-09-25,51.2514190674
2018-09-26,51.4982223511
2018-09-27,51.3620491028
2018-09-28,51.2599258423
2018-10-01,51.6088638306
2018-10-02,51.4897117615
2018-10-03,51.0386428833
2018-10-04,50.349281311
2018-10-05,50.3577880859
2018-10-08,50.5790748596
2018-10-09,50.2897071838
2018-10-10,49.0556602478
2018-10-11,48.1705436707
2018-10-12,48.2811813354
2018-10-15,48.1364974976
2018-10-16,49.0301208496
2018-10-17,48.9960861206
2018-10-18,48.1109695435
2018-10-19,48.2130966187
2018-10-22,47.9152259827
2018-10-23,47.3620300293
2018-10-24,45.8471221924
2018-10-25,46.5279808044
2018-10-26,45.9322280884
2018-10-29,45.5066986084
2018-10-30,46.2215919495
2018-10-31,46.6726646423
2018-11-01,46.5620231628
2018-11-02,46.8258514404
2018-11-05,46.6556434631
2018-11-06,47.1833000183
2018-11-07,47.6769256592
2018-11-08,47.3705368042
2018-11-09,46.8939399719
2018-11-12,46.2556343079
2018-11-13,46.0854225159
2018-11-14,46.2471351624
2018-11-15,46.5194702148
2018-11-16,46.5535125732
2018-11-19,46.3492546082
2018-11-20,45.4981880188
2018-11-21,46.1960601807
2018-11-23,46.0258483887
2018-11-26,46.6471328735
2018-11-27,46.6045799255
2018-11-28,47.2173423767
2018-11-29,47.055644989
2018-11-30,47.0982017517
2018-12-03,47.7364997864
2018-12-04,45.974773407
2018-12-06,45.9066925049
2018-12-07,45.5662727356
2018-12-10,45.2173347473
2018-12-11,45.1832962036
2018-12-12,45.7279777527
2018-12-13,45.5918045044
2018-12-14,45.0726547241
2018-12-17,44.7151985168
2018-12-18,44.8395614624
2018-12-19,44.1791496277
2018-12-20,43.9475822449
2018-12-21,42.5924415588
2018-12-24,42.1292991638
2018-12-26,42.9269371033
2018-12-27,43.5015869141
2018-12-28,43.5530395508
2018-12-31,43.475856781
2019-01-02,43.7760505676
2019-01-03,43.5273094177
2019-01-04,45.0025253296
2019-01-07,45.114025116
2019-01-08,45.3284416199
2019-01-09,45.577167511
2019-01-10,45.8516349792
2019-01-11,45.3198738098
2019-01-14,45.1569061279
2019-01-15,45.7058181763
2019-01-16,45.9288139343
2019-01-17,45.8344688416
2019-01-18,46.4434280396
2019-01-22,45.6114807129
2019-01-23,45.4828224182
2019-01-24,45.7487068176
2019-01-25,46.2461624146
2019-01-28,45.9116630554
2019-01-29,45.9545478821
2019-01-30,46.469165802
2019-01-31,46.5549240112
2019-02-01,46.3662376404
2019-02-04,46.469165802
2019-02-05,46.6578559875
2019-02-06,46.2718963623
2019-02-07,45.6286277771
2019-02-08,45.2255249023
2019-02-11,45.2684135437
2019-02-12,46.0660438538
2019-02-13,46.1775436401
2019-02-14,46.1432342529
2019-02-15,46.7350387573
2019-02-19,46.8122291565
2019-02-20,46.863697052
2019-02-21,46.7950782776
2019-02-22,46.8980026245
2019-02-25,47.1638793945
2019-02-26,47.326839447
2019-02-27,47.0781173706
2019-02-28,46.6235427856
2019-03-01,46.7607727051
2019-03-04,46.6149635315
2019-03-05,46.6578559875
2019-03-06,46.3833847046
2019-03-07,45.8344688416
2019-03-08,45.7572822571
2019-03-11,46.2547416687
2019-03-12,46.3662376404
2019-03-13,46.5463485718
2019-03-14,46.0488891602
2019-03-15,46.5806541443
2019-03-18,46.709312439
2019-03-19,46.7264633179
2019-03-20,46.7521896362
2019-03-21,47.0609664917
2019-03-22,46.5549240112
2019-03-25,46.5806541443
2019-03-26,47.0952644348
2019-03-27,46.9322967529
2019-03-28,46.9580421448
2019-03-29,46.9322967529
2019-04-01,47.5241165161
2019-04-02,47.1981887817
2019-04-03,47.4812202454
2019-04-04,47.4554901123
2019-04-05,47.4897956848
2019-04-08,47.3782958984
2019-04-09,47.1209983826
2019-04-10,47.129573822
2019-04-11,46.9837608337
2019-04-12,47.2239151001
2019-04-15,47.2153434753
2019-04-16,47.4040298462
2019-04-17,47.4040298462
2019-04-18,47.4726409912
2019-04-22,47.301109314
2019-04-23,47.5669822693
2019-04-24,46.9837608337
2019-04-25,47.0866928101
2019-04-26,47.515537262
2019-04-29,47.7042236328
2019-04-30,47.5326843262
2019-05-01,47.3697280884
2019-05-02,47.386882782
2019-05-03,47.9958343506
2019-05-06,47.5069580078
2019-05-07,46.6407012939
2019-05-08,46.3576507568
2019-05-09,46.057472229
2019-05-10,46.3748130798
2019-05-13,45.3284416199
2019-05-14,45.9631309509
2019-05-15,46.0317382812
2019-05-16,46.2204322815
2019-05-17,46.0488891602
2019-05-20,45.8001708984
2019-05-21,46.1175117493
2019-05-22,45.7401313782
2019-05-23,45.397064209
2019-05-24,46.1003570557
2019-05-28,45.7144012451
2019-05-29,45.4999809265
2019-05-30,45.7058181763
2019-05-31,45.2169532776
2019-06-03,45.4828224182
2019-06-04,46.0060119629
2019-06-05,46.0317382812
2019-06-06,46.0832061768
2019-06-07,46.6407012939
2019-06-10,46.8551139832
2019-06-11,47.0095024109
2019-06-12,46.4863128662
2019-06-13,46.4348526001
2019-06-14,46.3147888184
2019-06-17,46.4506568909
2019-06-18,46.7276153564
2019-06-19,47.1430511475
2019-06-20,47.6017608643
2019-06-21,47.1343917847
2019-06-24,47.1343917847
2019-06-25,46.9266777039
2019-06-26,46.8574447632
2019-06-27,47.0478439331
2019-06-28,47.2382507324
2019-07-01,47.9133300781
2019-07-02,48.060459137
2019-07-03,48.1989402771
2019-07-05,47.9912223816
2019-07-08,47.7142677307
2019-07-09,47.2901878357
2019-07-10,47.5757904053
2019-07-11,47.6623420715
2019-07-12,47.679649353
2019-07-15,47.7142677307
2019-07-16,47.359413147
2019-07-17,47.3161430359
2019-07-18,47.1949806213
2019-07-19,47.3161430359
2019-07-22,47.3853874207
2019-07-23,47.7661933899
2019-07-24,47.8267784119
2019-07-25,47.3161430359
2019-07-26,47.4373207092
2019-07-29,47.3767280579
2019-07-30,47.0738143921
2019-07-31,47.0391921997
2019-08-01,47.030544281
2019-08-02,46.7882041931
2019-08-05,45.628452301
2019-08-06,46.2083244324
2019-08-07,46.528553009
2019-08-08,46.8574447632
2019-08-09,46.364112854
2019-08-12,45.9227180481
2019-08-13,46.4420089722
2019-08-14,45.3168716431
2019-08-15,45.7496185303
2019-08-16,46.2256317139
2019-08-19,46.2169799805
2019-08-20,46.1217689514
2019-08-21,46.2775650024
2019-08-22,46.2083244324
2019-08-23,45.6890335083
2019-08-26,46.3554573059
2019-08-27,46.2083244324
2019-08-28,46.1910095215
2019-08-29,46.5198974609
2019-08-30,46.6670341492
2019-09-03,46.6929969788
2019-09-04,46.9526443481
2019-09-05,47.2901878357
2019-09-06,47.454624176
2019-09-09,47.7661933899
2019-09-10,47.90467453
2019-09-11,48.3287696838
2019-09-12,48.6489944458
2019-09-13,49.2202148438
2019-09-16,48.9605751038
2019-09-17,49.142326355
2019-09-18,49.0384674072
2019-09-19,49.4019699097
2019-09-20,49.2894554138
2019-09-23,49.2375259399
2019-09-24,49.3067588806
2019-09-25,49.5058288574
2019-09-26,49.592376709
2019-09-27,48.8826789856
2019-09-30,49.1077041626
2019-10-01,48.891330719
2019-10-02,48.2854881287
2019-10-03,48.5278282166
2019-10-04,49.0903968811
2019-10-07,48.7788200378
2019-10-08,48.4932098389
2019-10-09,48.9172935486
2019-10-10,48.8567123413
2019-10-11,49.4625473022
2019-10-14,49.2461853027
2019-10-15,49.981842041
2019-10-16,49.8779830933
2019-10-17,49.7481613159
2019-10-18,49.6529655457
2019-10-21,50.0078125
2019-10-22,50.0683937073
2019-10-23,50.2761039734
2019-10-24,50.3020782471
2019-10-25,50.2761039734
2019-10-28,50.4232368469
2019-10-29,50.6396141052
2019-10-30,50.7780914307
2019-10-31,50.7867431641
2019-11-01,51.288734436
2019-11-04,51.6349258423
2019-11-05,51.7041702271
2019-11-06,51.5916519165
2019-11-07,51.8945617676
2019-11-08,51.8686065674
2019-11-11,51.7387771606
2019-11-12,51.8512916565
2019-11-13,51.6695404053
2019-11-14,51.4445075989
2019-11-15,51.7474327087
2019-11-18,51.7907028198
2019-11-19,51.6262702942
2019-11-20,51.470489502
2019-11-21,51.5224075317
2019-11-22,51.5570259094
2019-11-25,51.9118766785
2019-11-26,51.8253326416
2019-11-27,51.9291954041
2019-11-29,51.4358634949
2019-12-02,51.3320007324
2019-12-03,51.5310707092
2019-12-04,52.1109428406
2019-12-05,51.9032173157
2019-12-06,52.5004043579
2019-12-09,52.2061424255
2019-12-10,52.1801872253
2019-12-11,52.2926979065
2019-12-12,52.4225082397
2019-12-13,52.5609931946
2019-12-16,52.8027267456
2019-12-17,52.6888656616
2019-12-18,52.4786682129
2019-12-19,52.4261169434
2019-12-20,52.3910827637
2019-12-23,52.3472976685
2019-12-24,52.1371078491
2019-12-26,52.2772293091
2019-12-27,52.1808891296
2019-12-30,51.7167129517
2019-12-31,51.8831138611
2020-01-02,52.4261169434
2020-01-03,51.8480834961
2020-01-06,52.0320091248
2020-01-07,52.1195869446
2020-01-08,52.1283416748
2020-01-09,52.4961853027
2020-01-10,52.1283416748
2020-01-13,52.4261169434
2020-01-14,52.4436340332
2020-01-15,52.250957489
2020-01-16,52.285987854
2020-01-17,52.3210220337
2020-01-21,52.040763855
2020-01-22,52.2772293091
2020-01-23,52.3385429382
2020-01-24,52.1371078491
2020-01-27,51.1999816895
2020-01-28,51.6554031372
2020-01-29,51.4889984131
2020-01-30,51.4189300537
2020-01-31,50.5781555176
2020-02-03,50.9635124207
2020-02-04,51.7342262268
2020-02-05,52.1984100342
2020-02-06,52.5925292969
2020-02-07,52.0845527649
2020-02-10,52.0232505798
2020-02-11,52.285987854
2020-02-12,52.0320091248
2020-02-13,51.5765838623
2020-02-14,51.1912231445
2020-02-18,50.4292678833
2020-02-19,50.3416900635
2020-02-20,50.0176315308
2020-02-21,49.5972480774
2020-02-24,47.9244499207
2020-02-25,47.8456192017
2020-02-26,48.0820960999
2020-02-27,46.4355697632
2020-02-28,46.3830108643
2020-03-02,46.9697990417
2020-03-03,46.3654975891
2020-03-04,47.3726882935
2020-03-05,46.5143852234
2020-03-06,46.0677185059
2020-03-09,43.7205429077
2020-03-10,45.0255012512
2020-03-11,43.5015983582
2020-03-12,39.2363891602
2020-03-13,40.5238342285
2020-03-16,37.8526039124
2020-03-17,39.7093238831
2020-03-18,38.8685493469
2020-03-19,39.4115524292
2020-03-20,39.5078964233
2020-03-23,39.0962600708
2020-03-24,41.8112754822
2020-03-25,42.5994987488
2020-03-26,44.0008049011
2020-03-27,43.9482574463
2020-03-30,44.4825057983
2020-03-31,43.2563743591
2020-04-01,41.1982078552
2020-04-02,41.7236938477
2020-04-03,40.7865753174
2020-04-06,43.1950531006
2020-04-07,43.6592407227
2020-04-08,43.5541419983
2020-04-09,44.1234207153
2020-04-13,43.9394989014
2020-04-14,44.7452507019
2020-04-15,44.2985839844
2020-04-16,43.9219856262
2020-04-17,44.5087814331
2020-04-20,43.8256416321
2020-04-21,43.4140129089
2020-04-22,44.1672096252
2020-04-23,44.228515625
2020-04-24,44.5700798035
2020-04-27,45.1831550598
2020-04-28,45.8400115967
2020-04-29,46.6457633972
2020-04-30,45.3320388794
2020-05-01,44.5350456238
2020-05-04,44.3160934448
2020-05-05,44.7452507019
2020-05-06,44.4036865234
2020-05-07,45.0692977905
2020-05-08,45.8400115967
2020-05-11,46.2779197693
2020-05-12,45.6736068726
2020-05-13,45.8925704956
2020-05-14,45.2094230652
2020-05-15,45.2882499695
2020-05-18,46.4180450439
2020-05-19,45.8750534058
2020-05-20,46.5669326782
2020-05-21,46.0677185059
2020-05-22,46.1290245056
2020-05-26,47.6967391968
2020-05-27,48.3097991943
2020-05-28,48.9403839111
2020-05-29,48.5287590027
2020-06-01,49.2644386292
2020-06-02,49.4833908081
2020-06-03,49.8249549866
2020-06-04,49.2644386292
2020-06-05,49.9738502502
2020-06-08,50.709526062
2020-06-09,50.4467849731
2020-06-10,50.4205131531
2020-06-11,48.3010406494
2020-06-12,49.1681022644
2020-06-15,48.6313819885
2020-06-16,49.567111969
2020-06-17,49.7877998352
2020-06-18,49.6995239258
2020-06-19,49.4611701965
2020-06-22,49.7966308594
2020-06-23,49.9290313721
2020-06-24,48.8873748779
2020-06-25,49.4435195923
2020-06-26,48.9668312073
2020-06-29,48.9756622314
2020-06-30,48.4813079834
2020-07-01,48.3842010498
2020-07-02,48.7019996643
2020-07-06,49.3287620544
2020-07-07,48.8873748779
2020-07-08,48.8520736694
2020-07-09,48.6137199402
2020-07-10,49.2493171692
2020-07-13,48.9933128357
2020-07-14,49.3817253113
2020-07-15,50.0084915161
2020-07-16,49.4964866638
2020-07-17,49.5759353638
2020-07-20,49.6112480164
2020-07-21,49.6377334595
2020-07-22,49.505317688
2020-07-23,49.3375892639
2020-07-24,49.2846298218
2020-07-27,50.2644920349
2020-07-28,49.9555244446
2020-07-29,49.9819984436
2020-07-30,49.2316589355
2020-07-31,47.9604759216
2020-08-03,48.9403419495
2020-08-04,49.4876594543
2020-08-05,49.4523506165
2020-08-06,49.4170341492
2020-08-07,49.4346923828
2020-08-10,49.6730384827
2020-08-11,50.0791015625
2020-08-12,51.1384239197
2020-08-13,51.0766372681
2020-08-14,51.0678024292
2020-08-17,51.2796592712
2020-08-18,51.4562149048
2020-08-19,51.1825637817
2020-08-20,50.9971809387
2020-08-21,50.8559455872
2020-08-24,51.4209060669
2020-08-25,51.3502845764
2020-08-26,51.4915313721
2020-08-27,51.0148391724
2020-08-28,51.2884902954
2020-08-31,51.2178726196
2020-09-01,51.3591117859
2020-09-02,51.8711128235
2020-09-03,50.9618721008
2020-09-04,51.244354248
2020-09-08,50.8206329346
2020-09-09,50.9971809387
2020-09-10,51.0236625671
2020-09-11,51.6857452393
2020-09-14,52.0564994812
2020-09-15,52.2948417664
2020-09-16,52.4802246094
2020-09-17,52.5420188904
2020-09-18,52.3124961853
2020-09-21,51.5356674194
2020-09-22,51.6945648193
2020-09-23,51.9947052002
2020-09-24,51.7916641235
2020-09-25,51.8711128235
2020-09-28,52.5949783325
2020-09-29,52.5508460999
2020-09-30,52.1447792053
2020-10-01,52.1536026001
2020-10-02,51.8975982666
2020-10-05,52.3213233948
2020-10-06,52.2065658569
2020-10-07,52.4802246094
2020-10-08,52.4978790283
2020-10-09,52.4890480042
2020-10-12,52.6302947998
2020-10-13,52.4625701904
2020-10-14,52.5420188904
2020-10-15,52.1006393433
2020-10-16,51.9947052002
2020-10-19,52.0564994812
2020-10-20,52.065322876
2020-10-21,52.4713935852
2020-10-22,52.3213233948
2020-10-23,52.3478050232
2020-10-26,51.8446388245
2020-10-27,52.0300178528
2020-10-28,51.323802948
2020-10-29,51.712223053
2020-10-30,51.4120788574
2020-11-02,51.9505653381
2020-11-03,53.0451965332
2020-11-04,52.9569206238
2020-11-05,54.2634086609
2020-11-06,54.3075485229
2020-11-09,55.9053382874
2020-11-10,55.6934776306
2020-11-11,56.0289344788
2020-11-12,55.1638221741
2020-11-13,55.9494819641
2020-11-16,56.7439651489
2020-11-17,56.5232696533
2020-11-18,56.1436882019
2020-11-19,56.5144424438
2020-11-20,57.1500358582
2020-11-23,57.1853485107
2020-11-24,58.050453186
2020-11-25,57.635559082
2020-11-27,58.4653511047
2020-11-30,56.8410720825
2020-12-01,58.0063095093
2020-12-02,57.9092216492
2020-12-03,58.050453186
2020-12-04,58.3152809143
2020-12-07,57.4589958191
2020-12-08,57.5914154053
2020-12-09,57.9974899292
2020-12-10,58.094581604
2020-12-11,58.2181777954
2020-12-14,58.4113731384
2020-12-15,58.8278999329
2020-12-16,58.8190383911
2020-12-17,59.1646766663
2020-12-18,58.9962882996
2020-12-21,58.3581962585
2020-12-22,58.3316192627
2020-12-23,58.5443115234
2020-12-24,58.3316192627
2020-12-28,58.9253883362
2020-12-29,59.6609535217
2020-12-30,59.6875457764
2020-12-31,59.8736457825
2021-01-04,59.1646766663
2021-01-05,59.7141304016
2021-01-06,60.4231071472
2021-01-07,60.2990379333
2021-01-08,61.4068336487
2021-01-11,60.830783844
2021-01-12,61.1498336792
2021-01-13,61.3270721436
2021-01-14,61.9651527405
2021-01-15,60.9016838074
2021-01-19,61.2561721802
2021-01-20,61.5663452148
2021-01-21,61.3270721436
2021-01-22,61.3625144958
2021-01-25,61.6018028259
2021-01-26,61.610660553
2021-01-27,60.2635917664
2021-01-28,60.6535453796
2021-01-29,59.3684959412
2021-02-01,59.9888687134
2021-02-02,60.4674263
2021-02-03,60.8219184875
2021-02-04,60.8928184509
2021-02-05,61.3713760376
2021-02-08,62.4703063965
2021-02-09,62.8070678711
2021-02-10,62.6918640137
2021-02-11,63.0197715759
2021-02-12,63.4097137451
2021-02-16,63.6844520569
2021-02-17,63.5958213806
2021-02-18,62.8336639404
2021-02-19,63.2235984802
2021-02-22,63.0729408264
2021-02-23,62.9311561584
2021-02-24,62.4082641602
2021-02-25,61.3359260559
2021-02-26,60.4585647583
2021-03-01,61.4600028992
2021-03-02,60.8573646545
2021-03-03,60.4940109253
2021-03-04,59.91796875
2021-03-05,60.4053955078
2021-03-08,59.7318572998
2021-03-09,60.3876533508
2021-03-10,60.6003646851
2021-03-11,60.2990379333
2021-03-12,61.0966567993
2021-03-15,61.4245491028
2021-03-16,61.6283912659
2021-03-17,62.0272026062
2021-03-18,62.1955680847
2021-03-19,62.6475563049
2021-03-22,62.2310218811
2021-03-23,61.3004760742
2021-03-24,60.626953125
2021-03-25,61.3182106018
2021-03-26,62.1335449219
2021-03-29,61.7613182068
2021-03-30,61.3093452454
2021-03-31,60.7244377136
2021-04-01,61.2738876343
2021-04-05,62.0183410645
2021-04-06,61.0789260864
2021-04-07,61.2561721802
2021-04-08,61.3182106018
2021-04-09,61.7436027527
2021-04-12,61.3625144958
2021-04-13,61.7524681091
2021-04-14,61.6372489929
2021-04-15,61.9297065735
2021-04-16,62.0006027222
2021-04-19,61.4068336487
2021-04-20,60.0774841309
2021-04-21,60.5914955139
2021-04-22,60.697845459
2021-04-23,61.238445282
2021-04-26,61.0080299377
2021-04-27,60.2635917664
2021-04-28,60.2458686829
2021-04-29,60.2990379333
2021-04-30,59.7495803833
2021-05-03,60.4585647583
2021-05-04,59.6964035034
2021-05-05,60.4142494202
2021-05-06,60.9016838074
2021-05-07,61.2029914856
2021-05-10,61.0789260864
2021-05-11,60.0420379639
2021-05-12,57.9859886169
2021-05-13,58.4645423889
2021-05-14,59.3862266541
2021-05-17,58.8899383545
2021-05-18,59.6343765259
2021-05-19,59.3330535889
2021-05-20,59.8736457825
2021-05-21,60.2015571594
2021-05-24,60.4674263
2021-05-25,60.3256263733
2021-05-26,60.4585647583
2021-05-27,60.502872467
2021-05-28,60.7776107788
2021-06-01,60.3965263367
2021-06-02,60.9548606873
2021-06-03,60.9725837708
2021-06-04,61.6372489929
2021-06-07,61.8765335083
2021-06-08,61.5752182007
2021-06-09,61.1409568787
2021-06-10,61.4043312073
2021-06-11,61.4936103821
2021-06-14,61.4757537842
2021-06-15,61.770362854
2021-06-16,61.6721534729
2021-06-17,61.4400558472
2021-06-18,60.0383987427
2021-06-21,60.6722564697
2021-06-22,60.7436752319
2021-06-23,60.2794380188
2021-06-24,60.8061752319
2021-06-25,61.0829315186
2021-06-28,60.832950592
2021-06-29,60.8775978088
2021-06-30,60.2973060608
2021-07-01,60.2526626587
2021-07-02,60.6276283264
2021-07-06,60.4044380188
2021-07-07,60.4312210083
2021-07-08,59.4938163757
2021-07-09,61.0918579102
2021-07-12,61.2704162598
2021-07-13,61.0740127563
2021-07-14,61.3775444031
2021-07-15,60.6276283264
2021-07-16,60.0116157532
2021-07-19,59.1545639038
2021-07-20,59.8598556519
2021-07-21,60.2883758545
2021-07-22,60.2526626587
2021-07-23,60.59192276
2021-07-26,60.3776473999
2021-07-27,60.047328949
2021-07-28,60.368724823
2021-07-29,60.574054718
2021-07-30,59.9134178162
2021-08-02,60.4937133789
2021-08-03,60.9400901794
2021-08-04,60.3151512146
2021-08-05,60.6722564697
2021-08-06,60.5472717285
2021-08-09,60.5115661621
2021-08-10,60.5472717285
2021-08-11,61.2972068787
2021-08-12,61.0918579102
2021-08-13,61.2793464661
2021-08-16,60.8597373962
2021-08-17,60.3508682251
2021-08-18,60.0383987427
2021-08-19,59.4670295715
2021-08-20,59.5116691589
2021-08-23,60.2973060608
2021-08-24,60.832950592
2021-08-25,60.7168960571
2021-08-26,60.4044380188
2021-08-27,60.8240356445
2021-08-30,60.7436752319
2021-08-31,61.0650863647
2021-09-01,62.0560569763
2021-09-02,62.3417434692
2021-09-03,64.1093978882
2021-09-07,64.778968811
2021-09-08,64.5022277832
2021-09-09,65.073600769
2021-09-10,65.002166748
2021-09-13,65.8949279785
2021-09-14,65.5289001465
2021-09-15,66.1716842651
2021-09-16,66.0199203491
2021-09-17,65.5556869507
2021-09-20,64.6093521118
2021-09-21,65.1896514893
2021-09-22,64.7164840698
2021-09-23,65.0914535522
2021-09-24,64.8682632446
2021-09-27,64.8146896362
2021-09-28,63.4130439758
2021-09-29,63.3773384094
2021-09-30,62.7166862488
2021-10-01,62.4310035706
2021-10-04,60.6990394592
2021-10-05,61.0382957458
2021-10-06,60.5115661621
2021-10-07,60.8597373962
2021-10-08,60.582988739
2021-10-11,60.8508148193
2021-10-12,60.4579963684
2021-10-13,60.4222831726
2021-10-14,60.9936561584
2021-10-15,61.6364555359
2021-10-18,61.332901001
2021-10-19,61.7167930603
2021-10-20,61.6542930603
2021-10-21,60.582988739
2021-10-22,61.0829315186
2021-10-25,61.1097145081
2021-10-26,61.1186447144
2021-10-27,60.6722564697
2021-10-28,61.1543579102
2021-10-29,61.0650863647
2021-11-01,61.9846229553
2021-11-02,61.9132041931
2021-11-03,62.2881546021
2021-11-04,62.7345466614
2021-11-05,62.8148994446
2021-11-08,62.6809844971
2021-11-09,62.2881546021
2021-11-10,61.3150596619
2021-11-11,61.6721534729
2021-11-12,62.5649337769
2021-11-15,62.5113525391
2021-11-16,62.3863716125
2021-11-17,62.127456665
2021-11-18,62.2881546021
2021-11-19,62.4131698608
2021-11-22,62.0917549133
2021-11-23,62.1631698608
2021-11-24,61.4043312073
2021-11-26,59.7794914246
2021-11-29,59.9491271973
2021-11-30,59.2170562744
2021-12-01,58.9045944214
2021-12-02,59.7884292603
2021-12-03,60.1365966797
2021-12-06,60.1723136902
2021-12-07,61.5739593506
2021-12-08,61.5025367737
2021-12-09,61.0025901794
2021-12-10,61.0918579102
2021-12-13,60.5021286011
2021-12-14,60.4297637939
2021-12-15,61.4699401855
2021-12-16,61.5423049927
2021-12-17,60.7915611267
2021-12-20,60.2760047913
2021-12-21,60.6287612915
2021-12-22,60.7282524109
2021-12-23,60.9634246826
2021-12-27,60.9091491699
2021-12-28,60.9815063477
2021-12-29,60.6920700073
2021-12-30,60.5202217102
2021-12-31,60.5654411316
2022-01-03,60.6287612915
2022-01-04,61.4247207642
2022-01-05,61.1443214417
2022-01-06,60.6920700073
2022-01-07,60.3031311035
2022-01-10,60.1584205627
2022-01-11,60.6287612915
2022-01-12,61.4970779419
2022-01-13,60.8820152283
2022-01-14,60.8096618652
2022-01-18,59.8508872986
2022-01-19,59.1091957092
2022-01-20,58.8468856812
2022-01-21,58.620765686
2022-01-24,58.3675003052
2022-01-25,58.1594696045
2022-01-26,57.3544578552
2022-01-27,56.5404014587
2022-01-28,56.7574882507
2022-01-31,57.9604759216
2022-02-01,57.9785614014
2022-02-02,58.864982605
2022-02-03,57.6348648071
2022-02-04,58.0871086121
2022-02-07,58.1232910156
2022-02-08,58.4579467773
2022-02-09,59.2629623413
2022-02-10,58.3222770691
2022-02-11,57.8519363403
2022-02-14,57.8519363403
2022-02-15,58.4941329956
2022-02-16,58.5031814575
2022-02-17,57.643901825
2022-02-18,57.5534515381
2022-02-22,57.0921554565
2022-02-23,56.5042228699
2022-02-24,56.178604126
2022-02-25,57.4810905457
2022-02-28,56.9293441772
2022-03-01,56.151473999
2022-03-02,56.34141922
2022-03-03,56.0610237122
2022-03-04,55.3374176025
2022-03-07,53.3927459717
2022-03-08,52.6239089966
2022-03-09,54.0439872742
2022-03-10,53.8178596497
2022-03-11,52.9495353699
2022-03-14,53.021900177
2022-03-15,53.8902168274
2022-03-16,55.0932044983
2022-03-17,55.6087684631
2022-03-18,56.3233222961
2022-03-21,56.3052368164
2022-03-22,56.4770927429
2022-03-23,56.1424293518
2022-03-24,56.7574882507
2022-03-25,56.7484436035
2022-03-28,55.8982162476
2022-03-29,57.0017051697
2022-03-30,56.4047355652
2022-03-31,55.7263565063
2022-04-01,56.0157966614
2022-04-04,56.4680480957
2022-04-05,54.9937095642
2022-04-06,54.1706161499
2022-04-07,53.9806671143
2022-04-08,53.7545471191
2022-04-11,52.9133605957
2022-04-12,52.216884613
2022-04-13,52.9676246643
2022-04-14,52.8229064941
2022-04-18,52.1897506714
2022-04-19,52.198802948
2022-04-20,52.6872329712
2022-04-21,52.2530708313
2022-04-22,51.4751968384
2022-04-25,51.7917747498
2022-04-26,50.6973228455
2022-04-27,50.8963165283
2022-04-28,51.8279571533
2022-04-29,51.212890625
2022-05-02,51.1947975159
2022-05-03,51.6018295288
2022-05-04,52.5153694153
2022-05-05,51.0772132874
2022-05-06,51.2762069702
2022-05-09,49.8290061951
2022-05-10,49.9013595581
2022-05-11,49.358669281
2022-05-12,49.91040802
2022-05-13,50.9415397644
2022-05-16,50.6701889038
2022-05-17,51.0410385132
2022-05-18,50.5526046753
2022-05-19,50.9867706299
2022-05-20,51.6380081177
2022-05-23,52.1354827881
2022-05-24,51.9364891052
2022-05-25,52.0450363159
2022-05-26,52.4520645142
2022-05-27,52.7686347961
2022-05-31,52.0993080139
2022-06-01,52.1264419556
2022-06-02,52.6600990295
2022-06-03,51.5656433105
2022-06-06,51.8460426331
2022-06-07,52.0088577271
2022-06-08,51.3304786682
2022-06-09,50.9615097046
2022-06-10,50.0390892029
2022-06-13,48.6417541504
2022-06-14,48.3129692078
2022-06-15,48.8518218994
2022-06-16,48.0755157471
2022-06-17,47.5458145142
2022-06-21,48.0389862061
2022-06-22,47.8015289307
2022-06-23,48.0937843323
2022-06-24,49.0436058044
2022-06-27,48.6143569946
2022-06-28,48.5412979126
2022-06-29,48.3221054077
2022-06-30,48.2490463257
2022-07-01,48.449962616
2022-07-05,48.1394424438
2022-07-06,48.1303138733
2022-07-07,48.8152809143
2022-07-08,49.0618743896
2022-07-11,48.3951683044
2022-07-12,48.413433075
2022-07-13,48.1577110291
2022-07-14,47.6828041077
2022-07-15,48.1851081848
2022-07-18,48.2764396667
2022-07-19,48.9705429077
2022-07-20,49.1805953979
2022-07-21,49.8016319275
2022-07-22,49.9568862915
2022-07-25,49.9477500916
2022-07-26,49.3997802734
2022-07-27,50.3952713013
2022-07-28,50.8062515259
2022-07-29,51.2811660767
2022-08-01,51.9387207031
2022-08-02,50.9523735046
2022-08-03,50.8427848816
2022-08-04,50.8245124817
2022-08-05,50.5139961243
2022-08-08,50.4957351685
2022-08-09,49.9934272766
2022-08-10,51.4272880554
2022-08-11,51.4090194702
2022-08-12,52.084854126
2022-08-15,52.2949104309
2022-08-16,52.048324585
2022-08-17,51.8839302063
2022-08-18,51.7012748718
2022-08-19,50.8062515259
2022-08-22,50.2856750488
2022-08-23,50.4043998718
2022-08-24,50.3861312866
2022-08-25,50.9615097046
2022-08-26,49.7194366455
2022-08-29,49.2171325684
2022-08-30,49.1623344421
2022-08-31,48.9431381226
2022-09-01,48.3586387634
2022-09-02,47.8289299011
2022-09-06,47.0800323486
2022-09-07,47.0069694519
2022-09-08,47.5732116699
2022-09-09,48.4682312012
2022-09-12,48.4864959717
2022-09-13,46.8882446289
2022-09-14,47.56407547
2022-09-15,47.1896247864
2022-09-16,47.1530952454
2022-09-19,47.3083534241
2022-09-20,46.8151779175
2022-09-21,46.2763328552
2022-09-22,46.6416549683
2022-09-23,45.7009620667
2022-09-26,44.9612007141
2022-09-27,44.5867576599
2022-09-28,45.4269866943
2022-09-29,44.9886016846
2022-09-30,44.614151001
2022-10-03,45.4178466797
2022-10-04,46.8699760437
2022-10-05,46.3767967224
2022-10-06,45.9566917419
2022-10-07,45.4909133911
2022-10-10,45.3082542419
2022-10-11,44.8424758911
2022-10-12,44.5136947632
2022-10-13,44.9064025879
2022-10-14,44.2579689026
2022-10-17,44.7054824829
2022-10-18,44.5502204895
2022-10-19,44.2762336731
2022-10-20,44.2396965027
2022-10-21,45.016002655
2022-10-24,44.7237472534
2022-10-25,45.7466316223
2022-10-26,46.0114860535
2022-10-27,45.4361114502
2022-10-28,45.9201545715
2022-10-31,45.6553077698
2022-11-01,46.0023498535
2022-11-02,45.7009620667
2022-11-03,45.5731086731
2022-11-04,46.4589958191
2022-11-07,46.7238464355
2022-11-08,47.399684906
2022-11-09,46.595993042
2022-11-10,49.1988601685
2022-11-11,50.1760749817
2022-11-14,49.4911155701
2022-11-15,49.8199005127
2022-11-16,49.6463661194
2022-11-17,49.5550422668
2022-11-18,49.536781311
2022-11-21,49.134929657
2022-11-22,50.1852111816
2022-11-23,50.7605819702
2022-11-25,51.107635498
2022-11-28,50.7149238586
2022-11-29,50.4043998718
2022-11-30,50.9615097046
2022-12-01,51.3085594177
2022-12-02,51.0802383423
2022-12-05,50.0116882324
2022-12-06,49.8564338684
2022-12-07,50.0025558472
2022-12-08,50.313079834
2022-12-09,50.4683303833
2022-12-12,50.4592018127
2022-12-13,51.1859779358
2022-12-14,51.1402168274
2022-12-15,49.8953514099
2022-12-16,49.9319648743
2022-12-19,49.6115951538
2022-12-20,50.31640625
2022-12-21,50.2431793213
2022-12-22,50.0967216492
2022-12-23,50.1333351135
2022-12-27,49.904499054
2022-12-28,49.3095283508
2022-12-29,50.2248725891
2022-12-30,49.8312759399
2023-01-03,50.0692596436
2023-01-04,49.5749855042
2023-01-05,48.9067802429
2023-01-06,50.1333351135
2023-01-09,50.2431793213
2023-01-10,50.1241836548
2023-01-11,50.5269393921
2023-01-12,51.7443389893
2023-01-13,51.9640274048
2023-01-17,52.458316803
2023-01-18,52.3850860596
2023-01-19,52.3576202393
2023-01-20,52.9525985718
2023-01-23,52.806137085
2023-01-24,53.1631278992
2023-01-25,53.8038597107
2023-01-26,53.6940307617
2023-01-27,53.8404808044
2023-01-30,53.5201034546
2023-01-31,53.7031784058
2023-02-01,53.8862495422
2023-02-02,53.7580986023
2023-02-03,53.1448173523
2023-02-06,52.6596870422
2023-02-07,53.4285736084
2023-02-08,52.842754364
2023-02-09,52.8976783752
2023-02-10,53.1997413635
2023-02-13,53.1722755432
2023-02-14,52.906829834
2023-02-15,52.3850860596
2023-02-16,52.2111701965
2023-02-17,52.1928634644
2023-02-21,51.5521202087
2023-02-22,51.167678833
2023-02-23,51.6802635193
2023-02-24,50.9113769531
2023-02-27,51.3965187073
2023-02-28,51.2042922974
2023-03-01,51.2866706848
2023-03-02,51.3415908813
2023-03-03,52.5223846436
2023-03-06,52.5223846436
2023-03-07,52.0555534363
2023-03-08,52.6962966919
2023-03-09,52.6047668457
2023-03-10,51.9731788635
2023-03-13,51.4788970947
2023-03-14,51.3324394226
2023-03-15,50.2889404297
2023-03-16,51.3141288757
2023-03-17,50.9937591553
2023-03-20,51.7351875305
2023-03-21,52.0555534363
2023-03-22,51.9091033936
2023-03-23,52.1379394531
2023-03-24,52.293548584
2023-03-27,52.5223846436
2023-03-28,52.6230697632
2023-03-29,52.8244514465
2023-03-30,53.0715942383
2023-03-31,53.7214813232
2023-04-03,53.9686279297
2023-04-04,53.9503173828
2023-04-05,53.1448173523
2023-04-06,52.9159812927
2023-04-10,52.806137085
2023-04-11,52.9800567627
2023-04-12,53.1539726257
2023-04-13,53.8953971863
2023-04-14,53.4926452637
2023-04-17,53.6482543945
2023-04-18,53.9686279297
2023-04-19,53.5384140015
2023-04-20,53.7123336792
2023-04-21,54.0143890381
2023-04-24,53.9869308472
2023-04-25,53.6116409302
2023-04-26,53.419418335
2023-04-27,54.2889976501
2023-04-28,53.8587837219
2023-05-01,53.7947120667
2023-05-02,53.3461914062
2023-05-03,53.6665649414
2023-05-04,53.767250061
2023-05-05,54.4903678894
2023-05-08,54.3713760376
2023-05-09,54.957195282
2023-05-10,54.682598114
2023-05-11,54.8382034302
2023-05-12,55.1036529541
2023-05-15,55.433177948
2023-05-16,55.3233337402
2023-05-17,55.6986274719
2023-05-18,55.7077827454
2023-05-19,55.7993049622
2023-05-22,56.0464477539
2023-05-23,55.2409515381
2023-05-24,54.6551322937
2023-05-25,54.9663505554
2023-05-26,55.1494178772
2023-05-30,54.7924346924
2023-05-31,54.3164596558
2023-06-01,55.6803207397
2023-06-02,56.7512702942
2023-06-05,56.5498962402
2023-06-06,57.7032279968
2023-06-07,56.2203025818
2023-06-08,56.6995544434
2023-06-09,57.3447113037
2023-06-12,57.7041473389
2023-06-13,58.5336265564
2023-06-14,58.800907135
2023-06-15,58.717956543
2023-06-16,58.1557540894
2023-06-20,57.3539276123
2023-06-21,58.0359420776
2023-06-22,57.5566864014
2023-06-23,56.1373519897
2023-06-26,56.1373519897
2023-06-27,56.3493309021
2023-06-28,56.9760475159
2023-06-29,56.6903419495
2023-06-30,57.0497817993
2023-07-03,57.2248916626
2023-07-05,56.7548561096
2023-07-06,56.0083236694
2023-07-07,56.8101501465
2023-07-10,56.7272109985
2023-07-11,56.9760475159
2023-07-12,57.3723526001
2023-07-13,58.2294883728
2023-07-14,57.5290336609
2023-07-17,57.5566864014
2023-07-18,58.3493041992
2023-07-19,58.3585205078
2023-07-20,57.5843353271
2023-07-21,57.5198249817
2023-07-24,57.6027679443
2023-07-25,57.6765022278
2023-07-26,57.9069099426
2023-07-27,58.3769493103
2023-07-28,58.7087402344
2023-07-31,58.4506759644
2023-08-01,57.7594451904
2023-08-02,56.6719093323
2023-08-03,56.3954124451
2023-08-04,56.9391860962
2023-08-07,57.4184379578
2023-08-08,56.9115371704
2023-08-09,56.4138450623
2023-08-10,56.6534767151
2023-08-11,56.5613098145
2023-08-14,56.0544013977
2023-08-15,55.4553337097
2023-08-16,54.7640991211
2023-08-17,54.5336875916
2023-08-18,54.6719398499
2023-08-21,54.7180213928
2023-08-22,54.9852981567
2023-08-23,55.7133979797
2023-08-24,54.9852981567
2023-08-25,55.2710113525
2023-08-28,55.9253768921
2023-08-29,56.3124694824
2023-08-30,56.2110862732
2023-08-31,56.8101501465
2023-09-01,57.1788101196
2023-09-05,57.2064628601
2023-09-06,57.3539276123
2023-09-07,57.3539276123
2023-09-08,56.7825050354
2023-09-11,57.436870575
2023-09-12,57.4276542664
2023-09-13,57.4000053406
2023-09-14,58.3769493103
2023-09-15,58.0543746948
2023-09-18,58.1926193237
2023-09-19,58.4783325195
2023-09-20,57.6949310303
2023-09-21,56.8009376526
2023-09-22,56.9576187134
2023-09-25,56.8838844299
2023-09-26,56.0083236694
2023-09-27,56.2479515076
2023-09-28,56.3585472107
2023-09-29,55.5659332275
2023-10-02,55.086681366
2023-10-03,54.1281700134
2023-10-04,53.5383148193
2023-10-05,54.5889930725
2023-10-06,54.7272338867
2023-10-09,54.8839187622
2023-10-10,55.6028022766
2023-10-11,55.4645576477
2023-10-12,55.6028022766
2023-10-13,54.9115638733
2023-10-16,55.086681366
2023-10-17,55.1972770691
2023-10-18,54.3309288025
2023-10-19,53.9346199036
2023-10-20,53.5751838684
2023-10-23,53.4461555481
2023-10-24,53.7871589661
2023-10-25,53.5751838684
2023-10-26,52.8470840454
2023-10-27,53.2894668579
2023-10-30,53.6857795715
2023-10-31,54.3401489258
2023-11-01,55.2710113525
2023-11-02,56.1742172241
2023-11-03,57.1419487
2023-11-06,56.4046325684
2023-11-07,55.8885116577
2023-11-08,54.9668655396
2023-11-09,55.1972770691
2023-11-10,55.7318305969
2023-11-13,55.7041816711
2023-11-14,56.8101501465
2023-11-15,56.3861961365
2023-11-16,56.5797386169
2023-11-17,57.4645195007
2023-11-20,57.473739624
2023-11-21,57.2341079712
2023-11-22,57.5935516357
2023-11-24,57.7041473389
2023-11-27,57.6580696106
2023-11-28,57.6488494873
2023-11-29,57.5935516357
2023-11-30,57.7041473389
2023-12-01,58.2571334839
2023-12-04,57.3723526001
2023-12-05,57.1603813171
2023-12-06,57.7594451904
2023-12-07,58.2018356323
2023-12-08,57.8608283997
2023-12-11,58.1926193237
2023-12-12,58.1096725464
2023-12-13,58.9944534302
2023-12-14,58.727180481
2023-12-15,58.2202644348
2023-12-18,58.1096725464
2023-12-19,58.2847862244
2023-12-20,57.9903907776
2023-12-21,58.9997367859
2023-12-22,59.1866531372
2023-12-26,59.1679611206
2023-12-27,59.495059967
2023-12-28,59.8501968384
2023-12-29,59.9436569214
2024-01-02,59.4016036987
2024-01-03,59.0744972229
2024-01-04,58.9343185425
2024-01-05,59.3735656738
2024-01-08,60.2427215576
2024-01-09,59.8782348633
2024-01-10,60.952999115
2024-01-11,61.4950523376
2024-01-12,62.0838394165
2024-01-16,61.6258888245
2024-01-17,60.8595428467
2024-01-18,61.4296302795
2024-01-19,61.5885124207
2024-01-22,62.3174743652
2024-01-23,61.7660751343
2024-01-24,61.8408432007
2024-01-25,61.6072006226
2024-01-26,61.1118774414
2024-01-29,61.8408432007
2024-01-30,61.6165466309
2024-01-31,61.8782310486
2024-02-01,62.5417785645
2024-02-02,62.1586036682
2024-02-05,61.8595428467
2024-02-06,61.8501853943
2024-02-07,62.2053260803
2024-02-08,62.0464477539
2024-02-09,62.2707481384
2024-02-12,62.5885047913
2024-02-13,62.3735542297
2024-02-14,62.6165428162
2024-02-15,63.2146720886
2024-02-16,63.2053184509
2024-02-20,63.4856987
2024-02-21,63.354850769
2024-02-22,64.3922271729
2024-02-23,64.4950408936
2024-02-26,64.4856948853
2024-02-27,64.6539077759
2024-02-28,64.1772842407
2024-02-29,64.5978469849
2024-03-01,65.7286834717
2024-03-04,65.3455047607
2024-03-05,65.7006454468
2024-03-06,66.7006378174
2024-03-07,66.6725997925
2024-03-08,66.5230636597
2024-03-11,65.0464401245
2024-03-12,65.4015731812
2024-03-13,64.831489563
2024-03-14,64.5417633057
2024-03-15,65.0184020996
2024-03-18,66.0277481079
2024-03-19,66.2800750732
2024-03-20,66.7940979004
2024-03-21,67.1305465698
2024-03-22,67.1212005615
2024-03-25,66.3455047607
2024-03-26,66.6352157593
2024-03-27,66.9249343872
2024-03-28,66.6819458008
2024-04-01,65.6819534302
2024-04-02,65.3455047607
2024-04-03,65.7940979004
2024-04-04,65.1118621826
2024-04-05,65.2987670898
2024-04-08,65.625869751
2024-04-09,65.8688659668
2024-04-10,64.8408355713
2024-04-11,65.4109191895
2024-04-12,64.5417633057
2024-04-15,64.2707366943
2024-04-16,63.3735427856
2024-04-17,62.7006530762
2024-04-18,62.5137367249
2024-04-19,62.1399040222
2024-04-22,62.7754211426
2024-04-23,62.9156112671
2024-04-24,63.1866340637
2024-04-25,62.2053260803
2024-04-26,62.7380256653
2024-04-29,63.3081321716
2024-04-30,62.8688735962
2024-05-01,62.7193450928
2024-05-02,63.9903678894
2024-05-03,64.7286834717
2024-05-06,65.1118621826
2024-05-07,64.4015808105
2024-05-08,63.5885009766
2024-05-09,63.8688697815
2024-05-10,63.5043792725
2024-05-13,63.2520484924
2024-05-14,63.7473716736
2024-05-15,64.4576568604
2024-05-16,63.8034591675
2024-05-17,64.2333602905
2024-05-20,64.6913070679
2024-05-21,64.3174667358
2024-05-22,63.5698051453
2024-05-23,63.289440155
2024-05-24,63.9810218811
2024-05-28,64.3455123901
2024-05-29,63.0557937622
2024-05-30,63.6071929932
2024-05-31,64.4576568604
2024-06-03,64.8595199585
2024-06-04,64.9342956543
2024-06-05,64.7473678589
2024-06-06,64.7099914551
2024-06-07,64.2333602905
2024-06-10,64.8034515381
2024-06-11,64.0775604248
2024-06-12,64.3882522583
2024-06-13,63.2208099365
2024-06-14,63.2019805908
2024-06-17,62.7124099731
2024-06-18,62.7594909668
2024-06-20,62.5900192261
2024-06-21,62.147518158
2024-06-24,62.6182670593
2024-06-25,63.6068229675
2024-06-26,63.3714485168
2024-06-27,63.6915626526
2024-06-28,64.2470245361
2024-07-01,63.8233680725
2024-07-02,64.8307495117
2024-07-03,65.4238815308
2024-07-05,65.8663864136
2024-07-08,65.5462875366
2024-07-09,65.904045105
2024-07-10,67.1091461182
2024-07-11,66.8549499512
2024-07-12,67.2221374512
2024-07-15,66.902015686
2024-07-16,67.6928710938
2024-07-17,67.297454834
2024-07-18,66.2806396484
2024-07-19,65.8663864136
2024-07-22,66.1864929199
2024-07-23,66.1300048828
2024-07-24,64.8307495117
2024-07-25,63.8139457703
2024-07-26,64.6707077026
2024-07-29,64.8213424683
2024-07-30,64.9060745239
2024-07-31,66.8172912598
2024-08-01,63.5974082947
2024-08-02,60.8670959473
2024-08-05,59.7184829712
2024-08-06,59.4266204834
2024-08-07,60.415184021
2024-08-08,61.6955986023
2024-08-09,61.5449676514
2024-08-12,61.8839035034
2024-08-13,63.6538963318
2024-08-14,63.7480430603
2024-08-15,64.9719772339
2024-08-16,65.3109130859
2024-08-19,66.242980957
2024-08-20,65.9228744507
2024-08-21,66.6854858398
2024-08-22,66.1959075928
2024-08-23,67.7211151123
2024-08-26,66.8737792969
2024-08-27,67.5328216553
2024-08-28,67.2409591675
2024-08-29,67.3539428711
2024-08-30,67.7587738037
2024-09-03,66.741973877
2024-09-04,66.0546875
2024-09-05,66.4501113892
2024-09-06,64.1058120728
2024-09-09,65.2732543945
2024-09-10,65.094367981
2024-09-11,65.4897918701
2024-09-12,66.1394119263
2024-09-13,65.7816619873
2024-09-16,66.4124603271
2024-09-17,65.6310195923
2024-09-18,65.3297348022
2024-09-19,67.0620803833
2024-09-20,67.0997314453
2024-09-23,67.5045776367
2024-09-24,66.9208526611
2024-09-25,66.7984542847
2024-09-26,68.7190856934
2024-09-27,66.9208526611
2024-09-30,67.3539428711
2024-10-01,67.4480819702
2024-10-02,67.0620803833
2024-10-03,66.7984542847
2024-10-04,67.674041748
2024-10-07,66.8831939697
2024-10-08,67.0903244019
2024-10-09,66.741973877
2024-10-10,66.7513885498
2024-10-11,66.892616272
2024-10-14,67.0055847168
2024-10-15,65.6310195923
2024-10-16,66.0264358521
2024-10-17,65.6780929565
2024-10-18,66.0264358521
2024-10-21,64.9343185425
2024-10-22,64.0775604248
2024-10-23,62.7688941956
2024-10-24,63.2867126465
2024-10-25,63.3055458069
2024-10-28,63.7386207581
2024-10-29,64.3600082397
2024-10-30,64.4164962769
2024-10-31,64.0869750977
2024-11-01,64.0022506714
2024-11-04,64.0587387085
2024-11-05,65.028465271
2024-11-06,65.3203201294
2024-11-07,65.8852233887
2024-11-08,65.367401123
2024-11-11,65.5274505615
2024-11-12,64.4918136597
2024-11-13,63.7762870789
2024-11-14,63.8516044617
2024-11-15,63.5409202576
2024-11-18,63.9080924988
2024-11-19,63.8139457703
2024-11-20,63.3432044983
2024-11-21,63.5220909119
2024-11-22,63.9739990234
2024-11-25,64.4164962769
2024-11-26,64.0869750977
2024-11-27,63.9080924988
2024-11-29,65.6121902466
2024-12-02,66.4124603271
2024-12-03,67.3633575439
2024-12-04,66.9867553711
2024-12-05,66.8643569946
2024-12-06,66.9208526611
2024-12-09,66.3371353149
2024-12-10,65.9793701172
2024-12-11,66.9114379883
2024-12-12,66.2523956299
2024-12-13,65.4709701538
2024-12-16,65.1320343018
2024-12-17,64.9063644409
2024-12-18,63.2808418274
2024-12-19,63.4816360474
2024-12-20,63.3095245361
2024-12-23,63.577255249
2024-12-24,63.5390052795
2024-12-26,64.2752761841
2024-12-27,64.7629394531
2024-12-30,64.2179107666
2024-12-31,64.1605377197
2025-01-02,64.0744781494
2025-01-03,64.332649231
2025-01-06,64.4760818481
2025-01-07,64.3230819702
2025-01-08,64.1605377197
2025-01-10,62.3820152283
2025-01-13,62.5541305542
2025-01-14,62.4298248291
2025-01-15,63.3668937683
2025-01-16,62.9652938843
2025-01-17,63.2808418274
2025-01-21,64.3804626465
2025-01-22,64.3039703369
2025-01-23,64.848991394
2025-01-24,65.4800872803
2025-01-27,64.7724990845
2025-01-28,65.317527771
2025-01-29,65.1167221069
2025-01-30,66.092048645
2025-01-31,65.317527771
2025-02-03,64.6960067749
2025-02-04,65.2792816162
2025-02-05,66.092048645
2025-02-06,66.3597793579
2025-02-07,65.4800872803
2025-02-10,65.7382583618
2025-02-11,65.7286911011
2025-02-12,65.0402297974
2025-02-13,66.2259216309
2025-02-14,66.3311004639
2025-02-18,67.0291137695
2025-02-19,66.5701446533
2025-02-20,66.6561965942
2025-02-21,66.0633544922
2025-02-24,65.7669372559
2025-02-25,66.4267120361
2025-02-26,66.4649658203
2025-02-27,65.9773025513
2025-02-28,65.4705200195
2025-03-03,66.1781005859
2025-03-04,65.6330795288
2025-03-05,67.0769271851
2025-03-06,66.5605773926
2025-03-07,67.0960464478
2025-03-10,65.6713180542
2025-03-11,65.2697219849
2025-03-12,66.4745178223
2025-03-13,66.2259216309
2025-03-14,67.2681655884
2025-03-17,67.9757385254
2025-03-18,67.7845077515
2025-03-19,68.5590209961
2025-03-20,68.1956710815
2025-03-21,68.2052307129
2025-03-24,68.0522384644
2025-03-25,68.539894104
2025-03-26,67.650642395
2025-03-27,67.5550231934
2025-03-28,66.1876678467
2025-03-31,65.5565795898
2025-04-01,65.212348938
2025-04-02,65.2314758301
2025-04-03,62.5445747375
2025-04-04,58.8154144287
2025-04-07,58.6337432861
2025-04-08,58.9492874146
2025-04-09,63.4338264465
2025-04-10,61.406703949
2025-04-11,62.9366073608
2025-04-14,63.9692993164
2025-04-15,64.4856414795
2025-04-16,63.854549408
2025-04-17,65.0880432129
2025-04-21,64.9446105957
2025-04-22,66.2354660034
2025-04-23,66.4362792969
2025-04-24,67.2012329102
2025-04-25,67.6697616577
2025-04-28,68.5972671509
2025-04-29,68.8649978638
2025-04-30,68.3008499146
2025-05-01,68.0522384644
2025-05-02,68.7406997681
2025-05-05,69.2187957764
2025-05-06,69.2570419312
2025-05-07,68.8267593384
2025-05-08,68.6833267212
2025-05-09,68.8554458618
2025-05-12,69.6108398438
2025-05-13,69.0849304199
2025-05-14,68.3199768066
2025-05-15,69.1327362061
2025-05-16,69.314414978
2025-05-19,69.3909072876
2025-05-20,69.7925033569
2025-05-21,69.1422958374
2025-05-22,69.1996688843
2025-05-23,69.8307571411
2025-05-27,71.6666488647
2025-05-28,70.385345459
2025-05-29,70.7869491577
2025-05-30,70.8730163574
2025-06-02,71.7527084351
2025-06-03,70.8825683594
2025-06-04,70.8347625732
2025-06-05,70.174987793
2025-06-06,70.586151123
2025-06-09,70.6913375854
2025-06-10,70.6435165405
2025-06-11,70.4427185059
2025-06-12,70.9590682983
2025-06-13,70.3757858276
2025-06-16,70.5117034912
2025-06-17,69.6730804443
2025-06-18,70.4153137207
2025-06-20,69.171836853
2025-06-23,69.422454834
2025-06-24,70.1164855957
2025-06-25,69.8273162842
2025-06-26,71.3021316528
2025-06-27,72.5648803711
2025-06-30,72.2660598755
2025-07-01,71.7358932495
2025-07-02,71.7744522095
2025-07-03,71.9094009399
2025-07-07,70.1936035156
2025-07-08,70.5502624512
2025-07-09,70.6562957764
2025-07-10,70.3092803955
2025-07-11,69.7501983643
2025-07-14,69.7983932495
2025-07-15,69.1043624878
2025-07-16,69.422454834
2025-07-17,69.7791137695
2025-07-18,69.2200317383
2025-07-21,69.9911804199
2025-07-22,70.3478393555
2025-07-23,73.7312393188
2025-07-24,73.7890777588
2025-07-25,72.9504547119
2025-07-28,71.5913009644
2025-07-29,71.2153701782
2025-07-30,71.3117675781
2025-07-31,70.9647521973
2025-08-01,71.3985214233
2025-08-04,72.5745239258
2025-08-05,72.3238983154
2025-08-06,73.2878265381
2025-08-07,73.856552124
2025-08-08,75.1193008423
2025-08-11,74.9843521118
2025-08-12,76.3724212646
2025-08-13,76.4109725952
2025-08-14,75.9579238892
2025-08-15,77.2592391968
2025-08-18,77.4038238525
2025-08-19,77.1339187622
2025-08-20,76.7676239014
2025-08-21,75.8615264893
2025-08-22,77.1339187622
2025-08-25,76.1989135742
2025-08-26,76.0735931396
2025-08-27,75.794052124
2025-08-28,76.4302520752
2025-08-29,75.4566802979
2025-09-02,75.3313674927
2025-09-03,75.1193008423
2025-09-04,75.8904495239
2025-09-05,76.32421875
2025-09-08,78.0400161743
2025-09-09,77.1724777222
2025-09-10,77.4616622925
2025-09-11,78.3870391846
2025-09-12,77.8472366333
2025-09-15,78.4159545898
2025-09-16,78.4159545898
2025-09-17,78.2424468994
2025-09-18,78.5509033203
2025-09-19,77.8761520386
2025-09-22,78.3195571899
2025-09-23,78.1653289795
2025-09-24,77.9339828491
2025-09-25,77.558052063
2025-09-26,77.5387802124
2025-09-29,77.6062545776
2025-09-30,77.3170700073
2025-10-01,77.3170700073
2025-10-02,77.2592391968
2025-10-03,78.8304443359
2025-10-06,80.2667007446
2025-10-07,79.0039520264
2025-10-08,78.8015289307
2025-10-09,78.6087417603
2025-10-10,75.5337982178
2025-10-13,76.4302520752
2025-10-14,77.1532058716
2025-10-15,78.3581161499
2025-10-16,78.6087417603
2025-10-17,79.0425109863
2025-10-20,80.5269699097
2025-10-21,79.5919494629
2025-10-22,79.2160186768
2025-10-23,79.2545776367
2025-10-24,79.5244750977
2025-10-27,80.517326355
2025-10-28,80.9029006958
2025-10-29,80.2281494141
2025-10-30,80.2088699341
2025-10-31,80.4402084351
2025-11-03,80.6233596802
2025-11-04,79.8425750732
2025-11-05,79.813659668
2025-11-06,79.9678878784
2025-11-07,80.285987854
2025-11-10,80.6619186401
2025-11-11,80.7293930054
2025-11-12,81.2981109619
2025-11-13,80.0160827637
2025-11-14,80.9511032104
2025-11-17,79.4955596924
2025-11-18,77.8665084839
2025-11-19,77.7701187134
2025-11-20,76.6230392456
2025-11-21,78.2617263794
2025-11-24,78.791885376
2025-11-25,78.9653930664
2025-11-26,80.2570648193
2025-11-28,80.0160827637
2025-12-01,79.5533905029
2025-12-02,79.4955596924
2025-12-03,79.6305084229
2025-12-04,80.6040878296
2025-12-05,80.6811904907
2025-12-08,80.1895904541
2025-12-09,80.3052597046
2025-12-10,80.8836288452
2025-12-11,81.1824417114
2025-12-12,80.970375061
2025-12-15,81.8089981079
2025-12-16,80.8499984741
2025-12-17,79.7399978638
2025-12-18,79.9700012207
2025-12-19,80.5800018311
2025-12-22,80.4599990845
2025-12-23,81.1399993896
2025-12-24,81
2025-12-26,80.9700012207
2025-12-29,81.0899963379
2025-12-30,80.9800033569
2025-12-31,80.7399978638
2026-01-02,81.3300018311
2026-01-05,83.1299972534
2026-01-06,83.0699996948
2026-01-07,82.9199981689
2026-01-08,82.8600006104
2026-01-09,84.6100006104
2026-01-12,85.2900009155
2026-01-13,84.4499969482
2026-01-14,85.0400009155
2026-01-15,85.4199981689
2026-01-16,85.4800033569
2026-01-20,83.7200012207
2026-01-21,84.7799987793
2026-01-22,84.8600006104
2026-01-23,84.5599975586
2026-01-26,84.6299972534
2026-01-27,85.8399963379
2026-01-28,85.2099990845
2026-01-29,86.0899963379
2026-01-30,85.7200012207
2026-02-02,85.8899993896
2026-02-03,86.6800003052
2026-02-04,87.4899978638
2026-02-05,86.0999984741
2026-02-06,89.4000015259
2026-02-09,91.2900009155
2026-02-10,93.0999984741
2026-02-11,93.9700012207
2026-02-12,93.3700027466
2026-02-13,93.8499984741
2026-02-17,91.8700027466
2026-02-18,91.3799972534
2026-02-19,91.1999969482
2026-02-20,91.4700012207
2026-02-23,91.3899993896
2026-02-24,91.2300033569
2026-02-25,92.4400024414
2026-02-26,92.4800033569
2026-02-27,92.3700027466
2026-03-02,90.1999969482
2026-03-03,86.8300018311
2026-03-04,88.5899963379
2026-03-05,85.8899993896
2026-03-06,84.7699966431
2026-03-09,85.6399993896
2026-03-10,86.4599990845
2026-03-11,85.7300033569
2026-03-12,84.1900024414
2026-03-13,83.3600006104
2026-03-16,85.0699996948
2026-03-17,85.0800018311
2026-03-18,84.1500015259
2026-03-19,84.0800018311
2026-03-20,81.1999969482
2026-03-23,83.5500030518
2026-03-24,83.2799987793
2026-03-25,84.75
2026-03-26,82.7099990845
2026-03-27,81.4300003052
2026-03-30,81.5199966431
2026-03-31,84.4400024414
2026-04-01,86.4800033569
2026-04-02,85.2900009155
2026-04-06,85.5699996948
2026-04-07,85.5100021362
2026-04-08,89.4100036621
2026-04-09,88.2200012207
2026-04-10,88.1299972534
2026-04-13,88.3499984741
2026-04-14,89.4100036621
2026-04-15,89.0699996948
2026-04-16,89.4100036621
2026-04-17,90.1900024414
2026-04-20,89.3300018311
2026-04-21,87.1399993896
2026-04-22,87.7600021362
2026-04-23,87.0699996948
2026-04-24,87.3199996948
2026-04-27,87.6800003052
2026-04-28,87.5599975586
2026-04-29,86.8099975586
2026-04-30,89.0999984741
2026-05-01,88.3000030518
2026-05-04,88.1200027466
2026-05-05,89.2600021362
2026-05-06,91.6800003052
2026-05-07,90.9899978638
2026-05-08,92.2200012207
2026-05-11,92.2600021362
2026-05-12,92.0599975586
2026-05-13,93.0899963379
2026-05-14,92.0599975586
2026-05-15,91.0699996948
2026-05-18,90.9199981689
2026-05-19,90.2900009155
2026-05-20,91.2099990845
2026-05-21,91.3700027466
2026-05-22,91.6100006104
2026-05-26,92.9000015259
2026-05-27,92.2900009155
2026-05-28,92.6999969482
2026-05-29,92.9599990845
2026-06-01,92.9300003052
2026-06-02,93.5800018311
2026-06-03,93.9400024414
2026-06-04,94.1299972534
2026-06-05,90.7200012207
2026-06-08,91.9499969482
2026-06-09,90.9499969482
2026-06-10,89.2900009155
2026-06-11,92.1800003052
