date,value
1996-03-18,8.9374332428
1996-03-19,9.0268106461
1996-03-20,8.9374332428
1996-03-21,8.9374332428
1996-03-22,9.1161813736
1996-03-25,9.2055559158
1996-03-26,9.2502412796
1996-03-27,9.1608657837
1996-03-28,9.0268106461
1996-03-29,9.1608657837
1996-04-01,9.0268106461
1996-04-02,8.9821243286
1996-04-03,9.0268106461
1996-04-04,9.0268106461
1996-04-08,8.8480606079
1996-04-09,8.8480606079
1996-04-10,8.9374332428
1996-04-11,8.9821243286
1996-04-12,9.0268106461
1996-04-15,9.0268106461
1996-04-16,9.1608657837
1996-04-17,9.1161813736
1996-04-18,9.1161813736
1996-04-19,9.1161813736
1996-04-22,9.0268106461
1996-04-23,8.9374332428
1996-04-24,8.8927469254
1996-04-25,8.8480606079
1996-04-26,8.9821243286
1996-04-29,9.0268106461
1996-04-30,9.0714941025
1996-05-01,9.0268106461
1996-05-02,8.9821243286
1996-05-03,9.0268106461
1996-05-06,8.9821243286
1996-05-07,8.9374332428
1996-05-08,8.8927469254
1996-05-09,8.9821243286
1996-05-10,8.9374332428
1996-05-13,8.9821243286
1996-05-14,8.9374332428
1996-05-15,8.7139968872
1996-05-16,8.758685112
1996-05-17,8.6693124771
1996-05-20,8.6246242523
1996-05-21,8.6246242523
1996-05-22,8.5352478027
1996-05-23,8.6246242523
1996-05-24,8.758685112
1996-05-28,8.6693124771
1996-05-29,8.5799341202
1996-05-30,8.5799341202
1996-05-31,8.6246242523
1996-06-03,8.4011850357
1996-06-04,8.5352478027
1996-06-05,8.4905614853
1996-06-06,8.6693124771
1996-06-07,8.5799341202
1996-06-10,8.7139968872
1996-06-11,8.6693124771
1996-06-12,8.6246242523
1996-06-13,8.5352478027
1996-06-14,8.6246242523
1996-06-17,8.5352478027
1996-06-18,8.7139968872
1996-06-19,8.6693124771
1996-06-20,8.7139968872
1996-06-21,8.7139968872
1996-06-24,8.7139968872
1996-06-25,8.7139968872
1996-06-26,8.7139968872
1996-06-27,8.6246242523
1996-06-28,8.6693124771
1996-07-01,8.6693124771
1996-07-02,8.5799341202
1996-07-03,8.5799341202
1996-07-05,8.4011850357
1996-07-08,8.3118114471
1996-07-09,8.4011850357
1996-07-10,8.4011850357
1996-07-11,8.3118114471
1996-07-12,8.222442627
1996-07-15,7.9990010262
1996-07-16,7.8649425507
1996-07-17,8.222442627
1996-07-18,8.267124176
1996-07-19,8.0883741379
1996-07-22,8.0883741379
1996-07-23,8.0883741379
1996-07-24,8.0436897278
1996-07-25,8.0436897278
1996-07-26,7.9990010262
1996-07-29,7.7755670547
1996-07-30,7.7755670547
1996-07-31,7.9990010262
1996-08-01,8.0436897278
1996-08-02,8.0436897278
1996-08-05,8.0436897278
1996-08-06,8.0883741379
1996-08-07,8.267124176
1996-08-08,8.133067131
1996-08-09,7.9990010262
1996-08-12,8.0436897278
1996-08-13,7.8649425507
1996-08-14,8.0436897278
1996-08-15,7.9543156624
1996-08-16,7.8649425507
1996-08-19,7.8202524185
1996-08-20,8.0436897278
1996-08-21,8.1777496338
1996-08-22,8.1777496338
1996-08-23,8.222442627
1996-08-26,8.1586065292
1996-08-27,8.2482614517
1996-08-28,8.2482614517
1996-08-29,8.1586065292
1996-08-30,8.2482614517
1996-09-03,8.0241212845
1996-09-04,8.0241212845
1996-09-05,8.0689477921
1996-09-06,7.9792943001
1996-09-09,8.0241212845
1996-09-10,8.0689477921
1996-09-11,7.9792943001
1996-09-12,8.0689477921
1996-09-13,8.1586065292
1996-09-16,8.2034330368
1996-09-17,8.2482614517
1996-09-18,8.1586065292
1996-09-19,8.2482614517
1996-09-20,8.2930860519
1996-09-23,8.2034330368
1996-09-24,8.1586065292
1996-09-25,8.0689477921
1996-09-26,8.1137742996
1996-09-27,8.1137742996
1996-09-30,8.1586065292
1996-10-01,8.1137742996
1996-10-02,8.1586065292
1996-10-03,8.0689477921
1996-10-04,8.1586065292
1996-10-07,7.8896422386
1996-10-08,7.7999844551
1996-10-09,7.8896422386
1996-10-10,7.9792943001
1996-10-11,7.8896422386
1996-10-14,7.7551560402
1996-10-15,7.8448114395
1996-10-16,7.9344687462
1996-10-17,7.9344687462
1996-10-18,7.8896422386
1996-10-21,7.7103295326
1996-10-22,7.7999844551
1996-10-23,7.7551560402
1996-10-24,7.9792943001
1996-10-25,7.9792943001
1996-10-28,7.9792943001
1996-10-29,7.9344687462
1996-10-30,7.8896422386
1996-10-31,7.8448114395
1996-11-01,7.8896422386
1996-11-04,7.8896422386
1996-11-05,7.8896422386
1996-11-06,7.9792943001
1996-11-07,8.0689477921
1996-11-08,8.1586065292
1996-11-11,8.1586065292
1996-11-12,8.2034330368
1996-11-13,8.2482614517
1996-11-14,8.4723978043
1996-11-15,8.5172252655
1996-11-18,8.3827419281
1996-11-19,8.4275684357
1996-11-20,8.5620508194
1996-11-21,8.6068782806
1996-11-22,8.5172252655
1996-11-25,8.5172252655
1996-11-26,8.5172252655
1996-11-27,8.6068782806
1996-11-29,8.4275684357
1996-12-02,8.3379135132
1996-12-03,8.5172252655
1996-12-04,8.5620508194
1996-12-05,8.5620508194
1996-12-06,8.4275684357
1996-12-09,8.4723978043
1996-12-10,8.5620508194
1996-12-11,8.4723978043
1996-12-12,8.4723978043
1996-12-13,8.3379135132
1996-12-16,8.4275684357
1996-12-17,8.4275684357
1996-12-18,8.4723978043
1996-12-19,8.5172252655
1996-12-20,8.4723978043
1996-12-23,8.4275684357
1996-12-24,8.5172252655
1996-12-26,8.4275684357
1996-12-27,8.3827419281
1996-12-30,8.5620508194
1996-12-31,8.6068782806
1997-01-02,8.5620508194
1997-01-03,8.6068782806
1997-01-06,8.6965341568
1997-01-07,8.6965341568
1997-01-08,8.6965341568
1997-01-09,8.6965341568
1997-01-10,8.6965341568
1997-01-13,8.6517076492
1997-01-14,8.6068782806
1997-01-15,8.4723978043
1997-01-16,8.6517076492
1997-01-17,8.8758440018
1997-01-20,8.786190033
1997-01-21,8.8758440018
1997-01-22,8.8758440018
1997-01-23,8.8758440018
1997-01-24,8.920671463
1997-01-27,8.8310174942
1997-01-28,8.741358757
1997-01-29,8.8310174942
1997-01-30,8.786190033
1997-01-31,8.920671463
1997-02-03,8.8758440018
1997-02-04,8.8310174942
1997-02-05,8.8310174942
1997-02-06,8.8310174942
1997-02-07,8.786190033
1997-02-10,8.8310174942
1997-02-11,8.920671463
1997-02-12,9.0103311539
1997-02-13,8.8758440018
1997-02-14,9.0103311539
1997-02-18,8.9654979706
1997-02-19,8.9654979706
1997-02-20,9.0999803543
1997-02-21,9.0103311539
1997-02-24,8.6068782806
1997-02-25,8.786190033
1997-02-26,8.6068782806
1997-02-27,8.4723978043
1997-02-28,8.4275684357
1997-03-03,8.4275684357
1997-03-04,8.4275684357
1997-03-05,8.3379135132
1997-03-06,8.2482614517
1997-03-07,8.3379135132
1997-03-10,8.2930860519
1997-03-11,8.4275684357
1997-03-12,8.3379135132
1997-03-13,8.2482614517
1997-03-14,8.1137742996
1997-03-17,7.9792943001
1997-03-18,7.9792943001
1997-03-19,8.0689477921
1997-03-20,7.7103295326
1997-03-21,7.8896422386
1997-03-24,7.7999844551
1997-03-25,7.8896422386
1997-03-26,7.8896422386
1997-03-27,7.7999844551
1997-03-31,7.7103295326
1997-04-01,7.7999844551
1997-04-02,7.7999844551
1997-04-03,7.8896422386
1997-04-04,7.9792943001
1997-04-07,7.9792943001
1997-04-08,8.0689477921
1997-04-09,8.0241212845
1997-04-10,7.9792943001
1997-04-11,7.8448114395
1997-04-14,7.7103295326
1997-04-15,7.6655025482
1997-04-16,7.7551560402
1997-04-17,7.8896422386
1997-04-18,7.7999844551
1997-04-21,7.7999844551
1997-04-22,7.8448114395
1997-04-23,7.7551560402
1997-04-24,7.6206755638
1997-04-25,7.5310168266
1997-04-28,7.262055397
1997-04-29,7.3965373039
1997-04-30,7.6206755638
1997-05-01,7.4413642883
1997-05-02,7.4861922264
1997-05-05,7.5758476257
1997-05-06,7.8448114395
1997-05-07,7.9792943001
1997-05-08,7.7103295326
1997-05-09,7.9792943001
1997-05-12,8.3379135132
1997-05-13,8.1586065292
1997-05-14,8.2482614517
1997-05-15,8.0689477921
1997-05-16,7.9792943001
1997-05-19,7.8896422386
1997-05-20,8.0241212845
1997-05-21,8.0241212845
1997-05-22,8.0241212845
1997-05-23,8.0241212845
1997-05-27,7.9792943001
1997-05-28,8.1137742996
1997-05-29,7.9792943001
1997-05-30,7.9792943001
1997-06-02,8.2034330368
1997-06-03,8.0689477921
1997-06-04,8.2034330368
1997-06-05,8.0241212845
1997-06-06,8.1586065292
1997-06-09,8.0689477921
1997-06-10,8.1137742996
1997-06-11,8.1137742996
1997-06-12,8.0241212845
1997-06-13,7.8896422386
1997-06-16,7.8896422386
1997-06-17,7.9344687462
1997-06-18,7.9792943001
1997-06-19,8.0241212845
1997-06-20,7.9344687462
1997-06-23,8.0241212845
1997-06-24,8.0689477921
1997-06-25,8.0689477921
1997-06-26,8.1586065292
1997-06-27,7.9792943001
1997-06-30,7.8896422386
1997-07-01,7.9344687462
1997-07-02,8.0689477921
1997-07-03,8.1137742996
1997-07-07,8.2034330368
1997-07-08,8.3379135132
1997-07-09,8.0689477921
1997-07-10,7.9792943001
1997-07-11,8.0689477921
1997-07-14,7.8448114395
1997-07-15,7.7999844551
1997-07-16,7.7999844551
1997-07-17,7.8896422386
1997-07-18,7.8896422386
1997-07-21,8.0241212845
1997-07-22,8.0689477921
1997-07-23,8.0689477921
1997-07-24,8.0241212845
1997-07-25,8.0689477921
1997-07-28,8.0241212845
1997-07-29,8.0241212845
1997-07-30,7.8896422386
1997-07-31,8.0241212845
1997-08-01,7.7999844551
1997-08-04,7.8896422386
1997-08-05,7.6206755638
1997-08-06,7.7551560402
1997-08-07,7.6206755638
1997-08-08,7.351708889
1997-08-11,7.2172260284
1997-08-12,6.9930901527
1997-08-13,7.1724023819
1997-08-14,6.9482626915
1997-08-15,6.8586072922
1997-08-18,6.8137784004
1997-08-19,6.9482626915
1997-08-20,7.1724023819
1997-08-21,7.2172260284
1997-08-22,7.1724023819
1997-08-25,7.0310573578
1997-08-26,7.1211981773
1997-08-27,6.9859848022
1997-08-28,6.400062561
1997-08-29,6.3099236488
1997-09-02,6.2197799683
1997-09-03,6.400062561
1997-09-04,6.5352811813
1997-09-05,6.6704883575
1997-09-08,6.7155604362
1997-09-09,6.8057017326
1997-09-10,6.7606334686
1997-09-11,6.5803480148
1997-09-12,6.7606334686
1997-09-15,6.7155604362
1997-09-16,6.625421524
1997-09-17,6.4902067184
1997-09-18,6.4902067184
1997-09-19,6.4902067184
1997-09-22,6.4451351166
1997-09-23,6.4902067184
1997-09-24,6.4902067184
1997-09-25,6.4902067184
1997-09-26,6.400062561
1997-09-29,6.4451351166
1997-09-30,6.625421524
1997-10-01,6.2648510933
1997-10-02,6.400062561
1997-10-03,6.354994297
1997-10-06,6.2648510933
1997-10-07,5.9944267273
1997-10-08,6.0394973755
1997-10-09,6.084569931
1997-10-10,6.2197799683
1997-10-13,6.2197799683
1997-10-14,6.084569931
1997-10-15,6.0394973755
1997-10-16,6.0394973755
1997-10-17,6.084569931
1997-10-20,5.9493579865
1997-10-21,5.8141422272
1997-10-22,5.6789293289
1997-10-23,5.4085063934
1997-10-24,5.453576088
1997-10-27,5.1380815506
1997-10-28,5.6789293289
1997-10-29,5.3183631897
1997-10-30,5.0479397774
1997-10-31,5.3634357452
1997-11-03,5.8141422272
1997-11-04,5.7690739632
1997-11-05,5.8592147827
1997-11-06,5.6338591576
1997-11-07,5.5887885094
1997-11-10,5.498647213
1997-11-11,5.498647213
1997-11-12,5.228222847
1997-11-13,5.453576088
1997-11-14,5.3634357452
1997-11-17,5.6338591576
1997-11-18,5.498647213
1997-11-19,5.3183631897
1997-11-20,5.228222847
1997-11-21,5.453576088
1997-11-24,5.228222847
1997-11-25,5.3634357452
1997-11-26,5.4085063934
1997-11-28,5.3183631897
1997-12-01,5.498647213
1997-12-02,5.5887885094
1997-12-03,5.543718338
1997-12-04,5.498647213
1997-12-05,5.6338591576
1997-12-08,5.9493579865
1997-12-09,5.6338591576
1997-12-10,5.6338591576
1997-12-11,5.1831512451
1997-12-12,5.1831512451
1997-12-15,5.002866745
1997-12-16,4.9577975273
1997-12-17,4.8676548004
1997-12-18,4.9577975273
1997-12-19,4.8676548004
1997-12-22,4.8676548004
1997-12-23,4.9651532173
1997-12-24,5.0102901459
1997-12-26,4.7846012115
1997-12-29,4.7846012115
1997-12-30,4.7394623756
1997-12-31,4.7846012115
1998-01-02,4.8748760223
1998-01-05,4.8748760223
1998-01-06,4.6491894722
1998-01-07,4.3332242966
1998-01-08,3.8367090225
1998-01-09,3.6110198498
1998-01-12,3.6110198498
1998-01-13,3.7464332581
1998-01-14,4.0623979568
1998-01-15,3.972121954
1998-01-16,4.1075348854
1998-01-20,4.2880859375
1998-01-21,4.2429475784
1998-01-22,4.1075348854
1998-01-23,3.8818478584
1998-01-26,3.9269835949
1998-01-27,4.2429475784
1998-01-28,4.2880859375
1998-01-29,4.2429475784
1998-01-30,4.3332242966
1998-02-02,5.0102901459
1998-02-03,4.8748760223
1998-02-04,4.6943264008
1998-02-05,4.8297376633
1998-02-06,5.1457047462
1998-02-09,4.9651532173
1998-02-10,5.0102901459
1998-02-11,4.9651532173
1998-02-12,4.7846012115
1998-02-13,4.6491894722
1998-02-17,4.7394623756
1998-02-18,4.7846012115
1998-02-19,4.9651532173
1998-02-20,4.8297376633
1998-02-23,4.8748760223
1998-02-24,4.9200148582
1998-02-25,4.9651532173
1998-02-26,5.0554294586
1998-02-27,4.9651532173
1998-03-02,5.1005663872
1998-03-03,5.0102901459
1998-03-04,4.8297376633
1998-03-05,4.6943264008
1998-03-06,4.8297376633
1998-03-09,4.6491894722
1998-03-10,4.6491894722
1998-03-11,4.7394623756
1998-03-12,4.7394623756
1998-03-13,4.8748760223
1998-03-16,4.8297376633
1998-03-17,4.8297376633
1998-03-18,4.9200148582
1998-03-19,5.2811160088
1998-03-20,5.2811160088
1998-03-23,5.3262543678
1998-03-24,5.1908402443
1998-03-25,5.2359790802
1998-03-26,5.2359790802
1998-03-27,5.2359790802
1998-03-30,5.1908402443
1998-03-31,5.0554294586
1998-04-01,4.9200148582
1998-04-02,4.8748760223
1998-04-03,4.7394623756
1998-04-06,4.8297376633
1998-04-07,4.6943264008
1998-04-08,4.8748760223
1998-04-09,4.9651532173
1998-04-13,4.9651532173
1998-04-14,4.8748760223
1998-04-15,4.6943264008
1998-04-16,4.5589127541
1998-04-17,4.6040492058
1998-04-20,4.6040492058
1998-04-21,4.6040492058
1998-04-22,4.513774395
1998-04-23,4.5589127541
1998-04-24,4.5589127541
1998-04-27,4.3332242966
1998-04-28,4.4234995842
1998-04-29,4.513774395
1998-04-30,4.5589127541
1998-05-01,4.6491894722
1998-05-04,4.513774395
1998-05-05,4.4234995842
1998-05-06,4.1978096962
1998-05-07,4.2429475784
1998-05-08,4.1978096962
1998-05-11,4.1978096962
1998-05-12,4.0623979568
1998-05-13,3.972121954
1998-05-14,3.9269835949
1998-05-15,4.0172595978
1998-05-18,3.8818478584
1998-05-19,3.8818478584
1998-05-20,3.972121954
1998-05-21,4.152674675
1998-05-22,4.1075348854
1998-05-26,3.8367090225
1998-05-27,3.7915701866
1998-05-28,3.7012939453
1998-05-29,3.7012939453
1998-06-01,3.6110198498
1998-06-02,3.6110198498
1998-06-03,3.7012939453
1998-06-04,3.6110198498
1998-06-05,3.5207440853
1998-06-08,3.3401927948
1998-06-09,3.3401927948
1998-06-10,3.2047798634
1998-06-11,3.1596429348
1998-06-12,3.1596429348
1998-06-15,2.9790914059
1998-06-16,3.0693674088
1998-06-17,3.4304683208
1998-06-18,3.3401927948
1998-06-19,3.4756076336
1998-06-22,3.3401927948
1998-06-23,3.2499182224
1998-06-24,3.2499182224
1998-06-25,3.1596429348
1998-06-26,3.385332346
1998-06-29,3.1596429348
1998-06-30,3.2047798634
1998-07-01,3.4304683208
1998-07-02,3.4304683208
1998-07-06,3.385332346
1998-07-07,3.4304683208
1998-07-08,3.3401927948
1998-07-09,3.3401927948
1998-07-10,3.1596429348
1998-07-13,3.1596429348
1998-07-14,3.3401927948
1998-07-15,3.2950563431
1998-07-16,3.385332346
1998-07-17,3.4304683208
1998-07-20,3.4304683208
1998-07-21,3.3401927948
1998-07-22,3.2499182224
1998-07-23,3.1596429348
1998-07-24,3.2950563431
1998-07-27,3.3401927948
1998-07-28,3.2499182224
1998-07-29,3.2047798634
1998-07-30,3.2499182224
1998-07-31,3.2047798634
1998-08-03,3.1145048141
1998-08-04,3.1145048141
1998-08-05,3.1145048141
1998-08-06,3.2499182224
1998-08-07,3.0693674088
1998-08-10,3.0693674088
1998-08-11,2.8888156414
1998-08-12,2.9339537621
1998-08-13,2.7985415459
1998-08-14,2.843678236
1998-08-17,2.7985415459
1998-08-18,2.7985415459
1998-08-19,2.843678236
1998-08-20,2.7985415459
1998-08-21,2.6631271839
1998-08-24,2.5728523731
1998-08-25,2.5688159466
1998-08-26,2.6146872044
1998-08-27,2.6146872044
1998-08-28,2.5688159466
1998-08-31,2.3394560814
1998-09-01,2.4770710468
1998-09-02,2.4312002659
1998-09-03,2.2935843468
1998-09-04,2.3853280544
1998-09-08,2.7523021698
1998-09-09,2.6146872044
1998-09-10,2.4770710468
1998-09-11,2.4770710468
1998-09-14,2.6605584621
1998-09-15,2.7523021698
1998-09-16,2.8899166584
1998-09-17,2.6605584621
1998-09-18,2.6146872044
1998-09-21,2.6146872044
1998-09-22,2.6146872044
1998-09-23,2.7523021698
1998-09-24,2.7064297199
1998-09-25,2.7064297199
1998-09-28,2.7523021698
1998-09-29,2.8440461159
1998-09-30,2.7523021698
1998-10-01,2.6146872044
1998-10-02,2.7064297199
1998-10-05,2.6605584621
1998-10-06,2.7523021698
1998-10-07,2.7981734276
1998-10-08,2.9357879162
1998-10-09,3.1192753315
1998-10-12,3.3486344814
1998-10-13,3.1651468277
1998-10-14,3.1651468277
1998-10-15,3.5321204662
1998-10-16,3.6697363853
1998-10-19,3.7156071663
1998-10-20,3.577991724
1998-10-21,3.6697363853
1998-10-22,3.6697363853
1998-10-23,3.6238634586
1998-10-26,3.5321204662
1998-10-27,3.6697363853
1998-10-28,3.7156071663
1998-10-29,3.8532209396
1998-10-30,3.8532209396
1998-11-02,4.0825819969
1998-11-03,4.0825819969
1998-11-04,4.1743240356
1998-11-05,4.3119373322
1998-11-06,4.0367097855
1998-11-09,3.8990941048
1998-11-10,3.7614789009
1998-11-11,4.0367097855
1998-11-12,3.8532209396
1998-11-13,3.8990941048
1998-11-16,4.128452301
1998-11-17,4.128452301
1998-11-18,4.2201981544
1998-11-19,4.4495534897
1998-11-20,4.495426178
1998-11-23,4.6330418587
1998-11-24,4.5412974358
1998-11-25,4.495426178
1998-11-27,4.4495534897
1998-11-30,4.3578104973
1998-12-01,4.3119373322
1998-12-02,4.2660675049
1998-12-03,4.3119373322
1998-12-04,4.4036846161
1998-12-07,4.4495534897
1998-12-08,4.4495534897
1998-12-09,4.495426178
1998-12-10,4.5412974358
1998-12-11,4.4036846161
1998-12-14,4.3119373322
1998-12-15,4.4495534897
1998-12-16,4.4495534897
1998-12-17,4.4036846161
1998-12-18,4.6330418587
1998-12-21,4.6330418587
1998-12-22,4.6334114075
1998-12-23,4.5870780945
1998-12-24,4.4480757713
1998-12-28,4.4017400742
1998-12-29,4.4944114685
1998-12-30,4.4944114685
1998-12-31,4.5407457352
1999-01-04,4.5407457352
1999-01-05,4.4944114685
1999-01-06,4.7260808945
1999-01-07,4.818748951
1999-01-08,4.9114170074
1999-01-11,4.8650836945
1999-01-12,4.772415638
1999-01-13,4.5407457352
1999-01-14,4.4480757713
1999-01-15,4.8650836945
1999-01-19,4.9114170074
1999-01-20,4.9114170074
1999-01-21,4.679746151
1999-01-22,4.679746151
1999-01-25,4.4480757713
1999-01-26,4.4480757713
1999-01-27,4.4944114685
1999-01-28,4.4480757713
1999-01-29,4.4480757713
1999-02-01,4.3090724945
1999-02-02,4.1700701714
1999-02-03,4.123737812
1999-02-04,4.123737812
1999-02-05,4.0774035454
1999-02-08,4.123737812
1999-02-09,3.9384012222
1999-02-10,3.9384012222
1999-02-11,4.123737812
1999-02-12,4.0310678482
1999-02-16,4.0310678482
1999-02-17,4.123737812
1999-02-18,4.0310678482
1999-02-19,4.123737812
1999-02-22,4.2164049149
1999-02-23,4.1700701714
1999-02-24,4.2164049149
1999-02-25,4.2164049149
1999-02-26,4.3090724945
1999-03-01,4.2627391815
1999-03-02,4.0774035454
1999-03-03,4.2627391815
1999-03-04,4.3090724945
1999-03-05,4.4017400742
1999-03-08,4.2627391815
1999-03-09,4.4017400742
1999-03-10,4.4944114685
1999-03-11,4.4480757713
1999-03-12,4.4480757713
1999-03-15,4.5407457352
1999-03-16,4.4944114685
1999-03-17,4.4017400742
1999-03-18,4.3554081917
1999-03-19,4.4017400742
1999-03-22,4.4017400742
1999-03-23,4.3554081917
1999-03-24,4.3090724945
1999-03-25,4.4480757713
1999-03-26,4.4017400742
1999-03-29,4.4480757713
1999-03-30,4.4480757713
1999-03-31,4.4480757713
1999-04-01,4.5870780945
1999-04-05,4.7260808945
1999-04-06,4.772415638
1999-04-07,4.772415638
1999-04-08,4.9577512741
1999-04-09,4.9114170074
1999-04-12,4.9114170074
1999-04-13,5.0967531204
1999-04-14,5.1430864334
1999-04-15,5.1430864334
1999-04-16,5.2820901871
1999-04-19,5.4674277306
1999-04-20,5.6527609825
1999-04-21,5.7454319
1999-04-22,5.8380990028
1999-04-23,5.8380990028
1999-04-26,5.7917661667
1999-04-27,5.8380990028
1999-04-28,5.6990981102
1999-04-29,5.6064300537
1999-04-30,5.6527609825
1999-05-03,5.8844332695
1999-05-04,5.930768013
1999-05-05,6.0234332085
1999-05-06,6.0234332085
1999-05-07,5.930768013
1999-05-10,5.7917661667
1999-05-11,5.8844332695
1999-05-12,5.8844332695
1999-05-13,5.7454319
1999-05-14,5.4674277306
1999-05-17,5.6527609825
1999-05-18,5.6527609825
1999-05-19,5.513759613
1999-05-20,5.6527609825
1999-05-21,5.513759613
1999-05-24,5.3747582436
1999-05-25,5.3284225464
1999-05-26,5.4210915565
1999-05-27,5.3747582436
1999-05-28,5.513759613
1999-06-01,5.4674277306
1999-06-02,5.513759613
1999-06-03,5.6990981102
1999-06-04,5.5600948334
1999-06-07,5.7454319
1999-06-08,5.7917661667
1999-06-09,5.7454319
1999-06-10,5.8844332695
1999-06-11,5.930768013
1999-06-14,5.8844332695
1999-06-15,5.7917661667
1999-06-16,5.930768013
1999-06-17,5.8844332695
1999-06-18,5.8844332695
1999-06-21,6.0697703362
1999-06-22,6.0697703362
1999-06-23,6.2551074028
1999-06-24,6.2551074028
1999-06-25,6.3014388084
1999-06-28,6.2087731361
1999-06-29,6.2551074028
1999-06-30,6.3941073418
1999-07-01,6.4404435158
1999-07-02,6.3941073418
1999-07-06,6.2551074028
1999-07-07,6.1161060333
1999-07-08,6.1161060333
1999-07-09,6.0697703362
1999-07-12,6.1624398232
1999-07-13,6.1161060333
1999-07-14,6.0697703362
1999-07-15,6.0697703362
1999-07-16,5.9771027565
1999-07-19,5.9771027565
1999-07-20,5.930768013
1999-07-21,5.8380990028
1999-07-22,5.6990981102
1999-07-23,5.4674277306
1999-07-26,5.513759613
1999-07-27,5.7917661667
1999-07-28,6.0234332085
1999-07-29,5.930768013
1999-07-30,5.9771027565
1999-08-02,6.0234332085
1999-08-03,5.9771027565
1999-08-04,6.0234332085
1999-08-05,5.930768013
1999-08-06,5.7454319
1999-08-09,5.7917661667
1999-08-10,5.7454319
1999-08-11,5.7917661667
1999-08-12,5.6527609825
1999-08-13,5.7454319
1999-08-16,5.7454319
1999-08-17,5.6990981102
1999-08-18,5.7454319
1999-08-19,5.8380990028
1999-08-20,6.0697703362
1999-08-23,6.1624398232
1999-08-24,6.0697703362
1999-08-25,6.0204834938
1999-08-26,6.1138262749
1999-08-27,6.0671544075
1999-08-30,6.0671544075
1999-08-31,5.9738135338
1999-09-01,6.0671544075
1999-09-02,6.0671544075
1999-09-03,6.0671544075
1999-09-07,5.9738135338
1999-09-08,5.78713274
1999-09-09,5.9738135338
1999-09-10,6.0204834938
1999-09-13,6.0204834938
1999-09-14,6.0204834938
1999-09-15,5.9738135338
1999-09-16,5.8338055611
1999-09-17,6.0204834938
1999-09-20,5.9738135338
1999-09-21,5.6937913895
1999-09-22,5.6937913895
1999-09-23,5.460439682
1999-09-24,5.5071110725
1999-09-27,5.6004514694
1999-09-28,5.5537819862
1999-09-29,5.5537819862
1999-09-30,5.6937913895
1999-10-01,5.78713274
1999-10-04,5.8804745674
1999-10-05,5.8804745674
1999-10-06,6.0671544075
1999-10-07,6.0204834938
1999-10-08,6.0204834938
1999-10-11,6.1138262749
1999-10-12,6.0671544075
1999-10-13,5.9738135338
1999-10-14,6.0671544075
1999-10-15,5.9271440506
1999-10-18,5.8338055611
1999-10-19,5.9271440506
1999-10-20,5.8804745674
1999-10-21,5.8338055611
1999-10-22,5.9271440506
1999-10-25,5.9271440506
1999-10-26,5.78713274
1999-10-27,5.8338055611
1999-10-28,5.9271440506
1999-10-29,6.0671544075
1999-11-01,6.0204834938
1999-11-02,6.0671544075
1999-11-03,6.1138262749
1999-11-04,6.1604971886
1999-11-05,6.1138262749
1999-11-08,6.2071671486
1999-11-09,6.1604971886
1999-11-10,6.1604971886
1999-11-11,6.2071671486
1999-11-12,6.2538366318
1999-11-15,6.3471779823
1999-11-16,6.3471779823
1999-11-17,6.3471779823
1999-11-18,6.3938503265
1999-11-19,6.2538366318
1999-11-22,6.3471779823
1999-11-23,6.2538366318
1999-11-24,6.2071671486
1999-11-26,6.3471779823
1999-11-29,6.3471779823
1999-11-30,6.2538366318
1999-12-01,6.2538366318
1999-12-02,6.3005099297
1999-12-03,6.3471779823
1999-12-06,6.3471779823
1999-12-07,6.6272010803
1999-12-08,6.7205429077
1999-12-09,6.6738715172
1999-12-10,6.8138828278
1999-12-13,6.7672109604
1999-12-14,6.5805301666
1999-12-15,6.5338602066
1999-12-16,6.4871892929
1999-12-17,6.6738715172
1999-12-20,6.7205429077
1999-12-21,6.8378696442
1999-12-22,6.7907137871
1999-12-23,6.9321856499
1999-12-27,6.8850283623
1999-12-28,6.9321856499
1999-12-29,7.0736598969
1999-12-30,6.9793438911
1999-12-31,6.9321856499
2000-01-03,7.0264997482
2000-01-04,6.9321856499
2000-01-05,6.8850283623
2000-01-06,6.6492385864
2000-01-07,7.0264997482
2000-01-10,6.9793438911
2000-01-11,6.6963968277
2000-01-12,6.7907137871
2000-01-13,6.7907137871
2000-01-14,6.8378696442
2000-01-18,6.5077672005
2000-01-19,6.3662953377
2000-01-20,6.4134507179
2000-01-21,6.460609436
2000-01-24,6.3191351891
2000-01-25,6.2248215675
2000-01-26,6.2719788551
2000-01-27,6.2248215675
2000-01-28,6.2248215675
2000-01-31,6.0833454132
2000-02-01,6.1305036545
2000-02-02,6.2719788551
2000-02-03,6.3191351891
2000-02-04,6.2248215675
2000-02-07,6.2248215675
2000-02-08,6.1776623726
2000-02-09,6.0361886024
2000-02-10,6.0833454132
2000-02-11,5.9418735504
2000-02-14,5.9890313148
2000-02-15,5.8947172165
2000-02-16,5.8947172165
2000-02-17,5.753241539
2000-02-18,5.5174531937
2000-02-22,5.4702978134
2000-02-23,5.6589269638
2000-02-24,5.4702978134
2000-02-25,5.4702978134
2000-02-28,5.5174531937
2000-02-29,5.4231376648
2000-03-01,5.5174531937
2000-03-02,5.4231376648
2000-03-03,5.4702978134
2000-03-06,5.4231376648
2000-03-07,5.2345089912
2000-03-08,5.3288235664
2000-03-09,5.4231376648
2000-03-10,5.4231376648
2000-03-13,5.0930347443
2000-03-14,5.3759822845
2000-03-15,5.2816648483
2000-03-16,5.2345089912
2000-03-17,5.4231376648
2000-03-20,5.4231376648
2000-03-21,5.5646114349
2000-03-22,5.5646114349
2000-03-23,5.6589269638
2000-03-24,5.6589269638
2000-03-27,5.8475575447
2000-03-28,5.8475575447
2000-03-29,5.8475575447
2000-03-30,5.6117706299
2000-03-31,5.5646114349
2000-04-03,5.2816648483
2000-04-04,5.3288235664
2000-04-05,5.3288235664
2000-04-06,5.5646114349
2000-04-07,5.6589269638
2000-04-10,5.4702978134
2000-04-11,5.4702978134
2000-04-12,5.4702978134
2000-04-13,5.5646114349
2000-04-14,5.0930347443
2000-04-17,5.3759822845
2000-04-18,5.5174531937
2000-04-19,5.4702978134
2000-04-20,5.5646114349
2000-04-24,5.4702978134
2000-04-25,5.6117706299
2000-04-26,5.5646114349
2000-04-27,5.6117706299
2000-04-28,5.6589269638
2000-05-01,5.7060852051
2000-05-02,5.7060852051
2000-05-03,5.4702978134
2000-05-04,5.5174531937
2000-05-05,5.5646114349
2000-05-08,5.4702978134
2000-05-09,5.3759822845
2000-05-10,5.3759822845
2000-05-11,5.3288235664
2000-05-12,5.4231376648
2000-05-15,5.3288235664
2000-05-16,5.4702978134
2000-05-17,5.2816648483
2000-05-18,5.1873497963
2000-05-19,5.1873497963
2000-05-22,4.9987182617
2000-05-23,4.9044041634
2000-05-24,4.9515619278
2000-05-25,4.9044041634
2000-05-26,4.8572463989
2000-05-30,4.9987182617
2000-05-31,4.9987182617
2000-06-01,5.2816648483
2000-06-02,5.4702978134
2000-06-05,5.5174531937
2000-06-06,5.5646114349
2000-06-07,5.6589269638
2000-06-08,5.7060852051
2000-06-09,5.6589269638
2000-06-12,5.5646114349
2000-06-13,5.5174531937
2000-06-14,5.6117706299
2000-06-15,5.6589269638
2000-06-16,5.5646114349
2000-06-19,5.4702978134
2000-06-20,5.3759822845
2000-06-21,5.4702978134
2000-06-22,5.4702978134
2000-06-23,5.5174531937
2000-06-26,5.6117706299
2000-06-27,5.7060852051
2000-06-28,5.6589269638
2000-06-29,5.6117706299
2000-06-30,5.6117706299
2000-07-03,5.7060852051
2000-07-05,5.6117706299
2000-07-06,5.6117706299
2000-07-07,5.8475575447
2000-07-10,5.8004012108
2000-07-11,5.8004012108
2000-07-12,5.8475575447
2000-07-13,5.753241539
2000-07-14,5.6589269638
2000-07-17,5.753241539
2000-07-18,5.6589269638
2000-07-19,5.8475575447
2000-07-20,5.8475575447
2000-07-21,5.753241539
2000-07-24,5.7060852051
2000-07-25,5.7060852051
2000-07-26,5.6117706299
2000-07-27,5.6117706299
2000-07-28,5.4702978134
2000-07-31,5.6117706299
2000-08-01,5.6117706299
2000-08-02,5.6589269638
2000-08-03,5.6589269638
2000-08-04,5.6117706299
2000-08-07,5.7060852051
2000-08-08,5.6117706299
2000-08-09,5.6117706299
2000-08-10,5.7060852051
2000-08-11,5.8475575447
2000-08-14,5.9418735504
2000-08-15,5.9890313148
2000-08-16,5.9890313148
2000-08-17,6.1776623726
2000-08-18,6.0361886024
2000-08-21,6.1305036545
2000-08-22,6.1305036545
2000-08-23,6.1305036545
2000-08-24,6.0222029686
2000-08-25,5.9258470535
2000-08-28,5.9258470535
2000-08-29,5.8776688576
2000-08-30,5.9258470535
2000-08-31,5.9258470535
2000-09-01,5.8294920921
2000-09-05,5.8294920921
2000-09-06,5.7331366539
2000-09-07,5.7813134193
2000-09-08,5.6849589348
2000-09-11,5.6367797852
2000-09-12,5.4922485352
2000-09-13,5.4922485352
2000-09-14,5.3958926201
2000-09-15,5.3958926201
2000-09-18,5.2031812668
2000-09-19,5.3958926201
2000-09-20,5.2513594627
2000-09-21,5.2031812668
2000-09-22,5.2031812668
2000-09-25,5.2513594627
2000-09-26,5.2513594627
2000-09-27,5.1550040245
2000-09-28,5.2995376587
2000-09-29,5.2995376587
2000-10-02,5.1550040245
2000-10-03,5.2031812668
2000-10-04,5.1550040245
2000-10-05,5.2031812668
2000-10-06,5.0104718208
2000-10-09,4.9141168594
2000-10-10,5.0104718208
2000-10-11,4.8659391403
2000-10-12,4.7695827484
2000-10-13,4.8659391403
2000-10-16,4.8659391403
2000-10-17,4.6250519753
2000-10-18,4.7214064598
2000-10-19,5.1068282127
2000-10-20,5.0586509705
2000-10-23,4.9622950554
2000-10-24,5.0104718208
2000-10-25,5.0104718208
2000-10-26,5.0586509705
2000-10-27,5.1550040245
2000-10-30,5.2031812668
2000-10-31,5.2995376587
2000-11-01,5.4440717697
2000-11-02,5.4922485352
2000-11-03,5.4440717697
2000-11-06,5.3958926201
2000-11-07,5.4440717697
2000-11-08,5.3477153778
2000-11-09,5.2995376587
2000-11-10,5.1550040245
2000-11-13,5.0104718208
2000-11-14,5.2513594627
2000-11-15,5.1068282127
2000-11-16,5.1068282127
2000-11-17,5.1068282127
2000-11-20,5.0104718208
2000-11-21,5.0104718208
2000-11-22,4.9622950554
2000-11-24,5.1068282127
2000-11-27,5.1550040245
2000-11-28,5.0104718208
2000-11-29,5.0586509705
2000-11-30,5.0586509705
2000-12-01,5.0586509705
2000-12-04,5.1068282127
2000-12-05,5.2513594627
2000-12-06,5.1068282127
2000-12-07,5.1068282127
2000-12-08,5.2031812668
2000-12-11,5.3958926201
2000-12-12,5.2513594627
2000-12-13,5.2513594627
2000-12-14,5.1550040245
2000-12-15,5.0104718208
2000-12-18,5.2995376587
2000-12-19,5.1550040245
2000-12-20,5.049888134
2000-12-21,4.9518322945
2000-12-22,5.1969733238
2000-12-26,5.0989155769
2000-12-27,4.9518322945
2000-12-28,5.049888134
2000-12-29,5.0989155769
2001-01-02,5.0008597374
2001-01-03,5.34405756
2001-01-04,5.1969733238
2001-01-05,5.1969733238
2001-01-08,5.1479454041
2001-01-09,5.3930845261
2001-01-10,5.34405756
2001-01-11,5.2459998131
2001-01-12,5.1479454041
2001-01-16,5.1479454041
2001-01-17,5.0989155769
2001-01-18,5.0989155769
2001-01-19,5.0989155769
2001-01-22,5.0989155769
2001-01-23,5.0989155769
2001-01-24,5.0989155769
2001-01-25,5.049888134
2001-01-26,5.0008597374
2001-01-29,5.0596938133
2001-01-30,5.1459822655
2001-01-31,5.2165837288
2001-02-01,5.2008943558
2001-02-02,5.2008943558
2001-02-05,5.11460495
2001-02-06,5.0675377846
2001-02-07,5.0047841072
2001-02-08,5.1381392479
2001-02-09,5.0989155769
2001-02-12,5.2008943558
2001-02-13,5.208738327
2001-02-14,5.1538286209
2001-02-15,5.1930494308
2001-02-16,5.1459822655
2001-02-20,5.0989155769
2001-02-21,5.0832281113
2001-02-22,5.0047841072
2001-02-23,4.9812498093
2001-02-26,5.1067614555
2001-02-27,5.0047841072
2001-02-28,5.0753831863
2001-03-01,5.028316021
2001-03-02,4.9498710632
2001-03-05,4.9420256615
2001-03-06,4.9890942574
2001-03-07,4.9106488228
2001-03-08,4.973405838
2001-03-09,4.8478932381
2001-03-12,4.6282467842
2001-03-13,4.7459149361
2001-03-14,4.4792013168
2001-03-15,4.6125588417
2001-03-16,4.4713559151
2001-03-19,4.4007563591
2001-03-20,4.3458471298
2001-03-21,4.3615345955
2001-03-22,4.1575770378
2001-03-23,4.3380017281
2001-03-26,4.3536901474
2001-03-27,4.3536901474
2001-03-28,4.1183552742
2001-03-29,4.1183552742
2001-03-30,4.2360219955
2001-04-02,4.1183552742
2001-04-03,3.9536206722
2001-04-04,4.0085339546
2001-04-05,4.3850684166
2001-04-06,4.2360219955
2001-04-09,4.0006890297
2001-04-10,4.1183552742
2001-04-11,4.1105117798
2001-04-12,4.0556001663
2001-04-16,4.0006890297
2001-04-17,3.9693102837
2001-04-18,4.2360219955
2001-04-19,4.2046442032
2001-04-20,4.1889562607
2001-04-23,4.2046442032
2001-04-24,4.2360219955
2001-04-25,4.2517118454
2001-04-26,4.2360219955
2001-04-27,4.3144664764
2001-04-30,4.322312355
2001-05-01,4.4007563591
2001-05-02,4.3693790436
2001-05-03,4.2830910683
2001-05-04,4.3458471298
2001-05-07,4.3301563263
2001-05-08,4.2595567703
2001-05-09,4.1968007088
2001-05-10,4.2674002647
2001-05-11,4.3066234589
2001-05-14,4.2595567703
2001-05-15,4.2281780243
2001-05-16,4.3066234589
2001-05-17,4.2674002647
2001-05-18,4.2438673973
2001-05-21,4.2674002647
2001-05-22,4.2281780243
2001-05-23,4.2281780243
2001-05-24,4.2909331322
2001-05-25,4.2203335762
2001-05-29,4.2203335762
2001-05-30,4.1575770378
2001-05-31,4.1889562607
2001-06-01,4.1575770378
2001-06-04,4.1889562607
2001-06-05,4.2360219955
2001-06-06,4.2281780243
2001-06-07,4.2438673973
2001-06-08,4.3144664764
2001-06-11,4.2517118454
2001-06-12,4.2517118454
2001-06-13,4.2046442032
2001-06-14,4.1732673645
2001-06-15,4.2517118454
2001-06-18,4.2517118454
2001-06-19,4.2674002647
2001-06-20,4.2203335762
2001-06-21,4.2517118454
2001-06-22,4.2752447128
2001-06-25,4.2281780243
2001-06-26,4.2203335762
2001-06-27,4.1811103821
2001-06-28,4.2517118454
2001-06-29,4.2595567703
2001-07-02,4.1968007088
2001-07-03,4.1968007088
2001-07-05,4.1261992455
2001-07-06,4.0477557182
2001-07-09,4.0556001663
2001-07-10,4.0320663452
2001-07-11,3.9850001335
2001-07-12,4.0948214531
2001-07-13,4.0320663452
2001-07-16,4.0006890297
2001-07-17,3.930087328
2001-07-18,3.8202660084
2001-07-19,3.8908658028
2001-07-20,3.8987095356
2001-07-23,3.8594884872
2001-07-24,3.8987095356
2001-07-25,4.0399107933
2001-07-26,4.0242209435
2001-07-27,4.0163764954
2001-07-30,4.0791330338
2001-07-31,4.1261992455
2001-08-01,4.2046442032
2001-08-02,4.1497340202
2001-08-03,4.1889562607
2001-08-06,4.1497340202
2001-08-07,4.1968007088
2001-08-08,4.1183552742
2001-08-09,4.1732673645
2001-08-10,4.1497340202
2001-08-13,4.1575770378
2001-08-14,4.1968007088
2001-08-15,4.2046442032
2001-08-16,4.1418881416
2001-08-17,4.1340436935
2001-08-20,4.0948214531
2001-08-21,4.1340436935
2001-08-22,4.1575770378
2001-08-23,4.1811103821
2001-08-24,4.2063646317
2001-08-27,4.198474884
2001-08-28,4.1905798912
2001-08-29,4.1511230469
2001-08-30,4.0485286713
2001-08-31,4.1432304382
2001-09-04,4.1826901436
2001-09-05,4.2063646317
2001-09-06,4.0958781242
2001-09-07,4.0090675354
2001-09-10,3.9617161751
2001-09-17,3.5671241283
2001-09-18,3.432962656
2001-09-19,3.3777198792
2001-09-20,3.3856112957
2001-09-21,3.0068016052
2001-09-24,3.2198815346
2001-09-25,3.2435572147
2001-09-26,3.2751259804
2001-09-27,3.2040984631
2001-09-28,3.2830166817
2001-10-01,3.432962656
2001-10-02,3.4566383362
2001-10-03,3.4487454891
2001-10-04,3.543448925
2001-10-05,3.4803128242
2001-10-08,3.4171788692
2001-10-09,3.4566383362
2001-10-10,3.4408545494
2001-10-11,3.5513410568
2001-10-12,3.5276641846
2001-10-15,3.5907993317
2001-10-16,3.6302597523
2001-10-17,3.5986914635
2001-10-18,3.5513410568
2001-10-19,3.4487454891
2001-10-22,3.4645295143
2001-10-23,3.543448925
2001-10-24,3.5829064846
2001-10-25,3.5197734833
2001-10-26,3.5513410568
2001-10-29,3.4487454891
2001-10-30,3.4250705242
2001-10-31,3.4013960361
2001-11-01,3.3698270321
2001-11-02,3.3540430069
2001-11-05,3.3935029507
2001-11-06,3.3856112957
2001-11-07,3.3461501598
2001-11-08,3.3145828247
2001-11-09,3.4013960361
2001-11-12,3.4013960361
2001-11-13,3.4487454891
2001-11-14,3.4487454891
2001-11-15,3.543448925
2001-11-16,3.5513410568
2001-11-19,3.622367382
2001-11-20,3.5592317581
2001-11-21,3.5592317581
2001-11-23,3.6302597523
2001-11-26,3.6933939457
2001-11-27,3.7249615192
2001-11-28,3.622367382
2001-11-29,3.6460433006
2001-11-30,3.5986914635
2001-12-03,3.709177494
2001-12-04,3.8749072552
2001-12-05,4.0722036362
2001-12-06,4.0722036362
2001-12-07,4.0879874229
2001-12-10,4.0879874229
2001-12-11,3.969609499
2001-12-12,4.0090675354
2001-12-13,3.9380414486
2001-12-14,3.8670148849
2001-12-17,3.9143662453
2001-12-18,3.9853928089
2001-12-19,3.9775009155
2001-12-20,3.9064736366
2001-12-21,3.9064736366
2001-12-24,3.9621665478
2001-12-26,3.9303433895
2001-12-27,4.0178613663
2001-12-28,3.986035347
2001-12-31,4.0337729454
2002-01-02,4.0178613663
2002-01-03,4.1451582909
2002-01-04,4.2565460205
2002-01-07,4.2724580765
2002-01-08,4.2565460205
2002-01-09,4.2167630196
2002-01-10,4.2645015717
2002-01-11,4.2883696556
2002-01-14,4.2883696556
2002-01-15,4.3042826653
2002-01-16,4.1849393845
2002-01-17,4.2485880852
2002-01-18,4.240632534
2002-01-22,4.1292462349
2002-01-23,4.1928949356
2002-01-24,4.2167630196
2002-01-25,4.3838434219
2002-01-28,4.5429668427
2002-01-29,4.4872732162
2002-01-30,4.4793176651
2002-01-31,4.5588803291
2002-02-01,4.5827484131
2002-02-04,4.4634065628
2002-02-05,4.4236235619
2002-02-06,4.4554491043
2002-02-07,4.3917999268
2002-02-08,4.4634065628
2002-02-11,4.5190968513
2002-02-12,4.5111432076
2002-02-13,4.4395375252
2002-02-14,4.5747914314
2002-02-15,4.4634065628
2002-02-19,4.3440608978
2002-02-20,4.3122386932
2002-02-21,4.3599758148
2002-02-22,4.2565460205
2002-02-25,4.2883696556
2002-02-26,4.2167630196
2002-02-27,4.3361067772
2002-02-28,4.3838434219
2002-03-01,4.4713625908
2002-03-04,4.6702666283
2002-03-05,4.6145739555
2002-03-06,4.6702666283
2002-03-07,4.5827484131
2002-03-08,4.6702666283
2002-03-11,4.6463961601
2002-03-12,4.5031867027
2002-03-13,4.5588803291
2002-03-14,4.5429668427
2002-03-15,4.6145739555
2002-03-18,4.5270547867
2002-03-19,4.5986614227
2002-03-20,4.6145739555
2002-03-21,4.6066169739
2002-03-22,4.5509233475
2002-03-25,4.5031867027
2002-03-26,4.4236235619
2002-03-27,4.4474925995
2002-03-28,4.5111432076
2002-04-01,4.4872732162
2002-04-02,4.4872732162
2002-04-03,4.4156684875
2002-04-04,4.4315814972
2002-04-05,4.4634065628
2002-04-08,4.4474925995
2002-04-09,4.3838434219
2002-04-10,4.2724580765
2002-04-11,4.2485880852
2002-04-12,4.3520183563
2002-04-15,4.3201947212
2002-04-16,4.4474925995
2002-04-17,4.4554491043
2002-04-18,4.3201947212
2002-04-19,4.3679299355
2002-04-22,4.3281502724
2002-04-23,4.3679299355
2002-04-24,4.3917999268
2002-04-25,4.3520183563
2002-04-26,4.3520183563
2002-04-29,4.3440608978
2002-04-30,4.3758864403
2002-05-01,4.3599758148
2002-05-02,4.3679299355
2002-05-03,4.3917999268
2002-05-06,4.3440608978
2002-05-07,4.3679299355
2002-05-08,4.5111432076
2002-05-09,4.4077115059
2002-05-10,4.4634065628
2002-05-13,4.4872732162
2002-05-14,4.5509233475
2002-05-15,4.5190968513
2002-05-16,4.4474925995
2002-05-17,4.5270547867
2002-05-20,4.5111432076
2002-05-21,4.5270547867
2002-05-22,4.5190968513
2002-05-23,4.4713625908
2002-05-24,4.4634065628
2002-05-28,4.4713625908
2002-05-29,4.3917999268
2002-05-30,4.3997569084
2002-05-31,4.3997569084
2002-06-03,4.2724580765
2002-06-04,4.3042826653
2002-06-05,4.3599758148
2002-06-06,4.3042826653
2002-06-07,4.2804145813
2002-06-10,4.3361067772
2002-06-11,4.3520183563
2002-06-12,4.2804145813
2002-06-13,4.3440608978
2002-06-14,4.1690263748
2002-06-17,4.1531152725
2002-06-18,4.1212897301
2002-06-19,3.9939918518
2002-06-20,4.0258159637
2002-06-21,3.986035347
2002-06-24,3.9939918518
2002-06-25,4.097422123
2002-06-26,4.057641983
2002-06-27,4.057641983
2002-06-28,4.1928949356
2002-07-01,4.1133337021
2002-07-02,4.065598011
2002-07-03,4.1292462349
2002-07-05,4.3679299355
2002-07-08,4.3758864403
2002-07-09,4.3599758148
2002-07-10,4.3679299355
2002-07-11,4.2565460205
2002-07-12,4.3281502724
2002-07-15,4.3520183563
2002-07-16,4.3122386932
2002-07-17,4.2247195244
2002-07-18,4.2565460205
2002-07-19,4.1849393845
2002-07-22,3.9939918518
2002-07-23,4.0099039078
2002-07-24,4.2167630196
2002-07-25,4.1053771973
2002-07-26,3.9701230526
2002-07-29,4.0258159637
2002-07-30,4.049685955
2002-07-31,3.9064736366
2002-08-01,3.9701230526
2002-08-02,3.986035347
2002-08-05,3.810999155
2002-08-06,3.8826067448
2002-08-07,3.9144308567
2002-08-08,4.0019478798
2002-08-09,4.0099039078
2002-08-12,3.8666946888
2002-08-13,3.9462547302
2002-08-14,4.049685955
2002-08-15,4.049685955
2002-08-16,4.065598011
2002-08-19,4.1133337021
2002-08-20,4.065598011
2002-08-21,4.065598011
2002-08-22,4.0815095901
2002-08-23,4.0258159637
2002-08-26,4.0815095901
2002-08-27,4.0019478798
2002-08-28,3.9621665478
2002-08-29,3.9542114735
2002-08-30,3.9701230526
2002-09-03,3.755307436
2002-09-04,3.78713274
2002-09-05,3.7393956184
2002-09-06,3.8587369919
2002-09-09,3.7393956184
2002-09-10,3.78713274
2002-09-11,3.8189556599
2002-09-12,3.7075695992
2002-09-13,3.6677889824
2002-09-16,3.7314386368
2002-09-17,3.6757462025
2002-09-18,3.7473518848
2002-09-19,3.6439213753
2002-09-20,3.6200518608
2002-09-23,3.5404906273
2002-09-24,3.397279501
2002-09-25,3.389323473
2002-09-26,3.4370610714
2002-09-27,3.397279501
2002-09-30,3.5325348377
2002-10-01,3.4370610714
2002-10-02,3.4211485386
2002-10-03,3.4927537441
2002-10-04,3.429104805
2002-10-07,3.4609284401
2002-10-08,3.5404906273
2002-10-09,3.452974081
2002-10-10,3.389323473
2002-10-11,3.5166220665
2002-10-14,3.4052364826
2002-10-15,3.5723154545
2002-10-16,3.5086660385
2002-10-17,3.7075695992
2002-10-18,3.6996138096
2002-10-21,3.6757462025
2002-10-22,3.628008604
2002-10-23,3.7473518848
2002-10-24,3.6837015152
2002-10-25,3.8587369919
2002-10-28,3.7791755199
2002-10-29,3.7075695992
2002-10-30,3.7075695992
2002-10-31,3.7473518848
2002-11-01,3.7234823704
2002-11-04,3.7712180614
2002-11-05,3.6837015152
2002-11-06,3.6996138096
2002-11-07,3.6200518608
2002-11-08,3.5882284641
2002-11-11,3.5245780945
2002-11-12,3.5802724361
2002-11-13,3.6518771648
2002-11-14,3.6598331928
2002-11-15,3.6200518608
2002-11-18,3.5802724361
2002-11-19,3.6200518608
2002-11-20,3.6200518608
2002-11-21,3.6677889824
2002-11-22,3.7473518848
2002-11-25,3.6996138096
2002-11-26,3.6677889824
2002-11-27,3.628008604
2002-11-29,3.628008604
2002-12-02,3.5723154545
2002-12-03,3.5484478474
2002-12-04,3.4847979546
2002-12-05,3.4847979546
2002-12-06,3.4211485386
2002-12-09,3.4052364826
2002-12-10,3.4847979546
2002-12-11,3.5404906273
2002-12-12,3.5086660385
2002-12-13,3.5325348377
2002-12-16,3.5325348377
2002-12-17,3.4211485386
2002-12-18,3.4450170994
2002-12-19,3.4768409729
2002-12-20,3.413192749
2002-12-23,3.484503746
2002-12-24,3.5574336052
2002-12-26,3.4682970047
2002-12-27,3.4926068783
2002-12-30,3.5574336052
2002-12-31,3.4601924419
2003-01-02,3.5574336052
2003-01-03,3.4763998985
2003-01-06,3.5574336052
2003-01-07,3.452088356
2003-01-08,3.5007083416
2003-01-09,3.4926068783
2003-01-10,3.5169167519
2003-01-13,3.6627805233
2003-01-14,3.7114007473
2003-01-15,3.6789870262
2003-01-16,3.6789870262
2003-01-17,3.6546773911
2003-01-21,3.6546773911
2003-01-22,3.5898489952
2003-01-23,3.6546773911
2003-01-24,3.6141586304
2003-01-27,3.4926068783
2003-01-28,3.5655367374
2003-01-29,3.5169167519
2003-01-30,3.354847908
2003-01-31,3.354847908
2003-02-03,3.3710534573
2003-02-04,3.3629510403
2003-02-05,3.3710534573
2003-02-06,3.3467440605
2003-02-07,3.354847908
2003-02-10,3.3062260151
2003-02-11,3.3791573048
2003-02-12,3.403468132
2003-02-13,3.2738125324
2003-02-14,3.3224332333
2003-02-18,3.3710534573
2003-02-19,3.3872616291
2003-02-20,3.4115717411
2003-02-21,3.3224332333
2003-02-24,3.3872616291
2003-02-25,3.3791573048
2003-02-26,3.3224332333
2003-02-27,3.3305368423
2003-02-28,3.3224332333
2003-03-03,3.3467440605
2003-03-04,3.3224332333
2003-03-05,3.3710534573
2003-03-06,3.2413976192
2003-03-07,3.2495009899
2003-03-10,3.1927778721
2003-03-11,3.1846728325
2003-03-12,3.2495009899
2003-03-13,3.3224332333
2003-03-14,3.1846728325
2003-03-17,3.2576050758
2003-03-18,3.3629510403
2003-03-19,3.3305368423
2003-03-20,3.427778244
2003-03-21,3.508813858
2003-03-24,3.4115717411
2003-03-25,3.4682970047
2003-03-26,3.4763998985
2003-03-27,3.4115717411
2003-03-28,3.427778244
2003-03-31,3.2495009899
2003-04-01,3.3386409283
2003-04-02,3.403468132
2003-04-03,3.354847908
2003-04-04,3.3710534573
2003-04-07,3.4358816147
2003-04-08,3.3872616291
2003-04-09,3.3062260151
2003-04-10,3.354847908
2003-04-11,3.354847908
2003-04-14,3.3872616291
2003-04-15,3.3305368423
2003-04-16,3.3872616291
2003-04-17,3.3386409283
2003-04-21,3.3224332333
2003-04-22,3.3872616291
2003-04-23,3.2819166183
2003-04-24,3.2170879841
2003-04-25,3.1846728325
2003-04-28,3.2657084465
2003-04-29,3.3872616291
2003-04-30,3.3710534573
2003-05-01,3.3386409283
2003-05-02,3.4358816147
2003-05-05,3.4926068783
2003-05-06,3.597951889
2003-05-07,3.5655367374
2003-05-08,3.5331246853
2003-05-09,3.597951889
2003-05-12,3.6870894432
2003-05-13,3.638469696
2003-05-14,3.5817456245
2003-05-15,3.670883894
2003-05-16,3.6303656101
2003-05-19,3.4763998985
2003-05-20,3.5493319035
2003-05-21,3.597951889
2003-05-22,3.638469696
2003-05-23,3.7032966614
2003-05-27,3.7681248188
2003-05-28,3.6870894432
2003-05-29,3.7519180775
2003-05-30,3.7924375534
2003-06-02,3.800539732
2003-06-03,3.8410565853
2003-06-04,3.9950237274
2003-06-05,3.9788169861
2003-06-06,3.9707131386
2003-06-09,3.9707131386
2003-06-10,4.0436434746
2003-06-11,4.0355405807
2003-06-12,4.1003684998
2003-06-13,4.1003684998
2003-06-16,4.1651964188
2003-06-17,4.2219219208
2003-06-18,4.1651964188
2003-06-19,4.1651964188
2003-06-20,4.2300252914
2003-06-23,4.0841617584
2003-06-24,4.0598506927
2003-06-25,4.0193338394
2003-06-26,3.9869189262
2003-06-27,4.0436434746
2003-06-30,3.9139895439
2003-07-01,3.9950237274
2003-07-02,4.0679550171
2003-07-03,4.0112309456
2003-07-07,4.2057137489
2003-07-08,4.1814036369
2003-07-09,4.2138171196
2003-07-10,4.0841617584
2003-07-11,4.2462315559
2003-07-14,4.3677835464
2003-07-15,4.2867488861
2003-07-16,4.32726717
2003-07-17,4.2138171196
2003-07-18,4.2786459923
2003-07-21,4.2867488861
2003-07-22,4.2786459923
2003-07-23,4.2624387741
2003-07-24,4.2462315559
2003-07-25,4.343474865
2003-07-28,4.2543349266
2003-07-29,4.3029561043
2003-07-30,4.2381296158
2003-07-31,4.2705421448
2003-08-01,4.1895070076
2003-08-04,4.1327819824
2003-08-05,3.9058852196
2003-08-06,4.1489896774
2003-08-07,4.1814036369
2003-08-08,4.1246790886
2003-08-11,4.1732993126
2003-08-12,4.3029561043
2003-08-13,4.3677835464
2003-08-14,4.4164061546
2003-08-15,4.4083023071
2003-08-18,4.5136489868
2003-08-19,4.5136489868
2003-08-20,4.5217494965
2003-08-21,4.5622668266
2003-08-22,4.505543232
2003-08-25,4.505543232
2003-08-26,4.4083023071
2003-08-27,4.3596801758
2003-08-28,4.3596801758
2003-08-29,4.3920955658
2003-09-02,4.4083023071
2003-09-03,4.4164061546
2003-09-04,4.4488167763
2003-09-05,4.440715313
2003-09-08,4.4893364906
2003-09-09,4.32726717
2003-09-10,4.2705421448
2003-09-11,4.4164061546
2003-09-12,4.4164061546
2003-09-15,4.3596801758
2003-09-16,4.4326114655
2003-09-17,4.4326114655
2003-09-18,4.4569220543
2003-09-19,4.4488167763
2003-09-22,4.4488167763
2003-09-23,4.4893364906
2003-09-24,4.4488167763
2003-09-25,4.5379576683
2003-09-26,4.60278368
2003-09-29,4.5865793228
2003-09-30,4.5298547745
2003-10-01,4.6270961761
2003-10-02,4.6270961761
2003-10-03,4.8458914757
2003-10-06,4.8783035278
2003-10-07,4.9269251823
2003-10-08,4.9188227654
2003-10-09,4.9431333542
2003-10-10,4.9350290298
2003-10-13,4.9269251823
2003-10-14,4.9107189178
2003-10-15,4.9026150703
2003-10-16,4.9269251823
2003-10-17,4.9269251823
2003-10-20,4.9917535782
2003-10-21,5.0322713852
2003-10-22,4.9350290298
2003-10-23,4.8458914757
2003-10-24,4.8377861977
2003-10-27,4.8296833038
2003-10-28,4.9431333542
2003-10-29,4.9026150703
2003-10-30,4.853992939
2003-10-31,4.8377861977
2003-11-03,4.9269251823
2003-11-04,5.0322713852
2003-11-05,4.9917535782
2003-11-06,4.9350290298
2003-11-07,4.9350290298
2003-11-10,4.8620967865
2003-11-11,4.756752491
2003-11-12,4.8377861977
2003-11-13,4.870200634
2003-11-14,4.853992939
2003-11-17,4.7162361145
2003-11-18,4.6757154465
2003-11-19,4.70002985
2003-11-20,4.5622668266
2003-11-21,4.5541658401
2003-11-24,4.6838207245
2003-11-25,4.6189932823
2003-11-26,4.7486495972
2003-11-28,4.8377861977
2003-12-01,4.9269251823
2003-12-02,4.8215799332
2003-12-03,4.8458914757
2003-12-04,4.8783035278
2003-12-05,4.7972693443
2003-12-08,4.8620967865
2003-12-09,4.870200634
2003-12-10,4.8458914757
2003-12-11,4.8620967865
2003-12-12,4.870200634
2003-12-15,4.853992939
2003-12-16,4.9359865189
2003-12-17,4.8867917061
2003-12-18,4.8867917061
2003-12-19,4.8457932472
2003-12-22,4.9370031357
2003-12-23,4.9286375046
2003-12-24,4.9704756737
2003-12-26,4.9202690125
2003-12-29,5.0039458275
2003-12-30,5.0625209808
2003-12-31,5.0206813812
2004-01-02,5.1629343033
2004-01-05,5.2968192101
2004-01-06,5.2968192101
2004-01-07,5.3219223022
2004-01-08,5.3637590408
2004-01-09,5.3888640404
2004-01-12,5.3386569023
2004-01-13,5.3553929329
2004-01-14,5.3637590408
2004-01-15,5.2884526253
2004-01-16,5.2800836563
2004-01-20,5.2968192101
2004-01-21,5.4474396706
2004-01-22,5.5143837929
2004-01-23,5.4725427628
2004-01-26,5.4809117317
2004-01-27,5.43070364
2004-01-28,5.271715641
2004-01-29,5.1964054108
2004-01-30,5.2968192101
2004-02-02,5.271715641
2004-02-03,5.3219223022
2004-02-04,5.2382445335
2004-02-05,5.2633481026
2004-02-06,5.397231102
2004-02-09,5.4976468086
2004-02-10,5.4641752243
2004-02-11,5.5060148239
2004-02-12,5.4558076859
2004-02-13,5.405600071
2004-02-17,5.5143837929
2004-02-18,5.5060148239
2004-02-19,5.4725427628
2004-02-20,5.3637590408
2004-02-23,5.3553929329
2004-02-24,5.43070364
2004-02-25,5.397231102
2004-02-26,5.3888640404
2004-02-27,5.4223356247
2004-03-01,5.4641752243
2004-03-02,5.4139680862
2004-03-03,5.3386569023
2004-03-04,5.3721284866
2004-03-05,5.405600071
2004-03-08,5.3386569023
2004-03-09,5.2884526253
2004-03-10,5.1545658112
2004-03-11,5.1043596268
2004-03-12,5.2047724724
2004-03-15,5.1210951805
2004-03-16,5.1880378723
2004-03-17,5.271715641
2004-03-18,5.2633481026
2004-03-19,5.1545658112
2004-03-22,5.0625209808
2004-03-23,5.1629343033
2004-03-24,5.1964054108
2004-03-25,5.2633481026
2004-03-26,5.254981041
2004-03-29,5.2633481026
2004-03-30,5.3135533333
2004-03-31,5.3386569023
2004-04-01,5.4139680862
2004-04-02,5.4474396706
2004-04-05,5.4558076859
2004-04-06,5.4390726089
2004-04-07,5.397231102
2004-04-08,5.4641752243
2004-04-12,5.5227499008
2004-04-13,5.397231102
2004-04-14,5.2968192101
2004-04-15,5.305188179
2004-04-16,5.3637590408
2004-04-19,5.2968192101
2004-04-20,5.3470253944
2004-04-21,5.2633481026
2004-04-22,5.3553929329
2004-04-23,5.3637590408
2004-04-26,5.1964054108
2004-04-27,5.2298760414
2004-04-28,5.1210951805
2004-04-29,4.9955773354
2004-04-30,5.1043596268
2004-05-03,5.1796693802
2004-05-04,5.271715641
2004-05-05,5.3135533333
2004-05-06,5.2382445335
2004-05-07,5.2131419182
2004-05-10,4.9035334587
2004-05-11,4.9370031357
2004-05-12,4.9872112274
2004-05-13,4.8867969513
2004-05-14,4.8533267975
2004-05-17,4.6608667374
2004-05-18,4.8365898132
2004-05-19,4.9788441658
2004-05-20,4.8867969513
2004-05-21,4.9035334587
2004-05-24,4.9621062279
2004-05-25,5.0374178886
2004-05-26,5.0290484428
2004-05-27,5.0708880424
2004-05-28,5.0876235962
2004-06-01,5.0708880424
2004-06-02,5.0792565346
2004-06-03,4.9788441658
2004-06-04,5.0792565346
2004-06-07,5.2298760414
2004-06-08,5.1964054108
2004-06-09,5.1043596268
2004-06-10,5.1210951805
2004-06-14,5.1378297806
2004-06-15,5.1294631958
2004-06-16,5.1043596268
2004-06-17,5.0290484428
2004-06-18,5.0290484428
2004-06-21,5.0792565346
2004-06-22,5.0959920883
2004-06-23,5.1210951805
2004-06-24,5.1294631958
2004-06-25,5.0959920883
2004-06-28,5.1461992264
2004-06-29,5.2298760414
2004-06-30,5.2382445335
2004-07-01,5.1964054108
2004-07-02,5.2131419182
2004-07-06,5.1880378723
2004-07-07,5.3386569023
2004-07-08,5.2047724724
2004-07-09,5.3135533333
2004-07-12,5.2968192101
2004-07-13,5.4139680862
2004-07-14,5.3804955482
2004-07-15,5.3135533333
2004-07-16,5.330288887
2004-07-19,5.397231102
2004-07-20,5.330288887
2004-07-21,5.2382445335
2004-07-22,5.2633481026
2004-07-23,5.1127271652
2004-07-26,5.1545658112
2004-07-27,5.1713008881
2004-07-28,5.1880378723
2004-07-29,5.271715641
2004-07-30,5.271715641
2004-08-02,5.271715641
2004-08-03,5.330288887
2004-08-04,5.3470253944
2004-08-05,5.3888640404
2004-08-06,5.3470253944
2004-08-09,5.3721284866
2004-08-10,5.3888640404
2004-08-11,5.305188179
2004-08-12,5.2382445335
2004-08-13,5.254981041
2004-08-16,5.3386569023
2004-08-17,5.3219223022
2004-08-18,5.4139680862
2004-08-19,5.4223356247
2004-08-20,5.397231102
2004-08-23,5.4139680862
2004-08-24,5.4139680862
2004-08-25,5.5060148239
2004-08-26,5.4809117317
2004-08-27,5.4809117317
2004-08-30,5.3637590408
2004-08-31,5.4809117317
2004-09-01,5.5394849777
2004-09-02,5.6231632233
2004-09-03,5.572956562
2004-09-07,5.6231632233
2004-09-08,5.6398978233
2004-09-09,5.6733703613
2004-09-10,5.6482663155
2004-09-13,5.6984744072
2004-09-14,5.7905182838
2004-09-15,5.7988872528
2004-09-16,5.8072543144
2004-09-17,5.8323583603
2004-09-20,5.7486810684
2004-09-21,5.7821507454
2004-09-22,5.6733703613
2004-09-23,5.731944561
2004-09-24,5.6901059151
2004-09-27,5.7152080536
2004-09-28,5.7403120995
2004-09-29,5.731944561
2004-09-30,5.6901059151
2004-10-01,5.8323583603
2004-10-04,5.8574614525
2004-10-05,5.8072543144
2004-10-06,5.8239912987
2004-10-07,5.7235760689
2004-10-08,5.7905182838
2004-10-11,5.8239912987
2004-10-12,5.665002346
2004-10-13,5.6231632233
2004-10-14,5.5311188698
2004-10-15,5.6984744072
2004-10-18,5.6733703613
2004-10-19,5.6566338539
2004-10-20,5.6901059151
2004-10-21,5.7152080536
2004-10-22,5.665002346
2004-10-25,5.6817374229
2004-10-26,5.7235760689
2004-10-27,5.8072543144
2004-10-28,5.7988872528
2004-10-29,5.7737841606
2004-11-01,5.7821507454
2004-11-02,5.8741970062
2004-11-03,5.9076666832
2004-11-04,5.9829802513
2004-11-05,5.941139698
2004-11-08,5.9244041443
2004-11-09,5.882566452
2004-11-10,5.8909335136
2004-11-11,5.9327735901
2004-11-12,6.0080823898
2004-11-15,6.0248188972
2004-11-16,5.9997138977
2004-11-17,6.108496666
2004-11-18,6.0080823898
2004-11-19,5.9244041443
2004-11-22,5.941139698
2004-11-23,6.0415525436
2004-11-24,6.0666565895
2004-11-26,6.0582876205
2004-11-29,6.0582876205
2004-11-30,5.9662427902
2004-12-01,6.1419672966
2004-12-02,6.1503343582
2004-12-03,6.0666565895
2004-12-06,6.0666565895
2004-12-07,5.941139698
2004-12-08,5.9662427902
2004-12-09,5.941139698
2004-12-10,5.8741970062
2004-12-13,5.9662427902
2004-12-14,6.0164489746
2004-12-15,6.0833926201
2004-12-16,6.0331850052
2004-12-17,6.0499215126
2004-12-20,6.1001262665
2004-12-21,6.1587028503
2004-12-22,6.1419672966
2004-12-23,6.1906576157
2004-12-27,6.1297955513
2004-12-28,6.1993527412
2004-12-29,6.1819624901
2004-12-30,6.2080464363
2004-12-31,6.2341313362
2005-01-03,6.1471838951
2005-01-04,6.0428471565
2005-01-05,6.155878067
2005-01-06,6.2689118385
2005-01-07,6.1819624901
2005-01-10,6.2602152824
2005-01-11,6.2776055336
2005-01-12,6.2949938774
2005-01-13,6.25151968
2005-01-14,6.3036894798
2005-01-18,6.3210778236
2005-01-19,6.3384680748
2005-01-20,6.25151968
2005-01-21,6.242825985
2005-01-24,6.2776055336
2005-01-25,6.25151968
2005-01-26,6.355858326
2005-01-27,6.2949938774
2005-01-28,6.3123846054
2005-01-31,6.3471632004
2005-02-01,6.3993310928
2005-02-02,6.3471632004
2005-02-03,6.3036894798
2005-02-04,6.3297758102
2005-02-07,6.355858326
2005-02-08,6.4080262184
2005-02-09,6.3993310928
2005-02-10,6.4167222977
2005-02-11,6.49497509
2005-02-14,6.5123643875
2005-02-15,6.5819206238
2005-02-16,6.5210580826
2005-02-17,6.4862804413
2005-02-18,6.547141552
2005-02-22,6.4601941109
2005-02-23,6.4428048134
2005-02-24,6.4601941109
2005-02-25,6.4515004158
2005-02-28,6.3732461929
2005-03-01,6.4254174232
2005-03-02,6.4862804413
2005-03-03,6.4862804413
2005-03-04,6.5384483337
2005-03-07,6.5297527313
2005-03-08,6.5384483337
2005-03-09,6.6340889931
2005-03-10,6.5645318031
2005-03-11,6.5123643875
2005-03-14,6.5210580826
2005-03-15,6.4862804413
2005-03-16,6.5036692619
2005-03-17,6.5210580826
2005-03-18,6.5384483337
2005-03-21,6.5384483337
2005-03-22,6.4428048134
2005-03-23,6.364552021
2005-03-24,6.381942749
2005-03-28,6.3210778236
2005-03-29,6.1993527412
2005-03-30,6.3036894798
2005-03-31,6.2949938774
2005-04-01,6.2341313362
2005-04-04,6.2949938774
2005-04-05,6.3471632004
2005-04-06,6.3384680748
2005-04-07,6.4601941109
2005-04-08,6.434109211
2005-04-11,6.4515004158
2005-04-12,6.5210580826
2005-04-13,6.4515004158
2005-04-14,6.3732461929
2005-04-15,6.2602152824
2005-04-18,6.1906576157
2005-04-19,6.3036894798
2005-04-20,6.2080464363
2005-04-21,6.3471632004
2005-04-22,6.2602152824
2005-04-25,6.3123846054
2005-04-26,6.3123846054
2005-04-27,6.3384680748
2005-04-28,6.3036894798
2005-04-29,6.3297758102
2005-05-02,6.355858326
2005-05-03,6.4080262184
2005-05-04,6.4688897133
2005-05-05,6.4688897133
2005-05-06,6.49497509
2005-05-09,6.5384483337
2005-05-10,6.4167222977
2005-05-11,6.547141552
2005-05-12,6.4775834084
2005-05-13,6.4515004158
2005-05-16,6.5210580826
2005-05-17,6.4862804413
2005-05-18,6.49497509
2005-05-19,6.4515004158
2005-05-20,6.4862804413
2005-05-23,6.4862804413
2005-05-24,6.5297527313
2005-05-25,6.5036692619
2005-05-26,6.434109211
2005-05-27,6.3993310928
2005-05-31,6.3993310928
2005-06-01,6.4080262184
2005-06-02,6.4601941109
2005-06-03,6.4601941109
2005-06-06,6.5645318031
2005-06-07,6.5819206238
2005-06-08,6.5558376312
2005-06-09,6.5819206238
2005-06-10,6.5645318031
2005-06-13,6.5558376312
2005-06-14,6.4862804413
2005-06-15,6.5297527313
2005-06-16,6.547141552
2005-06-17,6.5819206238
2005-06-20,6.573225975
2005-06-21,6.5645318031
2005-06-22,6.573225975
2005-06-23,6.625395298
2005-06-24,6.6167006493
2005-06-27,6.5384483337
2005-06-28,6.5123643875
2005-06-29,6.547141552
2005-06-30,6.5819206238
2005-07-01,6.5297527313
2005-07-05,6.625395298
2005-07-06,6.5558376312
2005-07-07,6.5036692619
2005-07-08,6.547141552
2005-07-11,6.6601729393
2005-07-12,6.6514797211
2005-07-13,6.6688690186
2005-07-14,6.6688690186
2005-07-15,6.6862592697
2005-07-18,6.6775636673
2005-07-19,6.7819013596
2005-07-20,6.8949327469
2005-07-21,7.1209950447
2005-07-22,7.0775184631
2005-07-25,6.9557962418
2005-07-26,6.9731850624
2005-07-27,7.0166573524
2005-07-28,7.0862150192
2005-07-29,7.0514378548
2005-08-01,7.1470808983
2005-08-02,7.1992492676
2005-08-03,7.1644682884
2005-08-04,7.0775184631
2005-08-05,7.0079636574
2005-08-08,7.1209950447
2005-08-09,7.1905560493
2005-08-10,7.1296896935
2005-08-11,7.0688257217
2005-08-12,6.9992694855
2005-08-15,6.8862371445
2005-08-16,6.9557962418
2005-08-17,6.9384055138
2005-08-18,6.9123206139
2005-08-19,6.9036259651
2005-08-22,6.9992694855
2005-08-23,6.8862371445
2005-08-24,6.816678524
2005-08-25,6.8688473701
2005-08-26,6.8514585495
2005-08-29,6.8688473701
2005-08-30,6.7558164597
2005-08-31,6.8079857826
2005-09-01,6.9123206139
2005-09-02,6.9384055138
2005-09-06,6.9210152626
2005-09-07,6.9036259651
2005-09-08,6.9210152626
2005-09-09,7.0514378548
2005-09-12,7.0079636574
2005-09-13,6.9470992088
2005-09-14,6.9470992088
2005-09-15,6.9557962418
2005-09-16,6.9470992088
2005-09-19,6.8688473701
2005-09-20,6.9297122955
2005-09-21,6.8949327469
2005-09-22,6.8862371445
2005-09-23,6.8601527214
2005-09-26,6.9210152626
2005-09-27,6.8427658081
2005-09-28,6.8253736496
2005-09-29,6.9818792343
2005-09-30,6.9384055138
2005-10-03,6.8514585495
2005-10-04,6.8862371445
2005-10-05,6.8514585495
2005-10-06,6.7210354805
2005-10-07,6.8514585495
2005-10-10,6.9644908905
2005-10-11,7.0166573524
2005-10-12,6.8427658081
2005-10-13,6.8775420189
2005-10-14,6.8862371445
2005-10-17,6.8601527214
2005-10-18,6.7036480904
2005-10-19,6.6080064774
2005-10-20,6.5210580826
2005-10-21,6.6080064774
2005-10-24,6.625395298
2005-10-25,6.642786026
2005-10-26,6.642786026
2005-10-27,6.4601941109
2005-10-28,6.5297527313
2005-10-31,6.6601729393
2005-11-01,6.5993118286
2005-11-02,6.7558164597
2005-11-03,6.7732048035
2005-11-04,6.6775636673
2005-11-07,6.6862592697
2005-11-08,6.6775636673
2005-11-09,6.7384243011
2005-11-10,6.6601729393
2005-11-11,6.7384243011
2005-11-14,6.6514797211
2005-11-15,6.6080064774
2005-11-16,6.6949534416
2005-11-17,6.7558164597
2005-11-18,6.8427658081
2005-11-21,6.8079857826
2005-11-22,6.8253736496
2005-11-23,6.8601527214
2005-11-25,6.816678524
2005-11-28,6.8514585495
2005-11-29,6.8427658081
2005-11-30,6.8253736496
2005-12-01,6.9210152626
2005-12-02,6.9297122955
2005-12-05,6.9210152626
2005-12-06,6.9123206139
2005-12-07,6.8688473701
2005-12-08,6.8949327469
2005-12-09,6.9644908905
2005-12-12,6.9644908905
2005-12-13,6.9992694855
2005-12-14,6.9992694855
2005-12-15,6.9992694855
2005-12-16,6.9992694855
2005-12-19,7.0079636574
2005-12-20,7.0427441597
2005-12-21,7.060131073
2005-12-22,7.0427441597
2005-12-23,7.0788140297
2005-12-27,7.0697975159
2005-12-28,7.0878295898
2005-12-29,7.0968484879
2005-12-30,7.123901844
2006-01-03,7.3222875595
2006-01-04,7.4034457207
2006-01-05,7.4124650955
2006-01-06,7.5116567612
2006-01-09,7.556743145
2006-01-10,7.4936227798
2006-01-11,7.556743145
2006-01-12,7.4485340118
2006-01-13,7.4846057892
2006-01-17,7.4304995537
2006-01-18,7.3583564758
2006-01-19,7.4034457207
2006-01-20,7.3042535782
2006-01-23,7.4034457207
2006-01-24,7.3944301605
2006-01-25,7.4214801788
2006-01-26,7.4846057892
2006-01-27,7.6108527184
2006-01-30,7.592818737
2006-01-31,7.592818737
2006-02-01,7.6379055977
2006-02-02,7.5116567612
2006-02-03,7.520676136
2006-02-06,7.5747814178
2006-02-07,7.556743145
2006-02-08,7.5477275848
2006-02-09,7.592818737
2006-02-10,7.556743145
2006-02-13,7.5477275848
2006-02-14,7.6288866997
2006-02-15,7.556743145
2006-02-16,7.5387105942
2006-02-17,7.556743145
2006-02-21,7.583799839
2006-02-22,7.556743145
2006-02-23,7.5657658577
2006-02-24,7.6288866997
2006-02-27,7.7551326752
2006-02-28,7.7100486755
2006-03-01,7.8453087807
2006-03-02,7.7731671333
2006-03-03,7.7551326752
2006-03-06,7.8092384338
2006-03-07,7.6198701859
2006-03-08,7.7461147308
2006-03-09,7.7190618515
2006-03-10,7.7821860313
2006-03-13,7.8002200127
2006-03-14,7.8543257713
2006-03-15,7.8994140625
2006-03-16,7.8182559013
2006-03-17,7.8362903595
2006-03-20,7.8453087807
2006-03-21,7.7461147308
2006-03-22,7.8092384338
2006-03-23,7.7641510963
2006-03-24,7.7821860313
2006-03-27,7.8002200127
2006-03-28,7.7912039757
2006-03-29,7.8633432388
2006-03-30,7.881377697
2006-03-31,7.9174480438
2006-04-03,7.9895892143
2006-04-04,7.9895892143
2006-04-05,8.0707473755
2006-04-06,8.0076246262
2006-04-07,8.0256605148
2006-04-10,8.0166425705
2006-04-11,7.9986095428
2006-04-12,8.0166425705
2006-04-13,8.0436973572
2006-04-17,8.0797662735
2006-04-18,8.2420806885
2006-04-19,8.2871694565
2006-04-20,8.2240467072
2006-04-21,8.3142251968
2006-04-24,8.3142251968
2006-04-25,8.2961874008
2006-04-26,8.3412761688
2006-04-27,8.3502979279
2006-04-28,8.4224357605
2006-05-01,8.4404678345
2006-05-02,8.5847530365
2006-05-03,8.6568918228
2006-05-04,8.6388578415
2006-05-05,8.6929597855
2006-05-08,8.7560863495
2006-05-09,8.6839466095
2006-05-10,8.6929597855
2006-05-11,8.4945755005
2006-05-12,8.3863639832
2006-05-15,8.1609268188
2006-05-16,8.2330646515
2006-05-17,8.1879749298
2006-05-18,8.0978012085
2006-05-19,8.1338720322
2006-05-22,7.8182559013
2006-05-23,7.8182559013
2006-05-24,7.8633432388
2006-05-25,7.8903980255
2006-05-26,7.9715542793
2006-05-30,7.8182559013
2006-05-31,7.7641510963
2006-06-01,7.7731671333
2006-06-02,7.8994140625
2006-06-05,7.7190618515
2006-06-06,7.6559371948
2006-06-07,7.5477275848
2006-06-08,7.340323925
2006-06-09,7.4124650955
2006-06-12,7.2681832314
2006-06-13,7.2591676712
2006-06-14,7.3493390083
2006-06-15,7.6198701859
2006-06-16,7.701025486
2006-06-19,7.5116567612
2006-06-20,7.5026388168
2006-06-21,7.6288866997
2006-06-22,7.556743145
2006-06-23,7.5387105942
2006-06-26,7.5747814178
2006-06-27,7.4665699005
2006-06-28,7.592818737
2006-06-29,7.8453087807
2006-06-30,7.9354839325
2006-07-03,7.9895892143
2006-07-05,7.8182559013
2006-07-06,7.9715542793
2006-07-07,7.8994140625
2006-07-10,7.8272752762
2006-07-11,7.8453087807
2006-07-12,7.7731671333
2006-07-13,7.6108527184
2006-07-14,7.5747814178
2006-07-17,7.4485340118
2006-07-18,7.520676136
2006-07-19,7.7100486755
2006-07-20,7.6198701859
2006-07-21,7.5747814178
2006-07-24,7.7821860313
2006-07-25,7.8092384338
2006-07-26,7.7551326752
2006-07-27,7.881377697
2006-07-28,7.9535217285
2006-07-31,7.9445018768
2006-08-01,7.8092384338
2006-08-02,7.9535217285
2006-08-03,7.9445018768
2006-08-04,8.0256605148
2006-08-07,8.0346775055
2006-08-08,7.9895892143
2006-08-09,8.0166425705
2006-08-10,8.0346775055
2006-08-11,7.9445018768
2006-08-14,7.980574131
2006-08-15,8.0436973572
2006-08-16,8.1428890228
2006-08-17,8.1428890228
2006-08-18,8.1609268188
2006-08-21,8.1158351898
2006-08-22,8.0707473755
2006-08-23,8.0076246262
2006-08-24,7.9895892143
2006-08-25,8.0166425705
2006-08-28,7.9986095428
2006-08-29,8.0887851715
2006-08-30,8.1699419022
2006-08-31,8.1789608002
2006-09-01,8.2601175308
2006-09-05,8.3773479462
2006-09-06,8.3142251968
2006-09-07,8.2691354752
2006-09-08,8.2961874008
2006-09-11,8.2240467072
2006-09-12,8.3322591782
2006-09-13,8.3322591782
2006-09-14,8.2871694565
2006-09-15,8.2781534195
2006-09-18,8.3863639832
2006-09-19,8.2781534195
2006-09-20,8.3863639832
2006-09-21,8.3412761688
2006-09-22,8.2781534195
2006-09-25,8.3232402802
2006-09-26,8.3412761688
2006-09-27,8.3863639832
2006-09-28,8.4134168625
2006-09-29,8.4134168625
2006-10-02,8.5306482315
2006-10-03,8.5576972961
2006-10-04,8.6568918228
2006-10-05,8.7380485535
2006-10-06,8.7019786835
2006-10-09,8.6659097672
2006-10-10,8.7560863495
2006-10-11,8.7380485535
2006-10-12,8.8733139038
2006-10-13,8.8462619781
2006-10-16,8.8823328018
2006-10-17,8.7470684052
2006-10-18,8.7741193771
2006-10-19,8.9093847275
2006-10-20,8.9274206161
2006-10-23,8.9995603561
2006-10-24,9.0085783005
2006-10-25,9.1258058548
2006-10-26,9.3061599731
2006-10-27,9.2430381775
2006-10-30,9.1348257065
2006-10-31,9.1348257065
2006-11-01,9.2520561218
2006-11-02,9.2250013351
2006-11-03,9.1979475021
2006-11-06,9.3151769638
2006-11-07,9.3692836761
2006-11-08,9.3422269821
2006-11-09,9.3602638245
2006-11-10,9.3963365555
2006-11-13,9.4053535461
2006-11-14,9.4865112305
2006-11-15,9.5135622025
2006-11-16,9.5857048035
2006-11-17,9.6307916641
2006-11-20,9.5225772858
2006-11-21,9.5857048035
2006-11-22,9.7570400238
2006-11-24,9.7209701538
2006-11-27,9.6127567291
2006-11-28,9.6307916641
2006-11-29,9.8021278381
2006-11-30,9.8923025131
2006-12-01,9.8021278381
2006-12-04,9.9193563461
2006-12-05,10.0906887054
2006-12-06,10.0546207428
2006-12-07,10.0185499191
2006-12-08,9.9464101791
2006-12-11,10.0456008911
2006-12-12,10.0365848541
2006-12-13,9.9644412994
2006-12-14,10.1267614365
2006-12-15,10.2079181671
2006-12-18,10.2079181671
2006-12-19,10.0906887054
2006-12-20,10.1083116531
2006-12-21,10.1083116531
2006-12-22,10.1917705536
2006-12-26,10.3030576706
2006-12-27,10.3401508331
2006-12-28,10.3494253159
2006-12-29,10.3865213394
2007-01-03,10.5719947815
2007-01-04,10.5905399323
2007-01-05,10.4607105255
2007-01-08,10.4514369965
2007-01-09,10.367972374
2007-01-10,10.2103233337
2007-01-11,10.2474155426
2007-01-12,10.4050703049
2007-01-16,10.5256261826
2007-01-17,10.5627193451
2007-01-18,10.5719947815
2007-01-19,10.7574682236
2007-01-22,10.8780269623
2007-01-23,10.9800376892
2007-01-24,11.063501358
2007-01-25,10.7018270493
2007-01-26,10.7203702927
2007-01-29,10.8594789505
2007-01-30,10.9243936539
2007-01-31,10.8687515259
2007-02-01,11.0449504852
2007-02-02,11.2118768692
2007-02-05,11.2675180435
2007-02-06,11.3324346542
2007-02-07,11.3602581024
2007-02-08,11.2860660553
2007-02-09,11.174782753
2007-02-12,10.9985818863
2007-02-13,11.0171308517
2007-02-14,11.2118768692
2007-02-15,11.4158983231
2007-02-16,11.4344463348
2007-02-20,11.4437198639
2007-02-21,11.5457258224
2007-02-22,11.5364570618
2007-02-23,11.5828237534
2007-02-26,11.6106452942
2007-02-27,10.7018270493
2007-02-28,10.8409328461
2007-03-01,10.5627193451
2007-03-02,10.5348987579
2007-03-05,10.2288675308
2007-03-06,10.7852888107
2007-03-07,10.7481946945
2007-03-08,10.952214241
2007-03-09,11.0820455551
2007-03-12,11.2675180435
2007-03-13,10.8131093979
2007-03-14,10.7760124207
2007-03-15,10.9243936539
2007-03-16,10.8502063751
2007-03-19,11.0356798172
2007-03-20,11.054224968
2007-03-21,11.3880815506
2007-03-22,11.4808168411
2007-03-23,11.4344463348
2007-03-26,11.406627655
2007-03-27,11.4808168411
2007-03-28,11.2860660553
2007-03-29,11.4993648529
2007-03-30,11.4715414047
2007-04-02,11.5457258224
2007-04-03,11.7961206436
2007-04-04,11.8703098297
2007-04-05,12.0186872482
2007-04-09,12.148519516
2007-04-10,12.2412576675
2007-04-11,12.1299686432
2007-04-12,12.0928783417
2007-04-13,12.0743322372
2007-04-16,12.2876281738
2007-04-17,12.213435173
2007-04-18,12.1670665741
2007-04-19,11.7868442535
2007-04-20,12.0465097427
2007-04-23,12.0465097427
2007-04-24,11.9815912247
2007-04-25,12.102148056
2007-04-26,12.1299686432
2007-04-27,12.0557813644
2007-04-30,11.805393219
2007-05-01,11.8610343933
2007-05-02,12.1577920914
2007-05-03,12.371088028
2007-05-04,12.556558609
2007-05-07,12.5101928711
2007-05-08,12.3432693481
2007-05-09,12.4174566269
2007-05-10,12.213435173
2007-05-11,12.5472898483
2007-05-14,12.5194673538
2007-05-15,12.4174566269
2007-05-16,12.6122026443
2007-05-17,12.6122026443
2007-05-18,12.6585741043
2007-05-21,12.6029310226
2007-05-22,12.5936565399
2007-05-23,12.7513093948
2007-05-24,12.4823713303
2007-05-25,12.556558609
2007-05-29,12.6029310226
2007-05-30,12.6678466797
2007-05-31,12.6956672668
2007-06-01,12.6771183014
2007-06-04,12.7976789474
2007-06-05,12.7049398422
2007-06-06,12.556558609
2007-06-07,12.1670665741
2007-06-08,12.500916481
2007-06-11,12.5936565399
2007-06-12,12.4081859589
2007-06-13,12.6863927841
2007-06-14,12.723487854
2007-06-15,12.8162240982
2007-06-18,12.8255004883
2007-06-19,12.9275083542
2007-06-20,12.7976789474
2007-06-21,13.0666160583
2007-06-22,12.8533191681
2007-06-25,12.7049398422
2007-06-26,12.4730978012
2007-06-27,12.6400241852
2007-06-28,12.6122026443
2007-06-29,12.6492977142
2007-07-02,12.8162240982
2007-07-03,12.8347730637
2007-07-05,12.7049398422
2007-07-06,12.8625936508
2007-07-09,13.0851612091
2007-07-10,12.899687767
2007-07-11,12.9646015167
2007-07-12,13.2242650986
2007-07-13,13.1964454651
2007-07-16,13.0944347382
2007-07-17,13.1129789352
2007-07-18,12.8718681335
2007-07-19,13.0109701157
2007-07-20,13.0109701157
2007-07-23,13.1315317154
2007-07-24,13.0016975403
2007-07-25,13.0851612091
2007-07-26,12.4823713303
2007-07-27,12.3339929581
2007-07-30,12.7791309357
2007-07-31,12.5472898483
2007-08-01,12.4730978012
2007-08-02,12.4730978012
2007-08-03,11.9166755676
2007-08-06,11.9815912247
2007-08-07,11.9723186493
2007-08-08,12.5658321381
2007-08-09,12.0928783417
2007-08-10,12.1114234924
2007-08-13,12.1670665741
2007-08-14,11.9166755676
2007-08-15,11.4344463348
2007-08-16,11.174782753
2007-08-17,11.8888578415
2007-08-20,11.8981285095
2007-08-21,11.5828237534
2007-08-22,12.2319784164
2007-08-23,12.1948862076
2007-08-24,12.5658321381
2007-08-27,12.3339929581
2007-08-28,11.7312030792
2007-08-29,12.4638271332
2007-08-30,12.1114234924
2007-08-31,12.3339929581
2007-09-04,12.3896360397
2007-09-05,12.3061714172
2007-09-06,12.5658321381
2007-09-07,12.371088028
2007-09-10,12.4452781677
2007-09-11,12.8533191681
2007-09-12,12.9089612961
2007-09-13,13.0016975403
2007-09-14,12.9182357788
2007-09-17,12.6122026443
2007-09-18,13.1964454651
2007-09-19,13.2613620758
2007-09-20,13.0944347382
2007-09-21,13.0573406219
2007-09-24,13.4004669189
2007-09-25,13.3911924362
2007-09-26,13.5766658783
2007-09-27,13.8548755646
2007-09-28,13.7435894012
2007-10-01,14.2258243561
2007-10-02,14.2072811127
2007-10-03,13.8734235764
2007-10-04,14.1145372391
2007-10-05,14.5782194138
2007-10-08,14.4020242691
2007-10-09,14.7451515198
2007-10-10,14.4669418335
2007-10-11,14.4669418335
2007-10-12,14.7451515198
2007-10-15,14.4112930298
2007-10-16,14.1330823898
2007-10-17,14.3185596466
2007-10-18,14.3649253845
2007-10-19,13.7435894012
2007-10-22,13.7621440887
2007-10-23,14.040348053
2007-10-24,13.799238205
2007-10-25,14.0032567978
2007-10-26,14.4205703735
2007-10-29,14.4854841232
2007-10-30,14.2072811127
2007-10-31,14.5967712402
2007-11-01,14.0310745239
2007-11-02,14.0867176056
2007-11-05,13.864151001
2007-11-06,14.1423625946
2007-11-07,13.6137628555
2007-11-08,13.5210266113
2007-11-09,13.3819160461
2007-11-12,12.9460554123
2007-11-13,13.5859394073
2007-11-14,13.2706346512
2007-11-15,12.8347730637
2007-11-16,12.9738798141
2007-11-19,12.6029310226
2007-11-20,12.9646015167
2007-11-21,12.4174566269
2007-11-23,12.6956672668
2007-11-26,12.436003685
2007-11-27,12.9089612961
2007-11-28,13.3077259064
2007-11-29,13.177895546
2007-11-30,13.3355512619
2007-12-03,13.177895546
2007-12-04,13.3077259064
2007-12-05,13.6323051453
2007-12-06,13.7899646759
2007-12-07,13.6415758133
2007-12-10,13.5766658783
2007-12-11,13.1593465805
2007-12-12,13.4282884598
2007-12-13,13.1964454651
2007-12-14,12.8718681335
2007-12-17,12.3989095688
2007-12-18,12.7142152786
2007-12-19,12.6307506561
2007-12-20,12.6972227097
2007-12-21,12.8802642822
2007-12-24,13.1692733765
2007-12-26,13.1500072479
2007-12-27,12.9765996933
2007-12-28,12.9284305573
2007-12-31,13.2848787308
2008-01-02,12.9958658218
2008-01-03,13.0055055618
2008-01-04,12.7164897919
2008-01-07,12.7453937531
2008-01-08,12.4756469727
2008-01-09,12.9091663361
2008-01-10,12.9187965393
2008-01-11,12.5912542343
2008-01-14,12.5045471191
2008-01-15,11.916893959
2008-01-16,11.7049512863
2008-01-17,11.656785965
2008-01-18,11.7723875046
2008-01-22,11.5797147751
2008-01-23,11.762752533
2008-01-24,11.916893959
2008-01-25,12.0806646347
2008-01-28,11.9457941055
2008-01-29,11.8494586945
2008-01-30,11.6278848648
2008-01-31,11.7338542938
2008-02-01,11.8879938126
2008-02-04,11.984331131
2008-02-05,11.4737434387
2008-02-06,11.2907066345
2008-02-07,11.4159431458
2008-02-08,11.3966722488
2008-02-11,11.3388710022
2008-02-12,11.5797147751
2008-02-13,11.7242174149
2008-02-14,11.7820196152
2008-02-15,12.090297699
2008-02-19,12.0999364853
2008-02-20,12.032497406
2008-02-21,11.9072599411
2008-02-22,12.1673688889
2008-02-25,12.417848587
2008-02-26,12.3504095078
2008-02-27,12.2444391251
2008-02-28,12.1191987991
2008-02-29,11.7049512863
2008-03-03,11.647149086
2008-03-04,11.598982811
2008-03-05,11.762752533
2008-03-06,11.4352073669
2008-03-07,11.3388710022
2008-03-10,11.2136325836
2008-03-11,11.8398227692
2008-03-12,11.6182460785
2008-03-13,11.4641103745
2008-03-14,11.2810697556
2008-03-17,11.3870410919
2008-03-18,12.0228633881
2008-03-19,11.2425346375
2008-03-20,11.6856842041
2008-03-24,12.1384706497
2008-03-25,12.4371137619
2008-03-26,12.1962690353
2008-03-27,12.2540721893
2008-03-28,12.3022403717
2008-03-31,12.3022403717
2008-04-01,12.8898992538
2008-04-02,12.7839279175
2008-04-03,12.8995323181
2008-04-04,12.8802642822
2008-04-07,13.0151357651
2008-04-08,12.755030632
2008-04-09,12.5141801834
2008-04-10,12.6972227097
2008-04-11,12.6779613495
2008-04-14,12.5045471191
2008-04-15,12.7839279175
2008-04-16,13.0247650146
2008-04-17,13.0055055618
2008-04-18,13.1596422195
2008-04-21,13.2270774841
2008-04-22,13.2078094482
2008-04-23,13.3523168564
2008-04-24,13.2848787308
2008-04-25,13.1692733765
2008-04-28,13.1018400192
2008-04-29,13.0536670685
2008-04-30,13.0729370117
2008-05-01,13.2463474274
2008-05-02,13.4390182495
2008-05-05,13.4390182495
2008-05-06,13.5353536606
2008-05-07,13.1018400192
2008-05-08,13.0344018936
2008-05-09,13.0440378189
2008-05-12,13.2463474274
2008-05-13,13.1018400192
2008-05-14,12.9573335648
2008-05-15,13.1596422195
2008-05-16,13.2848787308
2008-05-19,13.2174434662
2008-05-20,12.9669647217
2008-05-21,12.9862289429
2008-05-22,13.0247650146
2008-05-23,12.8224649429
2008-05-27,12.8898992538
2008-05-28,12.9765996933
2008-05-29,13.0633039474
2008-05-30,13.2367124557
2008-06-02,13.0536670685
2008-06-03,12.860994339
2008-06-04,12.8224649429
2008-06-05,12.9958658218
2008-06-06,12.6201515198
2008-06-09,12.4467449188
2008-06-10,12.2733430862
2008-06-11,12.1962690353
2008-06-12,12.2733430862
2008-06-13,12.2733430862
2008-06-16,12.36967659
2008-06-17,12.3118724823
2008-06-18,12.3793087006
2008-06-19,12.3215093613
2008-06-20,12.0806646347
2008-06-23,12.1770019531
2008-06-24,12.0806646347
2008-06-25,12.317276001
2008-06-26,11.9375333786
2008-06-27,12.0933256149
2008-06-30,12.0835886002
2008-07-01,11.9570064545
2008-07-02,11.8109493256
2008-07-03,11.7817411423
2008-07-07,11.9375333786
2008-07-08,12.0738534927
2008-07-09,11.820690155
2008-07-10,11.9764757156
2008-07-11,11.9180555344
2008-07-14,11.9570064545
2008-07-15,11.6551599503
2008-07-16,12.0933256149
2008-07-17,12.2491140366
2008-07-18,12.0154256821
2008-07-21,12.2101669312
2008-07-22,12.1712217331
2008-07-23,12.3951663971
2008-07-24,12.1809539795
2008-07-25,12.1517429352
2008-07-28,11.9667434692
2008-07-29,12.2101669312
2008-07-30,12.317276001
2008-07-31,12.0056886673
2008-08-01,11.8791074753
2008-08-04,11.7427940369
2008-08-05,12.0154256821
2008-08-06,11.8985872269
2008-08-07,11.4604206085
2008-08-08,11.5480537415
2008-08-11,11.4214744568
2008-08-12,11.2169952393
2008-08-13,11.2948923111
2008-08-14,11.3727865219
2008-08-15,11.1293649673
2008-08-18,11.0612049103
2008-08-19,10.9443597794
2008-08-20,11.1585741043
2008-08-21,11.100153923
2008-08-22,11.2364692688
2008-08-25,10.8762025833
2008-08-26,10.9151496887
2008-08-27,10.9930486679
2008-08-28,11.0027828217
2008-08-29,10.9540987015
2008-09-02,10.9735746384
2008-09-03,10.7690992355
2008-09-04,10.1848754883
2008-09-05,10.3017225266
2008-09-08,10.6717271805
2008-09-09,10.2919807434
2008-09-10,10.3893547058
2008-09-11,10.282248497
2008-09-12,10.3211946487
2008-09-15,9.7564525604
2008-09-16,9.9219799042
2008-09-17,9.2988138199
2008-09-18,9.8440818787
2008-09-19,10.5451459885
2008-09-22,10.1167173386
2008-09-23,9.9219799042
2008-09-24,9.9414539337
2008-09-25,10.0096101761
2008-09-26,9.8440818787
2008-09-29,8.967754364
2008-09-30,9.4838171005
2008-10-01,9.5519742966
2008-10-02,9.1138114929
2008-10-03,8.9288063049
2008-10-06,8.3835372925
2008-10-07,8.1401138306
2008-10-08,7.9258990288
2008-10-09,7.6435260773
2008-10-10,7.7993183136
2008-10-13,8.6561727524
2008-10-14,8.247220993
2008-10-15,7.331943512
2008-10-16,7.740893364
2008-10-17,7.3708906174
2008-10-20,7.7798423767
2008-10-21,7.3027329445
2008-10-22,6.6893029213
2008-10-23,6.6308817863
2008-10-24,6.0271878242
2008-10-27,5.8129768372
2008-10-28,6.8548316956
2008-10-29,6.4750871658
2008-10-30,7.0593070984
2008-10-31,6.8450932503
2008-11-03,7.1372046471
2008-11-04,7.1858892441
2008-11-05,6.8840417862
2008-11-06,6.5724582672
2008-11-07,7.146941185
2008-11-10,7.0690436363
2008-11-11,6.660091877
2008-11-12,6.4166688919
2008-11-13,6.9522023201
2008-11-14,6.377720356
2008-11-17,6.3582439423
2008-11-18,6.3192977905
2008-11-19,5.9006061554
2008-11-20,5.705868721
2008-11-21,6.3290333748
2008-11-24,6.3582439423
2008-11-25,6.3290333748
2008-11-26,6.7379875183
2008-11-28,6.6211442947
2008-12-01,6.0174512863
2008-12-02,6.2414035797
2008-12-03,6.2803492546
2008-12-04,6.0466628075
2008-12-05,6.3192977905
2008-12-08,6.7087788582
2008-12-09,6.6698293686
2008-12-10,6.9522023201
2008-12-11,6.7866721153
2008-12-12,6.9035148621
2008-12-15,6.8743057251
2008-12-16,7.1956253052
2008-12-17,7.1274671555
2008-12-18,7.0593070984
2008-12-19,6.9911503792
2008-12-22,6.9327244759
2008-12-23,6.758190155
2008-12-24,6.9205489159
2008-12-26,6.8901100159
2008-12-29,7.0423207283
2008-12-30,7.1945285797
2008-12-31,7.153939724
2009-01-02,7.3568897247
2009-01-05,7.5192465782
2009-01-06,7.4888072014
2009-01-07,7.1742367744
2009-01-08,7.214826107
2009-01-09,6.9712872505
2009-01-12,6.7683391571
2009-01-13,6.7480425835
2009-01-14,6.5856842995
2009-01-15,6.3015561104
2009-01-16,6.6668643951
2009-01-20,6.3117055893
2009-01-21,6.6871595383
2009-01-22,6.4943580627
2009-01-23,6.4842095375
2009-01-26,6.5450930595
2009-01-27,6.5755372047
2009-01-28,6.8596644402
2009-01-29,6.6567173004
2009-01-30,6.5450930595
2009-02-02,6.4639153481
2009-02-03,6.5450930595
2009-02-04,6.5248003006
2009-02-05,6.5248003006
2009-02-06,6.7277479172
2009-02-09,6.5146536827
2009-02-10,6.2406716347
2009-02-11,6.4639153481
2009-02-12,6.3928837776
2009-02-13,6.3827357292
2009-02-17,6.0377240181
2009-02-18,6.1391983032
2009-02-19,6.0580177307
2009-02-20,5.9362492561
2009-02-23,5.8956575394
2009-02-24,6.1899352074
2009-02-25,6.0580177307
2009-02-26,5.9565448761
2009-02-27,5.8246278763
2009-03-02,5.4999094009
2009-03-03,5.5709400177
2009-03-04,5.8144788742
2009-03-05,5.4796147346
2009-03-06,5.5506477356
2009-03-09,5.3375511169
2009-03-10,5.5303530693
2009-03-11,5.6013827324
2009-03-12,5.6622676849
2009-03-13,5.7637429237
2009-03-16,5.8246278763
2009-03-17,5.9159536362
2009-03-18,6.0275745392
2009-03-19,5.9159536362
2009-03-20,5.885512352
2009-03-23,6.4233241081
2009-03-24,6.3624396324
2009-03-25,6.3827357292
2009-03-26,6.7074556351
2009-03-27,6.5349478722
2009-03-30,6.3117055893
2009-03-31,6.3928837776
2009-04-01,6.5248003006
2009-04-02,6.8393678665
2009-04-03,6.9306955338
2009-04-06,6.9408431053
2009-04-07,6.7277479172
2009-04-08,6.7683391571
2009-04-09,7.0727624893
2009-04-13,7.1234989166
2009-04-14,7.1742367744
2009-04-15,7.3162999153
2009-04-16,7.3365936279
2009-04-17,7.36703825
2009-04-20,7.0220236778
2009-04-21,7.1945285797
2009-04-22,7.0017294884
2009-04-23,7.2655630112
2009-04-24,7.2046790123
2009-04-27,6.9712872505
2009-04-28,7.0220236778
2009-04-29,7.2554154396
2009-04-30,7.4279208183
2009-05-01,7.4685106277
2009-05-04,8.1585378647
2009-05-05,8.2092733383
2009-05-06,8.7978239059
2009-05-07,8.7978239059
2009-05-08,9.1529855728
2009-05-11,8.6456165314
2009-05-12,8.7064981461
2009-05-13,8.594877243
2009-05-14,8.5542879105
2009-05-15,8.4934043884
2009-05-18,8.8891506195
2009-05-19,9.1022500992
2009-05-20,9.0819540024
2009-05-21,8.807972908
2009-05-22,9.0007734299
2009-05-26,9.0819540024
2009-05-27,9.0413646698
2009-05-28,9.2443132401
2009-05-29,9.4574069977
2009-06-01,9.6908016205
2009-06-02,9.7415380478
2009-06-03,9.5588846207
2009-06-04,9.6096220016
2009-06-05,9.619767189
2009-06-08,9.406671524
2009-06-09,9.4371137619
2009-06-10,9.5893268585
2009-06-11,9.6299133301
2009-06-12,9.5994749069
2009-06-15,9.193572998
2009-06-16,9.0007734299
2009-06-17,8.9906272888
2009-06-18,8.9500350952
2009-06-19,9.0413646698
2009-06-22,8.8181190491
2009-06-23,8.7823352814
2009-06-24,9.0379343033
2009-06-25,9.2526350021
2009-06-26,9.2424125671
2009-06-29,9.2730827332
2009-06-30,9.2219638824
2009-07-01,9.3753242493
2009-07-02,9.0583848953
2009-07-06,9.0583848953
2009-07-07,8.9152441025
2009-07-08,8.8539056778
2009-07-09,9.089053154
2009-07-10,9.119726181
2009-07-13,9.09927845
2009-07-14,9.2526350021
2009-07-15,9.6922636032
2009-07-16,9.6922636032
2009-07-17,9.7740545273
2009-07-20,9.9376373291
2009-07-21,9.8865194321
2009-07-22,9.9069662094
2009-07-23,10.1625623703
2009-07-24,10.2136850357
2009-07-27,10.4590559006
2009-07-28,10.5101747513
2009-07-29,10.3670425415
2009-07-30,10.6635351181
2009-07-31,10.7657747269
2009-08-03,10.9804782867
2009-08-04,10.7862234116
2009-08-05,10.5510721207
2009-08-06,10.5204019547
2009-08-07,10.4999523163
2009-08-10,10.3874902725
2009-08-11,10.2954740524
2009-08-12,10.3977146149
2009-08-13,10.4795064926
2009-08-14,10.4692792892
2009-08-17,10.0092048645
2009-08-18,10.2648000717
2009-08-19,10.2136850357
2009-08-20,10.3670425415
2009-08-21,10.3874902725
2009-08-24,10.5204019547
2009-08-25,10.6124162674
2009-08-26,10.602191925
2009-08-27,10.7044286728
2009-08-28,10.6942090988
2009-08-31,10.4590559006
2009-09-01,10.3670425415
2009-09-02,10.3772640228
2009-09-03,10.6124162674
2009-09-04,10.7657747269
2009-09-08,10.9600305557
2009-09-09,10.9804782867
2009-09-10,11.0622682571
2009-09-11,11.0213737488
2009-09-14,10.9089078903
2009-09-15,10.898683548
2009-09-16,11.0929403305
2009-09-17,11.0213737488
2009-09-18,10.9293556213
2009-09-21,10.7555503845
2009-09-22,11.0418195724
2009-09-23,10.9293556213
2009-09-24,10.7964468002
2009-09-25,10.8373413086
2009-09-28,10.9089078903
2009-09-29,10.9293556213
2009-09-30,10.9907026291
2009-10-01,10.7248783112
2009-10-02,10.6124162674
2009-10-05,10.6839838028
2009-10-06,10.8577880859
2009-10-07,10.9089078903
2009-10-08,11.0315942764
2009-10-09,11.0520448685
2009-10-12,11.0827140808
2009-10-13,11.0827140808
2009-10-14,11.4303302765
2009-10-15,11.3792085648
2009-10-16,11.2360706329
2009-10-19,11.3792085648
2009-10-20,11.2565259933
2009-10-21,11.2054023743
2009-10-22,11.2565259933
2009-10-23,11.1747322083
2009-10-26,11.1440620422
2009-10-27,11.0724897385
2009-10-28,10.7555503845
2009-10-29,11.0622682571
2009-10-30,10.7146549225
2009-11-02,10.8680124283
2009-11-03,10.8884630203
2009-11-04,10.9191331863
2009-11-05,11.0520448685
2009-11-06,11.1236143112
2009-11-09,11.4610023499
2009-11-10,11.3792085648
2009-11-11,11.5223455429
2009-11-12,11.4405508041
2009-11-13,11.5018959045
2009-11-16,11.8495082855
2009-11-17,11.7370471954
2009-11-18,11.655254364
2009-11-19,11.5325698853
2009-11-20,11.624581337
2009-11-23,11.9108505249
2009-11-24,11.7677192688
2009-11-25,11.8904018402
2009-11-27,11.5939130783
2009-11-30,11.6143598557
2009-12-01,11.8392829895
2009-12-02,11.9006271362
2009-12-03,11.8188362122
2009-12-04,11.8699569702
2009-12-07,11.7779426575
2009-12-08,11.696146965
2009-12-09,11.8188362122
2009-12-10,11.7983913422
2009-12-11,11.7983913422
2009-12-14,11.8495082855
2009-12-15,11.7472677231
2009-12-16,11.7983913422
2009-12-17,11.7370471954
2009-12-18,11.7370471954
2009-12-21,11.7165975571
2009-12-22,11.828502655
2009-12-23,11.828502655
2009-12-24,11.8703365326
2009-12-28,11.9644613266
2009-12-29,12.0167531967
2009-12-30,12.0795059204
2009-12-31,12.0167531967
2010-01-04,12.2886743546
2010-01-05,12.3828010559
2010-01-06,12.3932580948
2010-01-07,12.3200502396
2010-01-08,12.340968132
2010-01-11,12.3932580948
2010-01-12,12.1945495605
2010-01-13,12.2468385696
2010-01-14,12.2886743546
2010-01-15,12.1317958832
2010-01-19,12.3618803024
2010-01-20,12.0376739502
2010-01-21,11.7343788147
2010-01-22,11.5670442581
2010-01-25,11.7030010223
2010-01-26,11.389248848
2010-01-27,11.3160390854
2010-01-28,11.3369569778
2010-01-29,11.2742052078
2010-02-01,11.4415397644
2010-02-02,11.4206209183
2010-02-03,11.4310865402
2010-02-04,11.0545768738
2010-02-05,11.0232019424
2010-02-08,11.0232019424
2010-02-09,11.357872963
2010-02-10,11.3160390854
2010-02-11,11.4519958496
2010-02-12,11.3997077942
2010-02-16,11.5775022507
2010-02-17,11.6193351746
2010-02-18,11.5670442581
2010-02-19,11.4415397644
2010-02-22,11.4415397644
2010-02-23,11.3787889481
2010-02-24,11.5042905807
2010-02-25,11.4833755493
2010-02-26,11.5147514343
2010-03-01,11.5984201431
2010-03-02,11.6088781357
2010-03-03,11.6088781357
2010-03-04,11.5775022507
2010-03-05,11.7343788147
2010-03-08,11.8075847626
2010-03-09,11.797129631
2010-03-10,11.9121694565
2010-03-11,11.9644613266
2010-03-12,11.9749193192
2010-03-15,11.922627449
2010-03-16,12.0795059204
2010-03-17,12.1945495605
2010-03-18,12.1631727219
2010-03-19,12.0167531967
2010-03-22,12.0167531967
2010-03-23,12.1422529221
2010-03-24,11.9330873489
2010-03-25,11.8807973862
2010-03-26,11.9644613266
2010-03-29,12.1736307144
2010-03-30,12.2259197235
2010-03-31,12.0272121429
2010-04-01,12.2886743546
2010-04-05,12.40371418
2010-04-06,12.40371418
2010-04-07,12.3618803024
2010-04-08,12.340968132
2010-04-09,12.4246330261
2010-04-12,12.4141721725
2010-04-13,12.4141721725
2010-04-14,12.8952665329
2010-04-15,12.853430748
2010-04-16,12.6233453751
2010-04-19,12.6024284363
2010-04-20,12.7174720764
2010-04-21,12.6128835678
2010-04-22,12.6756372452
2010-04-23,12.8011417389
2010-04-26,12.8011417389
2010-04-27,12.5083017349
2010-04-28,12.5396814346
2010-04-29,12.7383899689
2010-04-30,12.5605993271
2010-05-03,12.6442642212
2010-05-04,12.1317958832
2010-05-05,11.9435472488
2010-05-06,11.546125412
2010-05-07,11.6611680984
2010-05-10,12.2886743546
2010-05-11,12.1422529221
2010-05-12,12.3618803024
2010-05-13,12.1631727219
2010-05-14,11.9435472488
2010-05-17,12.0062971115
2010-05-18,11.9121694565
2010-05-19,11.7134599686
2010-05-20,11.3160390854
2010-05-21,11.4519958496
2010-05-24,11.389248848
2010-05-25,11.2742052078
2010-05-26,11.2114582062
2010-05-27,11.6611680984
2010-05-28,11.5147514343
2010-06-01,11.2428302765
2010-06-02,11.5775022507
2010-06-03,11.671626091
2010-06-04,11.3787889481
2010-06-07,11.2637462616
2010-06-08,11.3683328629
2010-06-09,11.3474159241
2010-06-10,11.7134599686
2010-06-11,11.7762126923
2010-06-14,11.8180465698
2010-06-15,12.0481309891
2010-06-16,12.1108827591
2010-06-17,12.0481309891
2010-06-18,12.1317958832
2010-06-21,12.2991361618
2010-06-22,12.0690469742
2010-06-23,12.1292715073
2010-06-24,11.9602212906
2010-06-25,12.1292715073
2010-06-28,12.2454948425
2010-06-29,11.8334350586
2010-06-30,11.8756980896
2010-07-01,11.9285240173
2010-07-02,12.0764446259
2010-07-06,12.2137966156
2010-07-07,12.351143837
2010-07-08,12.43567276
2010-07-09,12.520195961
2010-07-12,12.4884967804
2010-07-13,12.6258544922
2010-07-14,12.6998128891
2010-07-15,12.6575498581
2010-07-16,12.477935791
2010-07-19,12.604722023
2010-07-20,12.7632045746
2010-07-21,12.4251098633
2010-07-22,12.7103776932
2010-07-23,12.7737731934
2010-07-26,12.9322566986
2010-07-27,12.8899917603
2010-07-28,12.8477306366
2010-07-29,12.9005594254
2010-07-30,13.0062103271
2010-08-02,13.3548774719
2010-08-03,13.2175264359
2010-08-04,13.2069625854
2010-08-05,13.1329984665
2010-08-06,13.1224346161
2010-08-09,13.1329984665
2010-08-10,12.9956483841
2010-08-11,12.5730218887
2010-08-12,12.5730218887
2010-08-13,12.6786851883
2010-08-16,12.7209434509
2010-08-17,12.7632045746
2010-08-18,12.7632045746
2010-08-19,12.7103776932
2010-08-20,12.7526397705
2010-08-23,12.5941562653
2010-08-24,12.604722023
2010-08-25,12.7209434509
2010-08-26,12.689250946
2010-08-27,12.8899917603
2010-08-30,12.8265962601
2010-08-31,12.8477306366
2010-09-01,13.2703504562
2010-09-02,13.238656044
2010-09-03,13.3020486832
2010-09-07,13.2809181213
2010-09-08,13.3337450027
2010-09-09,13.407702446
2010-09-10,13.4605360031
2010-09-13,13.6295833588
2010-09-14,13.5873165131
2010-09-15,13.61901474
2010-09-16,13.6401453018
2010-09-17,13.5978860855
2010-09-20,13.7352380753
2010-09-21,13.7669305801
2010-09-22,13.7775020599
2010-09-23,13.6824121475
2010-09-24,13.9254188538
2010-09-27,13.9465503693
2010-09-28,13.957116127
2010-09-29,13.9782409668
2010-09-30,13.9676809311
2010-10-01,14.1789903641
2010-10-04,14.2212533951
2010-10-05,14.3902988434
2010-10-06,14.4325637817
2010-10-07,14.2952127457
2010-10-08,14.3057804108
2010-10-11,14.3269090652
2010-10-12,14.3163452148
2010-10-13,14.5593481064
2010-10-14,14.5804796219
2010-10-15,14.6438732147
2010-10-18,14.6650056839
2010-10-19,14.3269090652
2010-10-20,14.4853887558
2010-10-21,14.4853887558
2010-10-22,14.5382194519
2010-10-25,14.6650056839
2010-10-26,14.5276575089
2010-10-27,14.2635164261
2010-10-28,14.2952127457
2010-10-29,14.4114370346
2010-11-01,14.5699148178
2010-11-02,14.7389640808
2010-11-03,14.8657531738
2010-11-04,15.098192215
2010-11-05,15.1193294525
2010-11-08,15.1615867615
2010-11-09,15.1932859421
2010-11-10,15.182718277
2010-11-11,15.1510229111
2010-11-12,14.7495298386
2010-11-15,14.6967058182
2010-11-16,14.3480424881
2010-11-17,14.421998024
2010-11-18,14.7284030914
2010-11-19,14.6121816635
2010-11-22,14.5804796219
2010-11-23,13.9993782043
2010-11-24,14.2635164261
2010-11-26,14.0733385086
2010-11-29,14.0839033127
2010-11-30,14.1155929565
2010-12-01,14.5170907974
2010-12-02,14.6650056839
2010-12-03,14.5065221786
2010-12-06,14.4853887558
2010-12-07,14.4325637817
2010-12-08,14.5170907974
2010-12-09,14.5804796219
2010-12-10,14.5382194519
2010-12-13,14.548787117
2010-12-14,14.5276575089
2010-12-15,14.2001190186
2010-12-16,14.2529506683
2010-12-17,14.2952127457
2010-12-20,14.2106838226
2010-12-21,14.346912384
2010-12-22,14.3793449402
2010-12-23,14.3144779205
2010-12-27,14.519903183
2010-12-28,14.6280155182
2010-12-29,14.790186882
2010-12-30,14.8982982635
2010-12-31,14.973985672
2011-01-03,15.0712881088
2011-01-04,15.0604763031
2011-01-05,15.0929088593
2011-01-06,15.0280389786
2011-01-07,15.0280389786
2011-01-10,14.8442411423
2011-01-11,14.973985672
2011-01-12,15.1685886383
2011-01-13,15.103720665
2011-01-14,15.04966259
2011-01-18,15.1253423691
2011-01-19,14.9956035614
2011-01-20,14.8226175308
2011-01-21,14.8550539017
2011-01-24,14.8874893188
2011-01-25,14.8334341049
2011-01-26,15.0604763031
2011-01-27,15.0820932388
2011-01-28,14.8442411423
2011-01-31,14.8550539017
2011-02-01,14.984793663
2011-02-02,15.0280389786
2011-02-03,14.9091110229
2011-02-04,15.0064163208
2011-02-07,14.9956035614
2011-02-08,14.9415464401
2011-02-09,14.6604499817
2011-02-10,14.4982767105
2011-02-11,14.4334087372
2011-02-14,14.4225931168
2011-02-15,14.3252906799
2011-02-16,14.4225931168
2011-02-17,14.4334087372
2011-02-18,14.455031395
2011-02-22,13.9468841553
2011-02-23,13.968506813
2011-02-24,13.9360742569
2011-02-25,14.2387990952
2011-02-28,14.1090602875
2011-03-01,14.1523017883
2011-03-02,14.1739301682
2011-03-03,14.3361034393
2011-03-04,14.3144779205
2011-03-07,14.2496128082
2011-03-08,14.5739545822
2011-03-09,14.519903183
2011-03-10,14.2712306976
2011-03-11,14.3144779205
2011-03-14,14.2387990952
2011-03-15,13.7955245972
2011-03-16,13.6117286682
2011-03-17,13.698217392
2011-03-18,13.7090320587
2011-03-21,14.0658111572
2011-03-22,14.1523017883
2011-03-23,14.3144779205
2011-03-24,14.4874620438
2011-03-25,14.5415210724
2011-03-28,14.465839386
2011-03-29,14.5415210724
2011-03-30,14.7469453812
2011-03-31,14.7793703079
2011-04-01,14.8550539017
2011-04-04,14.9631710052
2011-04-05,14.9199228287
2011-04-06,15.0712881088
2011-04-07,15.04966259
2011-04-08,15.1253423691
2011-04-11,14.9956035614
2011-04-12,14.9199228287
2011-04-13,15.0820932388
2011-04-14,15.2118339539
2011-04-15,15.2442712784
2011-04-18,14.984793663
2011-04-19,15.1577825546
2011-04-20,15.3631982803
2011-04-21,15.5469961166
2011-04-25,15.4821252823
2011-04-26,15.5794277191
2011-04-27,15.5902433395
2011-04-28,15.5686178207
2011-04-29,15.6226730347
2011-05-02,15.5902433395
2011-05-03,15.3307600021
2011-05-04,14.984793663
2011-05-05,14.8226175308
2011-05-06,14.9631710052
2011-05-09,15.2226476669
2011-05-10,15.417257309
2011-05-11,15.2658929825
2011-05-12,15.2442712784
2011-05-13,15.1685886383
2011-05-16,14.9956035614
2011-05-17,15.038854599
2011-05-18,15.2442712784
2011-05-19,15.3740081787
2011-05-20,15.1794023514
2011-05-23,14.8442411423
2011-05-24,14.8550539017
2011-05-25,14.9199228287
2011-05-26,14.984793663
2011-05-27,15.1577825546
2011-05-31,15.3523855209
2011-06-01,15.04966259
2011-06-02,15.2226476669
2011-06-03,15.1902103424
2011-06-06,14.984793663
2011-06-07,15.0604763031
2011-06-08,14.9415464401
2011-06-09,15.038854599
2011-06-10,14.7361268997
2011-06-13,14.6712560654
2011-06-14,14.7793703079
2011-06-15,14.5090827942
2011-06-16,14.3793449402
2011-06-17,14.3901615143
2011-06-20,14.455031395
2011-06-21,14.7253160477
2011-06-22,14.5487995148
2011-06-23,14.5926589966
2011-06-24,14.5049476624
2011-06-27,14.5378379822
2011-06-28,14.6803655624
2011-06-29,14.8667478561
2011-06-30,15.0531282425
2011-07-01,15.2504758835
2011-07-05,15.1518030167
2011-07-06,15.0531282425
2011-07-07,15.2724075317
2011-07-08,15.2504758835
2011-07-11,14.9873495102
2011-07-12,14.888674736
2011-07-13,15.0421638489
2011-07-14,15.0202388763
2011-07-15,15.0750589371
2011-07-18,14.9654188156
2011-07-19,15.1518030167
2011-07-20,15.2504758835
2011-07-21,15.5793876648
2011-07-22,15.6451692581
2011-07-25,15.5684204102
2011-07-26,15.6999864578
2011-07-27,15.6122789383
2011-07-28,15.7328777313
2011-07-29,15.7657718658
2011-08-01,15.8205890656
2011-08-02,15.5026454926
2011-08-03,15.4697465897
2011-08-04,14.7900018692
2011-08-05,14.6255474091
2011-08-08,13.4853229523
2011-08-09,14.2418203354
2011-08-10,13.5072555542
2011-08-11,13.8909797668
2011-08-12,14.1212205887
2011-08-15,14.4501342773
2011-08-16,14.1760368347
2011-08-17,14.1541109085
2011-08-18,13.5730390549
2011-08-19,13.4962882996
2011-08-22,13.4962882996
2011-08-23,13.9019479752
2011-08-24,13.6826734543
2011-08-25,13.5182132721
2011-08-26,13.7155647278
2011-08-29,14.0115795135
2011-08-30,14.000620842
2011-08-31,14.2747125626
2011-09-01,14.0992908478
2011-09-02,13.9019479752
2011-09-06,13.8361616135
2011-09-07,14.1979618073
2011-09-08,13.9567604065
2011-09-09,13.5072555542
2011-09-12,13.3647251129
2011-09-13,13.3208684921
2011-09-14,13.2989463806
2011-09-15,13.4853229523
2011-09-16,13.5291795731
2011-09-19,13.0906305313
2011-09-20,13.0796689987
2011-09-21,12.5424489975
2011-09-22,12.1367921829
2011-09-23,12.4547405243
2011-09-26,12.4656991959
2011-09-27,12.8055782318
2011-09-28,12.3670301437
2011-09-29,12.4656991959
2011-09-30,12.0600481033
2011-10-03,11.6982460022
2011-10-04,11.7420988083
2011-10-05,11.928481102
2011-10-06,12.1587228775
2011-10-07,12.0819759369
2011-10-10,12.7178668976
2011-10-11,12.6630496979
2011-10-12,12.9371404648
2011-10-13,12.827501297
2011-10-14,13.0577402115
2011-10-17,12.8055782318
2011-10-18,12.9809970856
2011-10-19,12.7836503983
2011-10-20,12.6740121841
2011-10-21,12.8494319916
2011-10-24,13.2221918106
2011-10-25,13.0029220581
2011-10-26,13.1344852448
2011-10-27,13.9458017349
2011-10-28,14.0225410461
2011-10-31,13.4305038452
2011-11-01,12.9371404648
2011-11-02,13.287979126
2011-11-03,13.4195413589
2011-11-04,13.3866519928
2011-11-07,13.4305038452
2011-11-08,13.4962882996
2011-11-09,12.8603925705
2011-11-10,12.827501297
2011-11-11,13.0358161926
2011-11-14,13.0138864517
2011-11-15,13.0467777252
2011-11-16,12.7397975922
2011-11-17,12.5643777847
2011-11-18,12.4985923767
2011-11-21,12.2245016098
2011-11-22,12.3012475967
2011-11-23,12.0161924362
2011-11-25,11.8955945969
2011-11-28,12.2902822495
2011-11-29,12.2793216705
2011-11-30,12.9042482376
2011-12-01,12.8165426254
2011-12-02,12.7836503983
2011-12-05,12.9152126312
2011-12-06,12.7836503983
2011-12-07,12.8384685516
2011-12-08,12.3122119904
2011-12-09,12.4766674042
2011-12-12,12.2245016098
2011-12-13,12.1696853638
2011-12-14,12.0052289963
2011-12-15,11.9723358154
2011-12-16,12.1039009094
2011-12-19,11.8626995087
2011-12-20,12.2193775177
2011-12-21,12.3093976974
2011-12-22,12.3994102478
2011-12-23,12.4444150925
2011-12-27,12.3093976974
2011-12-28,12.1856241226
2011-12-29,12.2981414795
2011-12-30,12.1856241226
2012-01-03,12.6019392014
2012-01-04,12.6131896973
2012-01-05,12.5794372559
2012-01-06,12.4781742096
2012-01-09,12.365653038
2012-01-10,12.7032032013
2012-01-11,12.7257070541
2012-01-12,12.8269729614
2012-01-13,12.9282398224
2012-01-17,13.0745134354
2012-01-18,13.2545375824
2012-01-19,13.3333015442
2012-01-20,13.4345655441
2012-01-23,13.5245828629
2012-01-24,13.5133275986
2012-01-25,13.7946214676
2012-01-26,13.7608699799
2012-01-27,13.9746494293
2012-01-30,13.8396263123
2012-01-31,13.9296474457
2012-02-01,14.0871706009
2012-02-02,14.1096687317
2012-02-03,14.3234510422
2012-02-06,14.2784471512
2012-02-07,14.312204361
2012-02-08,14.492231369
2012-02-09,14.4359712601
2012-02-10,14.1209230423
2012-02-13,14.3459558487
2012-02-14,14.3009519577
2012-02-15,14.312204361
2012-02-16,14.3347043991
2012-02-17,14.4134702682
2012-02-21,14.4809780121
2012-02-22,14.4697256088
2012-02-23,14.4584760666
2012-02-24,14.402217865
2012-02-27,14.3347043991
2012-02-28,14.4247198105
2012-02-29,14.503484726
2012-03-01,14.6272554398
2012-03-02,14.6047477722
2012-03-05,14.3684635162
2012-03-06,13.9071426392
2012-03-07,13.9971513748
2012-03-08,14.357211113
2012-03-09,14.312204361
2012-03-12,14.1659288406
2012-03-13,14.4809780121
2012-03-14,14.3797111511
2012-03-15,14.4584760666
2012-03-16,14.5259866714
2012-03-19,14.4472255707
2012-03-20,14.255941391
2012-03-21,14.2896976471
2012-03-22,14.1771774292
2012-03-23,14.3459558487
2012-03-26,14.4697256088
2012-03-27,14.492231369
2012-03-28,14.4809780121
2012-03-29,14.3684635162
2012-03-30,14.503484726
2012-04-02,14.6272554398
2012-04-03,14.492231369
2012-04-04,14.3009519577
2012-04-05,14.255941391
2012-04-09,14.1096687317
2012-04-10,14.0084047318
2012-04-11,14.1209230423
2012-04-12,14.3459558487
2012-04-13,14.3459558487
2012-04-16,14.3347043991
2012-04-17,14.4697256088
2012-04-18,14.4359712601
2012-04-19,14.4134702682
2012-04-20,14.4809780121
2012-04-23,14.312204361
2012-04-24,14.3684635162
2012-04-25,14.537238121
2012-04-26,14.6497564316
2012-04-27,14.7510166168
2012-04-30,14.6272554398
2012-05-01,14.6160011292
2012-05-02,14.7622728348
2012-05-03,14.6047477722
2012-05-04,14.5147304535
2012-05-07,14.3684635162
2012-05-08,14.2896976471
2012-05-09,14.1434297562
2012-05-10,14.1884326935
2012-05-11,14.075917244
2012-05-14,13.8058738708
2012-05-15,13.7608699799
2012-05-16,13.5020809174
2012-05-17,13.3445539474
2012-05-18,13.1420240402
2012-05-21,13.4008111954
2012-05-22,13.4345655441
2012-05-23,13.2657909393
2012-05-24,13.175778389
2012-05-25,13.0970172882
2012-05-29,13.3558044434
2012-05-30,13.1082658768
2012-05-31,13.1082658768
2012-06-01,12.748210907
2012-06-04,12.8157243729
2012-06-05,12.9282398224
2012-06-06,13.2657909393
2012-06-07,13.2095355988
2012-06-08,13.0745134354
2012-06-11,13.0295038223
2012-06-12,13.2995462418
2012-06-13,13.2432851791
2012-06-14,13.2770423889
2012-06-15,13.5470848083
2012-06-18,13.6596059799
2012-06-19,13.8058738708
2012-06-20,13.8171300888
2012-06-21,13.412352562
2012-06-22,13.5609989166
2012-06-25,13.3437461853
2012-06-26,13.4352216721
2012-06-27,13.6181707382
2012-06-28,13.6867771149
2012-06-29,14.0869750977
2012-07-02,14.1670122147
2012-07-03,14.4185676575
2012-07-05,14.3956985474
2012-07-06,14.2813549042
2012-07-09,14.1555833817
2012-07-10,14.2013158798
2012-07-11,14.4643030167
2012-07-12,14.3499631882
2012-07-13,14.5786466599
2012-07-16,14.5672121048
2012-07-17,14.7501583099
2012-07-18,14.7958965302
2012-07-19,14.8873691559
2012-07-20,14.7272930145
2012-07-23,14.4871711731
2012-07-24,14.6015167236
2012-07-25,14.6472501755
2012-07-26,14.9216756821
2012-07-27,15.0017127991
2012-07-30,15.0474500656
2012-07-31,15.0245838165
2012-08-01,15.0474500656
2012-08-02,14.9445409775
2012-08-03,15.2989997864
2012-08-06,15.2532663345
2012-08-07,15.207531929
2012-08-08,15.1732273102
2012-08-09,15.1732273102
2012-08-10,15.1617918015
2012-08-13,15.1732273102
2012-08-14,15.2875709534
2012-08-15,15.1617918015
2012-08-16,15.2189693451
2012-08-17,15.0931863785
2012-08-20,15.1274929047
2012-08-21,15.0817527771
2012-08-22,15.0931863785
2012-08-23,15.0017127991
2012-08-24,15.0588788986
2012-08-27,14.9331064224
2012-08-28,14.8873691559
2012-08-29,14.97884655
2012-08-30,14.761595726
2012-08-31,15.0131483078
2012-09-04,14.830201149
2012-09-05,14.8187646866
2012-09-06,15.0360126495
2012-09-07,15.1617918015
2012-09-10,15.0817527771
2012-09-11,15.2418336868
2012-09-12,15.3218755722
2012-09-13,15.5619945526
2012-09-14,15.7106361389
2012-09-17,15.5619945526
2012-09-18,15.5619945526
2012-09-19,15.6077232361
2012-09-20,15.5505514145
2012-09-21,15.5848588943
2012-09-24,15.4705162048
2012-09-25,15.3447399139
2012-09-26,15.1960916519
2012-09-27,15.4590835571
2012-09-28,15.3333072662
2012-10-01,15.4019155502
2012-10-02,15.4133462906
2012-10-03,15.3790435791
2012-10-04,15.5162525177
2012-10-05,15.5162525177
2012-10-08,15.3447399139
2012-10-09,15.207531929
2012-10-10,15.0931863785
2012-10-11,15.1503591537
2012-10-12,15.1960916519
2012-10-15,15.2989997864
2012-10-16,15.4590835571
2012-10-17,15.5619945526
2012-10-18,15.5048179626
2012-10-19,15.2761325836
2012-10-22,15.3561735153
2012-10-23,15.2304000854
2012-10-24,15.207531929
2012-10-25,15.3561735153
2012-10-26,15.2989997864
2012-10-31,15.2532663345
2012-11-01,15.2646989822
2012-11-02,15.0817527771
2012-11-05,15.1732273102
2012-11-06,15.207531929
2012-11-07,15.0703210831
2012-11-08,14.8988056183
2012-11-09,14.9216756821
2012-11-12,15.0131483078
2012-11-13,14.9216756821
2012-11-14,14.6701202393
2012-11-15,14.5786466599
2012-11-16,14.5900831223
2012-11-19,14.7958965302
2012-11-20,14.7501583099
2012-11-21,14.761595726
2012-11-23,15.0017127991
2012-11-26,15.0703210831
2012-11-27,15.0245838165
2012-11-28,15.1960916519
2012-11-29,15.3790435791
2012-11-30,15.4705162048
2012-12-03,15.3904781342
2012-12-04,15.3904781342
2012-12-05,15.4590835571
2012-12-06,15.5162525177
2012-12-07,15.7106361389
2012-12-10,15.6992006302
2012-12-11,15.7220716476
2012-12-12,15.7792444229
2012-12-13,15.813539505
2012-12-14,15.8821516037
2012-12-17,15.8935861588
2012-12-18,15.9709787369
2012-12-19,15.9006185532
2012-12-20,16.0061531067
2012-12-21,15.8771657944
2012-12-24,15.9123449326
2012-12-26,15.8771657944
2012-12-27,15.935801506
2012-12-28,15.935801506
2012-12-31,16.0530567169
2013-01-02,16.2875823975
2013-01-03,16.1468658447
2013-01-04,16.13514328
2013-01-07,15.9826993942
2013-01-08,15.8888940811
2013-01-09,16.0413265228
2013-01-10,16.2172222137
2013-01-11,16.0765113831
2013-01-14,15.9709787369
2013-01-15,15.9123449326
2013-01-16,16.0061531067
2013-01-17,16.0178813934
2013-01-18,15.9944295883
2013-01-22,15.9826993942
2013-01-23,15.9826993942
2013-01-24,16.0882339478
2013-01-25,16.0296039581
2013-01-28,16.0178813934
2013-01-29,16.064781189
2013-01-30,16.1585922241
2013-01-31,16.1468658447
2013-02-01,16.1820468903
2013-02-04,16.0882339478
2013-02-05,16.1234169006
2013-02-06,16.1585922241
2013-02-07,16.0530567169
2013-02-08,16.2172222137
2013-02-11,16.1937713623
2013-02-12,16.2524051666
2013-02-13,16.2993087769
2013-02-14,16.2875823975
2013-02-15,16.1820468903
2013-02-19,16.2875823975
2013-02-20,16.2524051666
2013-02-21,16.1116886139
2013-02-22,16.2172222137
2013-02-25,15.9240674973
2013-02-26,15.9592523575
2013-02-27,16.13514328
2013-02-28,16.0178813934
2013-03-01,16.064781189
2013-03-04,15.8654356003
2013-03-05,15.9709787369
2013-03-06,16.0530567169
2013-03-07,16.1116886139
2013-03-08,16.1234169006
2013-03-11,16.0296039581
2013-03-12,16.0999603271
2013-03-13,15.9944295883
2013-03-14,16.0765113831
2013-03-15,16.0413265228
2013-03-18,15.9240674973
2013-03-19,15.935801506
2013-03-20,15.9006185532
2013-03-21,15.9475221634
2013-03-22,16.0061531067
2013-03-25,16.0296039581
2013-03-26,16.2641277313
2013-03-27,16.3110294342
2013-03-28,16.3696613312
2013-04-01,16.2172222137
2013-04-02,16.3227596283
2013-04-03,16.2993087769
2013-04-04,16.3227596283
2013-04-05,16.2875823975
2013-04-08,16.205499649
2013-04-09,16.3579387665
2013-04-10,16.3579387665
2013-04-11,16.4048461914
2013-04-12,16.2993087769
2013-04-15,16.1234169006
2013-04-16,16.3110294342
2013-04-17,16.1703186035
2013-04-18,16.2758579254
2013-04-19,16.3579387665
2013-04-22,16.2758579254
2013-04-23,16.1820468903
2013-04-24,16.2993087769
2013-04-25,16.6159133911
2013-04-26,16.6628170013
2013-04-29,16.8621578217
2013-04-30,16.9325180054
2013-05-01,16.7918071747
2013-05-02,17.0615062714
2013-05-03,16.9442424774
2013-05-06,17.0028743744
2013-05-07,17.0380535126
2013-05-08,17.2256698608
2013-05-09,17.2256698608
2013-05-10,17.19049263
2013-05-13,17.1201381683
2013-05-14,17.1787643433
2013-05-15,17.1084117889
2013-05-16,16.9794197083
2013-05-17,16.8973407745
2013-05-20,16.991147995
2013-05-21,16.8973407745
2013-05-22,16.7214488983
2013-05-23,16.5807361603
2013-05-24,16.4282932281
2013-05-28,16.4165687561
2013-05-29,16.1820468903
2013-05-30,16.1937713623
2013-05-31,15.8654356003
2013-06-03,16.1234169006
2013-06-04,16.0530567169
2013-06-05,15.7364530563
2013-06-06,15.7130012512
2013-06-07,15.6895523071
2013-06-10,15.4902009964
2013-06-11,15.3963947296
2013-06-12,15.2556848526
2013-06-13,15.5019302368
2013-06-14,15.5253887177
2013-06-17,15.5957384109
2013-06-18,15.7247247696
2013-06-19,15.3846740723
2013-06-20,14.5872926712
2013-06-21,14.9273490906
2013-06-24,14.5872926712
2013-06-25,15.0211591721
2013-06-26,15.068066597
2013-06-27,15.219783783
2013-06-28,15.2795143127
2013-07-01,15.1361598969
2013-07-02,15.1481075287
2013-07-03,15.0764274597
2013-07-05,14.9928016663
2013-07-08,15.052532196
2013-07-09,15.2556238174
2013-07-10,15.3273019791
2013-07-11,16.0082530975
2013-07-12,15.793214798
2013-07-15,15.8887825012
2013-07-16,15.8171100616
2013-07-17,15.8051633835
2013-07-18,15.7334785461
2013-07-19,15.7454319
2013-07-22,15.9604635239
2013-07-23,15.9843597412
2013-07-24,15.9485187531
2013-07-25,16.0440921783
2013-07-26,16.0679855347
2013-07-29,15.9246234894
2013-07-30,15.9604635239
2013-07-31,15.9126758575
2013-08-01,16.0560321808
2013-08-02,16.0560321808
2013-08-05,16.0321426392
2013-08-06,15.9246234894
2013-08-07,15.9724149704
2013-08-08,16.1516075134
2013-08-09,16.1993942261
2013-08-12,16.1038188934
2013-08-13,16.0679855347
2013-08-14,16.0082530975
2013-08-15,15.8290557861
2013-08-16,15.6976451874
2013-08-19,15.5064983368
2013-08-20,15.3750867844
2013-08-21,15.1242132187
2013-08-22,15.0644779205
2013-08-23,15.0644779205
2013-08-26,15.0286388397
2013-08-27,14.7180328369
2013-08-28,14.7538728714
2013-08-29,14.8374967575
2013-08-30,14.8136043549
2013-09-03,14.8494415283
2013-09-04,14.9091768265
2013-09-05,14.9450159073
2013-09-06,15.1719989777
2013-09-09,15.4826059341
2013-09-10,15.4826059341
2013-09-11,15.4945526123
2013-09-12,15.5064983368
2013-09-13,15.5423412323
2013-09-16,15.8887825012
2013-09-17,15.9843597412
2013-09-18,16.4502677917
2013-09-19,16.3188591003
2013-09-20,16.1754989624
2013-09-23,16.1993942261
2013-09-24,16.1277217865
2013-09-25,16.1157684326
2013-09-26,16.1038188934
2013-09-27,16.1157684326
2013-09-30,15.9485187531
2013-10-01,16.1157684326
2013-10-02,16.0321426392
2013-10-03,15.8768377304
2013-10-04,15.9365701675
2013-10-07,15.9007310867
2013-10-08,15.8648920059
2013-10-09,15.9007310867
2013-10-10,16.2113399506
2013-10-11,16.271074295
2013-10-14,16.2830162048
2013-10-15,16.1516075134
2013-10-16,16.2352352142
2013-10-17,16.4144287109
2013-10-18,16.4980545044
2013-10-21,16.3785934448
2013-10-22,16.6175174713
2013-10-23,16.4024810791
2013-10-24,16.5338973999
2013-10-25,16.5577888489
2013-10-28,16.5338973999
2013-10-29,16.5338973999
2013-10-30,16.5697364807
2013-10-31,16.4980545044
2013-11-01,16.4861106873
2013-11-04,16.4741611481
2013-11-05,16.4383239746
2013-11-06,16.4980545044
2013-11-07,16.3308029175
2013-11-08,16.2830162048
2013-11-11,16.2949676514
2013-11-12,16.2232837677
2013-11-13,16.2352352142
2013-11-14,16.3427467346
2013-11-15,16.4383239746
2013-11-18,16.4144287109
2013-11-19,16.3666439056
2013-11-20,16.2591304779
2013-11-21,16.1874485016
2013-11-22,16.2232837677
2013-11-25,16.1516075134
2013-11-26,16.247177124
2013-11-27,16.2113399506
2013-11-29,16.2232837677
2013-12-02,16.0799274445
2013-12-03,16.1516075134
2013-12-04,16.0321426392
2013-12-05,15.7454319
2013-12-06,15.8648920059
2013-12-09,15.8529472351
2013-12-10,15.6976451874
2013-12-11,15.4945526123
2013-12-12,15.4348201752
2013-12-13,15.5542860031
2013-12-16,15.5781784058
2013-12-17,15.4706611633
2013-12-18,15.5791501999
2013-12-19,15.4084920883
2013-12-20,15.5913438797
2013-12-23,15.6401033401
2013-12-24,15.7254390717
2013-12-26,15.7376279831
2013-12-27,15.8961009979
2013-12-30,15.9204788208
2013-12-31,16.0545749664
2014-01-02,15.7985782623
2014-01-03,15.6888637543
2014-01-06,15.5791501999
2014-01-07,15.6035366058
2014-01-08,15.6766719818
2014-01-09,15.6766719818
2014-01-10,15.7741994858
2014-01-13,15.6157217026
2014-01-14,15.5913438797
2014-01-15,15.5791501999
2014-01-16,15.5669631958
2014-01-17,15.481628418
2014-01-21,15.371919632
2014-01-22,15.4572505951
2014-01-23,15.2134447098
2014-01-24,14.9330701828
2014-01-27,14.9330701828
2014-01-28,15.2134447098
2014-01-29,14.8233566284
2014-01-30,15.0062103271
2014-01-31,14.8964996338
2014-02-03,14.5917434692
2014-02-04,14.811170578
2014-02-05,14.774597168
2014-02-06,14.9696397781
2014-02-07,15.1037349701
2014-02-10,14.9818277359
2014-02-11,15.2134447098
2014-02-12,15.1403045654
2014-02-13,15.2134447098
2014-02-14,15.3597278595
2014-02-18,15.44506073
2014-02-19,15.4328708649
2014-02-20,15.5182056427
2014-02-21,15.4938192368
2014-02-24,15.6401033401
2014-02-25,15.481628418
2014-02-26,15.3963003159
2014-02-27,15.5425834656
2014-02-28,15.44506073
2014-03-03,15.2865839005
2014-03-04,15.4572505951
2014-03-05,15.3231592178
2014-03-06,15.5547704697
2014-03-07,15.4938192368
2014-03-10,15.44506073
2014-03-11,15.3475399017
2014-03-12,15.3841085434
2014-03-13,15.0793571472
2014-03-14,15.1890649796
2014-03-17,15.3475399017
2014-03-18,15.2987756729
2014-03-19,15.0793571472
2014-03-20,14.9696397781
2014-03-21,15.1524925232
2014-03-24,15.3109693527
2014-03-25,15.4572505951
2014-03-26,15.5669631958
2014-03-27,15.7254390717
2014-03-28,15.8717184067
2014-03-31,15.9204788208
2014-04-01,16.0180034637
2014-04-02,15.9692440033
2014-04-03,16.0423812866
2014-04-04,16.0301895142
2014-04-07,15.9692440033
2014-04-08,16.2130489349
2014-04-09,16.2861862183
2014-04-10,16.2008552551
2014-04-11,16.2008552551
2014-04-14,16.2374267578
2014-04-15,16.4080886841
2014-04-16,16.469045639
2014-04-17,16.5178050995
2014-04-21,16.4446620941
2014-04-22,16.5056095123
2014-04-23,16.3349533081
2014-04-24,16.469045639
2014-04-25,16.2983798981
2014-04-28,16.3837108612
2014-04-29,16.395898819
2014-04-30,16.5909404755
2014-05-01,16.6275157928
2014-05-02,16.5665626526
2014-05-05,16.5909404755
2014-05-06,16.5909404755
2014-05-07,16.5909404755
2014-05-08,16.5909404755
2014-05-09,16.6275157928
2014-05-12,16.6640853882
2014-05-13,16.60313797
2014-05-14,16.749420166
2014-05-15,16.7006549835
2014-05-16,16.7738018036
2014-05-19,16.8347492218
2014-05-20,16.7250385284
2014-05-21,16.7981796265
2014-05-22,16.7616100311
2014-05-23,16.7981796265
2014-05-27,16.7250385284
2014-05-28,16.7616100311
2014-05-29,16.9444599152
2014-05-30,16.8957023621
2014-06-02,16.8469429016
2014-06-03,16.8225593567
2014-06-04,16.7006549835
2014-06-05,16.8225593567
2014-06-06,16.9322738647
2014-06-09,17.0419826508
2014-06-10,16.9932231903
2014-06-11,16.8469429016
2014-06-12,16.8347492218
2014-06-13,16.859128952
2014-06-16,16.8225593567
2014-06-17,16.6884651184
2014-06-18,16.859128952
2014-06-19,16.749420166
2014-06-20,16.6762771606
2014-06-23,16.6884651184
2014-06-24,16.6884651184
2014-06-25,16.7515182495
2014-06-26,16.813331604
2014-06-27,16.8009662628
2014-06-30,16.7144317627
2014-07-01,16.7144317627
2014-07-02,16.7886047363
2014-07-03,16.8875102997
2014-07-07,16.9122333527
2014-07-08,16.8627815247
2014-07-09,16.9369564056
2014-07-10,16.8504238129
2014-07-11,16.986410141
2014-07-14,17.0235004425
2014-07-15,17.0358600616
2014-07-16,17.11003685
2014-07-17,16.9493198395
2014-07-18,17.1842098236
2014-07-21,17.2089385986
2014-07-22,17.3325653076
2014-07-23,17.4438285828
2014-07-24,17.4685535431
2014-07-25,17.3572921753
2014-07-28,17.4314689636
2014-07-29,17.3943824768
2014-07-30,17.3820152283
2014-07-31,17.3820152283
2014-08-01,17.3572921753
2014-08-04,17.2954788208
2014-08-05,17.2089385986
2014-08-06,17.1718521118
2014-08-07,17.0976715088
2014-08-08,17.0235004425
2014-08-11,17.1718521118
2014-08-12,17.085313797
2014-08-13,17.2213001251
2014-08-14,17.2089385986
2014-08-15,17.233663559
2014-08-18,17.2089385986
2014-08-19,17.2954788208
2014-08-20,17.2089385986
2014-08-21,17.2089385986
2014-08-22,17.2089385986
2014-08-25,17.2954788208
2014-08-26,17.2831134796
2014-08-27,17.3943824768
2014-08-28,17.3449230194
2014-08-29,17.2583885193
2014-09-02,17.1594905853
2014-09-03,17.3572921753
2014-09-04,17.233663559
2014-09-05,17.233663559
2014-09-08,17.060585022
2014-09-09,17.0111370087
2014-09-10,17.085313797
2014-09-11,17.0111370087
2014-09-12,17.0111370087
2014-09-15,16.8009662628
2014-09-16,16.813331604
2014-09-17,16.7267894745
2014-09-18,16.7515182495
2014-09-19,16.7515182495
2014-09-22,16.6278877258
2014-09-23,16.7020683289
2014-09-24,16.8009662628
2014-09-25,16.5537128448
2014-09-26,16.6773414612
2014-09-29,16.5784416199
2014-09-30,16.4919013977
2014-10-01,16.3930015564
2014-10-02,16.3806343079
2014-10-03,16.3559150696
2014-10-06,16.4177188873
2014-10-07,16.269367218
2014-10-08,16.4424495697
2014-10-09,16.4053630829
2014-10-10,16.1086540222
2014-10-13,16.0962905884
2014-10-14,16.0962905884
2014-10-15,16.0962905884
2014-10-16,15.9108486176
2014-10-17,15.9973917007
2014-10-20,16.0962905884
2014-10-21,16.2570037842
2014-10-22,16.2199230194
2014-10-23,16.2817344666
2014-10-24,16.2817344666
2014-10-27,16.1704692841
2014-10-28,16.3064575195
2014-10-29,16.1951961517
2014-10-30,16.269367218
2014-10-31,16.4053630829
2014-11-03,16.4053630829
2014-11-04,16.3930015564
2014-11-05,16.3682727814
2014-11-06,16.3682727814
2014-11-07,16.4919013977
2014-11-10,16.5166225433
2014-11-11,16.4671726227
2014-11-12,16.3930015564
2014-11-13,16.4795379639
2014-11-14,16.5289878845
2014-11-17,16.4053630829
2014-11-18,16.5166225433
2014-11-19,16.4919013977
2014-11-20,16.4424495697
2014-11-21,16.6773414612
2014-11-24,16.5537128448
2014-11-25,16.6031627655
2014-11-26,16.6649799347
2014-11-28,16.5784416199
2014-12-01,16.2570037842
2014-12-02,16.3064575195
2014-12-03,16.2446460724
2014-12-04,16.1951961517
2014-12-05,16.2075576782
2014-12-08,16.1210174561
2014-12-09,16.2817344666
2014-12-10,16.3930015564
2014-12-11,16.4300842285
2014-12-12,16.3064575195
2014-12-15,16.145740509
2014-12-16,15.9232139587
2014-12-17,15.9950580597
2014-12-18,16.0832901001
2014-12-19,16.1967315674
2014-12-22,16.4614200592
2014-12-23,16.3731899261
2014-12-24,16.4740276337
2014-12-26,16.4866352081
2014-12-29,16.4866352081
2014-12-30,16.5496559143
2014-12-31,16.4866352081
2015-01-02,16.3479862213
2015-01-05,15.9950580597
2015-01-06,15.8059911728
2015-01-07,15.9824552536
2015-01-08,16.3101673126
2015-01-09,16.1211032867
2015-01-12,16.0202674866
2015-01-13,16.0454807281
2015-01-14,15.9824552536
2015-01-15,16.1337070465
2015-01-16,16.0580825806
2015-01-20,16.0706825256
2015-01-21,16.1967315674
2015-01-22,16.3857955933
2015-01-23,16.3479862213
2015-01-26,16.2975673676
2015-01-27,16.2975673676
2015-01-28,16.0958938599
2015-01-29,16.2849597931
2015-01-30,16.0958938599
2015-02-02,16.2849597931
2015-02-03,16.3353786469
2015-02-04,16.3353786469
2015-02-05,16.3479862213
2015-02-06,16.3353786469
2015-02-09,16.2219371796
2015-02-10,16.2597541809
2015-02-11,16.2471504211
2015-02-12,16.2849597931
2015-02-13,16.3353786469
2015-02-17,16.2597541809
2015-02-18,16.3353786469
2015-02-19,16.2471504211
2015-02-20,16.3353786469
2015-02-23,16.234544754
2015-02-24,16.3731899261
2015-02-25,16.3984012604
2015-02-26,16.2849597931
2015-02-27,16.1589183807
2015-03-02,16.0958938599
2015-03-03,16.1211032867
2015-03-04,16.0328769684
2015-03-05,15.9824552536
2015-03-06,15.8311986923
2015-03-09,15.755572319
2015-03-10,15.5412960052
2015-03-11,15.4656705856
2015-03-12,15.6043205261
2015-03-13,15.4656705856
2015-03-16,15.6547384262
2015-03-17,15.6043205261
2015-03-18,15.8059911728
2015-03-19,15.6925516129
2015-03-20,16.0202674866
2015-03-23,16.1589183807
2015-03-24,16.1337070465
2015-03-25,16.0202674866
2015-03-26,16.1589183807
2015-03-27,16.234544754
2015-03-30,16.2219371796
2015-03-31,16.1337070465
2015-04-01,16.2471504211
2015-04-02,16.4362125397
2015-04-06,16.4740276337
2015-04-07,16.3731899261
2015-04-08,16.5622596741
2015-04-09,16.4992351532
2015-04-10,16.4614200592
2015-04-13,16.3984012604
2015-04-14,16.7513256073
2015-04-15,16.9529933929
2015-04-16,16.9908103943
2015-04-17,16.9529933929
2015-04-20,16.9151802063
2015-04-21,16.8521575928
2015-04-22,16.9151802063
2015-04-23,17.003408432
2015-04-24,17.1798782349
2015-04-27,17.2302951813
2015-04-28,17.3563423157
2015-04-29,17.3059177399
2015-04-30,17.242898941
2015-05-01,17.2555046082
2015-05-04,17.1798782349
2015-05-05,17.041229248
2015-05-06,17.0160217285
2015-05-07,16.9403953552
2015-05-08,17.1042480469
2015-05-11,16.9908103943
2015-05-12,16.9025802612
2015-05-13,17.041229248
2015-05-14,17.1798782349
2015-05-15,17.205083847
2015-05-18,17.041229248
2015-05-19,16.9529933929
2015-05-20,16.9025802612
2015-05-21,16.9529933929
2015-05-22,16.9277877808
2015-05-26,16.6252784729
2015-05-27,16.4992351532
2015-05-28,16.4488182068
2015-05-29,16.234544754
2015-06-01,16.146314621
2015-06-02,16.1211032867
2015-06-03,16.1841259003
2015-06-04,16.0832901001
2015-06-05,15.9194335938
2015-06-08,15.8564052582
2015-06-09,15.8942213058
2015-06-10,16.1967315674
2015-06-11,16.234544754
2015-06-12,16.2723560333
2015-06-15,16.0832901001
2015-06-16,16.1337070465
2015-06-17,16.3479862213
2015-06-18,16.3353786469
2015-06-19,16.1841259003
2015-06-22,16.3101673126
2015-06-23,16.3227729797
2015-06-24,16.2975673676
2015-06-25,16.2975654602
2015-06-26,16.067483902
2015-06-29,15.8374013901
2015-06-30,16.067483902
2015-07-01,16.093044281
2015-07-02,16.1441764832
2015-07-06,16.1441764832
2015-07-07,16.0802612305
2015-07-08,15.8246202469
2015-07-09,15.811832428
2015-07-10,16.0035705566
2015-07-13,16.0802612305
2015-07-14,16.0291366577
2015-07-15,15.9780044556
2015-07-16,16.13139534
2015-07-17,16.093044281
2015-07-20,16.1441764832
2015-07-21,16.1441764832
2015-07-22,16.0291366577
2015-07-23,15.9907894135
2015-07-24,15.939658165
2015-07-27,15.7095746994
2015-07-28,15.747923851
2015-07-29,15.7990531921
2015-07-30,15.5178442001
2015-07-31,15.3900156021
2015-08-03,15.211060524
2015-08-04,15.2238464355
2015-08-05,15.1343631744
2015-08-06,15.0960197449
2015-08-07,15.0960197449
2015-08-10,15.2494077682
2015-08-11,14.6230697632
2015-08-12,14.3035106659
2015-08-13,14.4185523987
2015-08-14,14.5080308914
2015-08-17,14.2651643753
2015-08-18,14.1884679794
2015-08-19,14.0862092972
2015-08-20,13.8689088821
2015-08-21,13.5365657806
2015-08-24,13.0124883652
2015-08-25,13.3576154709
2015-08-26,13.5749120712
2015-08-27,13.8689088821
2015-08-28,13.792216301
2015-08-31,13.5237827301
2015-09-01,13.2297887802
2015-09-02,13.408741951
2015-09-03,13.4215250015
2015-09-04,13.1147470474
2015-09-08,13.408741951
2015-09-09,13.5110006332
2015-09-10,13.4470911026
2015-09-11,13.4982194901
2015-09-14,13.408741951
2015-09-15,13.4982194901
2015-09-16,13.6643896103
2015-09-17,13.7027368546
2015-09-18,13.5110006332
2015-09-21,13.4854354858
2015-09-22,13.3192663193
2015-09-23,13.1275310516
2015-09-24,13.1147470474
2015-09-25,13.0252685547
2015-09-28,12.7440576553
2015-09-29,12.8335351944
2015-09-30,12.9997062683
2015-10-01,12.9230108261
2015-10-02,12.9485769272
2015-10-05,13.344827652
2015-10-06,13.4726543427
2015-10-07,13.9583826065
2015-10-08,13.9967336655
2015-10-09,14.2779445648
2015-10-12,14.3418550491
2015-10-13,14.1245565414
2015-10-14,14.3290729523
2015-10-15,14.546377182
2015-10-16,14.546377182
2015-10-19,14.4568977356
2015-10-20,14.4568977356
2015-10-21,14.3418550491
2015-10-22,14.5975055695
2015-10-23,14.6614208221
2015-10-26,14.6997652054
2015-10-27,14.4824619293
2015-10-28,14.4185523987
2015-10-29,14.2395973206
2015-10-30,14.2140331268
2015-11-02,14.2395973206
2015-11-03,14.4057693481
2015-11-04,14.4057693481
2015-11-05,14.3290729523
2015-11-06,14.1501245499
2015-11-09,13.8433446884
2015-11-10,13.8049936295
2015-11-11,13.8433446884
2015-11-12,13.6771726608
2015-11-13,13.4726543427
2015-11-16,13.6388235092
2015-11-17,13.600479126
2015-11-18,13.5110006332
2015-11-19,13.689956665
2015-11-20,13.7410850525
2015-11-23,13.5749120712
2015-11-24,13.7538700104
2015-11-25,13.6388235092
2015-11-27,13.3576154709
2015-11-30,13.4343070984
2015-12-01,13.6132593155
2015-12-02,13.4470911026
2015-12-03,13.5493507385
2015-12-04,13.7155189514
2015-12-07,13.6132593155
2015-12-08,13.5237827301
2015-12-09,13.4598712921
2015-12-10,13.4854354858
2015-12-11,13.2425680161
2015-12-14,13.2681360245
2015-12-15,13.3959589005
2015-12-16,13.4982194901
2015-12-17,13.3320455551
2015-12-18,13.2809181213
2015-12-21,13.440738678
2015-12-22,13.5193376541
2015-12-23,13.6241397858
2015-12-24,13.6110439301
2015-12-28,13.5717382431
2015-12-29,13.6241397858
2015-12-30,13.5455389023
2015-12-31,13.4669399261
2016-01-04,13.16563797
2016-01-05,13.2180356979
2016-01-06,12.9560346603
2016-01-07,12.6023311615
2016-01-08,12.5499267578
2016-01-11,12.5630311966
2016-01-12,12.5368318558
2016-01-13,12.2748279572
2016-01-14,12.3534297943
2016-01-15,11.9735250473
2016-01-19,12.1438274384
2016-01-20,11.7901210785
2016-01-21,11.8294239044
2016-01-22,12.1045274734
2016-01-25,11.9473266602
2016-01-26,12.0783262253
2016-01-27,11.8687257767
2016-01-28,11.9211244583
2016-01-29,12.3010292053
2016-02-01,12.1569252014
2016-02-02,11.8425254822
2016-02-03,11.9735250473
2016-02-04,12.2224273682
2016-02-05,12.3534297943
2016-02-08,12.3010292053
2016-02-09,12.1045274734
2016-02-10,12.3010292053
2016-02-11,12.1569252014
2016-02-12,12.3141269684
2016-02-16,12.6678342819
2016-02-17,12.680932045
2016-02-18,12.6940326691
2016-02-19,12.6416320801
2016-02-22,12.8643302917
2016-02-23,12.7202320099
2016-02-24,12.5368318558
2016-02-25,12.5499267578
2016-02-26,12.5499267578
2016-02-29,12.7071313858
2016-03-01,12.9691343307
2016-03-02,13.1394357681
2016-03-03,13.4800405502
2016-03-04,13.8992414474
2016-03-07,13.8468437195
2016-03-08,13.5324440002
2016-03-09,13.6896448135
2016-03-10,13.6634407043
2016-03-11,13.925444603
2016-03-14,13.8861436844
2016-03-15,13.8075418472
2016-03-16,14.0433473587
2016-03-17,14.4232492447
2016-03-18,14.4232492447
2016-03-21,14.3446502686
2016-03-22,14.3315458298
2016-03-23,14.1350469589
2016-03-24,14.030248642
2016-03-28,13.9385442734
2016-03-29,14.1088476181
2016-03-30,14.357749939
2016-03-31,14.2267475128
2016-04-01,14.200545311
2016-04-04,14.0695447922
2016-04-05,13.8337459564
2016-04-06,14.0695447922
2016-04-07,13.8861436844
2016-04-08,13.9385442734
2016-04-11,14.0695447922
2016-04-12,14.1743469238
2016-04-13,14.47564888
2016-04-14,14.4363470078
2016-04-15,14.47564888
2016-04-18,14.5935506821
2016-04-19,14.8948554993
2016-04-20,14.8293542862
2016-04-21,14.6852483749
2016-04-22,14.6066513062
2016-04-25,14.5018510818
2016-04-26,14.4887485504
2016-04-27,14.4625530243
2016-04-28,14.3839502335
2016-04-29,14.2398471832
2016-05-02,14.2791461945
2016-05-03,13.9385442734
2016-05-04,13.6896448135
2016-05-05,13.7027444839
2016-05-06,13.6372432709
2016-05-09,13.5324440002
2016-05-10,13.5586414337
2016-05-11,13.4931402206
2016-05-12,13.4800405502
2016-05-13,13.3883390427
2016-05-16,13.4931402206
2016-05-17,13.5455389023
2016-05-18,13.4538412094
2016-05-19,13.2966403961
2016-05-20,13.440738678
2016-05-23,13.440738678
2016-05-24,13.4800405502
2016-05-25,13.5717382431
2016-05-26,13.6110439301
2016-05-27,13.6634407043
2016-05-31,13.6503448486
2016-06-01,13.6241397858
2016-06-02,13.6765403748
2016-06-03,13.9123439789
2016-06-06,14.1088476181
2016-06-07,14.200545311
2016-06-08,14.3184461594
2016-06-09,14.200545311
2016-06-10,13.8337459564
2016-06-13,13.6765403748
2016-06-14,13.6503448486
2016-06-15,13.7420396805
2016-06-16,13.7289419174
2016-06-17,13.7289419174
2016-06-20,14.0171470642
2016-06-21,13.9778423309
2016-06-22,14.0753698349
2016-06-23,14.2466983795
2016-06-24,13.5350265503
2016-06-27,13.3241577148
2016-06-28,13.7722492218
2016-06-29,14.0885505676
2016-06-30,14.3257751465
2016-07-01,14.3916721344
2016-07-05,14.2730588913
2016-07-06,14.2203407288
2016-07-07,14.2335205078
2016-07-08,14.4312124252
2016-07-11,14.4180316925
2016-07-12,14.5893602371
2016-07-13,14.5893602371
2016-07-14,14.747508049
2016-07-15,14.6684350967
2016-07-18,14.7079734802
2016-07-19,14.5102825165
2016-07-20,14.5761804581
2016-07-21,14.5102825165
2016-07-22,14.5366439819
2016-07-25,14.36531353
2016-07-26,14.4312124252
2016-07-27,14.549826622
2016-07-28,14.4312124252
2016-07-29,14.3916721344
2016-08-01,14.4312124252
2016-08-02,14.2730588913
2016-08-03,14.2730588913
2016-08-04,14.2862386703
2016-08-05,14.2862386703
2016-08-08,14.4048519135
2016-08-09,14.4443874359
2016-08-10,14.4312124252
2016-08-11,14.5234642029
2016-08-12,14.36531353
2016-08-15,14.4971075058
2016-08-16,14.4180316925
2016-08-17,14.3521347046
2016-08-18,14.4312124252
2016-08-19,14.3257751465
2016-08-22,14.2071647644
2016-08-23,14.2598762512
2016-08-24,14.3257751465
2016-08-25,14.4443874359
2016-08-26,14.2071647644
2016-08-29,14.1939840317
2016-08-30,14.0490140915
2016-08-31,13.9567604065
2016-09-01,14.0226583481
2016-09-02,14.0226583481
2016-09-06,14.6288957596
2016-09-07,14.5761804581
2016-09-08,14.4839286804
2016-09-09,14.1412668228
2016-09-12,14.1808042526
2016-09-13,13.8381471634
2016-09-14,13.8908624649
2016-09-15,14.0490140915
2016-09-16,13.9699373245
2016-09-19,14.0885505676
2016-09-20,14.1280899048
2016-09-21,14.3916721344
2016-09-22,14.3257751465
2016-09-23,14.1544466019
2016-09-26,14.1017313004
2016-09-27,14.2203407288
2016-09-28,14.2862386703
2016-09-29,14.2071647644
2016-09-30,14.3125925064
2016-10-03,14.2466983795
2016-10-04,14.1149101257
2016-10-05,14.3257751465
2016-10-06,14.2862386703
2016-10-07,14.1280899048
2016-10-10,14.1280899048
2016-10-11,13.8645038605
2016-10-12,13.732711792
2016-10-13,13.6931762695
2016-10-14,13.6799955368
2016-10-17,13.7195329666
2016-10-18,13.7986078262
2016-10-19,13.8513231277
2016-10-20,13.7854309082
2016-10-21,13.732711792
2016-10-24,13.8513231277
2016-10-25,13.8381471634
2016-10-26,13.7063550949
2016-10-27,13.6668138504
2016-10-28,13.5877437592
2016-10-31,13.640458107
2016-11-01,13.5745620728
2016-11-02,13.6009178162
2016-11-03,13.6536369324
2016-11-04,13.5350265503
2016-11-07,13.7722492218
2016-11-08,13.8776817322
2016-11-09,13.6668138504
2016-11-10,13.5218486786
2016-11-11,13.4164133072
2016-11-14,13.3175697327
2016-11-15,13.4823074341
2016-11-16,13.4230051041
2016-11-17,13.5086660385
2016-11-18,13.5679721832
2016-11-21,13.581152916
2016-11-22,13.607509613
2016-11-23,13.5218486786
2016-11-25,13.7524814606
2016-11-28,13.8381471634
2016-11-29,13.8249664307
2016-11-30,13.8710918427
2016-12-01,14.0226583481
2016-12-02,14.1215019226
2016-12-05,14.2796487808
2016-12-06,14.3060026169
2016-12-07,14.4971075058
2016-12-08,14.3850793839
2016-12-09,14.3060026169
2016-12-12,14.3191843033
2016-12-13,14.3850793839
2016-12-14,14.1083192825
2016-12-15,13.9567604065
2016-12-16,13.9567604065
2016-12-19,13.7788410187
2016-12-20,13.8513231277
2016-12-21,13.8050613403
2016-12-22,13.5737295151
2016-12-23,13.6145505905
2016-12-27,13.6417665482
2016-12-28,13.6621789932
2016-12-29,13.6893930435
2016-12-30,13.5601186752
2017-01-03,13.6961984634
2017-01-04,13.9139194489
2017-01-05,14.179271698
2017-01-06,14.0908231735
2017-01-09,14.1996841431
2017-01-10,14.3357601166
2017-01-11,14.4106054306
2017-01-12,14.4446249008
2017-01-13,14.5398807526
2017-01-17,14.5058584213
2017-01-18,14.3969926834
2017-01-19,14.4650325775
2017-01-20,14.5466823578
2017-01-23,14.6487379074
2017-01-24,14.7644062042
2017-01-25,14.8256425858
2017-01-26,14.7031679153
2017-01-27,14.6827583313
2017-01-30,14.7916193008
2017-01-31,14.8120317459
2017-02-01,14.8460474014
2017-02-02,14.8528528214
2017-02-03,14.9140892029
2017-02-06,14.8800735474
2017-02-07,14.8392457962
2017-02-08,14.8460474014
2017-02-09,14.934504509
2017-02-10,15.0093460083
2017-02-13,15.0025396347
2017-02-14,14.832444191
2017-02-15,14.9004859924
2017-02-16,14.9004859924
2017-02-17,14.9685239792
2017-02-21,14.9072856903
2017-02-22,15.1386194229
2017-02-23,15.233874321
2017-02-24,15.1726369858
2017-02-27,15.1454229355
2017-02-28,15.1862468719
2017-03-01,15.2066583633
2017-03-02,15.0501680374
2017-03-03,15.1590299606
2017-03-06,15.1045980453
2017-03-07,15.1454229355
2017-03-08,15.0977945328
2017-03-09,14.9413070679
2017-03-10,15.1930494308
2017-03-13,15.2134628296
2017-03-14,15.1318159103
2017-03-15,15.4039697647
2017-03-16,15.4992256165
2017-03-17,15.4720087051
2017-03-20,15.4856147766
2017-03-21,15.2951040268
2017-03-22,15.2746963501
2017-03-23,15.2951040268
2017-03-24,15.3903627396
2017-03-27,15.3971652985
2017-03-28,15.4992256165
2017-03-29,15.6421041489
2017-03-30,15.5536556244
2017-03-31,15.5196352005
2017-04-03,15.6012811661
2017-04-04,15.5604600906
2017-04-05,15.4447927475
2017-04-06,15.4583997726
2017-04-07,15.4107723236
2017-04-10,15.4107723236
2017-04-11,15.4243812561
2017-04-12,15.4924192429
2017-04-13,15.4039697647
2017-04-17,15.4107723236
2017-04-18,15.3019132614
2017-04-19,15.1998567581
2017-04-20,15.3427333832
2017-04-21,15.3495349884
2017-04-24,15.4515943527
2017-04-25,15.5876722336
2017-04-26,15.5944786072
2017-04-27,15.5876722336
2017-04-28,15.63530159
2017-05-01,15.7169485092
2017-05-02,15.9006557465
2017-05-03,15.9686927795
2017-05-04,15.9142608643
2017-05-05,15.9618883133
2017-05-08,15.9210653305
2017-05-09,15.9482803345
2017-05-10,15.98229599
2017-05-11,16.0231208801
2017-05-12,16.0639457703
2017-05-15,16.2136325836
2017-05-16,16.0707492828
2017-05-17,15.98229599
2017-05-18,16.0299282074
2017-05-19,16.2000236511
2017-05-22,16.2136325836
2017-05-23,16.1728076935
2017-05-24,16.2680606842
2017-05-25,16.2612571716
2017-05-26,16.2204341888
2017-05-30,16.0911579132
2017-05-31,16.1183738708
2017-06-01,16.2340431213
2017-06-02,16.3429069519
2017-06-05,16.2408485413
2017-06-06,16.2272396088
2017-06-07,16.2068271637
2017-06-08,16.2680606842
2017-06-09,16.2884750366
2017-06-12,16.2544536591
2017-06-13,16.3905315399
2017-06-14,16.3497123718
2017-06-15,16.159198761
2017-06-16,16.1796092987
2017-06-19,16.2340431213
2017-06-20,16.0944213867
2017-06-21,16.0325164795
2017-06-22,16.0944213867
2017-06-23,16.06690979
2017-06-26,16.0944213867
2017-06-27,16.0531539917
2017-06-28,16.2388572693
2017-06-29,16.3420276642
2017-06-30,16.2457332611
2017-07-03,16.1769561768
2017-07-05,16.3282680511
2017-07-06,16.1081771851
2017-07-07,16.1425647736
2017-07-10,16.2113456726
2017-07-11,16.1563167572
2017-07-12,16.2250995636
2017-07-13,16.3076400757
2017-07-14,16.6652927399
2017-07-17,16.7547054291
2017-07-18,16.7478256226
2017-07-19,16.9197750092
2017-07-20,16.7547054291
2017-07-21,16.9129009247
2017-07-24,16.9335289001
2017-07-25,17.0160655975
2017-07-26,17.1536254883
2017-07-27,17.2292823792
2017-07-28,17.0848484039
2017-07-31,17.0917243958
2017-08-01,17.2017707825
2017-08-02,17.2292823792
2017-08-03,17.2499141693
2017-08-04,17.1811332703
2017-08-07,17.0779705048
2017-08-08,17.0229434967
2017-08-09,16.954164505
2017-08-10,16.9060173035
2017-08-11,16.9335289001
2017-08-14,17.0298194885
2017-08-15,16.8785076141
2017-08-16,16.940404892
2017-08-17,16.6790504456
2017-08-18,16.7547054291
2017-08-21,16.7615833282
2017-08-22,16.8785076141
2017-08-23,16.8853855133
2017-08-24,16.9610443115
2017-08-25,16.9197750092
2017-08-28,16.9954299927
2017-08-29,16.9679203033
2017-08-30,16.940404892
2017-08-31,17.0298194885
2017-09-01,17.0848484039
2017-09-05,16.9129009247
2017-09-06,16.9129009247
2017-09-07,17.009185791
2017-09-08,16.9472846985
2017-09-11,16.9472846985
2017-09-12,16.9129009247
2017-09-13,16.8028507233
2017-09-14,16.7615833282
2017-09-15,16.7822151184
2017-09-18,16.8578701019
2017-09-19,16.8441181183
2017-09-20,16.7478256226
2017-09-21,16.7409477234
2017-09-22,16.8166046143
2017-09-25,16.7065601349
2017-09-26,16.727191925
2017-09-27,16.7890930176
2017-09-28,16.7890930176
2017-09-29,16.8028507233
2017-10-02,16.8785076141
2017-10-03,16.8166046143
2017-10-04,16.7822151184
2017-10-05,16.9060173035
2017-10-06,16.9679203033
2017-10-09,17.0023097992
2017-10-10,17.1536254883
2017-10-11,17.1261119843
2017-10-12,17.208650589
2017-10-13,17.3530864716
2017-10-16,17.3530864716
2017-10-17,17.2980651855
2017-10-18,17.3393268585
2017-10-19,17.3737220764
2017-10-20,17.3393268585
2017-10-23,17.2911872864
2017-10-24,17.2843055725
2017-10-25,17.2774295807
2017-10-26,17.3393268585
2017-10-27,17.5594215393
2017-10-30,17.5525436401
2017-10-31,17.5594215393
2017-11-01,17.6763496399
2017-11-02,17.7038650513
2017-11-03,17.6488361359
2017-11-06,17.6144485474
2017-11-07,17.6350803375
2017-11-08,17.7520065308
2017-11-09,17.7657642365
2017-11-10,17.786397934
2017-11-13,17.827665329
2017-11-14,17.7038650513
2017-11-15,17.6144485474
2017-11-16,17.6006946564
2017-11-17,17.7244968414
2017-11-20,17.800151825
2017-11-21,18.0890274048
2017-11-22,18.1715602875
2017-11-24,18.2197055817
2017-11-27,18.137172699
2017-11-28,18.2403430939
2017-11-29,18.0890274048
2017-11-30,18.1853199005
2017-12-01,18.2128295898
2017-12-04,18.1165370941
2017-12-05,18.1715602875
2017-12-06,17.9858589172
2017-12-07,17.9721031189
2017-12-08,18.15092659
2017-12-11,18.3160018921
2017-12-12,18.3160018921
2017-12-13,18.4191684723
2017-12-14,18.2265872955
2017-12-15,18.2128295898
2017-12-18,18.2197055817
2017-12-19,18.1146869659
2017-12-20,18.1217327118
2017-12-21,18.1710758209
2017-12-22,18.1428813934
2017-12-26,18.1217327118
2017-12-27,18.1922187805
2017-12-28,18.2627029419
2017-12-29,18.2768001556
2018-01-02,18.6362743378
2018-01-03,18.8688735962
2018-01-04,19.0521392822
2018-01-05,19.0521392822
2018-01-08,19.0521392822
2018-01-09,19.0591869354
2018-01-10,19.0239448547
2018-01-11,19.1860580444
2018-01-12,19.2776927948
2018-01-16,19.3058815002
2018-01-17,19.3975143433
2018-01-18,19.2635936737
2018-01-19,19.4539051056
2018-01-22,19.5102901459
2018-01-23,19.5948734283
2018-01-24,19.869764328
2018-01-25,19.7146987915
2018-01-26,19.7710895538
2018-01-29,19.6935539246
2018-01-30,19.4961948395
2018-01-31,19.3975143433
2018-02-01,19.446855545
2018-02-02,19.0309906006
2018-02-05,18.495306015
2018-02-06,18.622177124
2018-02-07,18.3754787445
2018-02-08,18.016002655
2018-02-09,18.2345142365
2018-02-12,18.3331890106
2018-02-13,18.4812088013
2018-02-14,18.6715202332
2018-02-15,19.0380401611
2018-02-16,19.0027999878
2018-02-20,18.8477306366
2018-02-21,19.0098495483
2018-02-22,18.9534568787
2018-02-23,19.2776927948
2018-02-26,19.4327545166
2018-02-27,18.9816532135
2018-02-28,18.8124885559
2018-03-01,18.7420043945
2018-03-02,18.8477306366
2018-03-05,18.7420043945
2018-03-06,18.8970718384
2018-03-07,18.8336334229
2018-03-08,18.8618278503
2018-03-09,19.0732822418
2018-03-12,19.2635936737
2018-03-13,19.2213039398
2018-03-14,19.2495002747
2018-03-15,19.0803356171
2018-03-16,19.0027999878
2018-03-19,18.8688735962
2018-03-20,18.9605064392
2018-03-21,19.0732822418
2018-03-22,18.6715202332
2018-03-23,18.3402404785
2018-03-26,18.6715202332
2018-03-27,18.5305500031
2018-03-28,18.3543338776
2018-03-29,18.7983932495
2018-04-02,18.4812088013
2018-04-03,18.608083725
2018-04-04,18.4036750793
2018-04-05,18.5234985352
2018-04-06,18.5234985352
2018-04-09,18.6926651001
2018-04-10,18.9252605438
2018-04-11,18.9605064392
2018-04-12,18.918214798
2018-04-13,19.0380401611
2018-04-16,19.0732822418
2018-04-17,19.1367149353
2018-04-18,19.4750499725
2018-04-19,19.5666790009
2018-04-20,19.446855545
2018-04-23,19.3693218231
2018-04-24,19.3058815002
2018-04-25,19.3199825287
2018-04-26,19.4679985046
2018-04-27,19.5596294403
2018-04-30,19.6371669769
2018-05-01,19.5878257751
2018-05-02,19.5948734283
2018-05-03,19.5384845734
2018-05-04,19.4398059845
2018-05-07,19.2424488068
2018-05-08,19.207201004
2018-05-09,19.1014766693
2018-05-10,19.3693218231
2018-05-11,19.5102901459
2018-05-14,19.3481731415
2018-05-15,19.0027999878
2018-05-16,19.2213039398
2018-05-17,19.1790122986
2018-05-18,19.0027999878
2018-05-21,19.228351593
2018-05-22,19.1508197784
2018-05-23,18.9323158264
2018-05-24,19.0944290161
2018-05-25,18.9887008667
2018-05-29,18.7349529266
2018-05-30,18.7701969147
2018-05-31,18.6292304993
2018-06-01,18.6785697937
2018-06-04,18.8759231567
2018-06-05,18.918214798
2018-06-06,18.974603653
2018-06-07,18.8265857697
2018-06-08,18.7138080597
2018-06-11,18.6644668579
2018-06-12,18.5516929626
2018-06-13,18.2979450226
2018-06-14,17.9666652679
2018-06-15,17.8115978241
2018-06-18,17.6142406464
2018-06-19,17.5682353973
2018-06-20,17.4891662598
2018-06-21,17.2950801849
2018-06-22,17.3094558716
2018-06-25,17.0938072205
2018-06-26,17.201631546
2018-06-27,16.9716091156
2018-06-28,17.1009979248
2018-06-29,17.244764328
2018-07-02,16.9428539276
2018-07-03,16.8709697723
2018-07-05,17.0794315338
2018-07-06,16.7990875244
2018-07-09,17.0075492859
2018-07-10,17.244764328
2018-07-11,16.921289444
2018-07-12,17.0291118622
2018-07-13,16.9428539276
2018-07-16,16.921289444
2018-07-17,16.9859809875
2018-07-18,16.9428539276
2018-07-19,17.0003604889
2018-07-20,17.2231998444
2018-07-23,17.1369400024
2018-07-24,17.2375736237
2018-07-25,17.5969905853
2018-07-26,17.5035419464
2018-07-27,17.4532241821
2018-07-30,17.3310241699
2018-07-31,17.553861618
2018-08-01,17.4891662598
2018-08-02,17.201631546
2018-08-03,17.1585044861
2018-08-06,17.2231998444
2018-08-07,17.6113681793
2018-08-08,17.6473083496
2018-08-09,17.561050415
2018-08-10,17.1944446564
2018-08-13,17.0003604889
2018-08-14,17.0650501251
2018-08-15,16.9069137573
2018-08-16,17.0291118622
2018-08-17,17.0650501251
2018-08-20,17.0866203308
2018-08-21,17.1944446564
2018-08-22,17.201631546
2018-08-23,17.244764328
2018-08-24,17.244764328
2018-08-27,17.3885269165
2018-08-28,17.4172859192
2018-08-29,17.4675979614
2018-08-30,17.1585044861
2018-08-31,17.1081829071
2018-09-04,16.935667038
2018-09-05,16.7559566498
2018-09-06,16.6768856049
2018-09-07,16.5259304047
2018-09-10,16.4540481567
2018-09-11,16.4899864197
2018-09-12,16.6696949005
2018-09-13,16.7775192261
2018-09-14,16.7775192261
2018-09-17,16.6625099182
2018-09-18,16.7559566498
2018-09-19,16.9859809875
2018-09-20,17.1297492981
2018-09-21,17.2663269043
2018-09-24,17.2591400146
2018-09-25,17.3885269165
2018-09-26,17.4029006958
2018-09-27,17.4244709015
2018-09-28,17.4460334778
2018-10-01,17.4316596985
2018-10-02,17.3669624329
2018-10-03,17.3094558716
2018-10-04,17.1153717041
2018-10-05,16.9716091156
2018-10-08,16.935667038
2018-10-09,16.7918987274
2018-10-10,16.3318443298
2018-10-11,16.1665153503
2018-10-12,16.4037246704
2018-10-15,16.2312088013
2018-10-16,16.4181060791
2018-10-17,16.3318443298
2018-10-18,16.1305751801
2018-10-19,16.2024593353
2018-10-22,16.2599639893
2018-10-23,16.1665153503
2018-10-24,15.8574180603
2018-10-25,16.0083732605
2018-10-26,15.7927236557
2018-10-29,15.6345796585
2018-10-30,15.7639703751
2018-10-31,15.9868078232
2018-11-01,16.4684257507
2018-11-02,16.5403060913
2018-11-05,16.3893508911
2018-11-06,16.3606033325
2018-11-07,16.6265659332
2018-11-08,16.3749752045
2018-11-09,16.1665153503
2018-11-12,15.9796171188
2018-11-13,16.0874443054
2018-11-14,16.0586910248
2018-11-15,16.2384033203
2018-11-16,16.3965377808
2018-11-19,16.0802574158
2018-11-20,15.8142881393
2018-11-21,16.0802574158
2018-11-23,16.0083732605
2018-11-26,16.3174686432
2018-11-27,16.3174686432
2018-11-28,16.5978107452
2018-11-29,16.4828033447
2018-11-30,16.4828033447
2018-12-03,16.9931697845
2018-12-04,16.6265659332
2018-12-06,16.5403060913
2018-12-07,16.3102817535
2018-12-10,16.2168331146
2018-12-11,16.224023819
2018-12-12,16.3893508911
2018-12-13,16.3965377808
2018-12-14,16.1880836487
2018-12-17,16.2599639893
2018-12-18,16.2482318878
2018-12-19,15.9549436569
2018-12-20,16.0722560883
2018-12-21,16.0135993958
2018-12-24,15.9182796478
2018-12-26,16.0942554474
2018-12-27,16.1529159546
2018-12-28,16.2042388916
2018-12-31,16.2042388916
2019-01-02,16.2042388916
2019-01-03,15.9036149979
2019-01-04,16.4168701172
2019-01-07,16.6368408203
2019-01-08,16.739490509
2019-01-09,16.9887886047
2019-01-10,17.2160816193
2019-01-11,17.1061038971
2019-01-14,17.0254440308
2019-01-15,17.2160816193
2019-01-16,17.3993911743
2019-01-17,17.3260669708
2019-01-18,17.4213886261
2019-01-22,16.9887886047
2019-01-23,16.9887886047
2019-01-24,17.120765686
2019-01-25,17.2527484894
2019-01-28,17.1794300079
2019-01-29,17.1647605896
2019-01-30,17.2747459412
2019-01-31,17.2747459412
2019-02-01,17.1794300079
2019-02-04,17.2087516785
2019-02-05,17.3700618744
2019-02-06,17.2747459412
2019-02-07,17.0987701416
2019-02-08,17.1061038971
2019-02-11,17.0841083527
2019-02-12,17.1720962524
2019-02-13,17.2894096375
2019-02-14,17.3993911743
2019-02-15,17.4213886261
2019-02-19,17.568031311
2019-02-20,17.6486911774
2019-02-21,17.6046943665
2019-02-22,17.568031311
2019-02-25,17.6853523254
2019-02-26,17.5900306702
2019-02-27,17.4287223816
2019-02-28,17.2087516785
2019-03-01,17.2380809784
2019-03-04,17.3773975372
2019-03-05,17.3773975372
2019-03-06,17.2894096375
2019-03-07,17.1647605896
2019-03-08,17.0547771454
2019-03-11,17.1940898895
2019-03-12,17.2380809784
2019-03-13,17.1720962524
2019-03-14,17.1794300079
2019-03-15,17.3553981781
2019-03-18,17.3920574188
2019-03-19,17.465379715
2019-03-20,17.4433822632
2019-03-21,17.5387039185
2019-03-22,17.1354293823
2019-03-25,17.2234172821
2019-03-26,17.2600822449
2019-03-27,17.1280975342
2019-03-28,17.2600822449
2019-03-29,17.3993911743
2019-04-01,17.6926822662
2019-04-02,17.7733345032
2019-04-03,18.029964447
2019-04-04,18.0592918396
2019-04-05,18.0739612579
2019-04-08,18.1326198578
2019-04-09,18.0959587097
2019-04-10,18.2132701874
2019-04-11,18.0812892914
2019-04-12,18.2206039429
2019-04-15,18.1326198578
2019-04-16,18.1839408875
2019-04-17,18.3085918427
2019-04-18,18.2645950317
2019-04-22,18.2572612762
2019-04-23,18.2865943909
2019-04-24,18.1692771912
2019-04-25,18.1546154022
2019-04-26,18.293926239
2019-04-29,18.5212268829
2019-04-30,18.4332370758
2019-05-01,18.3892440796
2019-05-02,18.3892440796
2019-05-03,18.5798835754
2019-05-06,18.0592918396
2019-05-07,17.8979854584
2019-05-08,17.831993103
2019-05-09,17.7880039215
2019-05-10,17.8833217621
2019-05-13,17.3407363892
2019-05-14,17.5533714294
2019-05-15,17.5167064667
2019-05-16,17.5900306702
2019-05-17,17.3407363892
2019-05-20,17.3187389374
2019-05-21,17.3114070892
2019-05-22,17.1280975342
2019-05-23,17.003452301
2019-05-24,17.0621070862
2019-05-28,16.8641376495
2019-05-29,16.8788032532
2019-05-30,16.8788032532
2019-05-31,16.7468242645
2019-06-03,16.8274784088
2019-06-04,16.9374637604
2019-06-05,16.856803894
2019-06-06,16.9961185455
2019-06-07,17.1354293823
2019-06-10,17.2454147339
2019-06-11,17.3993911743
2019-06-12,17.3480701447
2019-06-13,17.4360542297
2019-06-14,17.3993911743
2019-06-17,17.4307861328
2019-06-18,17.7820892334
2019-06-19,18.0661277771
2019-06-20,18.2828884125
2019-06-21,18.2903652191
2019-06-24,18.2754135132
2019-06-25,18.1259250641
2019-06-26,18.2380428314
2019-06-27,18.424911499
2019-06-28,18.4622821808
2019-07-01,18.6640968323
2019-07-02,18.6341972351
2019-07-03,18.5968227386
2019-07-05,18.4473342896
2019-07-08,18.3127918243
2019-07-09,18.3127918243
2019-07-10,18.3950119019
2019-07-11,18.4174365997
2019-07-12,18.4622821808
2019-07-15,18.477230072
2019-07-16,18.4024848938
2019-07-17,18.3950119019
2019-07-18,18.537027359
2019-07-19,18.4622821808
2019-07-22,18.4473342896
2019-07-23,18.4996547699
2019-07-24,18.5146026611
2019-07-25,18.432384491
2019-07-26,18.3800621033
2019-07-29,18.3950119019
2019-07-30,18.3202648163
2019-07-31,18.0661277771
2019-08-01,17.8493595123
2019-08-02,17.7521953583
2019-08-05,17.1915969849
2019-08-06,17.3560352325
2019-08-07,17.4606819153
2019-08-08,17.4382610321
2019-08-09,17.3037166595
2019-08-12,17.1168498993
2019-08-13,17.4980564117
2019-08-14,16.9449329376
2019-08-15,16.9897861481
2019-08-16,17.1243247986
2019-08-19,17.1019001007
2019-08-20,17.1392745972
2019-08-21,17.1542263031
2019-08-22,17.1019001007
2019-08-23,16.7655448914
2019-08-26,16.8103961945
2019-08-27,16.7879695892
2019-08-28,16.7281742096
2019-08-29,16.9524116516
2019-08-30,17.0720024109
2019-09-03,16.9449329376
2019-09-04,17.281293869
2019-09-05,17.3859405518
2019-09-06,17.4457302094
2019-09-09,17.4457302094
2019-09-10,17.5802783966
2019-09-11,17.7073478699
2019-09-12,17.7671451569
2019-09-13,17.9016895294
2019-09-16,17.7596683502
2019-09-17,17.7447185516
2019-09-18,17.5877532959
2019-09-19,17.5055351257
2019-09-20,17.453207016
2019-09-23,17.4382610321
2019-09-24,17.4382610321
2019-09-25,17.3261413574
2019-09-26,17.3336162567
2019-09-27,17.2214984894
2019-09-30,17.341091156
2019-10-01,17.3336162567
2019-10-02,17.0421047211
2019-10-03,17.1841239929
2019-10-04,17.1841239929
2019-10-07,17.1766471863
2019-10-08,17.1318035126
2019-10-09,17.1915969849
2019-10-10,17.3485641479
2019-10-11,17.513010025
2019-10-14,17.5055351257
2019-10-15,17.5802783966
2019-10-16,17.6251277924
2019-10-17,17.6550235748
2019-10-18,17.4905834198
2019-10-21,17.7521953583
2019-10-22,17.8045158386
2019-10-23,17.737247467
2019-10-24,17.8418884277
2019-10-25,18.0138053894
2019-10-28,18.1184463501
2019-10-29,18.028755188
2019-10-30,18.148349762
2019-10-31,18.1707706451
2019-11-01,18.3576335907
2019-11-04,18.4174365997
2019-11-05,18.4996547699
2019-11-06,18.4697570801
2019-11-07,18.6117706299
2019-11-08,18.4921798706
2019-11-11,18.4024848938
2019-11-12,18.3875370026
2019-11-13,18.3501625061
2019-11-14,18.3576335907
2019-11-15,18.424911499
2019-11-18,18.4921798706
2019-11-19,18.3950119019
2019-11-20,18.3202648163
2019-11-21,18.1707706451
2019-11-22,18.3127918243
2019-11-25,18.2903652191
2019-11-26,18.2305698395
2019-11-27,18.2081432343
2019-11-29,17.9988594055
2019-12-02,17.909160614
2019-12-03,17.7671451569
2019-12-04,17.9016895294
2019-12-05,17.9913845062
2019-12-06,18.1707706451
2019-12-09,17.9689598083
2019-12-10,17.9614830017
2019-12-11,18.1857223511
2019-12-12,18.3875370026
2019-12-13,18.3426914215
2019-12-16,18.3672885895
2019-12-17,18.2980957031
2019-12-18,18.3826675415
2019-12-19,18.4211063385
2019-12-20,18.4364833832
2019-12-23,18.4441757202
2019-12-24,18.4134235382
2019-12-26,18.4903030396
2019-12-27,18.4672374725
2019-12-30,18.4057331085
2019-12-31,18.5594978333
2020-01-02,18.797832489
2020-01-03,18.5364322662
2020-01-06,18.5210571289
2020-01-07,18.6056289673
2020-01-08,18.720949173
2020-01-09,18.6133155823
2020-01-10,18.6825084686
2020-01-13,18.805519104
2020-01-14,18.8593387604
2020-01-15,18.720949173
2020-01-16,18.843963623
2020-01-17,18.8670310974
2020-01-21,18.5902519226
2020-01-22,18.6286888123
2020-01-23,18.4826183319
2020-01-24,18.4211063385
2020-01-27,17.8060474396
2020-01-28,18.1135787964
2020-01-29,17.9982528687
2020-01-30,17.9982528687
2020-01-31,17.5984592438
2020-02-03,17.5600204468
2020-02-04,17.7214775085
2020-02-05,17.8752422333
2020-02-06,17.8598632812
2020-02-07,17.4216308594
2020-02-10,17.5062046051
2020-02-11,17.6830329895
2020-02-12,18.0982036591
2020-02-13,17.7752952576
2020-02-14,17.7291679382
2020-02-18,17.5984592438
2020-02-19,17.7061004639
2020-02-20,17.4370098114
2020-02-21,17.4139442444
2020-02-24,17.0756587982
2020-02-25,17.1217899323
2020-02-26,17.1371669769
2020-02-27,16.8834533691
2020-02-28,16.7835063934
2020-03-02,16.7604408264
2020-03-03,16.7988834381
2020-03-04,16.9142055511
2020-03-05,16.6066741943
2020-03-06,16.452911377
2020-03-09,15.2227869034
2020-03-10,15.922416687
2020-03-11,15.1843423843
2020-03-12,13.8696489334
2020-03-13,14.492398262
2020-03-16,13.0777578354
2020-03-17,13.3929758072
2020-03-18,12.7856025696
2020-03-19,12.2935523987
2020-03-20,12.193605423
2020-03-23,11.7553749084
2020-03-24,12.6472139359
2020-03-25,13.3622226715
2020-03-26,13.9080915451
2020-03-27,13.3314704895
2020-03-30,13.3468475342
2020-03-31,13.3391590118
2020-04-01,12.7702255249
2020-04-02,13.1930799484
2020-04-03,12.5549545288
2020-04-06,13.2699632645
2020-04-07,13.5313653946
2020-04-08,13.7235717773
2020-04-09,13.7620124817
2020-04-13,13.8773355484
2020-04-14,14.2540645599
2020-04-15,13.7620124817
2020-04-16,13.8773355484
2020-04-17,13.8927145004
2020-04-20,13.808142662
2020-04-21,13.3775987625
2020-04-22,13.5698060989
2020-04-23,13.5774927139
2020-04-24,13.5698060989
2020-04-27,13.8004550934
2020-04-28,13.8388948441
2020-04-29,14.1694917679
2020-04-30,14.2386875153
2020-05-01,13.808142662
2020-05-04,13.9619073868
2020-05-05,13.9926633835
2020-05-06,13.8927145004
2020-05-07,14.0541677475
2020-05-08,14.1618051529
2020-05-11,14.2079353333
2020-05-12,14.1464281082
2020-05-13,13.9772872925
2020-05-14,13.7927684784
2020-05-15,13.5851840973
2020-05-18,14.1079864502
2020-05-19,14.1541156769
2020-05-20,14.2540645599
2020-05-21,14.0311031342
2020-05-22,13.7850799561
2020-05-26,14.0618562698
2020-05-27,14.0003490448
2020-05-28,13.9695978165
2020-05-29,14.0234127045
2020-06-01,14.400141716
2020-06-02,14.6999845505
2020-06-03,15.3150463104
2020-06-04,15.1766557693
2020-06-05,15.5841369629
2020-06-08,15.7840309143
2020-06-09,15.6687059402
2020-06-10,15.7455892563
2020-06-11,14.7691745758
2020-06-12,14.9306335449
2020-06-15,14.8520946503
2020-06-16,14.9143047333
2020-06-17,14.9765071869
2020-06-18,14.9065256119
2020-06-19,14.6188144684
2020-06-22,14.8520946503
2020-06-23,14.8520946503
2020-06-24,14.6188144684
2020-06-25,14.6654701233
2020-06-26,14.4943981171
2020-06-29,14.5099496841
2020-06-30,14.5954866409
2020-07-01,14.6887989044
2020-07-02,14.867647171
2020-07-06,15.3030977249
2020-07-07,15.0309400558
2020-07-08,15.1942367554
2020-07-09,14.9998378754
2020-07-10,14.9454040527
2020-07-13,14.867647171
2020-07-14,14.9609565735
2020-07-15,15.1320304871
2020-07-16,14.9143047333
2020-07-17,14.9065256119
2020-07-20,14.9998378754
2020-07-21,14.9998378754
2020-07-22,14.8598690033
2020-07-23,14.8209905624
2020-07-24,14.7510061264
2020-07-27,14.8754196167
2020-07-28,14.7587804794
2020-07-29,14.8132162094
2020-07-30,14.611038208
2020-07-31,14.4866228104
2020-08-03,14.3933134079
2020-08-04,14.611038208
2020-08-05,14.7587804794
2020-08-06,14.8909740448
2020-08-07,14.7432327271
2020-08-10,14.7432327271
2020-08-11,14.6188144684
2020-08-12,14.9920606613
2020-08-13,14.9765071869
2020-08-14,15.11647892
2020-08-17,15.0464935303
2020-08-18,14.9298534393
2020-08-19,14.7976636887
2020-08-20,14.8443174362
2020-08-21,14.7510061264
2020-08-24,14.7587804794
2020-08-25,14.8987503052
2020-08-26,14.9220762253
2020-08-27,14.7199039459
2020-08-28,14.9765071869
2020-08-31,14.8209905624
2020-09-01,14.9065256119
2020-09-02,14.9298534393
2020-09-03,14.5877103806
2020-09-04,14.6499204636
2020-09-08,14.4943981171
2020-09-09,14.6887989044
2020-09-10,14.4166412354
2020-09-11,14.5177297592
2020-09-14,14.5799341202
2020-09-15,14.6576929092
2020-09-16,14.6654701233
2020-09-17,14.7121276855
2020-09-18,14.6576929092
2020-09-21,14.5332803726
2020-09-22,14.3388843536
2020-09-23,14.2688970566
2020-09-24,14.2377920151
2020-09-25,14.3388843536
2020-09-28,14.5177297592
2020-09-29,14.4555177689
2020-09-30,14.5566053391
2020-10-01,14.727678299
2020-10-02,14.7199039459
2020-10-05,14.8754196167
2020-10-06,14.867647171
2020-10-07,14.9531822205
2020-10-08,14.9920606613
2020-10-09,15.0387163162
2020-10-12,15.1009263992
2020-10-13,15.11647892
2020-10-14,15.0309400558
2020-10-15,14.8831968307
2020-10-16,14.9609565735
2020-10-19,14.9531822205
2020-10-20,14.9765071869
2020-10-21,14.9687337875
2020-10-22,14.9298534393
2020-10-23,14.9920606613
2020-10-26,14.727678299
2020-10-27,14.7665586472
2020-10-28,14.346657753
2020-10-29,14.1678094864
2020-10-30,14.020067215
2020-11-02,14.1833581924
2020-11-03,14.5021753311
2020-11-04,14.8054418564
2020-11-05,15.2486696243
2020-11-06,15.240893364
2020-11-09,15.6685705185
2020-11-10,15.8629713058
2020-11-11,15.8785209656
2020-11-12,15.8007602692
2020-11-13,15.9251775742
2020-11-16,16.1973342896
2020-11-17,16.3373069763
2020-11-18,16.3528556824
2020-11-19,16.415063858
2020-11-20,16.5472564697
2020-11-23,16.7338790894
2020-11-24,17.0760211945
2020-11-25,16.9593811035
2020-11-27,17.0215873718
2020-11-30,16.4461688995
2020-12-01,16.6794471741
2020-12-02,16.6483421326
2020-12-03,16.7338790894
2020-12-04,16.8893966675
2020-12-07,16.7261009216
2020-12-08,16.6483421326
2020-12-09,16.6638965607
2020-12-10,16.7261009216
2020-12-11,16.6172370911
2020-12-14,16.8283843994
2020-12-15,16.9944553375
2020-12-16,17.113073349
2020-12-17,17.0656242371
2020-12-18,17.0023612976
2020-12-21,16.8600120544
2020-12-22,16.6702232361
2020-12-23,16.8441982269
2020-12-24,16.9074630737
2020-12-28,16.954914093
2020-12-29,17.010269165
2020-12-30,17.1605243683
2020-12-31,16.9865455627
2021-01-04,17.0498104095
2021-01-05,17.2079715729
2021-01-06,17.4293994904
2021-01-07,17.4768447876
2021-01-08,17.9829597473
2021-01-11,17.6350040436
2021-01-12,17.7615375519
2021-01-13,17.7378120422
2021-01-14,17.9434223175
2021-01-15,17.7378120422
2021-01-19,17.7773513794
2021-01-20,17.9038848877
2021-01-21,18.0066871643
2021-01-22,17.7061767578
2021-01-25,17.6270999908
2021-01-26,17.532201767
2021-01-27,17.3186836243
2021-01-28,17.4531230927
2021-01-29,17.0339927673
2021-02-01,17.113073349
2021-02-02,17.2396030426
2021-02-03,17.2316951752
2021-02-04,17.1447086334
2021-02-05,17.1921539307
2021-02-08,17.4214935303
2021-02-09,17.5401077271
2021-02-10,17.3582248688
2021-02-11,17.5005683899
2021-02-12,17.5559272766
2021-02-16,17.4768447876
2021-02-17,17.4531230927
2021-02-18,17.3582248688
2021-02-19,17.3186836243
2021-02-22,17.3582248688
2021-02-23,17.4531230927
2021-02-24,17.7615375519
2021-02-25,17.5005683899
2021-02-26,17.4531230927
2021-03-01,17.9117889404
2021-03-02,17.8089847565
2021-03-03,17.7140884399
2021-03-04,17.7931690216
2021-03-05,18.0620422363
2021-03-08,17.9276046753
2021-03-09,18.1173973083
2021-03-10,17.9592380524
2021-03-11,18.1648483276
2021-03-12,18.0778579712
2021-03-15,18.0383167267
2021-03-16,18.0383167267
2021-03-17,18.220205307
2021-03-18,18.1727561951
2021-03-19,18.2834701538
2021-03-22,18.2992858887
2021-03-23,18.0225028992
2021-03-24,18.1490325928
2021-03-25,18.2755641937
2021-03-26,18.5523433685
2021-03-29,18.5523433685
2021-03-30,18.639333725
2021-03-31,18.5207138062
2021-04-01,18.7184123993
2021-04-05,18.7500457764
2021-04-06,18.7421379089
2021-04-07,18.7025985718
2021-04-08,18.6788730621
2021-04-09,18.6551494598
2021-04-12,18.5839729309
2021-04-13,18.694688797
2021-04-14,18.6630592346
2021-04-15,18.7737693787
2021-04-16,18.8449401855
2021-04-19,18.87657547
2021-04-20,18.5602493286
2021-04-21,18.6709651947
2021-04-22,18.5760669708
2021-04-23,18.8686676025
2021-04-26,18.9951934814
2021-04-27,19.0189189911
2021-04-28,19.0979976654
2021-04-29,19.0268287659
2021-04-30,18.9240207672
2021-05-03,18.7974967957
2021-05-04,18.4258155823
2021-05-05,18.568157196
2021-05-06,18.7184123993
2021-05-07,19.1533565521
2021-05-10,18.8291225433
2021-05-11,18.5839729309
2021-05-12,18.2360229492
2021-05-13,18.220205307
2021-05-14,18.1806640625
2021-05-17,18.2597465515
2021-05-18,18.6077003479
2021-05-19,18.4653530121
2021-05-20,18.5048961639
2021-05-21,18.5207138062
2021-05-24,18.6551494598
2021-05-25,18.7263202667
2021-05-26,18.7342300415
2021-05-27,19.066368103
2021-05-28,19.0426483154
2021-06-01,19.0584621429
2021-06-02,18.9635639191
2021-06-03,18.8212165833
2021-06-04,19.0031051636
2021-06-07,19.0979976654
2021-06-08,19.0584621429
2021-06-09,18.9714736938
2021-06-10,19.1154994965
2021-06-11,19.0034770966
2021-06-14,18.963470459
2021-06-15,19.0194797516
2021-06-16,18.715423584
2021-06-17,18.6194095612
2021-06-18,18.3473567963
2021-06-21,18.6114082336
2021-06-22,18.3393573761
2021-06-23,18.3473567963
2021-06-24,18.4993858337
2021-06-25,18.5713977814
2021-06-28,18.5153884888
2021-06-29,18.3473567963
2021-06-30,18.5953998566
2021-07-01,18.539390564
2021-07-02,18.4993858337
2021-07-06,18.8594551086
2021-07-07,18.4993858337
2021-07-08,18.1793289185
2021-07-09,18.5553970337
2021-07-12,18.6354103088
2021-07-13,18.6194095612
2021-07-14,18.5713977814
2021-07-15,18.4033679962
2021-07-16,18.3233528137
2021-07-19,18.0513019562
2021-07-20,18.2673416138
2021-07-21,18.3233528137
2021-07-22,18.5553970337
2021-07-23,18.5473957062
2021-07-26,18.5633983612
2021-07-27,18.4993858337
2021-07-28,18.5633983612
2021-07-29,18.8514518738
2021-07-30,18.7954406738
2021-08-02,18.5553970337
2021-08-03,18.699420929
2021-08-04,18.9234638214
2021-08-05,18.9314670563
2021-08-06,18.8674545288
2021-08-09,18.8594551086
2021-08-10,19.0354824066
2021-08-11,18.9154586792
2021-08-12,18.9074611664
2021-08-13,18.8994579315
2021-08-16,18.875453949
2021-08-17,18.5473957062
2021-08-18,18.6834201813
2021-08-19,18.4753818512
2021-08-20,18.659412384
2021-08-23,18.4833831787
2021-08-24,18.6034049988
2021-08-25,18.6194095612
2021-08-26,18.5313911438
2021-08-27,18.6114082336
2021-08-30,18.7234268188
2021-08-31,18.4833831787
2021-09-01,18.659412384
2021-09-02,18.7474327087
2021-09-03,18.7394313812
2021-09-07,18.7714309692
2021-09-08,18.5473957062
2021-09-09,18.6434116364
2021-09-10,18.659412384
2021-09-13,18.6274108887
2021-09-14,18.5873985291
2021-09-15,18.7074222565
2021-09-16,18.6114082336
2021-09-17,18.5713977814
2021-09-20,18.3153514862
2021-09-21,18.3473567963
2021-09-22,18.3393573761
2021-09-23,18.5953998566
2021-09-24,18.3233528137
2021-09-27,18.6674156189
2021-09-28,18.3633613586
2021-09-29,18.2433395386
2021-09-30,18.2193336487
2021-10-01,18.3313560486
2021-10-04,18.3873653412
2021-10-05,18.2993507385
2021-10-06,18.4993858337
2021-10-07,18.5233879089
2021-10-08,18.6194095612
2021-10-11,18.5553970337
2021-10-12,18.5233879089
2021-10-13,18.8994579315
2021-10-14,19.1555080414
2021-10-15,19.1475009918
2021-10-18,19.139503479
2021-10-19,19.2995357513
2021-10-20,19.4275550842
2021-10-21,19.1715087891
2021-10-22,19.2355232239
2021-10-25,19.2995357513
2021-10-26,19.2835292816
2021-10-27,19.2275218964
2021-10-28,19.3555431366
2021-10-29,19.2435207367
2021-11-01,19.2835292816
2021-11-02,19.3315372467
2021-11-03,19.4595603943
2021-11-04,19.4595603943
2021-11-05,19.4275550842
2021-11-08,19.6115894318
2021-11-09,19.3315372467
2021-11-10,19.1555080414
2021-11-11,19.2755279541
2021-11-12,19.2755279541
2021-11-15,19.3155345917
2021-11-16,19.3075313568
2021-11-17,19.1315002441
2021-11-18,19.1715087891
2021-11-19,18.9714717865
2021-11-22,18.9874744415
2021-11-23,19.0274810791
2021-11-24,18.8274459839
2021-11-26,18.3233528137
2021-11-29,18.2513389587
2021-11-30,17.9872894287
2021-12-01,17.8032569885
2021-12-02,17.7392463684
2021-12-03,17.6672325134
2021-12-06,17.9552841187
2021-12-07,18.0913105011
2021-12-08,18.131319046
2021-12-09,18.0593032837
2021-12-10,17.9632892609
2021-12-13,17.5972728729
2021-12-14,17.5637664795
2021-12-15,17.5972728729
2021-12-16,17.5888957977
2021-12-17,17.4046325684
2021-12-20,17.2873687744
2021-12-21,17.5135154724
2021-12-22,17.6559009552
2021-12-23,17.6559009552
2021-12-27,17.7229061127
2021-12-28,17.7647857666
2021-12-29,17.8317890167
2021-12-30,17.8150367737
2021-12-31,17.9155464172
2022-01-03,17.949048996
2022-01-04,17.8317890167
2022-01-05,17.4800128937
2022-01-06,17.6307754517
2022-01-07,17.7815361023
2022-01-10,17.7731571198
2022-01-11,18.116558075
2022-01-12,18.2421970367
2022-01-13,18.0411815643
2022-01-14,18.0914363861
2022-01-18,17.907169342
2022-01-19,18.0076770782
2022-01-20,17.9741744995
2022-01-21,17.8234157562
2022-01-24,17.7061538696
2022-01-25,17.6307754517
2022-01-26,17.4716358185
2022-01-27,17.3795051575
2022-01-28,17.3711261749
2022-01-31,17.6642780304
2022-02-01,17.9155464172
2022-02-02,17.7899112701
2022-02-03,17.8652915955
2022-02-04,17.9741744995
2022-02-07,18.2338218689
2022-02-08,18.5353450775
2022-02-09,18.8536224365
2022-02-10,18.6442260742
2022-02-11,18.4599666595
2022-02-14,18.2421970367
2022-02-15,18.4599666595
2022-02-16,18.6274776459
2022-02-17,18.376209259
2022-02-18,18.2421970367
2022-02-22,18.0663089752
2022-02-23,17.8987960815
2022-02-24,17.4716358185
2022-02-25,17.8652915955
2022-02-28,17.5805187225
2022-03-01,17.0361003876
2022-03-02,16.9690971375
2022-03-03,16.4749355316
2022-03-04,16.1064052582
2022-03-07,15.813252449
2022-03-08,15.704372406
2022-03-09,16.1901626587
2022-03-10,16.2487888336
2022-03-11,16.0226459503
2022-03-14,15.8300075531
2022-03-15,16.173406601
2022-03-16,16.9439697266
2022-03-17,17.086353302
2022-03-18,17.3376274109
2022-03-21,17.2036151886
2022-03-22,17.4213829041
2022-03-23,17.3543739319
2022-03-24,17.538640976
2022-03-25,17.4716358185
2022-03-28,17.4800128937
2022-03-29,17.9322967529
2022-03-30,17.7564086914
2022-03-31,17.4548835754
2022-04-01,17.5721435547
2022-04-04,17.9239215851
2022-04-05,17.6894016266
2022-04-06,17.4883861542
2022-04-07,17.3292484283
2022-04-08,17.2203655243
2022-04-11,17.0193519592
2022-04-12,16.8518390656
2022-04-13,17.0612316132
2022-04-14,16.9272174835
2022-04-18,16.6926994324
2022-04-19,16.7848339081
2022-04-20,16.768081665
2022-04-21,16.4916858673
2022-04-22,16.3827991486
2022-04-25,16.4330558777
2022-04-26,15.9891424179
2022-04-27,16.0728988647
2022-04-28,16.2655448914
2022-04-29,16.357673645
2022-05-02,16.357673645
2022-05-03,16.4163036346
2022-05-04,16.7262039185
2022-05-05,16.1817855835
2022-05-06,15.9975185394
2022-05-09,15.5033559799
2022-05-10,15.3442173004
2022-05-11,15.1683292389
2022-05-12,15.0594434738
2022-05-13,15.5452337265
2022-05-16,15.4866046906
2022-05-17,15.7629985809
2022-05-18,15.4698514938
2022-05-19,15.7462501526
2022-05-20,15.9388914108
2022-05-23,15.9137611389
2022-05-24,15.6624946594
2022-05-25,15.6541175842
2022-05-26,15.9388914108
2022-05-27,16.098028183
2022-05-31,15.9807701111
2022-06-01,15.8718833923
2022-06-02,16.0645256042
2022-06-03,15.7797517776
2022-06-06,15.8802576065
2022-06-07,16.0477733612
2022-06-08,16.0393981934
2022-06-09,15.6535835266
2022-06-10,15.3816423416
2022-06-13,14.9822273254
2022-06-14,14.956735611
2022-06-15,15.1776857376
2022-06-16,14.8972473145
2022-06-17,14.9227428436
2022-06-21,15.1861839294
2022-06-22,15.0502119064
2022-06-23,15.2116765976
2022-06-24,15.4921169281
2022-06-27,15.3901405334
2022-06-28,15.2201747894
2022-06-29,15.1691865921
2022-06-30,15.0247192383
2022-07-01,15.0077199936
2022-07-05,15.0672073364
2022-07-06,15.0162210464
2022-07-07,15.2881622314
2022-07-08,15.3221540451
2022-07-11,15.0757074356
2022-07-12,15.0927038193
2022-07-13,14.973731041
2022-07-14,14.8377599716
2022-07-15,15.0162210464
2022-07-18,15.0332174301
2022-07-19,15.3306522369
2022-07-20,15.5091133118
2022-07-21,15.6195869446
2022-07-22,15.5770978928
2022-07-25,15.5601024628
2022-07-26,15.4496278763
2022-07-27,15.8490381241
2022-07-28,15.9595165253
2022-07-29,15.9085235596
2022-08-01,16.0105037689
2022-08-02,15.9680156708
2022-08-03,16.2484550476
2022-08-04,16.4948959351
2022-08-05,16.4863986969
2022-08-08,16.4524059296
2022-08-09,16.3504276276
2022-08-10,16.7498416901
2022-08-11,16.7583408356
2022-08-12,16.8008327484
2022-08-15,16.6648616791
2022-08-16,16.3419322968
2022-08-17,16.2144603729
2022-08-18,16.1889629364
2022-08-19,15.8660345078
2022-08-22,15.7810525894
2022-08-23,15.7555608749
2022-08-24,15.7895536423
2022-08-25,15.9255237579
2022-08-26,15.6280879974
2022-08-29,15.5346069336
2022-08-30,15.4921169281
2022-08-31,15.4326295853
2022-09-01,15.4156322479
2022-09-02,15.3221540451
2022-09-06,15.2456741333
2022-09-07,15.3731431961
2022-09-08,15.4836187363
2022-09-09,15.7895536423
2022-09-12,15.9935073853
2022-09-13,15.6025934219
2022-09-14,15.5686016083
2022-09-15,15.4411277771
2022-09-16,15.4921169281
2022-09-19,15.5261106491
2022-09-20,15.4071340561
2022-09-21,15.2371730804
2022-09-22,15.1351938248
2022-09-23,14.8037662506
2022-09-26,14.6423006058
2022-09-27,14.5318279266
2022-09-28,14.616809845
2022-09-29,14.4978342056
2022-09-30,14.5403261185
2022-10-03,14.5913133621
2022-10-04,14.956735611
2022-10-05,14.9397373199
2022-10-06,14.8802518845
2022-10-07,14.6847934723
2022-10-10,14.5488233566
2022-10-11,14.4383459091
2022-10-12,14.3618631363
2022-10-13,14.2513885498
2022-10-14,14.0304365158
2022-10-17,14.1834039688
2022-10-18,14.2258930206
2022-10-19,14.0134382248
2022-10-20,14.0304365158
2022-10-21,14.0134382248
2022-10-24,13.9114637375
2022-10-25,14.1834039688
2022-10-26,14.3448667526
2022-10-27,14.3448667526
2022-10-28,14.582816124
2022-10-31,14.6592998505
2022-11-01,14.7357826233
2022-11-02,14.6507997513
2022-11-03,14.429848671
2022-11-04,14.8972473145
2022-11-07,14.9397373199
2022-11-08,14.9992256165
2022-11-09,14.7867708206
2022-11-10,15.3816423416
2022-11-11,15.7470617294
2022-11-14,15.7895536423
2022-11-15,16.2484550476
2022-11-16,16.2144603729
2022-11-17,16.3164386749
2022-11-18,16.2229576111
2022-11-21,15.9510154724
2022-11-22,15.9850063324
2022-11-23,15.9935073853
2022-11-25,15.9425163269
2022-11-28,15.8065481186
2022-11-29,16.0444946289
2022-11-30,16.3334331512
2022-12-01,16.4694004059
2022-12-02,16.3589267731
2022-12-05,16.2314548492
2022-12-06,16.0954856873
2022-12-07,15.9765129089
2022-12-08,16.1634712219
2022-12-09,16.1719703674
2022-12-12,16.1889629364
2022-12-13,16.5368843079
2022-12-14,16.4681606293
2022-12-15,16.1588973999
2022-12-16,15.995677948
2022-12-19,15.9784965515
2022-12-20,15.9870872498
2022-12-21,16.1846694946
2022-12-22,16.0644016266
2022-12-23,16.1417160034
2022-12-27,16.1846694946
2022-12-28,16.0815811157
2022-12-29,16.2963447571
2022-12-30,16.1588973999
2023-01-03,16.1674861908
2023-01-04,16.3478908539
2023-01-05,16.4166164398
2023-01-06,16.6399726868
2023-01-09,16.682926178
2023-01-10,16.5626544952
2023-01-11,16.6915149689
2023-01-12,16.7688293457
2023-01-13,16.9578227997
2023-01-17,16.9062767029
2023-01-18,16.8890991211
2023-01-19,16.8375549316
2023-01-20,17.0694999695
2023-01-23,17.2413101196
2023-01-24,17.146812439
2023-01-25,17.3529891968
2023-01-26,17.5419807434
2023-01-27,17.5677566528
2023-01-30,17.387348175
2023-01-31,17.4560756683
2023-02-01,17.6107082367
2023-02-02,17.5248012543
2023-02-03,17.361579895
2023-02-06,17.2327213287
2023-02-07,17.3186283112
2023-02-08,17.2928543091
2023-02-09,17.1210441589
2023-02-10,17.0694999695
2023-02-13,17.01795578
2023-02-14,16.9835948944
2023-02-15,16.7602386475
2023-02-16,16.8805065155
2023-02-17,16.9664115906
2023-02-21,16.7516479492
2023-02-22,16.682926178
2023-02-23,16.5196990967
2023-02-24,16.3736610413
2023-02-27,16.3908424377
2023-02-28,16.4337940216
2023-03-01,16.4166164398
2023-03-02,16.3478908539
2023-03-03,16.4080238342
2023-03-06,16.4166164398
2023-03-07,16.3135280609
2023-03-08,16.4681606293
2023-03-09,16.210439682
2023-03-10,15.9527225494
2023-03-13,15.712187767
2023-03-14,16.0128555298
2023-03-15,15.8496360779
2023-03-16,16.2276229858
2023-03-17,16.1588973999
2023-03-20,16.2276229858
2023-03-21,16.3994350433
2023-03-22,16.5970191956
2023-03-23,16.6227893829
2023-03-24,16.6056079865
2023-03-27,16.8031921387
2023-03-28,16.932050705
2023-03-29,17.0007762909
2023-03-30,17.0351390839
2023-03-31,17.0523166656
2023-04-03,17.1811790466
2023-04-04,17.387348175
2023-04-05,17.2842655182
2023-04-06,17.1983585358
2023-04-10,17.1554050446
2023-04-11,17.1639957428
2023-04-12,17.0866832733
2023-04-13,17.3100357056
2023-04-14,17.1382255554
2023-04-17,17.1382255554
2023-04-18,17.1124534607
2023-04-19,17.206949234
2023-04-20,17.1210441589
2023-04-21,17.1811790466
2023-04-24,17.1725883484
2023-04-25,16.8461456299
2023-04-26,16.9062767029
2023-04-27,16.9664115906
2023-04-28,17.0780906677
2023-05-01,17.1382255554
2023-05-02,16.8890991211
2023-05-03,16.8719177246
2023-05-04,16.9750041962
2023-05-05,17.2155399323
2023-05-08,17.2327213287
2023-05-09,17.146812439
2023-05-10,17.1897659302
2023-05-11,17.0437278748
2023-05-12,16.8289642334
2023-05-15,17.0609111786
2023-05-16,16.6657409668
2023-05-17,16.5368843079
2023-05-18,16.4080238342
2023-05-19,16.5626544952
2023-05-22,16.6227893829
2023-05-23,16.5540657043
2023-05-24,16.4166164398
2023-05-25,16.33070755
2023-05-26,16.5368843079
2023-05-30,16.2533931732
2023-05-31,16.1159439087
2023-06-01,16.2533931732
2023-06-02,16.4509792328
2023-06-05,16.3393001556
2023-06-06,16.5025196075
2023-06-07,16.4134635925
2023-06-08,16.6093902588
2023-06-09,16.5915794373
2023-06-12,16.6539211273
2023-06-13,16.7518825531
2023-06-14,16.8409423828
2023-06-15,17.0813999176
2023-06-16,17.0368690491
2023-06-20,16.6984500885
2023-06-21,16.7607898712
2023-06-22,16.6450138092
2023-06-23,16.3600292206
2023-06-26,16.3867454529
2023-06-27,16.4490852356
2023-06-28,16.395652771
2023-06-29,16.4134635925
2023-06-30,16.484708786
2023-07-03,16.538143158
2023-07-05,16.3778381348
2023-07-06,16.0394172668
2023-07-07,16.1997241974
2023-07-10,16.3244056702
2023-07-11,16.5559558868
2023-07-12,16.912191391
2023-07-13,17.3396701813
2023-07-14,17.1793651581
2023-07-17,17.2238941193
2023-07-18,17.1971759796
2023-07-19,17.2417049408
2023-07-20,17.1526489258
2023-07-21,17.17045784
2023-07-24,17.1348361969
2023-07-25,17.2328014374
2023-07-26,17.4821605682
2023-07-27,17.3931045532
2023-07-28,17.7315273285
2023-07-31,17.865114212
2023-08-01,17.7226200104
2023-08-02,17.2417049408
2023-08-03,17.2149887085
2023-08-04,17.2238941193
2023-08-07,17.286233902
2023-08-08,17.1615543365
2023-08-09,17.1348361969
2023-08-10,17.143743515
2023-08-11,16.9923400879
2023-08-14,16.8409423828
2023-08-15,16.3511238098
2023-08-16,16.1730060577
2023-08-17,16.0928497314
2023-08-18,16.0483226776
2023-08-21,16.0394172668
2023-08-22,15.9503602982
2023-08-23,16.2531585693
2023-08-24,16.110666275
2023-08-25,16.2353458405
2023-08-28,16.4579925537
2023-08-29,16.5826740265
2023-08-30,16.538143158
2023-08-31,16.5470504761
2023-09-01,16.5559558868
2023-09-05,16.4223690033
2023-09-06,16.3333091736
2023-09-07,16.3154983521
2023-09-08,16.2531585693
2023-09-11,16.4312763214
2023-09-12,16.368932724
2023-09-13,16.3867454529
2023-09-14,16.627204895
2023-09-15,16.6628284454
2023-09-18,16.5292377472
2023-09-19,16.368932724
2023-09-20,16.3600292206
2023-09-21,16.0305118561
2023-09-22,16.083946228
2023-09-25,16.2175350189
2023-09-26,16.1284770966
2023-09-27,16.0483226776
2023-09-28,16.3154983521
2023-09-29,16.3422145844
2023-10-02,16.083946228
2023-10-03,16.0216064453
2023-10-04,15.8702058792
2023-10-05,16.0127010345
2023-10-06,16.2531585693
2023-10-09,16.1373806
2023-10-10,16.4223690033
2023-10-11,16.3778381348
2023-10-12,16.2353458405
2023-10-13,16.1373806
2023-10-16,16.2442531586
2023-10-17,16.2887821198
2023-10-18,15.8434896469
2023-10-19,15.6920900345
2023-10-20,15.5228796005
2023-10-23,15.6030330658
2023-10-24,15.8078660965
2023-10-25,15.6386537552
2023-10-26,15.5763139725
2023-10-27,15.3447608948
2023-10-30,15.6208438873
2023-10-31,15.6030330658
2023-11-01,15.674279213
2023-11-02,15.7989606857
2023-11-03,16.279876709
2023-11-06,16.3778381348
2023-11-07,16.2709693909
2023-11-08,16.0483226776
2023-11-09,16.0483226776
2023-11-10,16.0305118561
2023-11-13,16.1551933289
2023-11-14,16.2086296082
2023-11-15,16.0127010345
2023-11-16,16.1017570496
2023-11-17,16.2086296082
2023-11-20,16.1908168793
2023-11-21,16.0661354065
2023-11-22,16.110666275
2023-11-24,16.083946228
2023-11-27,16.0394172668
2023-11-28,16.0483226776
2023-11-29,16.1284770966
2023-11-30,16.0037956238
2023-12-01,16.1997241974
2023-12-04,16.0572280884
2023-12-05,15.9770784378
2023-12-06,15.9681720734
2023-12-07,16.0394172668
2023-12-08,16.1997241974
2023-12-11,16.0483226776
2023-12-12,16.1284770966
2023-12-13,16.4045562744
2023-12-14,16.4312763214
2023-12-15,16.1551933289
2023-12-18,16.2086296082
2023-12-19,16.3600292206
2023-12-20,16.0793514252
2023-12-21,16.4187316895
2023-12-22,16.6113529205
2023-12-26,16.5930080414
2023-12-27,16.7672863007
2023-12-28,16.9874248505
2023-12-29,17.1525287628
2024-01-02,16.8590087891
2024-01-03,16.7397670746
2024-01-04,16.5746650696
2024-01-05,16.6113529205
2024-01-08,16.7581138611
2024-01-09,16.6388702393
2024-01-10,16.6113529205
2024-01-11,16.6205272675
2024-01-12,16.6205272675
2024-01-16,16.3361778259
2024-01-17,16.0793514252
2024-01-18,16.1343860626
2024-01-19,16.2811450958
2024-01-22,16.2444534302
2024-01-23,16.2169361115
2024-01-24,16.3361778259
2024-01-25,16.3361778259
2024-01-26,16.4187316895
2024-01-29,16.3545246124
2024-01-30,16.3545246124
2024-01-31,16.2536258698
2024-02-01,16.3361778259
2024-02-02,16.4187316895
2024-02-05,16.1252117157
2024-02-06,16.2536258698
2024-02-07,16.4095592499
2024-02-08,16.2536258698
2024-02-09,16.2811450958
2024-02-12,16.363697052
2024-02-13,16.0334873199
2024-02-14,16.3178348541
2024-02-15,16.6205272675
2024-02-16,16.7764568329
2024-02-20,16.9232177734
2024-02-21,16.7764568329
2024-02-22,16.7672863007
2024-02-23,16.6296977997
2024-02-26,16.4737663269
2024-02-27,16.4921112061
2024-02-28,16.3178348541
2024-02-29,16.3178348541
2024-03-01,16.4554233551
2024-03-04,16.3728694916
2024-03-05,16.3361778259
2024-03-06,16.6388702393
2024-03-07,16.7489414215
2024-03-08,16.6939067841
2024-03-11,16.7305965424
2024-03-12,16.7489414215
2024-03-13,16.8773555756
2024-03-14,16.8681793213
2024-03-15,16.8406658173
2024-03-18,16.7672863007
2024-03-19,16.7581138611
2024-03-20,16.8865280151
2024-03-21,16.9323883057
2024-03-22,16.8223209381
2024-03-25,16.7856311798
2024-03-26,16.9782543182
2024-03-27,17.0608043671
2024-03-28,16.8406658173
2024-04-01,16.8223209381
2024-04-02,16.9048709869
2024-04-03,16.9232177734
2024-04-04,16.8681793213
2024-04-05,16.9874248505
2024-04-08,17.0149421692
2024-04-09,17.1433582306
2024-04-10,16.9323883057
2024-04-11,16.9874248505
2024-04-12,16.6205272675
2024-04-15,16.4187316895
2024-04-16,16.3545246124
2024-04-17,16.4737663269
2024-04-18,16.6113529205
2024-04-19,16.7030773163
2024-04-22,17.005771637
2024-04-23,17.3451538086
2024-04-24,17.3176326752
2024-04-25,17.3910121918
2024-04-26,17.3818435669
2024-04-29,17.4735660553
2024-04-30,17.2534275055
2024-05-01,17.2625999451
2024-05-02,17.5836353302
2024-05-03,17.7120475769
2024-05-06,17.7120475769
2024-05-07,17.5836353302
2024-05-08,17.5377750397
2024-05-09,17.6661891937
2024-05-10,17.6478443146
2024-05-13,17.7120475769
2024-05-14,17.8955001831
2024-05-15,17.941362381
2024-05-16,17.9872245789
2024-05-17,18.1523303986
2024-05-20,17.9872245789
2024-05-21,18.0239143372
2024-05-22,17.9138450623
2024-05-23,17.867980957
2024-05-24,17.9780540466
2024-05-28,17.9597072601
2024-05-29,17.8496379852
2024-05-30,17.9872245789
2024-05-31,17.941362381
2024-06-03,18.0239143372
2024-06-04,17.9780540466
2024-06-05,17.9688796997
2024-06-06,18.0055675507
2024-06-07,17.7579135895
2024-06-10,17.8496379852
2024-06-11,17.7665042877
2024-06-12,17.9346427917
2024-06-13,17.8785953522
2024-06-14,17.7384796143
2024-06-17,17.8505725861
2024-06-18,17.9159584045
2024-06-20,17.7851867676
2024-06-21,17.7665042877
2024-06-24,17.9346427917
2024-06-25,17.8318901062
2024-06-26,17.8132076263
2024-06-27,18.0373916626
2024-06-28,17.9346427917
2024-07-01,17.8412322998
2024-07-02,18.1121177673
2024-07-03,18.4670772552
2024-07-05,18.373664856
2024-07-08,18.3082790375
2024-07-09,18.4297122955
2024-07-10,18.7659873962
2024-07-11,18.8593959808
2024-07-12,18.8780765533
2024-07-15,18.7379608154
2024-07-16,18.7846698761
2024-07-17,18.6445522308
2024-07-18,18.4110298157
2024-07-19,18.3456439972
2024-07-22,18.373664856
2024-07-23,18.3923473358
2024-07-24,18.3269615173
2024-07-25,18.2242107391
2024-07-26,18.2428913116
2024-07-29,18.2709159851
2024-07-30,18.3082790375
2024-07-31,18.5231227875
2024-08-01,18.1588249207
2024-08-02,18.1308002472
2024-08-05,17.3461608887
2024-08-06,17.2994556427
2024-08-07,17.4395713806
2024-08-08,17.7197990417
2024-08-09,17.8225498199
2024-08-12,17.7665042877
2024-08-13,18.074754715
2024-08-14,18.2522335052
2024-08-15,18.5137805939
2024-08-16,18.7659873962
2024-08-19,18.9434642792
2024-08-20,18.9528064728
2024-08-21,18.9901676178
2024-08-22,18.8033485413
2024-08-23,19.2517166138
2024-08-26,19.0742378235
2024-08-27,19.1022624969
2024-08-28,18.9995117188
2024-08-29,19.1022624969
2024-08-30,19.2703971863
2024-09-03,19.2984199524
2024-09-04,19.3731479645
2024-09-05,19.4291934967
2024-09-06,19.2330322266
2024-09-09,19.6440372467
2024-09-10,19.6440372467
2024-09-11,19.9803104401
2024-09-12,20.1297645569
2024-09-13,20.204492569
2024-09-16,20.3072433472
2024-09-17,20.3352680206
2024-09-18,20.3819713593
2024-09-19,20.7836341858
2024-09-20,20.6341762543
2024-09-23,20.8957271576
2024-09-24,20.9517707825
2024-09-25,20.6528606415
2024-09-26,20.7556095123
2024-09-27,20.8023147583
2024-09-30,20.6902236938
2024-10-01,20.6154937744
2024-10-02,20.6435184479
2024-10-03,20.3913116455
2024-10-04,20.4753818512
2024-10-07,20.4099960327
2024-10-08,20.3913116455
2024-10-09,20.4940643311
2024-10-10,20.3913116455
2024-10-11,20.5127449036
2024-10-14,20.6341762543
2024-10-15,20.4473571777
2024-10-16,20.4380168915
2024-10-17,20.5127449036
2024-10-18,20.6528606415
2024-10-21,20.4380168915
2024-10-22,20.4566993713
2024-10-23,20.3539505005
2024-10-24,20.4473571777
2024-10-25,20.3072433472
2024-10-28,20.3726291656
2024-10-29,20.204492569
2024-10-30,20.027015686
2024-10-31,19.952287674
2024-11-01,19.9616298676
2024-11-04,20.0643768311
2024-11-05,20.2511997223
2024-11-06,20.0456962585
2024-11-07,20.7742919922
2024-11-08,20.7462692261
2024-11-11,20.6995639801
2024-11-12,20.7369289398
2024-11-13,20.8770427704
2024-11-14,20.8770427704
2024-11-15,20.8957271576
2024-11-18,21.1012268066
2024-11-19,21.3347511292
2024-11-20,21.3160686493
2024-11-21,21.3627738953
2024-11-22,21.2413387299
2024-11-25,21.1292476654
2024-11-26,20.9611110687
2024-11-27,21.0638618469
2024-11-29,21.232000351
2024-12-02,21.2039756775
2024-12-03,21.4001369476
2024-12-04,21.5309085846
2024-12-05,21.7083873749
2024-12-06,21.4748649597
2024-12-09,21.4468402863
2024-12-10,21.5215702057
2024-12-11,21.5215702057
2024-12-12,21.4281597137
2024-12-13,21.4188194275
2024-12-16,21.4188194275
2024-12-17,21.4897480011
2024-12-18,20.8571338654
2024-12-19,20.8571338654
2024-12-20,20.8763046265
2024-12-23,20.9529857635
2024-12-24,21.0584182739
2024-12-26,21.0967597961
2024-12-27,20.97215271
2024-12-30,21.0104942322
2024-12-31,20.9433994293
2025-01-02,20.8475475311
2025-01-03,20.9529857635
2025-01-06,21.2117786407
2025-01-07,21.0871753693
2025-01-08,21.3651447296
2025-01-10,20.7804527283
2025-01-13,20.7516975403
2025-01-14,20.8667182922
2025-01-15,20.9242286682
2025-01-16,20.9913234711
2025-01-17,21.1063461304
2025-01-21,21.3651447296
2025-01-22,21.2597064972
2025-01-23,21.3459739685
2025-01-24,21.4609928131
2025-01-27,21.4801635742
2025-01-28,21.5664291382
2025-01-29,21.5760154724
2025-01-30,21.7293758392
2025-01-31,21.6431083679
2025-02-03,21.5472583771
2025-02-04,21.777299881
2025-02-05,21.7581310272
2025-02-06,21.806055069
2025-02-07,21.940246582
2025-02-10,22.1223640442
2025-02-11,22.1511192322
2025-02-12,22.2948951721
2025-02-13,22.5441074371
2025-02-14,22.524936676
2025-02-18,22.8699989319
2025-02-19,22.7645645142
2025-02-20,22.774148941
2025-02-21,22.5441074371
2025-02-24,22.496181488
2025-02-25,22.361989975
2025-02-26,22.4482555389
2025-02-27,22.2853088379
2025-02-28,22.2853088379
2025-03-03,22.2853088379
2025-03-04,22.496181488
2025-03-05,23.1287956238
2025-03-06,22.831659317
2025-03-07,22.8412437439
2025-03-10,22.361989975
2025-03-11,22.0936069489
2025-03-12,22.1511192322
2025-03-13,22.055267334
2025-03-14,22.3140659332
2025-03-17,22.668712616
2025-03-18,22.5920333862
2025-03-19,22.7837352753
2025-03-20,22.7453937531
2025-03-21,22.774148941
2025-03-24,22.8412437439
2025-03-25,23.0425319672
2025-03-26,22.9658489227
2025-03-27,23.167137146
2025-03-28,22.8795852661
2025-03-31,22.774148941
2025-04-01,22.8508281708
2025-04-02,22.9658489227
2025-04-03,22.4195022583
2025-04-04,20.9338150024
2025-04-07,19.9177951813
2025-04-08,19.381029129
2025-04-09,21.3172168732
2025-04-10,20.6366767883
2025-04-11,21.1638565063
2025-04-14,21.2021961212
2025-04-15,21.413066864
2025-04-16,21.6814498901
2025-04-17,22.1415348053
2025-04-21,22.189458847
2025-04-22,22.5441074371
2025-04-23,22.5728626251
2025-04-24,23.0329475403
2025-04-25,23.0041923523
2025-04-28,23.167137146
2025-04-29,23.167137146
2025-04-30,23.3204975128
2025-05-01,23.3780078888
2025-05-02,23.8572635651
2025-05-05,24.001039505
2025-05-06,23.9914550781
2025-05-07,23.9243564606
2025-05-08,23.7134857178
2025-05-09,23.9051876068
2025-05-12,24.0777206421
2025-05-13,24.1639842987
2025-05-14,24.2023258209
2025-05-15,24.5282173157
2025-05-16,24.6048984528
2025-05-19,24.614484787
2025-05-20,24.6048984528
2025-05-21,24.5282173157
2025-05-22,24.6336555481
2025-05-23,24.7199192047
2025-05-27,24.9116230011
2025-05-28,24.921207428
2025-05-29,24.8061847687
2025-05-30,24.671995163
2025-06-02,24.949962616
2025-06-03,24.9307918549
2025-06-04,25.0553970337
2025-06-05,25.256685257
2025-06-06,25.2183437347
2025-06-09,25.1224937439
2025-06-10,24.8157711029
2025-06-11,24.6911659241
2025-06-12,24.8253555298
2025-06-13,24.671995163
2025-06-16,24.8759593964
2025-06-17,24.8857192993
2025-06-18,24.7783679962
2025-06-20,24.4953556061
2025-06-23,24.5831871033
2025-06-24,24.8564414978
2025-06-25,24.8661994934
2025-06-26,25.1882514954
2025-06-27,25.2858428955
2025-06-30,25.3541545868
2025-07-01,25.1784915924
2025-07-02,25.2663230896
2025-07-03,25.2565631866
2025-07-07,25.3443965912
2025-07-08,25.4517459869
2025-07-09,25.7054843903
2025-07-10,25.6762065887
2025-07-11,25.6078929901
2025-07-14,25.8518695831
2025-07-15,25.9201831818
2025-07-16,26.2422332764
2025-07-17,26.4959716797
2025-07-18,26.5838031769
2025-07-21,26.5057296753
2025-07-22,26.5057296753
2025-07-23,26.69115448
2025-07-24,26.8277797699
2025-07-25,26.8180217743
2025-07-28,26.5252494812
2025-07-29,26.378862381
2025-07-30,26.125125885
2025-07-31,25.8323516846
2025-08-01,25.8909072876
2025-08-04,26.310546875
2025-08-05,26.1446437836
2025-08-06,26.2617530823
2025-08-07,26.5154895782
2025-08-08,26.4374160767
2025-08-11,26.2715110779
2025-08-12,27.1400718689
2025-08-13,27.4133281708
2025-08-14,27.0619983673
2025-08-15,27.0717582703
2025-08-18,26.8863353729
2025-08-19,26.9741668701
2025-08-20,27.0132045746
2025-08-21,27.0132045746
2025-08-22,27.5889911652
2025-08-25,27.4230861664
2025-08-26,27.3645324707
2025-08-27,27.2181453705
2025-08-28,27.3450145721
2025-08-29,27.4230861664
2025-09-02,27.3254947662
2025-09-03,27.3450145721
2025-09-04,27.6085109711
2025-09-05,27.8427276611
2025-09-08,27.9208011627
2025-09-09,27.8524875641
2025-09-10,28.2428512573
2025-09-11,28.4477920532
2025-09-12,28.311164856
2025-09-15,28.301404953
2025-09-16,28.2233333588
2025-09-17,28.0379085541
2025-09-18,28.0964660645
2025-09-19,28.1355018616
2025-09-22,28.2330932617
2025-09-23,27.9793548584
2025-09-24,27.7256183624
2025-09-25,27.5597133636
2025-09-26,27.6670646667
2025-09-29,27.6085109711
2025-09-30,27.6573047638
2025-10-01,27.8915233612
2025-10-02,28.2233333588
2025-10-03,28.3794784546
2025-10-06,28.5356235504
2025-10-07,28.8088798523
2025-10-08,28.7015285492
2025-10-09,28.3209247589
2025-10-10,27.6475448608
2025-10-13,27.8915233612
2025-10-14,27.7256183624
2025-10-15,27.4328460693
2025-10-16,27.3059768677
2025-10-17,27.3938083649
2025-10-20,27.6963405609
2025-10-21,27.4523620605
2025-10-22,27.3254947662
2025-10-23,27.5987510681
2025-10-24,27.6768245697
2025-10-27,28.0086326599
2025-10-28,28.1159820557
2025-10-29,27.745136261
2025-10-30,27.7256183624
2025-10-31,27.7646560669
2025-11-03,27.7841720581
2025-11-04,27.4426059723
2025-11-05,27.4816398621
2025-11-06,27.7158584595
2025-11-07,27.7353782654
2025-11-10,27.9891147614
2025-11-11,28.0867061615
2025-11-12,27.9988746643
2025-11-13,27.6085109711
2025-11-14,27.7548961639
2025-11-17,27.6475448608
2025-11-18,27.6085109711
2025-11-19,27.5401954651
2025-11-20,26.9156131744
2025-11-21,26.9546508789
2025-11-24,27.2181453705
2025-11-25,27.3157367706
2025-11-26,27.4426059723
2025-11-28,27.7061004639
2025-12-01,27.3157367706
2025-12-02,27.5206775665
2025-12-03,27.4718818665
2025-12-04,27.3450145721
2025-12-05,27.1498317719
2025-12-08,26.8180217743
2025-12-09,26.8277797699
2025-12-10,26.9156131744
2025-12-11,27.1010360718
2025-12-12,27.0717582703
2025-12-15,27.0619983673
2025-12-16,27.0799999237
2025-12-17,26.7099990845
2025-12-18,26.8700008392
2025-12-19,26.9300003052
2025-12-22,27.3799991608
2025-12-23,27.5699996948
2025-12-24,27.5499992371
2025-12-26,27.5499992371
2025-12-29,27.7000007629
2025-12-30,27.7399997711
2025-12-31,27.5100002289
2026-01-02,27.75
2026-01-05,28.4300003052
2026-01-06,28.8600006104
2026-01-07,28.6399993896
2026-01-08,28.2600002289
2026-01-09,28.3199996948
2026-01-12,28.3999996185
2026-01-13,28.2700004578
2026-01-14,28.1200008392
2026-01-15,28.0499992371
2026-01-16,28.0400009155
2026-01-20,27.8899993896
2026-01-21,27.8999996185
2026-01-22,28.0699996948
2026-01-23,28.5699996948
2026-01-26,28.5100002289
2026-01-27,29
2026-01-28,28.8799991608
2026-01-29,28.8299999237
2026-01-30,28.2099990845
2026-02-02,28.2900009155
2026-02-03,28.0100002289
2026-02-04,28.1100006104
2026-02-05,28.1100006104
2026-02-06,28.4899997711
2026-02-09,28.4400005341
2026-02-10,28.5799999237
2026-02-11,28.9799995422
2026-02-12,28.6499996185
2026-02-13,28.4699993134
2026-02-17,28.5799999237
2026-02-18,28.8099994659
2026-02-19,29.0200004578
2026-02-20,29.4300003052
2026-02-23,29.0799999237
2026-02-24,29.0200004578
2026-02-25,28.9200000763
2026-02-26,28.7999992371
2026-02-27,28.7700004578
2026-03-02,28.2800006866
2026-03-03,27.8600006104
2026-03-04,27.7700004578
2026-03-05,27.2600002289
2026-03-06,27.2600002289
2026-03-09,27.6599998474
2026-03-10,27.6900005341
2026-03-11,27.7800006866
2026-03-12,27.4200000763
2026-03-13,27.1299991608
2026-03-16,27.8600006104
2026-03-17,28.1100006104
2026-03-18,27.9699993134
2026-03-19,28.2399997711
2026-03-20,27.3600006104
2026-03-23,27.9200000763
2026-03-24,27.4799995422
2026-03-25,27.8199996948
2026-03-26,27.6100006104
2026-03-27,27.5799999237
2026-03-30,27.6499996185
2026-03-31,28.2199993134
2026-04-01,28.4799995422
2026-04-02,28.2900009155
2026-04-06,28.4599990845
2026-04-07,28.3799991608
2026-04-08,29.0499992371
2026-04-09,28.8799991608
2026-04-10,28.9799995422
2026-04-13,29.2399997711
2026-04-14,29.2299995422
2026-04-15,29.3099994659
2026-04-16,29.1499996185
2026-04-17,29.4099998474
2026-04-20,29.3999996185
2026-04-21,28.8799991608
2026-04-22,29.0100002289
2026-04-23,28.7399997711
2026-04-24,28.7800006866
2026-04-27,28.6100006104
2026-04-28,28.4400005341
2026-04-29,28.2000007629
2026-04-30,28.9799995422
2026-05-01,28.9200000763
2026-05-04,28.4599990845
2026-05-05,28.7199993134
2026-05-06,29.1200008392
2026-05-07,28.6599998474
2026-05-08,28.8899993896
2026-05-11,28.9099998474
2026-05-12,28.9799995422
2026-05-13,29.3899993896
2026-05-14,29.0799999237
2026-05-15,28.9500007629
2026-05-18,29.1900005341
2026-05-19,29.2199993134
2026-05-20,29.5900001526
2026-05-21,29.5100002289
2026-05-22,29.4699993134
2026-05-26,29.4099998474
2026-05-27,29.3099994659
2026-05-28,29.4300003052
2026-05-29,29.4899997711
2026-06-01,29.7000007629
2026-06-02,29.9799995422
2026-06-03,29.7700004578
2026-06-04,29.6900005341
2026-06-05,28.6700000763
2026-06-08,28.6900005341
