date,value
2000-05-12,14.1282405853
2000-05-15,13.9488334656
2000-05-16,14.2179441452
2000-05-17,13.9488334656
2000-05-18,13.8142766953
2000-05-19,13.8591279984
2000-05-22,12.5135831833
2000-05-23,12.8275442123
2000-05-24,12.6929893494
2000-05-25,12.8275442123
2000-05-26,12.1547679901
2000-05-30,12.8723974228
2000-05-31,13.8142766953
2000-06-01,13.7694292068
2000-06-02,14.7113075256
2000-06-05,15.0701227188
2000-06-06,14.8907146454
2000-06-07,15.2495269775
2000-06-08,14.5319013596
2000-06-09,15.8774490356
2000-06-12,15.7877445221
2000-06-13,15.1598234177
2000-06-14,15.5186347961
2000-06-15,14.3524961472
2000-06-16,13.9936790466
2000-06-19,14.1282405853
2000-06-20,14.8010129929
2000-06-21,14.6216068268
2000-06-22,14.442196846
2000-06-23,14.5319013596
2000-06-26,14.8907146454
2000-06-27,14.9355611801
2000-06-28,15.2046737671
2000-06-29,15.025270462
2000-06-30,15.0701227188
2000-07-03,15.5634880066
2000-07-05,15.3392305374
2000-07-06,15.3392305374
2000-07-07,15.7877445221
2000-07-10,15.608341217
2000-07-11,15.0701227188
2000-07-12,15.473783493
2000-07-13,15.7428941727
2000-07-14,15.2495269775
2000-07-17,15.4289360046
2000-07-18,14.9804153442
2000-07-19,14.8458681107
2000-07-20,14.6216068268
2000-07-21,14.7113075256
2000-07-24,13.9936790466
2000-07-25,14.0385370255
2000-07-26,13.9488334656
2000-07-27,13.6348705292
2000-07-28,12.8723974228
2000-07-31,13.2312116623
2000-08-01,13.4554624557
2000-08-02,13.5451669693
2000-08-03,13.5451669693
2000-08-04,13.3657617569
2000-08-07,12.9172439575
2000-08-08,12.4687328339
2000-08-09,13.2760591507
2000-08-10,13.7694292068
2000-08-11,13.5451669693
2000-08-14,13.9488334656
2000-08-15,13.8142766953
2000-08-16,14.3076457977
2000-08-17,14.576751709
2000-08-18,13.6348705292
2000-08-21,13.6797237396
2000-08-22,13.9936790466
2000-08-23,13.5003185272
2000-08-24,13.7245750427
2000-08-25,13.6348705292
2000-08-28,14.1282405853
2000-08-29,14.2179441452
2000-08-30,14.2179441452
2000-08-31,13.4554624557
2000-09-01,13.5003185272
2000-09-05,13.2312116623
2000-09-06,12.8275442123
2000-09-07,12.5584335327
2000-09-08,12.3790273666
2000-09-11,12.5135831833
2000-09-12,12.5584335327
2000-09-13,12.3790273666
2000-09-14,12.3790273666
2000-09-15,12.109919548
2000-09-18,10.7643718719
2000-09-19,10.8540735245
2000-09-20,11.3922939301
2000-09-21,11.0334806442
2000-09-22,10.5849695206
2000-09-25,10.943778038
2000-09-26,11.1231842041
2000-09-27,11.347442627
2000-09-28,11.7062530518
2000-09-29,11.7511072159
2000-10-02,10.9886293411
2000-10-03,10.9886293411
2000-10-04,11.3025894165
2000-10-05,11.347442627
2000-10-06,11.3922939301
2000-10-09,10.7643718719
2000-10-10,10.9886293411
2000-10-11,10.4504127502
2000-10-12,9.8673410416
2000-10-13,10.0467481613
2000-10-16,10.0467481613
2000-10-17,9.5533800125
2000-10-18,9.5085277557
2000-10-19,9.8224916458
2000-10-20,10.4504127502
2000-10-23,10.360707283
2000-10-24,10.360707283
2000-10-25,9.9570436478
2000-10-26,9.8224916458
2000-10-27,9.6879348755
2000-10-30,9.46367836
2000-10-31,9.8224916458
2000-11-01,10.2710037231
2000-11-02,10.7195196152
2000-11-03,10.8989257812
2000-11-06,10.7643718719
2000-11-07,10.5849695206
2000-11-08,10.4055585861
2000-11-09,10.6746692657
2000-11-10,10.7643718719
2000-11-13,10.3158569336
2000-11-14,10.6746692657
2000-11-15,10.6746692657
2000-11-16,10.5849695206
2000-11-17,10.5849695206
2000-11-20,10.1364498138
2000-11-21,9.6879348755
2000-11-22,9.7327880859
2000-11-24,9.6879348755
2000-11-27,10.1364498138
2000-11-28,9.7776384354
2000-11-29,9.1497154236
2000-11-30,9.0600137711
2000-12-01,9.1945667267
2000-12-04,8.9254579544
2000-12-05,9.5085277557
2000-12-06,9.2394208908
2000-12-07,9.5085277557
2000-12-08,9.8673410416
2000-12-11,10.1364498138
2000-12-12,9.6879348755
2000-12-13,10.0916004181
2000-12-14,9.8673410416
2000-12-15,9.46367836
2000-12-18,9.8673410416
2000-12-19,9.5085277557
2000-12-20,9.2394208908
2000-12-21,9.1497154236
2000-12-22,8.8806085587
2000-12-26,8.7909021378
2000-12-27,8.6114969254
2000-12-28,8.8357553482
2000-12-29,8.7909021378
2001-01-02,8.9254579544
2001-01-03,9.9121904373
2001-01-04,9.643081665
2001-01-05,10.0018959045
2001-01-08,10.4055585861
2001-01-09,10.4952630997
2001-01-10,9.8673410416
2001-01-11,10.0467481613
2001-01-12,10.4055585861
2001-01-16,10.1813011169
2001-01-17,10.5849695206
2001-01-18,10.7643718719
2001-01-19,10.943778038
2001-01-22,10.9886293411
2001-01-23,11.3922939301
2001-01-24,11.4371461868
2001-01-25,11.1231842041
2001-01-26,10.1813011169
2001-01-29,10.5132007599
2001-01-30,10.3409757614
2001-01-31,10.8361368179
2001-02-01,10.7356681824
2001-02-02,10.7859020233
2001-02-05,10.1543893814
2001-02-06,10.326622963
2001-02-07,10.1543893814
2001-02-08,10.4270915985
2001-02-09,10.506026268
2001-02-12,10.5419063568
2001-02-13,10.4557914734
2001-02-14,10.7930765152
2001-02-15,10.9581279755
2001-02-16,10.5132007599
2001-02-20,10.8361368179
2001-02-21,10.5634374619
2001-02-22,10.2620353699
2001-02-23,10.2261562347
2001-02-26,10.46296978
2001-02-27,10.1902704239
2001-02-28,9.8816928864
2001-03-01,10.0467481613
2001-03-02,9.7022895813
2001-03-05,9.8673410416
2001-03-06,10.0467481613
2001-03-07,9.9391012192
2001-03-08,10.0108671188
2001-03-09,9.5228815079
2001-03-12,9.0061922073
2001-03-13,9.2214794159
2001-03-14,9.1138353348
2001-03-15,9.3219442368
2001-03-16,9.3219442368
2001-03-19,9.1138353348
2001-03-20,8.6114969254
2001-03-21,8.6976127625
2001-03-22,8.7837276459
2001-03-23,9.2788896561
2001-03-26,9.307592392
2001-03-27,9.1353645325
2001-03-28,8.7550230026
2001-03-29,8.819609642
2001-03-30,8.7837276459
2001-04-02,8.5038518906
2001-04-03,8.1163349152
2001-04-04,7.901049614
2001-04-05,8.3244476318
2001-04-06,8.3244476318
2001-04-09,8.1880989075
2001-04-10,8.2885656357
2001-04-11,8.6043186188
2001-04-12,8.8554906845
2001-04-16,8.5038518906
2001-04-17,8.9200763702
2001-04-18,9.910399437
2001-04-19,9.903222084
2001-04-20,9.5228815079
2001-04-23,9.4008846283
2001-04-24,9.6879348755
2001-04-25,9.9391012192
2001-04-26,9.7596979141
2001-04-27,9.443944931
2001-04-30,10.0539236069
2001-05-01,10.2405052185
2001-05-02,10.2548589706
2001-05-03,10.3337974548
2001-05-04,10.4055585861
2001-05-07,10.4414377213
2001-05-08,10.4199123383
2001-05-09,10.1185083389
2001-05-10,10.1185083389
2001-05-11,10.2476816177
2001-05-14,10.1185083389
2001-05-15,9.9534540176
2001-05-16,10.2189798355
2001-05-17,10.5203800201
2001-05-18,10.4988489151
2001-05-21,11.0227165222
2001-05-22,10.7643718719
2001-05-23,10.9366016388
2001-05-24,10.9724836349
2001-05-25,10.8002519608
2001-05-29,10.9581279755
2001-05-30,10.6567287445
2001-05-31,10.8146047592
2001-06-01,10.6352024078
2001-06-04,10.6997833252
2001-06-05,10.4342651367
2001-06-06,10.4055585861
2001-06-07,10.6064920425
2001-06-08,10.8146047592
2001-06-11,10.6136693954
2001-06-12,10.4486169815
2001-06-13,10.7284917831
2001-06-14,10.369679451
2001-06-15,10.6352024078
2001-06-18,10.484500885
2001-06-19,10.1543893814
2001-06-20,10.2261562347
2001-06-21,10.2620353699
2001-06-22,10.1902704239
2001-06-25,10.1902704239
2001-06-26,10.0108671188
2001-06-27,9.910399437
2001-06-28,10.5132007599
2001-06-29,10.2548589706
2001-07-02,10.2333278656
2001-07-03,10.1328630447
2001-07-05,10.1328630447
2001-07-06,9.8673410416
2001-07-09,9.5874671936
2001-07-10,9.5085277557
2001-07-11,9.4295902252
2001-07-12,9.6161746979
2001-07-13,9.4008846283
2001-07-16,9.2645359039
2001-07-17,9.329123497
2001-07-18,9.1281900406
2001-07-19,9.2860651016
2001-07-20,9.2286548615
2001-07-23,8.9990148544
2001-07-24,8.8267860413
2001-07-25,9.1712436676
2001-07-26,9.307592392
2001-07-27,9.4582967758
2001-07-30,9.2501831055
2001-07-31,9.4008846283
2001-08-01,9.9247522354
2001-08-02,10.0682783127
2001-08-03,10.1113357544
2001-08-06,9.838637352
2001-08-07,9.9175748825
2001-08-08,9.9821615219
2001-08-09,9.673582077
2001-08-10,9.652053833
2001-08-13,9.9534540176
2001-08-14,10.0252161026
2001-08-15,10.0610971451
2001-08-16,10.2118015289
2001-08-17,9.9319286346
2001-08-20,10.0036888123
2001-08-21,9.7668714523
2001-08-22,10.0036888123
2001-08-23,9.903222084
2001-08-24,10.0434989929
2001-08-27,10.0941133499
2001-08-28,10.1447296143
2001-08-29,9.8193435669
2001-08-30,9.7904243469
2001-08-31,9.5445775986
2001-09-04,9.6891956329
2001-09-05,9.7108840942
2001-09-06,9.5445775986
2001-09-07,9.5518093109
2001-09-10,9.7831926346
2001-09-17,8.1707372665
2001-09-18,8.3370428085
2001-09-19,8.3587360382
2001-09-20,7.816429615
2001-09-21,7.9176621437
2001-09-24,8.3081197739
2001-09-25,7.9176621437
2001-09-26,7.924890995
2001-09-27,7.845354557
2001-09-28,7.9610462189
2001-10-01,8.0044279099
2001-10-02,8.0478153229
2001-10-03,8.3153524399
2001-10-04,8.4816570282
2001-10-05,8.3804254532
2001-10-08,8.2719688416
2001-10-09,8.3948917389
2001-10-10,8.5322723389
2001-10-11,8.8938112259
2001-10-12,8.8576564789
2001-10-15,8.8359661102
2001-10-16,8.9805812836
2001-10-17,8.9010410309
2001-10-18,8.9878091812
2001-10-19,8.8938112259
2001-10-22,8.8938112259
2001-10-23,8.9733495712
2001-10-24,9.4650382996
2001-10-25,9.4795026779
2001-10-26,9.5662698746
2001-10-29,9.4722700119
2001-10-30,9.2047319412
2001-10-31,9.2698087692
2001-11-01,9.7831926346
2001-11-02,9.7542676926
2001-11-05,9.8988847733
2001-11-06,9.9061145782
2001-11-07,9.9784221649
2001-11-08,10.1591911316
2001-11-09,10.3688812256
2001-11-12,10.5785741806
2001-11-13,10.8678016663
2001-11-14,11.1497993469
2001-11-15,11.0919551849
2001-11-16,11.0413389206
2001-11-19,11.4534902573
2001-11-20,11.1208791733
2001-11-21,11.17872715
2001-11-23,11.836722374
2001-11-26,12.4874887466
2001-11-27,12.4224157333
2001-11-28,11.395647049
2001-11-29,11.4968757629
2001-11-30,11.757185936
2001-12-03,11.894569397
2001-12-04,12.0753393173
2001-12-05,13.253947258
2001-12-06,12.899641037
2001-12-07,13.275642395
2001-12-10,12.567027092
2001-12-11,12.5959501266
2001-12-12,12.8201007843
2001-12-13,12.7767162323
2001-12-14,12.299489975
2001-12-17,12.0970277786
2001-12-18,12.18379879
2001-12-19,11.865644455
2001-12-20,12.082567215
2001-12-21,11.9017972946
2001-12-24,11.8077993393
2001-12-26,11.9524145126
2001-12-27,12.2127199173
2001-12-28,12.552567482
2001-12-31,12.8056373596
2002-01-02,13.3262577057
2002-01-03,13.5142526627
2002-01-04,14.150557518
2002-01-07,13.9697856903
2002-01-08,13.7311754227
2002-01-09,14.020406723
2002-01-10,13.4781017303
2002-01-11,13.3696393967
2002-01-14,13.760102272
2002-01-15,13.4130220413
2002-01-16,13.0153312683
2002-01-17,13.253947258
2002-01-18,13.087638855
2002-01-22,13.225025177
2002-01-23,13.550409317
2002-01-24,13.9842510223
2002-01-25,14.309633255
2002-01-28,14.5482501984
2002-01-29,14.0493297577
2002-01-30,13.9842510223
2002-01-31,13.8757925034
2002-02-01,13.7167100906
2002-02-04,13.275642395
2002-02-05,13.6154813766
2002-02-06,13.6660985947
2002-02-07,13.4491796494
2002-02-08,13.6877918243
2002-02-11,13.8685617447
2002-02-12,13.8179426193
2002-02-13,13.955327034
2002-02-14,14.8591661453
2002-02-15,14.4976387024
2002-02-19,14.4036359787
2002-02-20,14.569943428
2002-02-21,14.53378582
2002-02-22,14.931476593
2002-02-25,15.141169548
2002-02-26,15.1773233414
2002-02-27,15.3364028931
2002-02-28,15.387014389
2002-03-01,15.7630119324
2002-03-04,15.8570127487
2002-03-05,15.719628334
2002-03-06,15.8931694031
2002-03-07,15.5750179291
2002-03-08,15.5533266068
2002-03-11,15.5822458267
2002-03-12,15.8353242874
2002-03-13,15.8425512314
2002-03-14,16.0956306458
2002-03-15,16.2113189697
2002-03-18,16.2257843018
2002-03-19,16.7391662598
2002-03-20,16.1245479584
2002-03-21,16.1968593597
2002-03-22,16.4716262817
2002-03-25,16.088394165
2002-03-26,16.3342437744
2002-03-27,16.7680873871
2002-03-28,16.5945529938
2002-04-01,16.3125514984
2002-04-02,16.6451625824
2002-04-03,16.7391662598
2002-04-04,16.8403987885
2002-04-05,17.0139312744
2002-04-08,16.4933166504
2002-04-09,15.8497819901
2002-04-10,15.5388660431
2002-04-11,15.2568635941
2002-04-12,15.7268600464
2002-04-15,16.3631649017
2002-04-16,16.9560852051
2002-04-17,17.4983921051
2002-04-18,17.3537750244
2002-04-19,17.2887039185
2002-04-22,17.1079311371
2002-04-23,17.5706977844
2002-04-24,17.4983921051
2002-04-25,16.8837757111
2002-04-26,16.6307048798
2002-04-29,15.7485580444
2002-04-30,16.2980918884
2002-05-01,16.2330131531
2002-05-02,16.4427070618
2002-05-03,16.2691688538
2002-05-06,15.2134799957
2002-05-07,15.6907091141
2002-05-08,16.8765487671
2002-05-09,16.5222415924
2002-05-10,15.7051687241
2002-05-13,16.0160865784
2002-05-14,16.5873203278
2002-05-15,16.8620872498
2002-05-16,16.8476257324
2002-05-17,17.5562381744
2002-05-20,17.1730060577
2002-05-21,16.5656223297
2002-05-22,17.2019309998
2002-05-23,17.1440868378
2002-05-24,17.2742404938
2002-05-28,17.4116210938
2002-05-29,17.1079311371
2002-05-30,16.8910102844
2002-05-31,16.6523952484
2002-06-03,16.3342437744
2002-06-04,16.9416236877
2002-06-05,17.0645446777
2002-06-06,16.7753162384
2002-06-07,16.580083847
2002-06-10,16.9850101471
2002-06-11,16.9271621704
2002-06-12,17.2380867004
2002-06-13,17.1007003784
2002-06-14,16.6813144684
2002-06-17,17.0211658478
2002-06-18,17.1657772064
2002-06-19,16.0016269684
2002-06-20,16.1607017517
2002-06-21,15.9510116577
2002-06-24,16.3703918457
2002-06-25,15.7991657257
2002-06-26,15.1773233414
2002-06-27,15.4014787674
2002-06-28,15.828086853
2002-07-01,15.4882421494
2002-07-02,15.2134799957
2002-07-03,15.5967025757
2002-07-05,16.8765487671
2002-07-08,16.7174720764
2002-07-09,17.0717830658
2002-07-10,16.8837757111
2002-07-11,16.6523952484
2002-07-12,16.8620872498
2002-07-15,16.7753162384
2002-07-16,16.2691688538
2002-07-17,16.5222415924
2002-07-18,16.4427070618
2002-07-19,15.8063983917
2002-07-22,15.1845579147
2002-07-23,15.6907091141
2002-07-24,16.1968593597
2002-07-25,15.141169548
2002-07-26,14.569943428
2002-07-29,15.2279396057
2002-07-30,15.141169548
2002-07-31,14.6422481537
2002-08-01,14.4325561523
2002-08-02,14.2084026337
2002-08-05,13.5648708344
2002-08-06,14.0131759644
2002-08-07,14.1722517014
2002-08-08,14.526558876
2002-08-09,14.2517910004
2002-08-12,14.1867113113
2002-08-13,14.5193252563
2002-08-14,15.2496337891
2002-08-15,15.1194820404
2002-08-16,15.0182466507
2002-08-19,15.220708847
2002-08-20,15.3002481461
2002-08-21,15.9003982544
2002-08-22,15.6400899887
2002-08-23,15.2279396057
2002-08-26,15.3436307907
2002-08-27,14.974861145
2002-08-28,14.714553833
2002-08-29,14.8953237534
2002-08-30,15.2134799957
2002-09-03,15.0688619614
2002-09-04,15.0471725464
2002-09-05,14.931476593
2002-09-06,14.931476593
2002-09-09,14.6422481537
2002-09-10,14.9820947647
2002-09-11,15.162861824
2002-09-12,15.1194820404
2002-09-13,14.9603977203
2002-09-16,14.4542512894
2002-09-17,14.541018486
2002-09-18,14.6060991287
2002-09-19,14.4614801407
2002-09-20,14.4325561523
2002-09-23,13.52871418
2002-09-24,13.3913326263
2002-09-25,13.7094831467
2002-09-26,13.7022571564
2002-09-27,13.2684087753
2002-09-30,12.6610240936
2002-10-01,13.3262577057
2002-10-02,12.9864082336
2002-10-03,12.8345632553
2002-10-04,12.7694864273
2002-10-07,12.386259079
2002-10-08,12.64656353
2002-10-09,11.9524145126
2002-10-10,11.8728742599
2002-10-11,12.1548719406
2002-10-14,12.1114902496
2002-10-15,13.0731782913
2002-10-16,12.6537942886
2002-10-17,13.3117961884
2002-10-18,13.601023674
2002-10-21,13.5214881897
2002-10-22,12.8851804733
2002-10-23,13.3696393967
2002-10-24,13.2322559357
2002-10-25,13.4274845123
2002-10-28,13.7456407547
2002-10-29,13.7817907333
2002-10-30,13.637178421
2002-10-31,13.6227197647
2002-11-01,13.4057941437
2002-11-04,14.1433334351
2002-11-05,14.1650209427
2002-11-06,13.955327034
2002-11-07,14.280711174
2002-11-08,14.3891744614
2002-11-11,14.063791275
2002-11-12,13.9697856903
2002-11-13,14.0782518387
2002-11-14,14.092713356
2002-11-15,14.2951755524
2002-11-18,14.034869194
2002-11-19,14.1216402054
2002-11-20,14.4542512894
2002-11-21,14.613322258
2002-11-22,14.9965543747
2002-11-25,14.9965543747
2002-11-26,14.6494789124
2002-11-27,15.4014787674
2002-11-29,15.3291749954
2002-12-02,15.4159412384
2002-12-03,15.3147087097
2002-12-04,14.4976387024
2002-12-05,14.707326889
2002-12-06,14.6784009933
2002-12-09,14.2445659637
2002-12-10,14.5193252563
2002-12-11,14.4180994034
2002-12-12,14.6856336594
2002-12-13,14.6639413834
2002-12-16,14.6494789124
2002-12-17,14.7000951767
2002-12-18,14.526558876
2002-12-19,14.541018486
2002-12-20,14.6711750031
2002-12-23,14.309633255
2002-12-24,13.883023262
2002-12-26,13.7528686523
2002-12-27,13.253947258
2002-12-30,13.290099144
2002-12-31,13.2684087753
2003-01-02,13.579331398
2003-01-03,14.2084026337
2003-01-06,14.5988636017
2003-01-07,14.063791275
2003-01-08,13.8468637466
2003-01-09,13.8468637466
2003-01-10,13.5720977783
2003-01-13,14.0131759644
2003-01-14,14.2373247147
2003-01-15,13.8107156754
2003-01-16,13.9697856903
2003-01-17,13.5070228577
2003-01-21,13.579331398
2003-01-22,13.304561615
2003-01-23,13.7456407547
2003-01-24,12.8779468536
2003-01-27,12.6537942886
2003-01-28,13.18887043
2003-01-29,12.72610569
2003-01-30,12.552567482
2003-01-31,12.7477941513
2003-02-03,13.0659475327
2003-02-04,12.7694864273
2003-02-05,12.870716095
2003-02-06,12.5814905167
2003-02-07,12.270565033
2003-02-10,12.2850284576
2003-02-11,11.9885663986
2003-02-12,12.234416008
2003-02-13,12.0030298233
2003-02-14,12.299489975
2003-02-18,12.7333335876
2003-02-19,12.6610240936
2003-02-20,12.870716095
2003-02-21,12.9357910156
2003-02-24,12.9647188187
2003-02-25,12.72610569
2003-02-26,12.4657993317
2003-02-27,12.53810215
2003-02-28,12.2850284576
2003-03-03,12.552567482
2003-03-04,12.1476449966
2003-03-05,11.836722374
2003-03-06,11.5691843033
2003-03-07,11.5619535446
2003-03-10,11.1570320129
2003-03-11,10.8967256546
2003-03-12,10.8967256546
2003-03-13,11.4607248306
2003-03-14,11.229341507
2003-03-17,11.1281080246
2003-03-18,11.2582645416
2003-03-19,11.2727231979
2003-03-20,11.9307222366
2003-03-21,12.2561063766
2003-03-24,11.6053371429
2003-03-25,11.5330305099
2003-03-26,11.5981063843
2003-03-27,11.4028787613
2003-03-28,11.4101085663
2003-03-31,10.8605737686
2003-04-01,11.0341091156
2003-04-02,11.294418335
2003-04-03,11.0991868973
2003-04-04,11.3450307846
2003-04-07,11.757185936
2003-04-08,11.6704111099
2003-04-09,11.4245700836
2003-04-10,11.865644455
2003-04-11,12.0391836166
2003-04-14,12.4224157333
2003-04-15,12.6682538986
2003-04-16,12.870716095
2003-04-17,13.0153312683
2003-04-21,13.1165628433
2003-04-22,12.72610569
2003-04-23,12.545334816
2003-04-24,12.1114902496
2003-04-25,11.6125707626
2003-04-28,12.0102586746
2003-04-29,12.436873436
2003-04-30,12.4874887466
2003-05-01,12.5019521713
2003-05-02,12.6248693466
2003-05-05,12.6176452637
2003-05-06,12.9213342667
2003-05-07,13.123793602
2003-05-08,13.0514850616
2003-05-09,13.304561615
2003-05-12,13.6805582047
2003-05-13,13.0731782913
2003-05-14,12.870716095
2003-05-15,13.261182785
2003-05-16,12.914100647
2003-05-19,12.509180069
2003-05-20,12.740568161
2003-05-21,12.6104125977
2003-05-22,12.7622566223
2003-05-23,12.9068727493
2003-05-27,13.1527175903
2003-05-28,13.253947258
2003-05-29,13.261182785
2003-05-30,13.3768701553
2003-06-02,13.6733322144
2003-06-03,13.463643074
2003-06-04,13.7384061813
2003-06-05,13.7890224457
2003-06-06,13.825176239
2003-06-09,13.7311754227
2003-06-10,14.0854816437
2003-06-11,14.1650209427
2003-06-12,14.2300987244
2003-06-13,14.114408493
2003-06-16,14.4325561523
2003-06-17,14.4976387024
2003-06-18,14.7000951767
2003-06-19,14.8953237534
2003-06-20,14.7362470627
2003-06-23,14.316865921
2003-06-24,14.2662525177
2003-06-25,14.4253311157
2003-06-26,14.8085575104
2003-06-27,14.5988636017
2003-06-30,14.4542512894
2003-07-01,14.6060991287
2003-07-02,15.0110149384
2003-07-03,15.1194820404
2003-07-07,15.3653240204
2003-07-08,15.9003982544
2003-07-09,15.8353242874
2003-07-10,15.3797864914
2003-07-11,15.6256303787
2003-07-14,16.2691688538
2003-07-15,15.7702417374
2003-07-16,15.907626152
2003-07-17,15.4014787674
2003-07-18,15.473783493
2003-07-21,15.0471725464
2003-07-22,15.5099411011
2003-07-23,15.2785549164
2003-07-24,15.567782402
2003-07-25,15.871471405
2003-07-28,15.907626152
2003-07-29,16.1245479584
2003-07-30,16.0016269684
2003-07-31,15.6907091141
2003-08-01,16.0016269684
2003-08-04,15.871471405
2003-08-05,15.7485580444
2003-08-06,15.5316314697
2003-08-07,15.6256303787
2003-08-08,15.4304056168
2003-08-11,15.4810190201
2003-08-12,15.220708847
2003-08-13,15.5316314697
2003-08-14,16.088394165
2003-08-15,16.1968593597
2003-08-18,16.2691688538
2003-08-19,16.4137783051
2003-08-20,16.4788627625
2003-08-21,17.1007003784
2003-08-22,16.8837757111
2003-08-25,16.8403987885
2003-08-26,16.8259353638
2003-08-27,16.7970123291
2003-08-28,16.6668586731
2003-08-29,16.9126987457
2003-09-02,17.1730060577
2003-09-03,17.0356273651
2003-09-04,17.1296253204
2003-09-05,17.0211658478
2003-09-08,17.2380867004
2003-09-09,16.8476257324
2003-09-10,16.6668586731
2003-09-11,16.9922370911
2003-09-12,16.6451625824
2003-09-15,16.5294704437
2003-09-16,17.0573177338
2003-09-17,16.9994735718
2003-09-18,16.9850101471
2003-09-19,16.5945529938
2003-09-22,15.9148616791
2003-09-23,16.1607017517
2003-09-24,15.8497819901
2003-09-25,15.7557840347
2003-09-26,15.5750179291
2003-09-29,15.6690120697
2003-09-30,15.4376316071
2003-10-01,16.1173210144
2003-10-02,16.4137783051
2003-10-03,16.7825508118
2003-10-06,16.7536296844
2003-10-07,16.5728588104
2003-10-08,16.3053207397
2003-10-09,16.7463970184
2003-10-10,17.3176250458
2003-10-13,17.6357803345
2003-10-14,17.3103942871
2003-10-15,16.8620872498
2003-10-16,17.1079311371
2003-10-17,16.8476257324
2003-10-20,17.1368522644
2003-10-21,17.3031635284
2003-10-22,17.0283927917
2003-10-23,16.5583953857
2003-10-24,16.2908611298
2003-10-27,16.8476257324
2003-10-28,17.1007003784
2003-10-29,17.3465480804
2003-10-30,17.5634689331
2003-10-31,17.4911651611
2003-11-03,17.5851650238
2003-11-04,17.5490074158
2003-11-05,17.9828491211
2003-11-06,17.5345478058
2003-11-07,17.9033145905
2003-11-10,17.7586975098
2003-11-11,17.6285457611
2003-11-12,18.0334682465
2003-11-13,18.2648544312
2003-11-14,18.0623893738
2003-11-17,17.4477729797
2003-11-18,17.5345478058
2003-11-19,17.1730060577
2003-11-20,16.8187026978
2003-11-21,16.8403987885
2003-11-24,16.6885452271
2003-11-25,16.8259353638
2003-11-26,16.9199314117
2003-11-28,17.1151618958
2003-12-01,17.9466991425
2003-12-02,17.8020820618
2003-12-03,17.7225418091
2003-12-04,17.8310050964
2003-12-05,17.2019309998
2003-12-08,17.4043922424
2003-12-09,17.0790081024
2003-12-10,17.3537750244
2003-12-11,17.8816184998
2003-12-12,17.9539299011
2003-12-15,17.9828491211
2003-12-16,17.8888492584
2003-12-17,17.5706977844
2003-12-18,17.9466991425
2003-12-19,17.8237762451
2003-12-22,17.7961292267
2003-12-23,17.6797199249
2003-12-24,17.6433429718
2003-12-26,17.5851325989
2003-12-29,17.781578064
2003-12-30,18.1453552246
2003-12-31,18.2796764374
2004-01-02,18.7614936829
2004-01-05,18.8709945679
2004-01-06,18.5789909363
2004-01-07,18.6519947052
2004-01-08,18.7906951904
2004-01-09,19.0534992218
2004-01-12,19.5280170441
2004-01-13,19.1265048981
2004-01-14,19.3455123901
2004-01-15,19.1922016144
2004-01-16,19.2871074677
2004-01-20,19.5499153137
2004-01-21,19.9149265289
2004-01-22,20.2726325989
2004-01-23,19.8565235138
2004-01-26,20.2945308685
2004-01-27,19.5572185516
2004-01-28,19.5280170441
2004-01-29,19.4915142059
2004-01-30,19.4039077759
2004-02-02,19.5134162903
2004-02-03,19.2214069366
2004-02-04,18.9878005981
2004-02-05,19.2725028992
2004-02-06,19.8127231598
2004-02-09,20.0317306519
2004-02-10,20.2215270996
2004-02-11,20.6960430145
2004-02-12,20.4697360992
2004-02-13,20.5573406219
2004-02-17,20.7763442993
2004-02-18,20.4040355682
2004-02-19,20.3529319763
2004-02-20,20.0025215149
2004-02-23,19.863822937
2004-02-24,19.61561203
2004-02-25,19.7543201447
2004-02-26,19.6886177063
2004-02-27,20.1631336212
2004-03-01,20.3821372986
2004-03-02,20.5427398682
2004-03-03,20.4040355682
2004-03-04,20.8055477142
2004-03-05,20.9077472687
2004-03-08,20.4040355682
2004-03-09,20.2507286072
2004-03-10,19.6375179291
2004-03-11,19.6229171753
2004-03-12,19.2506084442
2004-03-15,19.0316066742
2004-03-16,19.3090057373
2004-03-17,19.9952278137
2004-03-18,19.8711223602
2004-03-19,19.8200206757
2004-03-22,19.3966083527
2004-03-23,19.8200206757
2004-03-24,19.6740207672
2004-03-25,19.9587230682
2004-03-26,19.8200206757
2004-03-29,20.3018360138
2004-03-30,20.2288303375
2004-03-31,20.5792427063
2004-04-01,20.8639469147
2004-04-02,20.9515552521
2004-04-05,21.1632575989
2004-04-06,21.309261322
2004-04-07,21.3895626068
2004-04-08,21.6669712067
2004-04-12,21.9370765686
2004-04-13,21.4041652679
2004-04-14,21.2800598145
2004-04-15,21.221660614
2004-04-16,20.8785457611
2004-04-19,21.09025383
2004-04-20,21.1632575989
2004-04-21,21.5063648224
2004-04-22,21.4260616302
2004-04-23,21.6377696991
2004-04-26,21.0245513916
2004-04-27,20.9880504608
2004-04-28,20.0317306519
2004-04-29,19.0024051666
2004-04-30,18.8709945679
2004-05-03,19.1046047211
2004-05-04,19.2141056061
2004-05-05,19.2141056061
2004-05-06,18.4329891205
2004-05-07,18.1774768829
2004-05-10,17.0313472748
2004-05-11,17.3671550751
2004-05-12,17.6664638519
2004-05-13,17.3379535675
2004-05-14,16.7466430664
2004-05-17,15.9801149368
2004-05-18,16.4400367737
2004-05-19,17.0459480286
2004-05-20,17.1335506439
2004-05-21,17.4693584442
2004-05-24,17.5277633667
2004-05-25,17.6518630981
2004-05-26,17.6737670898
2004-05-27,17.994972229
2004-05-28,18.1409740448
2004-06-01,18.1336803436
2004-06-02,17.9876708984
2004-06-03,17.148147583
2004-06-04,17.3817539215
2004-06-07,18.2431774139
2004-06-08,18.170173645
2004-06-09,17.4766597748
2004-06-10,17.3014564514
2004-06-14,16.2064285278
2004-06-15,16.8269443512
2004-06-16,16.5130329132
2004-06-17,16.6152362823
2004-06-18,16.4400367737
2004-06-21,16.4254341125
2004-06-22,16.6444396973
2004-06-23,16.5714378357
2004-06-24,17.1554508209
2004-06-25,17.5642604828
2004-06-28,17.3379535675
2004-06-29,17.483959198
2004-06-30,17.7686691284
2004-07-01,17.2649536133
2004-07-02,16.9291477203
2004-07-06,16.7174434662
2004-07-07,16.9364452362
2004-07-08,16.5057353973
2004-07-09,16.7101364136
2004-07-12,16.6736431122
2004-07-13,16.8415393829
2004-07-14,16.2064285278
2004-07-15,16.0677242279
2004-07-16,16.3451271057
2004-07-19,16.5057353973
2004-07-20,16.4254341125
2004-07-21,16.2137260437
2004-07-22,16.4546337128
2004-07-23,16.0312194824
2004-07-26,16.0312194824
2004-07-27,16.2794284821
2004-07-28,16.3305282593
2004-07-29,16.169921875
2004-07-30,16.0969219208
2004-08-02,15.9436235428
2004-08-03,15.8049135208
2004-08-04,15.994717598
2004-08-05,16.2429237366
2004-08-06,15.9874219894
2004-08-09,16.3597297668
2004-08-10,16.7539463043
2004-08-11,16.7685413361
2004-08-12,16.8269443512
2004-08-13,17.1189460754
2004-08-16,17.3014564514
2004-08-17,17.1189460754
2004-08-18,17.4328613281
2004-08-19,17.505859375
2004-08-20,17.6737670898
2004-08-23,17.5204601288
2004-08-24,17.5861663818
2004-08-25,17.8124732971
2004-08-26,17.9730701447
2004-08-27,17.8781681061
2004-08-30,17.5569610596
2004-08-31,17.7029685974
2004-09-01,18.0679798126
2004-09-02,18.3161830902
2004-09-03,18.3161830902
2004-09-07,18.0095729828
2004-09-08,17.8781681061
2004-09-09,18.0533771515
2004-09-10,18.4548892975
2004-09-13,18.8052978516
2004-09-14,18.7468929291
2004-09-15,18.5789909363
2004-09-16,18.8709945679
2004-09-17,18.7614936829
2004-09-20,18.7322921753
2004-09-21,18.9366950989
2004-09-22,18.1336803436
2004-09-23,18.1555747986
2004-09-24,18.3453845978
2004-09-27,18.1847782135
2004-09-28,18.2504806519
2004-09-29,18.3161830902
2004-09-30,18.2504806519
2004-10-01,18.8125972748
2004-10-04,19.3455123901
2004-10-05,18.7979984283
2004-10-06,19.4623126984
2004-10-07,19.3017101288
2004-10-08,19.0900039673
2004-10-11,19.1703033447
2004-10-12,18.688495636
2004-10-13,18.484085083
2004-10-14,18.1847782135
2004-10-15,18.2796764374
2004-10-18,18.5205879211
2004-10-19,18.5278873444
2004-10-20,18.2139778137
2004-10-21,18.0314731598
2004-10-22,17.8197689056
2004-10-25,17.8051681519
2004-10-26,17.9803733826
2004-10-27,18.3964824677
2004-10-28,18.4329891205
2004-10-29,18.6446876526
2004-11-01,18.6373920441
2004-11-02,18.929397583
2004-11-03,19.2360076904
2004-11-04,19.4550113678
2004-11-05,19.3455123901
2004-11-08,19.1629981995
2004-11-09,18.9804973602
2004-11-10,19.0388965607
2004-11-11,19.3601112366
2004-11-12,19.8930206299
2004-11-15,20.2069282532
2004-11-16,19.9368247986
2004-11-17,20.5208396912
2004-11-18,20.4259357452
2004-11-19,20.0317306519
2004-11-22,19.9076251984
2004-11-23,20.0025215149
2004-11-24,20.4040355682
2004-11-26,20.4405345917
2004-11-29,20.4040355682
2004-11-30,20.6303424835
2004-12-01,20.9515552521
2004-12-02,20.9515552521
2004-12-03,20.842048645
2004-12-06,20.7325458527
2004-12-07,20.1339302063
2004-12-08,20.1631336212
2004-12-09,20.039024353
2004-12-10,19.4039077759
2004-12-13,19.5353145599
2004-12-14,19.7105140686
2004-12-15,20.1777324677
2004-12-16,20.2580318451
2004-12-17,20.3310337067
2004-12-20,20.6303424835
2004-12-21,20.6595439911
2004-12-22,20.6157436371
2004-12-23,20.6596984863
2004-12-27,20.6890029907
2004-12-28,20.8648319244
2004-12-29,20.930765152
2004-12-30,21.2457904816
2004-12-31,21.428943634
2005-01-03,21.1358966827
2005-01-04,20.5571327209
2005-01-05,20.6963310242
2005-01-06,20.3519973755
2005-01-07,20.2933864594
2005-01-10,20.4472370148
2005-01-11,20.83552742
2005-01-12,20.9380912781
2005-01-13,21.1358966827
2005-01-14,21.8685112
2005-01-18,22.4106464386
2005-01-19,21.9784049988
2005-01-20,21.9491024017
2005-01-21,22.0150318146
2005-01-24,22.2348175049
2005-01-25,22.190864563
2005-01-26,22.5864715576
2005-01-27,22.5205402374
2005-01-28,22.2714519501
2005-01-31,22.689037323
2005-02-01,22.6377563477
2005-02-02,22.5058841705
2005-02-03,22.5425167084
2005-02-04,23.0040645599
2005-02-07,23.2238426208
2005-02-08,23.3557167053
2005-02-09,23.1872138977
2005-02-10,22.8721923828
2005-02-11,23.2238426208
2005-02-14,23.5242156982
2005-02-15,23.7733039856
2005-02-16,23.6927204132
2005-02-17,23.5901508331
2005-02-18,24.1396121979
2005-02-22,24.0077400208
2005-02-23,24.1615886688
2005-02-24,24.5059185028
2005-02-25,24.9967727661
2005-02-28,25.1506137848
2005-03-01,25.3630771637
2005-03-02,24.9015312195
2005-03-03,25.092004776
2005-03-04,25.2751579285
2005-03-07,25.0260753632
2005-03-08,24.7989597321
2005-03-09,24.7550086975
2005-03-10,24.5791759491
2005-03-11,25.0187530518
2005-03-14,25.0260753632
2005-03-15,24.2055435181
2005-03-16,23.9930915833
2005-03-17,24.1103096008
2005-03-18,24.1396121979
2005-03-21,23.8978443146
2005-03-22,23.6707382202
2005-03-23,23.5901508331
2005-03-24,23.3410663605
2005-03-28,23.6267852783
2005-03-29,23.0040645599
2005-03-30,23.1798877716
2005-03-31,23.3044319153
2005-04-01,23.5901508331
2005-04-04,23.8245887756
2005-04-05,23.9564628601
2005-04-06,24.1396121979
2005-04-07,24.3960266113
2005-04-08,24.1762447357
2005-04-11,23.9125022888
2005-04-12,24.1029815674
2005-04-13,23.8172626495
2005-04-14,22.8941688538
2005-04-15,22.5937957764
2005-04-18,22.4546012878
2005-04-19,22.8575382233
2005-04-20,22.5425167084
2005-04-21,23.1725654602
2005-04-22,22.8209114075
2005-04-25,23.3337364197
2005-04-26,23.1139507294
2005-04-27,22.6743831635
2005-04-28,22.2641201019
2005-04-29,22.5937957764
2005-05-02,22.4252967834
2005-05-03,22.2934265137
2005-05-04,23.2971076965
2005-05-05,23.1872138977
2005-05-06,23.2238426208
2005-05-09,23.2165241241
2005-05-10,22.8209114075
2005-05-11,22.8575382233
2005-05-12,22.4619293213
2005-05-13,22.5498390198
2005-05-16,22.8209114075
2005-05-17,22.8428878784
2005-05-18,23.2971076965
2005-05-19,23.5681743622
2005-05-20,23.5022411346
2005-05-23,23.5535182953
2005-05-24,23.6560916901
2005-05-25,23.260477066
2005-05-26,23.5168914795
2005-05-27,23.6560916901
2005-05-31,23.5535182953
2005-06-01,23.7659778595
2005-06-02,23.6853904724
2005-06-03,23.7000408173
2005-06-06,23.9125022888
2005-06-07,23.6853904724
2005-06-08,23.8099384308
2005-06-09,24.0297164917
2005-06-10,24.0810050964
2005-06-13,24.0077400208
2005-06-14,24.0077400208
2005-06-15,24.3740463257
2005-06-16,24.3960266113
2005-06-17,24.4839420319
2005-06-20,24.0663509369
2005-06-21,24.0223903656
2005-06-22,24.2275257111
2005-06-23,24.1762447357
2005-06-24,23.9418125153
2005-06-27,23.7366714478
2005-06-28,23.8099384308
2005-06-29,23.6267852783
2005-06-30,23.4436264038
2005-07-01,23.7366714478
2005-07-05,23.5095653534
2005-07-06,23.3044319153
2005-07-07,23.4363040924
2005-07-08,23.7000408173
2005-07-11,24.4766120911
2005-07-12,24.7183761597
2005-07-13,24.68907547
2005-07-14,25.3117923737
2005-07-15,25.0187530518
2005-07-18,25.0187530518
2005-07-19,25.4949512482
2005-07-20,25.3630771637
2005-07-21,25.7879962921
2005-07-22,25.7367095947
2005-07-25,25.8465957642
2005-07-26,25.8246192932
2005-07-27,25.8978824615
2005-07-28,26.3960552216
2005-07-29,26.366765976
2005-08-01,26.7184085846
2005-08-02,27.0773887634
2005-08-03,26.9235401154
2005-08-04,26.6304969788
2005-08-05,25.8246192932
2005-08-08,26.081035614
2005-08-09,26.6891021729
2005-08-10,26.7403812408
2005-08-11,27.3264770508
2005-08-12,27.3411388397
2005-08-15,27.2532196045
2005-08-16,26.5206012726
2005-08-17,26.8136501312
2005-08-18,25.9784698486
2005-08-19,25.956495285
2005-08-22,26.7257385254
2005-08-23,26.4473419189
2005-08-24,25.6048336029
2005-08-25,26.0370826721
2005-08-26,25.4290103912
2005-08-29,25.4290103912
2005-08-30,25.1652679443
2005-08-31,25.7147312164
2005-09-01,26.3081512451
2005-09-02,26.8136501312
2005-09-06,27.216588974
2005-09-07,27.61951828
2005-09-08,27.3997402191
2005-09-09,27.912569046
2005-09-12,27.8026809692
2005-09-13,27.6268501282
2005-09-14,27.9638500214
2005-09-15,28.2422466278
2005-09-16,28.3667964935
2005-09-19,28.7550792694
2005-09-20,28.4254016876
2005-09-21,28.6525192261
2005-09-22,28.8796253204
2005-09-23,28.2788772583
2005-09-26,28.7550792694
2005-09-27,28.7184505463
2005-09-28,29.0774211884
2005-09-29,29.0847568512
2005-09-30,28.901599884
2005-10-03,28.6964683533
2005-10-04,28.996843338
2005-10-05,28.3521404266
2005-10-06,27.4143924713
2005-10-07,28.103055954
2005-10-10,28.3081798553
2005-10-11,28.850315094
2005-10-12,27.7660522461
2005-10-13,27.2752017975
2005-10-14,27.5096359253
2005-10-17,27.1286735535
2005-10-18,26.7110767365
2005-10-19,26.7110767365
2005-10-20,26.154302597
2005-10-21,27.0480861664
2005-10-24,27.4070682526
2005-10-25,26.916217804
2005-10-26,27.245891571
2005-10-27,26.7037620544
2005-10-28,26.7770214081
2005-10-31,27.2898540497
2005-11-01,27.8026809692
2005-11-02,28.6964683533
2005-11-03,28.7477493286
2005-11-04,28.2788772583
2005-11-07,28.3008613586
2005-11-08,28.2862033844
2005-11-09,28.6085548401
2005-11-10,28.8283348083
2005-11-11,29.4583854675
2005-11-14,29.568277359
2005-11-15,29.2166290283
2005-11-16,29.5243186951
2005-11-17,29.8466720581
2005-11-18,29.8979587555
2005-11-21,29.5829296112
2005-11-22,28.9675350189
2005-11-23,30.0371494293
2005-11-25,29.9492397308
2005-11-28,29.6708450317
2005-11-29,29.6561927795
2005-11-30,29.8833007812
2005-12-01,30.6598720551
2005-12-02,30.4254379272
2005-12-05,30.4913711548
2005-12-06,31.0628108978
2005-12-07,30.9162864685
2005-12-08,30.9162864685
2005-12-09,31.0554847717
2005-12-12,31.392490387
2005-12-13,31.7368068695
2005-12-14,31.7368068695
2005-12-15,31.6489028931
2005-12-16,31.3558502197
2005-12-19,31.4950561523
2005-12-20,31.7294940948
2005-12-21,32.3815155029
2005-12-22,32.3375587463
2005-12-23,32.72813797
2005-12-27,32.7871055603
2005-12-28,32.97133255
2005-12-29,33.052406311
2005-12-30,32.9787063599
2006-01-03,34.202041626
2006-01-04,34.3052177429
2006-01-05,34.1799468994
2006-01-06,34.87266922
2006-01-09,34.9832191467
2006-01-10,34.3199539185
2006-01-11,34.4157676697
2006-01-12,34.1652030945
2006-01-13,34.4084014893
2006-01-17,33.4429931641
2006-01-18,32.8607940674
2006-01-19,33.590385437
2006-01-20,32.0206642151
2006-01-23,32.5881271362
2006-01-24,33.6272277832
2006-01-25,34.135723114
2006-01-26,34.7695121765
2006-01-27,35.4032897949
2006-01-30,35.2706336975
2006-01-31,35.5285797119
2006-02-01,35.0053253174
2006-02-02,34.3641853333
2006-02-03,33.6419754028
2006-02-06,34.4599761963
2006-02-07,33.4135093689
2006-02-08,33.5756454468
2006-02-09,33.5977478027
2006-02-10,33.936756134
2006-02-13,32.7207794189
2006-02-14,33.870426178
2006-02-15,33.0302848816
2006-02-16,33.5682678223
2006-02-17,33.7009162903
2006-02-21,34.0546646118
2006-02-22,33.9662284851
2006-02-23,34.3420791626
2006-02-24,34.7179222107
2006-02-27,35.0642852783
2006-02-28,34.202041626
2006-03-01,34.8137207031
2006-03-02,34.5336799622
2006-03-03,33.5682678223
2006-03-06,33.2366409302
2006-03-07,31.946969986
2006-03-08,32.5291671753
2006-03-09,32.2417488098
2006-03-10,32.9492301941
2006-03-13,33.2734985352
2006-03-14,33.6714401245
2006-03-15,33.7009162903
2006-03-16,33.3840332031
2006-03-17,33.826210022
2006-03-20,34.2315254211
2006-03-21,33.4945716858
2006-03-22,33.2587394714
2006-03-23,32.9344902039
2006-03-24,33.1260910034
2006-03-27,33.5977478027
2006-03-28,33.1776809692
2006-03-29,33.7819862366
2006-03-30,33.7230300903
2006-03-31,34.3789329529
2006-04-03,35.108505249
2006-04-04,35.7054443359
2006-04-05,36.1992073059
2006-04-06,36.1770896912
2006-04-07,35.9265213013
2006-04-10,35.9044189453
2006-04-11,35.0200691223
2006-04-12,34.9390029907
2006-04-13,35.6170082092
2006-04-17,36.2655105591
2006-04-18,37.0688056946
2006-04-19,37.1351318359
2006-04-20,37.0245895386
2006-04-21,37.2751541138
2006-04-24,36.9287834167
2006-04-25,36.7445487976
2006-04-26,37.5625648499
2006-04-27,37.2456703186
2006-04-28,36.5529403687
2006-05-01,36.7740249634
2006-05-02,37.3488502502
2006-05-03,37.3193664551
2006-05-04,37.6436309814
2006-05-05,37.9531593323
2006-05-08,38.4321670532
2006-05-09,38.1005401611
2006-05-10,38.1226501465
2006-05-11,37.4077987671
2006-05-12,36.715057373
2006-05-15,35.9412689209
2006-05-16,35.7054443359
2006-05-17,34.9832191467
2006-05-18,34.6294898987
2006-05-19,35.2632675171
2006-05-22,33.6272277832
2006-05-23,33.7893486023
2006-05-24,33.6419754028
2006-05-25,33.9072685242
2006-05-26,34.2978591919
2006-05-30,32.7502403259
2006-05-31,33.3840332031
2006-06-01,33.7672424316
2006-06-02,33.796710968
2006-06-05,32.7576217651
2006-06-06,32.6470794678
2006-06-07,32.123840332
2006-06-08,31.1584320068
2006-06-09,30.9447135925
2006-06-12,30.5099105835
2006-06-13,29.5223884583
2006-06-14,30.716255188
2006-06-15,31.8364200592
2006-06-16,31.6374511719
2006-06-19,30.9447135925
2006-06-20,30.6425685883
2006-06-21,31.3205566406
2006-06-22,30.9152355194
2006-06-23,30.9889316559
2006-06-26,31.0257778168
2006-06-27,30.6499385834
2006-06-28,31.2468681335
2006-06-29,32.8239440918
2006-06-30,33.2513847351
2006-07-03,33.7525138855
2006-07-05,32.4628334045
2006-07-06,32.6323318481
2006-07-07,32.3080787659
2006-07-10,33.052406311
2006-07-11,33.1924285889
2006-07-12,32.7944755554
2006-07-13,31.946969986
2006-07-14,31.541639328
2006-07-17,31.2837181091
2006-07-18,31.0257778168
2006-07-19,32.2343902588
2006-07-20,31.8732738495
2006-07-21,31.6890392303
2006-07-24,32.6470794678
2006-07-25,32.6102371216
2006-07-26,32.7944755554
2006-07-27,33.1997947693
2006-07-28,33.6051101685
2006-07-31,33.2734985352
2006-08-01,32.425994873
2006-08-02,32.8755340576
2006-08-03,32.7723579407
2006-08-04,32.9934387207
2006-08-07,32.6839179993
2006-08-08,32.8313217163
2006-08-09,32.986076355
2006-08-10,33.052406311
2006-08-11,32.425994873
2006-08-14,32.4628334045
2006-08-15,33.0450325012
2006-08-16,33.2956008911
2006-08-17,33.6419754028
2006-08-18,33.8630523682
2006-08-21,33.5093154907
2006-08-22,33.826210022
2006-08-23,33.2882270813
2006-08-24,33.052406311
2006-08-25,33.2808647156
2006-08-28,33.3766670227
2006-08-29,33.826210022
2006-08-30,33.612487793
2006-08-31,33.796710968
2006-09-01,34.2536392212
2006-09-05,34.45262146
2006-09-06,33.9146461487
2006-09-07,33.8040962219
2006-09-08,34.003074646
2006-09-11,33.2366409302
2006-09-12,33.656703949
2006-09-13,33.5314216614
2006-09-14,33.7525138855
2006-09-15,34.1209907532
2006-09-18,34.5263061523
2006-09-19,34.4157676697
2006-09-20,35.0053253174
2006-09-21,34.7031745911
2006-09-22,34.1209907532
2006-09-25,34.7179222107
2006-09-26,34.5263061523
2006-09-27,34.7473945618
2006-09-28,34.9684867859
2006-09-29,34.0841331482
2006-10-02,34.6147499084
2006-10-03,34.5557899475
2006-10-04,34.7326622009
2006-10-05,35.2190475464
2006-10-06,34.8579483032
2006-10-09,33.5314216614
2006-10-10,33.612487793
2006-10-11,33.4577255249
2006-10-12,34.0988845825
2006-10-13,34.2167854309
2006-10-16,34.4894714355
2006-10-17,34.2094192505
2006-10-18,34.3052177429
2006-10-19,34.2388916016
2006-10-20,34.2462768555
2006-10-23,34.3273391724
2006-10-24,34.3568153381
2006-10-25,34.69581604
2006-10-26,34.8947906494
2006-10-27,34.45262146
2006-10-30,34.3494415283
2006-10-31,34.8137207031
2006-11-01,34.7105522156
2006-11-02,35.0569114685
2006-11-03,35.2043151855
2006-11-06,35.4401397705
2006-11-07,35.3001098633
2006-11-08,35.3959197998
2006-11-09,35.7275505066
2006-11-10,35.7865028381
2006-11-13,36.0812797546
2006-11-14,36.4202880859
2006-11-15,36.3318557739
2006-11-16,36.3023719788
2006-11-17,36.1549835205
2006-11-20,35.9412689209
2006-11-21,36.2139396667
2006-11-22,36.6192588806
2006-11-24,36.3981704712
2006-11-27,35.8896713257
2006-11-28,36.014957428
2006-11-29,36.4792366028
2006-11-30,36.4792366028
2006-12-01,36.4866142273
2006-12-04,36.884563446
2006-12-05,36.884563446
2006-12-06,36.59715271
2006-12-07,36.4202880859
2006-12-08,35.8528175354
2006-12-11,35.7791404724
2006-12-12,35.4327735901
2006-12-13,35.7201843262
2006-12-14,36.8403511047
2006-12-15,36.7666549683
2006-12-18,36.6339988708
2006-12-19,36.4939842224
2006-12-20,36.8968544006
2006-12-21,36.7187995911
2006-12-22,36.4739494324
2006-12-26,36.778137207
2006-12-27,36.8374938965
2006-12-28,36.6520080566
2006-12-29,36.6520080566
2007-01-03,36.1549072266
2007-01-04,35.7542610168
2007-01-05,34.8936042786
2007-01-08,34.9603843689
2007-01-09,34.5745697021
2007-01-10,34.4632835388
2007-01-11,34.7303848267
2007-01-12,35.5094108582
2007-01-16,35.6207084656
2007-01-17,35.3313522339
2007-01-18,35.1310310364
2007-01-19,35.2200622559
2007-01-22,34.87134552
2007-01-23,35.2942466736
2007-01-24,36.0584602356
2007-01-25,35.1087722778
2007-01-26,35.2349090576
2007-01-29,34.9010238647
2007-01-30,35.197807312
2007-01-31,35.1013565063
2007-02-01,36.0213699341
2007-02-02,36.4071655273
2007-02-05,36.6074905396
2007-02-06,37.0971794128
2007-02-07,36.8894386292
2007-02-08,36.6891136169
2007-02-09,36.5036277771
2007-02-12,36.3997573853
2007-02-13,36.8449134827
2007-02-14,37.4162216187
2007-02-15,37.4904098511
2007-02-16,37.7797698975
2007-02-20,37.8762207031
2007-02-21,37.980091095
2007-02-22,38.1804122925
2007-02-23,38.1210594177
2007-02-26,38.0617103577
2007-02-27,35.6355476379
2007-02-28,36.3478240967
2007-03-01,35.7913551331
2007-03-02,35.4055480957
2007-03-05,34.8936042786
2007-03-06,36.4665374756
2007-03-07,36.0584602356
2007-03-08,36.8671760559
2007-03-09,36.5926589966
2007-03-12,37.3345985413
2007-03-13,36.073299408
2007-03-14,36.6149177551
2007-03-15,36.8449134827
2007-03-16,36.6074905396
2007-03-19,37.3642807007
2007-03-20,37.4013748169
2007-03-21,38.3510665894
2007-03-22,37.5794372559
2007-03-23,37.5868644714
2007-03-26,37.557182312
2007-03-27,37.2307281494
2007-03-28,36.9116973877
2007-03-29,37.7426719666
2007-03-30,37.5200920105
2007-04-02,38.0988044739
2007-04-03,38.6700973511
2007-04-04,38.7665557861
2007-04-05,38.9001083374
2007-04-09,39.1301116943
2007-04-10,39.0855827332
2007-04-11,39.0039749146
2007-04-12,39.9314117432
2007-04-13,39.9017295837
2007-04-16,40.0649528503
2007-04-17,39.6865615845
2007-04-18,39.7310791016
2007-04-19,39.3749542236
2007-04-20,39.9833374023
2007-04-23,39.8497886658
2007-04-24,40.0352745056
2007-04-25,40.1762504578
2007-04-26,40.0723724365
2007-04-27,39.7385063171
2007-04-30,39.3675193787
2007-05-01,39.6939811707
2007-05-02,40.4507637024
2007-05-03,40.8069038391
2007-05-04,40.5472145081
2007-05-07,41.1110954285
2007-05-08,41.0665779114
2007-05-09,41.7046508789
2007-05-10,40.8069038391
2007-05-11,41.8456192017
2007-05-14,41.4375457764
2007-05-15,41.2149658203
2007-05-16,42.0533676147
2007-05-17,41.6230392456
2007-05-18,41.4820594788
2007-05-21,41.7714233398
2007-05-22,42.1943321228
2007-05-23,42.1423950195
2007-05-24,41.4004554749
2007-05-25,42.2165870667
2007-05-29,42.2536888123
2007-05-30,42.6246643066
2007-05-31,43.106918335
2007-06-01,43.9601554871
2007-06-04,44.5537109375
2007-06-05,44.3682289124
2007-06-06,43.7449989319
2007-06-07,43.5520858765
2007-06-08,44.4424285889
2007-06-11,43.9898452759
2007-06-12,43.6114463806
2007-06-13,44.4498405457
2007-06-14,45.4588775635
2007-06-15,45.9263076782
2007-06-18,46.1340484619
2007-06-19,46.2601737976
2007-06-20,45.4366226196
2007-06-21,46.163734436
2007-06-22,44.8801727295
2007-06-25,44.7762870789
2007-06-26,44.301448822
2007-06-27,44.694683075
2007-06-28,44.8504905701
2007-06-29,44.7392082214
2007-07-02,46.0079231262
2007-07-03,46.6311531067
2007-07-05,47.358253479
2007-07-06,48.3747215271
2007-07-09,48.7160263062
2007-07-10,48.070526123
2007-07-11,48.5898780823
2007-07-12,50.0811958313
2007-07-13,50.8973274231
2007-07-16,50.1924972534
2007-07-17,50.2295761108
2007-07-18,49.5247306824
2007-07-19,50.0292549133
2007-07-20,50.3557052612
2007-07-23,51.4908943176
2007-07-24,50.415058136
2007-07-25,51.1570053101
2007-07-26,48.5231170654
2007-07-27,47.5956726074
2007-07-30,49.413444519
2007-07-31,48.9460105896
2007-08-01,47.7811698914
2007-08-02,47.7292289734
2007-08-03,46.0227508545
2007-08-06,47.7440681458
2007-08-07,47.8998680115
2007-08-08,49.124080658
2007-08-09,46.7424468994
2007-08-10,46.1117935181
2007-08-13,46.2230873108
2007-08-14,44.8133964539
2007-08-15,43.3814315796
2007-08-16,41.7565841675
2007-08-17,43.4037017822
2007-08-20,43.5075759888
2007-08-21,43.1662902832
2007-08-22,45.0804977417
2007-08-23,45.1620979309
2007-08-24,46.1043739319
2007-08-27,45.1472625732
2007-08-28,44.1827430725
2007-08-29,46.8314704895
2007-08-30,46.2972869873
2007-08-31,47.5585746765
2007-09-04,48.0037460327
2007-09-05,46.8908424377
2007-09-06,47.7514877319
2007-09-07,46.4976043701
2007-09-10,46.2082366943
2007-09-11,47.1950378418
2007-09-12,46.6608276367
2007-09-13,47.6624565125
2007-09-14,47.8701934814
2007-09-17,47.4992218018
2007-09-18,49.1834449768
2007-09-19,50.0218238831
2007-09-20,49.413444519
2007-09-21,50.125705719
2007-09-24,50.526348114
2007-09-25,49.9921684265
2007-09-26,50.6895904541
2007-09-27,51.1199188232
2007-09-28,50.4966850281
2007-10-01,52.5444412231
2007-10-02,53.3457527161
2007-10-03,52.3441314697
2007-10-04,52.6260604858
2007-10-05,53.3754234314
2007-10-08,52.8263778687
2007-10-09,53.4199333191
2007-10-10,53.5831680298
2007-10-11,53.4199333191
2007-10-12,53.4570388794
2007-10-15,52.3144416809
2007-10-16,50.8973274231
2007-10-17,51.6392784119
2007-10-18,52.0473403931
2007-10-19,50.0440940857
2007-10-22,49.8363456726
2007-10-23,50.9121704102
2007-10-24,50.3111991882
2007-10-25,51.8989486694
2007-10-26,54.2434883118
2007-10-29,55.0225372314
2007-10-30,53.6054191589
2007-10-31,55.4676895142
2007-11-01,52.9302482605
2007-11-02,52.9747810364
2007-11-05,51.9434738159
2007-11-06,54.7925415039
2007-11-07,52.603805542
2007-11-08,51.5947570801
2007-11-09,50.9418373108
2007-11-12,48.6937522888
2007-11-13,51.7060432434
2007-11-14,51.5576667786
2007-11-15,50.1850624084
2007-11-16,50.4076461792
2007-11-19,48.2040748596
2007-11-20,48.4489173889
2007-11-21,45.7111434937
2007-11-23,46.2972869873
2007-11-26,46.1488876343
2007-11-27,47.9295578003
2007-11-28,49.2650489807
2007-11-29,48.5379447937
2007-11-30,49.2131233215
2007-12-03,48.8421478271
2007-12-04,48.9089241028
2007-12-05,50.741519928
2007-12-06,51.5279808044
2007-12-07,50.756362915
2007-12-10,50.0144119263
2007-12-11,48.1966514587
2007-12-12,50.0811958313
2007-12-13,49.2650489807
2007-12-14,47.9295578003
2007-12-17,45.8150177002
2007-12-18,47.1134185791
2007-12-19,47.7737503052
2007-12-20,47.1876106262
2007-12-21,48.5973052979
2007-12-24,49.5367088318
2007-12-26,48.8950119019
2007-12-27,48.3130111694
2007-12-28,48.7084732056
2007-12-31,48.2757148743
2008-01-02,46.6864128113
2008-01-03,47.2833442688
2008-01-04,45.5149765015
2008-01-07,45.8880500793
2008-01-08,45.4030380249
2008-01-09,46.4252662659
2008-01-10,47.1042747498
2008-01-11,45.022518158
2008-01-14,45.3806533813
2008-01-15,43.4630699158
2008-01-16,42.5229187012
2008-01-17,42.2766914368
2008-01-18,43.366065979
2008-01-22,41.9856910706
2008-01-23,42.1498451233
2008-01-24,42.4930801392
2008-01-25,42.2916183472
2008-01-28,41.9036178589
2008-01-29,42.1423873901
2008-01-30,40.8291664124
2008-01-31,42.2692337036
2008-02-01,42.9407615662
2008-02-04,43.4481391907
2008-02-05,41.679775238
2008-02-06,40.9933128357
2008-02-07,41.5902442932
2008-02-08,42.082698822
2008-02-11,42.2319259644
2008-02-12,42.4856185913
2008-02-13,42.3960723877
2008-02-14,42.7989997864
2008-02-15,42.6945457458
2008-02-19,43.5302200317
2008-02-20,43.1720657349
2008-02-21,42.6422996521
2008-02-22,43.0750694275
2008-02-25,43.9107551575
2008-02-26,43.9853744507
2008-02-27,44.2092056274
2008-02-28,44.1420631409
2008-02-29,42.4856185913
2008-03-03,42.4408454895
2008-03-04,42.1573104858
2008-03-05,42.7542266846
2008-03-06,41.784236908
2008-03-07,41.0604629517
2008-03-10,40.1576423645
2008-03-11,41.9036178589
2008-03-12,40.9783935547
2008-03-13,39.7174034119
2008-03-14,38.008731842
2008-03-17,37.1432037354
2008-03-18,38.7996520996
2008-03-19,38.0311164856
2008-03-20,39.4711761475
2008-03-24,40.8888473511
2008-03-25,41.2768516541
2008-03-26,41.1574707031
2008-03-27,40.9709358215
2008-03-28,41.1425476074
2008-03-31,41.6275482178
2008-04-01,43.4332122803
2008-04-02,43.6794471741
2008-04-03,44.1495246887
2008-04-04,44.1495246887
2008-04-07,44.5151367188
2008-04-08,43.8361320496
2008-04-09,43.4630699158
2008-04-10,44.0226783752
2008-04-11,43.582447052
2008-04-14,43.5227546692
2008-04-15,43.1198387146
2008-04-16,43.8286781311
2008-04-17,43.2019119263
2008-04-18,43.716758728
2008-04-21,44.268901825
2008-04-22,43.4332122803
2008-04-23,44.7389717102
2008-04-24,44.716594696
2008-04-25,45.2165107727
2008-04-28,45.1195144653
2008-04-29,44.3957443237
2008-04-30,44.8583602905
2008-05-01,45.5000495911
2008-05-02,45.7761192322
2008-05-05,45.5597381592
2008-05-06,45.6492843628
2008-05-07,43.8585205078
2008-05-08,43.7988319397
2008-05-09,42.7169265747
2008-05-12,43.4108390808
2008-05-13,43.2765350342
2008-05-14,43.5152893066
2008-05-15,44.8807449341
2008-05-16,45.2836647034
2008-05-19,44.821056366
2008-05-20,43.5003738403
2008-05-21,42.918384552
2008-05-22,43.2093734741
2008-05-23,42.3736915588
2008-05-27,43.1123771667
2008-05-28,43.0004692078
2008-05-29,43.768989563
2008-05-30,44.3285980225
2008-06-02,43.8659973145
2008-06-03,43.4332122803
2008-06-04,43.5675239563
2008-06-05,44.2017440796
2008-06-06,42.5527687073
2008-06-09,42.433380127
2008-06-10,41.6200790405
2008-06-11,41.2395477295
2008-06-12,40.9560127258
2008-06-13,41.1350898743
2008-06-16,41.1798591614
2008-06-17,41.5081634521
2008-06-18,41.4932327271
2008-06-19,41.5977058411
2008-06-20,40.0904808044
2008-06-23,39.7174034119
2008-06-24,39.5756378174
2008-06-25,40.1659393311
2008-06-26,39.1393318176
2008-06-27,38.814743042
2008-06-30,38.5279006958
2008-07-01,38.1806640625
2008-07-02,37.1163215637
2008-07-03,37.2823905945
2008-07-07,36.731338501
2008-07-08,36.9728927612
2008-07-09,36.3086166382
2008-07-10,37.2068977356
2008-07-11,37.4182548523
2008-07-14,37.1691665649
2008-07-15,36.0746192932
2008-07-16,37.0710258484
2008-07-17,36.731338501
2008-07-18,36.4520454407
2008-07-21,37.1842575073
2008-07-22,37.6749076843
2008-07-23,38.7845497131
2008-07-24,38.6637687683
2008-07-25,38.6562194824
2008-07-28,37.7730484009
2008-07-29,38.5505485535
2008-07-30,38.3316383362
2008-07-31,37.7277450562
2008-08-01,37.3427810669
2008-08-04,36.4822349548
2008-08-05,37.3729743958
2008-08-06,37.8107910156
2008-08-07,36.6483078003
2008-08-08,37.6522636414
2008-08-11,37.6749076843
2008-08-12,36.987991333
2008-08-13,36.5350761414
2008-08-14,37.0332832336
2008-08-15,36.7766265869
2008-08-18,36.1727371216
2008-08-19,35.4103393555
2008-08-20,36.0066719055
2008-08-21,35.1159515381
2008-08-22,34.813999176
2008-08-25,33.5760383606
2008-08-26,33.266544342
2008-08-27,33.5911331177
2008-08-28,33.334487915
2008-08-29,32.6626625061
2008-09-02,30.232011795
2008-09-03,29.9678192139
2008-09-04,29.7036247253
2008-09-05,30.5415115356
2008-09-08,32.4663963318
2008-09-09,31.3265686035
2008-09-10,32.5343322754
2008-09-11,32.0814170837
2008-09-12,32.8664779663
2008-09-15,31.1302986145
2008-09-16,30.1036930084
2008-09-17,29.122379303
2008-09-18,31.4398002625
2008-09-19,33.1759605408
2008-09-22,31.2435321808
2008-09-23,31.137845993
2008-09-24,31.6964473724
2008-09-25,32.6626625061
2008-09-26,31.5379199982
2008-09-29,28.0806808472
2008-09-30,29.9904613495
2008-10-01,29.4771595001
2008-10-02,27.5673732758
2008-10-03,27.3711147308
2008-10-06,25.1820297241
2008-10-07,23.8459300995
2008-10-08,22.1927947998
2008-10-09,21.4228401184
2008-10-10,22.6909999847
2008-10-13,27.7787361145
2008-10-14,27.250333786
2008-10-15,23.4835987091
2008-10-16,23.5137901306
2008-10-17,21.9663391113
2008-10-20,23.2722396851
2008-10-21,20.9019851685
2008-10-22,18.7657432556
2008-10-23,18.2977313995
2008-10-24,16.2294235229
2008-10-27,15.7689599991
2008-10-28,19.0525875092
2008-10-29,18.501543045
2008-10-30,22.585319519
2008-10-31,21.4379367828
2008-11-03,21.9814338684
2008-11-04,23.3854694366
2008-11-05,21.6493015289
2008-11-06,19.1582660675
2008-11-07,21.3926486969
2008-11-10,20.9019851685
2008-11-11,19.9961624146
2008-11-12,18.7732925415
2008-11-13,20.6830749512
2008-11-14,18.5694828033
2008-11-17,18.1694068909
2008-11-18,17.6410064697
2008-11-19,15.8897409439
2008-11-20,14.3422813416
2008-11-21,17.0371227264
2008-11-24,17.0144748688
2008-11-25,16.1388397217
2008-11-26,17.6636505127
2008-11-28,18.0637264252
2008-12-01,16.4483337402
2008-12-02,17.5957145691
2008-12-03,17.6259117126
2008-12-04,16.5993003845
2008-12-05,17.5881652832
2008-12-08,19.0827789307
2008-12-09,18.9091663361
2008-12-10,20.396238327
2008-12-11,20.5623073578
2008-12-12,20.2981033325
2008-12-15,20.2075214386
2008-12-16,21.8531074524
2008-12-17,21.5134220123
2008-12-18,21.4605827332
2008-12-19,21.9285926819
2008-12-22,21.4303894043
2008-12-23,20.4265384674
2008-12-24,21.1256599426
2008-12-26,20.9888820648
2008-12-29,21.2776470184
2008-12-30,21.0420742035
2008-12-31,21.2548484802
2009-01-02,22.0527610779
2009-01-05,22.1059589386
2009-01-06,22.6226997375
2009-01-07,22.6226997375
2009-01-08,22.4707145691
2009-01-09,21.2016525269
2009-01-12,20.2213611603
2009-01-13,20.9356803894
2009-01-14,20.4873332977
2009-01-15,19.9325962067
2009-01-16,20.3581542969
2009-01-20,19.1726779938
2009-01-21,20.0541763306
2009-01-22,19.4310512543
2009-01-23,19.0738887787
2009-01-26,19.2334728241
2009-01-27,19.6818218231
2009-01-28,21.0876636505
2009-01-29,20.3277492523
2009-01-30,20.160572052
2009-02-02,20.046579361
2009-02-03,21.0268726349
2009-02-04,21.4296321869
2009-02-05,21.6804065704
2009-02-06,22.440322876
2009-02-09,21.862783432
2009-02-10,20.3961448669
2009-02-11,20.9204845428
2009-02-12,20.7153072357
2009-02-13,20.6545143127
2009-02-17,18.4811573029
2009-02-18,18.3899688721
2009-02-19,18.048002243
2009-02-20,16.9993228912
2009-02-23,17.0525169373
2009-02-24,17.72123909
2009-02-25,17.1968975067
2009-02-26,16.8625335693
2009-02-27,16.5661678314
2009-03-02,15.21352005
2009-03-03,15.7074613571
2009-03-04,17.0677127838
2009-03-05,16.2622051239
2009-03-06,16.7485485077
2009-03-09,16.7181491852
2009-03-10,18.4431591034
2009-03-11,18.6559391022
2009-03-12,19.2410755157
2009-03-13,18.9219055176
2009-03-16,19.4310512543
2009-03-17,20.4949378967
2009-03-18,21.178855896
2009-03-19,20.6925106049
2009-03-20,20.3429508209
2009-03-23,22.2275428772
2009-03-24,21.6956005096
2009-03-25,22.311132431
2009-03-26,23.1394386292
2009-03-27,22.5239086151
2009-03-30,20.8444919586
2009-03-31,21.627204895
2009-04-01,22.592300415
2009-04-02,24.1121349335
2009-04-03,24.2869167328
2009-04-06,24.0513401031
2009-04-07,23.5953903198
2009-04-08,23.3142185211
2009-04-09,24.8416481018
2009-04-13,24.7732601166
2009-04-14,24.3781051636
2009-04-15,24.5984840393
2009-04-16,24.6592731476
2009-04-17,24.6516704559
2009-04-20,23.3522186279
2009-04-21,24.4844913483
2009-04-22,24.5300807953
2009-04-23,25.0240306854
2009-04-24,25.1912136078
2009-04-27,24.2413196564
2009-04-28,23.7549724579
2009-04-29,25.2520065308
2009-04-30,26.004327774
2009-05-01,26.3994731903
2009-05-04,27.9345092773
2009-05-05,27.653339386
2009-05-06,27.5773487091
2009-05-07,26.7490406036
2009-05-08,28.1396846771
2009-05-11,27.3493766785
2009-05-12,27.4785575867
2009-05-13,26.5970592499
2009-05-14,26.7110481262
2009-05-15,26.4298763275
2009-05-18,27.7749214172
2009-05-19,27.9345092773
2009-05-20,28.0712909698
2009-05-21,27.2733840942
2009-05-22,27.2961788177
2009-05-26,26.8782253265
2009-05-27,25.776348114
2009-05-28,27.1137981415
2009-05-29,27.440568924
2009-06-01,28.4360485077
2009-06-02,27.7977199554
2009-06-03,26.9846115112
2009-06-04,27.3113822937
2009-06-05,27.1365966797
2009-06-08,26.8402328491
2009-06-09,26.5894565582
2009-06-10,27.3417758942
2009-06-11,27.8433151245
2009-06-12,27.7749214172
2009-06-15,26.7794342041
2009-06-16,26.4906711578
2009-06-17,26.4830684662
2009-06-18,26.3690834045
2009-06-19,26.3994731903
2009-06-22,25.7307567596
2009-06-23,25.8156032562
2009-06-24,25.9761447906
2009-06-25,26.7100143433
2009-06-26,26.6412124634
2009-06-29,26.7864685059
2009-06-30,26.5953540802
2009-07-01,27.4515380859
2009-07-02,26.6029987335
2009-07-06,27.6044311523
2009-07-07,27.2986450195
2009-07-08,27.2833652496
2009-07-09,27.5050487518
2009-07-10,27.2604236603
2009-07-13,26.526550293
2009-07-14,26.7329540253
2009-07-15,28.4453277588
2009-07-16,28.6670207977
2009-07-17,28.8428401947
2009-07-20,29.7601928711
2009-07-21,29.8901443481
2009-07-22,30.0124645233
2009-07-23,30.4940700531
2009-07-24,30.4252681732
2009-07-27,30.8074951172
2009-07-28,30.7692680359
2009-07-29,30.5475845337
2009-07-30,31.4878559113
2009-07-31,31.8318653107
2009-08-03,32.6804008484
2009-08-04,32.382270813
2009-08-05,32.0459022522
2009-08-06,31.8777217865
2009-08-07,32.6651153564
2009-08-10,31.8930187225
2009-08-11,31.1591358185
2009-08-12,31.4037666321
2009-08-13,31.8242149353
2009-08-14,31.7324733734
2009-08-17,29.9283733368
2009-08-18,30.8839359283
2009-08-19,31.075050354
2009-08-20,31.8624362946
2009-08-21,32.382270813
2009-08-24,32.5963134766
2009-08-25,32.382270813
2009-08-26,32.4587135315
2009-08-27,32.3669776917
2009-08-28,32.3746147156
2009-08-31,31.7936401367
2009-09-01,31.9847545624
2009-09-02,32.5428009033
2009-09-03,32.8333015442
2009-09-04,33.1008529663
2009-09-08,33.4295654297
2009-09-09,33.4830703735
2009-09-10,34.1252212524
2009-09-11,34.2551765442
2009-09-14,33.9494018555
2009-09-15,34.8132247925
2009-09-16,35.8070220947
2009-09-17,35.5700340271
2009-09-18,35.7535133362
2009-09-21,35.5165328979
2009-09-22,36.372718811
2009-09-23,36.0975189209
2009-09-24,35.4247970581
2009-09-25,35.6923408508
2009-09-28,35.9828453064
2009-09-29,36.0287246704
2009-09-30,36.2198371887
2009-10-01,34.6985588074
2009-10-02,34.4845199585
2009-10-05,35.0502166748
2009-10-06,35.0349273682
2009-10-07,34.530380249
2009-10-08,35.0654983521
2009-10-09,35.6388397217
2009-10-12,35.4706687927
2009-10-13,35.2336807251
2009-10-14,36.4491653442
2009-10-15,36.4338722229
2009-10-16,35.2260398865
2009-10-19,35.9140396118
2009-10-20,35.3483467102
2009-10-21,35.0272789001
2009-10-22,34.7597122192
2009-10-23,34.7291412354
2009-10-26,34.9584770203
2009-10-27,34.6450538635
2009-10-28,33.2155265808
2009-10-29,34.369846344
2009-10-30,32.7797775269
2009-11-02,32.970905304
2009-11-03,32.8103599548
2009-11-04,33.7200622559
2009-11-05,33.7965049744
2009-11-06,34.0181999207
2009-11-09,35.0807914734
2009-11-10,34.6756286621
2009-11-11,34.9737625122
2009-11-12,34.1481513977
2009-11-13,34.4768714905
2009-11-16,35.2795410156
2009-11-17,35.0884361267
2009-11-18,35.2336807251
2009-11-19,34.9814109802
2009-11-20,35.2260398865
2009-11-23,35.8299484253
2009-11-24,35.3024749756
2009-11-25,35.5318183899
2009-11-27,33.6359710693
2009-11-30,33.9264640808
2009-12-01,34.8438072205
2009-12-02,35.2107505798
2009-12-03,35.5088768005
2009-12-04,35.9752006531
2009-12-07,36.0057792664
2009-12-08,35.4095001221
2009-12-09,35.8299484253
2009-12-10,36.044002533
2009-12-11,36.2274703979
2009-12-14,36.4338722229
2009-12-15,36.334487915
2009-12-16,36.2886238098
2009-12-17,35.0272789001
2009-12-18,35.103729248
2009-12-21,35.2260398865
2009-12-22,35.4053649902
2009-12-23,35.6505966187
2009-12-24,36.2253494263
2009-12-28,36.4016151428
2009-12-29,36.2790031433
2009-12-30,36.4935798645
2009-12-31,36.5089035034
2010-01-04,37.8193664551
2010-01-05,37.8346939087
2010-01-06,38.3787994385
2010-01-07,37.5971221924
2010-01-08,38.148891449
2010-01-11,38.3864593506
2010-01-12,37.8576812744
2010-01-13,37.9189910889
2010-01-14,38.148891449
2010-01-15,37.8576812744
2010-01-19,38.6393547058
2010-01-20,37.9189910889
2010-01-21,37.5511398315
2010-01-22,36.4859161377
2010-01-25,36.8384361267
2010-01-26,35.9034881592
2010-01-27,35.6505966187
2010-01-28,35.4589958191
2010-01-29,34.8229255676
2010-02-01,35.6582603455
2010-02-02,35.7808647156
2010-02-03,35.6199417114
2010-02-04,34.3477859497
2010-02-05,33.933971405
2010-02-08,33.6427574158
2010-02-09,34.6160202026
2010-02-10,34.5547103882
2010-02-11,35.3670387268
2010-02-12,35.0145187378
2010-02-16,35.7118988037
2010-02-17,36.2176933289
2010-02-18,36.447593689
2010-02-19,35.6659202576
2010-02-22,36.041431427
2010-02-23,35.3210601807
2010-02-24,35.5356407166
2010-02-25,34.7922821045
2010-02-26,34.914894104
2010-03-01,35.4283599854
2010-03-02,35.8421783447
2010-03-03,36.0644187927
2010-03-04,35.9111557007
2010-03-05,37.0913352966
2010-03-08,37.3365631104
2010-03-09,37.4131965637
2010-03-10,37.7350578308
2010-03-11,37.5128173828
2010-03-12,37.3059082031
2010-03-15,37.0376815796
2010-03-16,37.2292747498
2010-03-17,37.8806724548
2010-03-18,37.6201019287
2010-03-19,37.742729187
2010-03-22,37.5587997437
2010-03-23,37.8576812744
2010-03-24,37.574131012
2010-03-25,37.5817871094
2010-03-26,37.3518867493
2010-03-29,38.0722618103
2010-03-30,38.2485160828
2010-03-31,38.3174858093
2010-04-01,39.5513153076
2010-04-05,39.942150116
2010-04-06,39.9651489258
2010-04-07,39.5819664001
2010-04-08,39.9038352966
2010-04-09,39.8885040283
2010-04-12,39.3750534058
2010-04-13,39.3290672302
2010-04-14,40.2793502808
2010-04-15,40.371307373
2010-04-16,39.589630127
2010-04-19,39.1374855042
2010-04-20,39.6202888489
2010-04-21,40.1260757446
2010-04-22,40.2103691101
2010-04-23,40.4172897339
2010-04-26,40.5399131775
2010-04-27,39.1068344116
2010-04-28,39.6432723999
2010-04-29,40.1567306519
2010-04-30,39.7352371216
2010-05-03,39.6509437561
2010-05-04,38.033946991
2010-05-05,37.3059082031
2010-05-06,35.8191947937
2010-05-07,35.9341430664
2010-05-10,38.2331886292
2010-05-11,37.5281448364
2010-05-12,37.612449646
2010-05-13,37.8193664551
2010-05-14,37.3135719299
2010-05-17,36.8231124878
2010-05-18,35.8191947937
2010-05-19,35.4589958191
2010-05-20,33.1829452515
2010-05-21,33.7960243225
2010-05-24,33.3515510559
2010-05-25,32.3399620056
2010-05-26,32.2556648254
2010-05-27,34.3401374817
2010-05-28,33.7193946838
2010-06-01,33.3285560608
2010-06-02,34.5393867493
2010-06-03,34.8535881042
2010-06-04,33.9722900391
2010-06-07,33.343875885
2010-06-08,34.0106086731
2010-06-09,33.6427574158
2010-06-10,34.3171463013
2010-06-11,34.5700340271
2010-06-14,35.1984443665
2010-06-15,36.1103973389
2010-06-16,36.1640510559
2010-06-17,36.0261077881
2010-06-18,36.7234802246
2010-06-21,37.466835022
2010-06-22,36.7004852295
2010-06-23,36.7721710205
2010-06-24,36.5255279541
2010-06-25,36.5332450867
2010-06-28,36.35597229
2010-06-29,34.737411499
2010-06-30,34.459941864
2010-07-01,34.6140899658
2010-07-02,34.1054000854
2010-07-06,35.0302963257
2010-07-07,35.4773254395
2010-07-08,35.8395690918
2010-07-09,36.5717811584
2010-07-12,36.6411476135
2010-07-13,36.8954963684
2010-07-14,37.2731590271
2010-07-15,37.142124176
2010-07-16,35.7393760681
2010-07-19,36.1941108704
2010-07-20,36.8492507935
2010-07-21,36.5717811584
2010-07-22,37.2500305176
2010-07-23,37.6508178711
2010-07-26,38.1980476379
2010-07-27,38.082447052
2010-07-28,37.8126754761
2010-07-29,37.7664299011
2010-07-30,37.8049736023
2010-08-02,39.0227432251
2010-08-03,39.1768951416
2010-08-04,39.2077178955
2010-08-05,38.999622345
2010-08-06,39.0458641052
2010-08-09,39.1768951416
2010-08-10,38.6373786926
2010-08-11,37.0573501587
2010-08-12,36.8800697327
2010-08-13,37.2114982605
2010-08-16,37.2731590271
2010-08-17,37.9514045715
2010-08-18,38.082447052
2010-08-19,38.1440925598
2010-08-20,37.9591178894
2010-08-23,37.7355995178
2010-08-24,37.2114982605
2010-08-25,36.6796875
2010-08-26,36.4869995117
2010-08-27,36.9956817627
2010-08-30,36.9340248108
2010-08-31,36.8338394165
2010-09-01,38.2597007751
2010-09-02,38.2751197815
2010-09-03,38.6065406799
2010-09-07,38.1903381348
2010-09-08,38.529460907
2010-09-09,38.9148406982
2010-09-10,39.2462615967
2010-09-13,39.7780723572
2010-09-14,39.7472343445
2010-09-15,39.9168052673
2010-09-16,39.4851913452
2010-09-17,39.6007995605
2010-09-20,40.2713546753
2010-09-21,40.3638381958
2010-09-22,40.3946647644
2010-09-23,39.9245071411
2010-09-24,40.6721382141
2010-09-27,40.6027679443
2010-09-28,40.7646217346
2010-09-29,40.9650230408
2010-09-30,41.2270736694
2010-10-01,41.959274292
2010-10-04,42.0594787598
2010-10-05,42.5142097473
2010-10-06,43.1385192871
2010-10-07,42.7531394958
2010-10-08,42.9149971008
2010-10-11,42.5142097473
2010-10-12,41.8667869568
2010-10-13,42.3831825256
2010-10-14,42.7068977356
2010-10-15,42.8841667175
2010-10-18,43.1616363525
2010-10-19,40.6875534058
2010-10-20,41.6047286987
2010-10-21,41.6047286987
2010-10-22,42.1596717834
2010-10-25,42.8841667175
2010-10-26,42.760848999
2010-10-27,42.0055160522
2010-10-28,42.4217262268
2010-10-29,41.9207420349
2010-11-01,42.6606521606
2010-11-02,43.1616363525
2010-11-03,43.7705307007
2010-11-04,44.541267395
2010-11-05,44.2714996338
2010-11-08,44.0325775146
2010-11-09,43.7396850586
2010-11-10,44.4179496765
2010-11-11,44.1636047363
2010-11-12,42.7454376221
2010-11-15,42.7531394958
2010-11-16,41.7665901184
2010-11-17,41.9824028015
2010-11-18,43.2232933044
2010-11-19,43.5624275208
2010-11-22,43.6009597778
2010-11-23,41.2347755432
2010-11-24,42.7068977356
2010-11-26,41.2424850464
2010-11-29,41.388923645
2010-11-30,41.5970344543
2010-12-01,42.8764686584
2010-12-02,43.5932502747
2010-12-03,44.1713104248
2010-12-06,44.0788230896
2010-12-07,44.2021369934
2010-12-08,43.9940414429
2010-12-09,44.6414642334
2010-12-10,44.6645812988
2010-12-13,44.8726882935
2010-12-14,45.1886940002
2010-12-15,44.3562927246
2010-12-16,44.8033180237
2010-12-17,44.7647819519
2010-12-20,45.0807914734
2010-12-21,45.3196296692
2010-12-22,45.4510383606
2010-12-23,45.381477356
2010-12-27,45.1727714539
2010-12-28,45.5515365601
2010-12-29,46.1467285156
2010-12-30,47.0201873779
2010-12-31,47.2984542847
2011-01-03,47.7545127869
2011-01-04,47.862739563
2011-01-05,47.8781890869
2011-01-06,47.5458068848
2011-01-07,47.8008918762
2011-01-10,47.0897445679
2011-01-11,47.5921859741
2011-01-12,48.5506820679
2011-01-13,48.1873893738
2011-01-14,48.682094574
2011-01-18,48.5120353699
2011-01-19,48.5120353699
2011-01-20,48.1564598083
2011-01-21,47.2366256714
2011-01-24,47.9091072083
2011-01-25,47.6617546082
2011-01-26,48.6202430725
2011-01-27,48.9062461853
2011-01-28,47.4298629761
2011-01-31,47.4607810974
2011-02-01,48.9449005127
2011-02-02,48.8444099426
2011-02-03,48.7361984253
2011-02-04,48.8057632446
2011-02-07,48.6588973999
2011-02-08,48.4965782166
2011-02-09,47.221157074
2011-02-10,46.409538269
2011-02-11,45.8375358582
2011-02-14,46.1158065796
2011-02-15,46.0848770142
2011-02-16,46.0694236755
2011-02-17,46.1621818542
2011-02-18,46.7419128418
2011-02-22,44.9022254944
2011-02-23,44.6780738831
2011-02-24,44.6857948303
2011-02-25,45.2191467285
2011-02-28,44.8790435791
2011-03-01,44.2142829895
2011-03-02,44.7321739197
2011-03-03,45.9225578308
2011-03-04,46.4713745117
2011-03-07,45.5360679626
2011-03-08,46.270401001
2011-03-09,46.3399734497
2011-03-10,44.7785568237
2011-03-11,44.9099655151
2011-03-14,45.4278526306
2011-03-15,44.6007728577
2011-03-16,43.758228302
2011-03-17,44.9795265198
2011-03-18,45.5747184753
2011-03-21,46.417263031
2011-03-22,46.4327163696
2011-03-23,46.4481887817
2011-03-24,47.437587738
2011-03-25,48.0250587463
2011-03-28,47.9013748169
2011-03-29,48.5274925232
2011-03-30,49.4627990723
2011-03-31,49.741065979
2011-04-01,50.8155059814
2011-04-04,50.5372314453
2011-04-05,50.6377258301
2011-04-06,50.7768630981
2011-04-07,50.2821502686
2011-04-08,50.2203140259
2011-04-11,49.7874450684
2011-04-12,48.8830566406
2011-04-13,50.0811805725
2011-04-14,50.653175354
2011-04-15,50.7227554321
2011-04-18,49.8183670044
2011-04-19,50.4753913879
2011-04-20,52.21459198
2011-04-21,52.8407058716
2011-04-25,52.7479400635
2011-04-26,52.9257316589
2011-04-27,52.8407058716
2011-04-28,52.8252372742
2011-04-29,53.3122291565
2011-05-02,53.8301200867
2011-05-03,52.7788619995
2011-05-04,51.7198867798
2011-05-05,51.1478805542
2011-05-06,51.518901825
2011-05-09,51.1556091309
2011-05-10,51.6348648071
2011-05-11,50.8773422241
2011-05-12,50.7304725647
2011-05-13,49.7178764343
2011-05-16,49.5246276855
2011-05-17,49.4318733215
2011-05-18,50.5063056946
2011-05-19,49.980682373
2011-05-20,49.6637649536
2011-05-23,47.847278595
2011-05-24,48.102355957
2011-05-25,48.0868988037
2011-05-26,49.1922492981
2011-05-27,50.1584739685
2011-05-31,51.0242080688
2011-06-01,50.1971282959
2011-06-02,50.3517112732
2011-06-03,50.0966377258
2011-06-06,49.5168991089
2011-06-07,49.7642555237
2011-06-08,49.0917701721
2011-06-09,49.3932304382
2011-06-10,47.9322967529
2011-06-13,48.1564598083
2011-06-14,49.3700332642
2011-06-15,48.3497085571
2011-06-16,47.924571991
2011-06-17,47.8549957275
2011-06-20,47.5767326355
2011-06-21,48.7516441345
2011-06-22,48.5162239075
2011-06-23,48.3996696472
2011-06-24,48.5706100464
2011-06-27,48.8736495972
2011-06-28,49.3786964417
2011-06-29,49.9769973755
2011-06-30,50.5053520203
2011-07-01,51.3367462158
2011-07-05,51.6941795349
2011-07-06,51.8340339661
2011-07-07,52.7897529602
2011-07-08,52.4245605469
2011-07-11,51.0414924622
2011-07-12,50.2023239136
2011-07-13,51.0492591858
2011-07-14,50.7384643555
2011-07-15,50.9870986938
2011-07-18,50.1168518066
2011-07-19,51.0414924622
2011-07-20,51.4610748291
2011-07-21,51.7796440125
2011-07-22,51.8806533813
2011-07-25,51.4533081055
2011-07-26,51.7097167969
2011-07-27,51.0648002625
2011-07-28,51.2590484619
2011-07-29,51.0337142944
2011-08-01,51.1968994141
2011-08-02,49.5107879639
2011-08-03,48.7648620605
2011-08-04,45.5402908325
2011-08-05,45.3538017273
2011-08-08,41.1812896729
2011-08-09,42.7353019714
2011-08-10,39.9691581726
2011-08-11,42.7586135864
2011-08-12,42.1370124817
2011-08-15,43.0694160461
2011-08-16,43.0694160461
2011-08-17,43.6754798889
2011-08-18,40.9404182434
2011-08-19,39.518497467
2011-08-22,39.0911483765
2011-08-23,41.2900695801
2011-08-24,40.9093399048
2011-08-25,39.914768219
2011-08-26,41.2279167175
2011-08-29,42.9683990479
2011-08-30,42.8596229553
2011-08-31,44.0562095642
2011-09-01,43.52784729
2011-09-02,42.4633483887
2011-09-06,41.9349899292
2011-09-07,43.6210899353
2011-09-08,42.4244995117
2011-09-09,40.5519142151
2011-09-12,40.5441398621
2011-09-13,40.7073173523
2011-09-14,40.4509048462
2011-09-15,40.971496582
2011-09-16,41.6319580078
2011-09-19,40.0701751709
2011-09-20,40.272190094
2011-09-21,38.8347244263
2011-09-22,35.4858436584
2011-09-23,36.2628440857
2011-09-26,36.7057380676
2011-09-27,38.2131309509
2011-09-28,36.8456039429
2011-09-29,37.7391548157
2011-09-30,36.1851463318
2011-10-03,35.175037384
2011-10-04,36.3638458252
2011-10-05,36.6358070374
2011-10-06,37.7780075073
2011-10-07,37.6769981384
2011-10-10,39.4330253601
2011-10-11,39.1999206543
2011-10-12,40.4042854309
2011-10-13,39.9769287109
2011-10-14,41.041431427
2011-10-17,40.1090240479
2011-10-18,41.1657485962
2011-10-19,41.0569648743
2011-10-20,40.1245651245
2011-10-21,41.1657485962
2011-10-24,43.1082649231
2011-10-25,42.1913986206
2011-10-26,42.4478111267
2011-10-27,45.0818595886
2011-10-28,44.6467399597
2011-10-31,43.0461120605
2011-11-01,42.3701057434
2011-11-02,43.3724517822
2011-11-03,43.3258209229
2011-11-04,43.9396514893
2011-11-07,44.0406646729
2011-11-08,44.0950584412
2011-11-09,41.5697898865
2011-11-10,41.360004425
2011-11-11,42.6032180786
2011-11-14,42.4011917114
2011-11-15,42.5022010803
2011-11-16,41.445476532
2011-11-17,40.5985374451
2011-11-18,40.9404182434
2011-11-21,39.6195106506
2011-11-22,40.2100296021
2011-11-23,38.6715660095
2011-11-25,38.4773139954
2011-11-28,40.396522522
2011-11-29,41.1579780579
2011-11-30,43.5589294434
2011-12-01,43.4967689514
2011-12-02,43.1937332153
2011-12-05,43.8231086731
2011-12-06,43.3258209229
2011-12-07,43.3646774292
2011-12-08,41.9893760681
2011-12-09,42.4866523743
2011-12-12,41.1346702576
2011-12-13,40.5674514771
2011-12-14,39.8370704651
2011-12-15,39.930305481
2011-12-16,40.2255821228
2011-12-19,38.446231842
2011-12-20,40.3666992188
2011-12-21,40.8207855225
2011-12-22,41.2357215881
2011-12-23,41.5645484924
2011-12-27,40.5624275208
2011-12-28,40.304069519
2011-12-29,40.867767334
2011-12-30,40.9147415161
2012-01-03,42.4883804321
2012-01-04,42.2926521301
2012-01-05,41.791595459
2012-01-06,40.8599319458
2012-01-09,40.7659835815
2012-01-10,41.611530304
2012-01-11,41.1652755737
2012-01-12,41.6428413391
2012-01-13,41.7211341858
2012-01-17,42.5275268555
2012-01-18,43.2243118286
2012-01-19,43.9759025574
2012-01-20,44.4378166199
2012-01-23,45.0484848022
2012-01-24,45.0406608582
2012-01-25,45.4555969238
2012-01-26,45.0328216553
2012-01-27,45.3616485596
2012-01-30,44.6335487366
2012-01-31,44.9075660706
2012-02-01,45.5730323792
2012-02-02,45.776599884
2012-02-03,46.2150230408
2012-02-06,45.6591567993
2012-02-07,45.9410095215
2012-02-08,46.3246231079
2012-02-09,46.3402824402
2012-02-10,45.1815757751
2012-02-13,46.0506057739
2012-02-14,45.7061309814
2012-02-15,46.1054115295
2012-02-16,46.1523933411
2012-02-17,46.5203514099
2012-02-21,46.3167991638
2012-02-22,46.2385063171
2012-02-23,45.8157424927
2012-02-24,46.3794326782
2012-02-27,45.7139625549
2012-02-28,46.1367301941
2012-02-29,46.8726730347
2012-03-01,47.2171440125
2012-03-02,47.0840454102
2012-03-05,46.4733772278
2012-03-06,45.1267776489
2012-03-07,45.7061309814
2012-03-08,46.7473983765
2012-03-09,46.7473983765
2012-03-12,46.1523933411
2012-03-13,47.5929450989
2012-03-14,46.99792099
2012-03-15,47.4911575317
2012-03-16,47.3345756531
2012-03-19,47.5537948608
2012-03-20,46.896156311
2012-03-21,46.7160758972
2012-03-22,46.1993637085
2012-03-23,46.4812049866
2012-03-26,47.1153640747
2012-03-27,46.8726730347
2012-03-28,46.4577178955
2012-03-29,46.3637657166
2012-03-30,46.6143035889
2012-04-02,47.4598388672
2012-04-03,47.8121452332
2012-04-04,46.8804893494
2012-04-05,47.2171440125
2012-04-09,46.3716011047
2012-04-10,45.2129058838
2012-04-11,45.8157424927
2012-04-12,46.5046958923
2012-04-13,46.2150230408
2012-04-16,46.1288948059
2012-04-17,46.4968681335
2012-04-18,46.2071876526
2012-04-19,45.9488334656
2012-04-20,45.7217903137
2012-04-23,45.0798149109
2012-04-24,45.26770401
2012-04-25,45.7531051636
2012-04-26,46.0975837708
2012-04-27,46.3637657166
2012-04-30,46.3794326782
2012-05-01,46.6691093445
2012-05-02,46.8100280762
2012-05-03,46.582988739
2012-05-04,45.6748161316
2012-05-07,45.7844200134
2012-05-08,45.3694763184
2012-05-09,44.7901268005
2012-05-10,44.797958374
2012-05-11,44.0072250366
2012-05-14,43.443523407
2012-05-15,42.926815033
2012-05-16,41.4471130371
2012-05-17,40.9069099426
2012-05-18,40.2727508545
2012-05-21,41.2357215881
2012-05-22,41.1965789795
2012-05-23,40.9147415161
2012-05-24,40.5311203003
2012-05-25,40.4606437683
2012-05-29,41.5567207336
2012-05-30,40.9225654602
2012-05-31,41.1965789795
2012-06-01,40.2570953369
2012-06-04,40.202293396
2012-06-05,40.3118934631
2012-06-06,41.4549446106
2012-06-07,42.1204147339
2012-06-08,41.7837638855
2012-06-11,41.3688201904
2012-06-12,42.3866004944
2012-06-13,42.1282424927
2012-06-14,42.5979881287
2012-06-15,42.8093643188
2012-06-18,43.1068763733
2012-06-19,43.8114891052
2012-06-20,43.6392555237
2012-06-21,42.3944320679
2012-06-22,42.0577812195
2012-06-25,40.734664917
2012-06-26,40.9930343628
2012-06-27,41.2513885498
2012-06-28,41.0165138245
2012-06-29,42.9111595154
2012-07-02,42.4648933411
2012-07-03,43.3417549133
2012-07-05,43.1930007935
2012-07-06,42.0656089783
2012-07-09,41.7837638855
2012-07-10,41.3766479492
2012-07-11,41.4627723694
2012-07-12,40.4997901917
2012-07-13,41.4001426697
2012-07-16,41.2122383118
2012-07-17,41.7994270325
2012-07-18,41.3844795227
2012-07-19,41.9481773376
2012-07-20,41.478427887
2012-07-23,40.4215049744
2012-07-24,40.3432159424
2012-07-25,40.4997901917
2012-07-26,41.3609962463
2012-07-27,43.0051078796
2012-07-30,42.6919326782
2012-07-31,43.5218162537
2012-08-01,43.7566871643
2012-08-02,42.8093643188
2012-08-03,43.8114891052
2012-08-06,44.0855102539
2012-08-07,44.3360404968
2012-08-08,44.4613113403
2012-08-09,45.2207260132
2012-08-10,45.6669845581
2012-08-13,45.111114502
2012-08-14,45.4477653503
2012-08-15,45.1894111633
2012-08-16,45.643497467
2012-08-17,45.2207260132
2012-08-20,45.3929634094
2012-08-21,45.0798149109
2012-08-22,45.0093421936
2012-08-23,44.6883506775
2012-08-24,44.758808136
2012-08-27,44.1716346741
2012-08-28,44.1951255798
2012-08-29,44.4534797668
2012-08-30,43.7097167969
2012-08-31,44.0698547363
2012-09-04,43.7801742554
2012-09-05,43.1225357056
2012-09-06,44.1246566772
2012-09-07,45.1659240723
2012-09-10,44.4926223755
2012-09-11,44.8840789795
2012-09-12,45.3538169861
2012-09-13,46.6064682007
2012-09-14,47.4050445557
2012-09-17,46.8491744995
2012-09-18,46.9196395874
2012-09-19,47.0605659485
2012-09-20,46.6143035889
2012-09-21,46.5986480713
2012-09-24,46.622127533
2012-09-25,45.8157424927
2012-09-26,45.6904678345
2012-09-27,46.6691093445
2012-09-28,46.2933158875
2012-10-01,46.7004203796
2012-10-02,46.3324584961
2012-10-03,46.4342346191
2012-10-04,46.7787132263
2012-10-05,46.8648338318
2012-10-08,46.4264030457
2012-10-09,45.7609367371
2012-10-10,44.9780273438
2012-10-11,45.15026474
2012-10-12,44.8136138916
2012-10-15,45.2129058838
2012-10-16,45.8313941956
2012-10-17,46.1602134705
2012-10-18,46.1445541382
2012-10-19,44.9623718262
2012-10-22,45.5808753967
2012-10-23,44.343875885
2012-10-24,44.3360404968
2012-10-25,45.306854248
2012-10-26,44.9153938293
2012-10-31,45.0798149109
2012-11-01,45.4712562561
2012-11-02,45.2990226746
2012-11-05,45.4555969238
2012-11-06,46.0741004944
2012-11-07,45.3694763184
2012-11-08,44.758808136
2012-11-09,44.8762435913
2012-11-12,45.1580963135
2012-11-13,44.7275009155
2012-11-14,44.3203811646
2012-11-15,44.4299888611
2012-11-16,44.3516998291
2012-11-19,45.4790878296
2012-11-20,45.6748161316
2012-11-21,45.4869155884
2012-11-23,46.1993637085
2012-11-26,46.0036354065
2012-11-27,46.0741004944
2012-11-28,46.4812049866
2012-11-29,46.739566803
2012-11-30,46.6925964355
2012-12-03,46.7004203796
2012-12-04,46.661277771
2012-12-05,46.935295105
2012-12-06,47.3502349854
2012-12-07,47.6242523193
2012-12-10,47.9295921326
2012-12-11,48.3836746216
2012-12-12,48.4071617126
2012-12-13,48.5872344971
2012-12-14,48.6263771057
2012-12-17,48.9160499573
2012-12-18,49.0774879456
2012-12-19,49.1247444153
2012-12-20,49.0538597107
2012-12-21,48.549861908
2012-12-24,48.4553604126
2012-12-26,48.3372306824
2012-12-27,48.5577316284
2012-12-28,49.0302352905
2012-12-31,49.8886222839
2013-01-02,51.1643867493
2013-01-03,50.2902488708
2013-01-04,50.0854949951
2013-01-07,49.6681213379
2013-01-08,49.3452415466
2013-01-09,49.3452415466
2013-01-10,49.9437446594
2013-01-11,49.6602478027
2013-01-14,49.597240448
2013-01-15,49.2507400513
2013-01-16,48.9436149597
2013-01-17,49.3924980164
2013-01-18,49.1798706055
2013-01-22,49.0696144104
2013-01-23,48.5262298584
2013-01-24,48.0301017761
2013-01-25,47.0772132874
2013-01-28,46.5574607849
2013-01-29,47.1717262268
2013-01-30,46.919719696
2013-01-31,46.9118461609
2013-02-01,46.888217926
2013-02-04,46.3133468628
2013-02-05,46.4865913391
2013-02-06,46.2424545288
2013-02-07,46.0770797729
2013-02-08,46.903968811
2013-02-11,47.0929718018
2013-02-12,47.0929718018
2013-02-13,47.6993484497
2013-02-14,48.0458526611
2013-02-15,48.0222244263
2013-02-19,48.2033538818
2013-02-20,48.6364822388
2013-02-21,48.4159812927
2013-02-22,48.8097381592
2013-02-25,47.6520957947
2013-02-26,48.2821044922
2013-02-27,48.9672355652
2013-02-28,48.5813522339
2013-03-01,48.7782325745
2013-03-04,48.549861908
2013-03-05,48.975112915
2013-03-06,48.6522369385
2013-03-07,48.423866272
2013-03-08,48.1167259216
2013-03-11,47.7781028748
2013-03-12,47.1795959473
2013-03-13,47.0772132874
2013-03-14,47.0850944519
2013-03-15,46.2975845337
2013-03-18,45.9904594421
2013-03-19,45.8250846863
2013-03-20,45.7148284912
2013-03-21,45.0296974182
2013-03-22,45.4943275452
2013-03-25,46.0534591675
2013-03-26,46.8173446655
2013-03-27,46.8960914612
2013-03-28,46.8015823364
2013-04-01,46.3133468628
2013-04-02,46.0219573975
2013-04-03,45.6045799255
2013-04-04,44.7855758667
2013-04-05,43.9193115234
2013-04-08,43.6909370422
2013-04-09,44.0453147888
2013-04-10,44.8879470825
2013-04-11,44.8170700073
2013-04-12,43.4074287415
2013-04-15,43.22631073
2013-04-16,44.5571937561
2013-04-17,43.8169326782
2013-04-18,43.1554260254
2013-04-19,43.5019378662
2013-04-22,44.005947113
2013-04-23,44.1713142395
2013-04-24,44.4548225403
2013-04-25,45.1399421692
2013-04-26,44.7698135376
2013-04-29,45.1084518433
2013-04-30,46.0062065125
2013-05-01,45.5494537354
2013-05-02,45.8172035217
2013-05-03,46.187335968
2013-05-06,45.8959541321
2013-05-07,46.0770797729
2013-05-08,46.1794548035
2013-05-09,46.2267150879
2013-05-10,44.9273223877
2013-05-13,44.7225723267
2013-05-14,45.533706665
2013-05-15,45.360458374
2013-05-16,45.7699584961
2013-05-17,45.8093338013
2013-05-20,45.9983329773
2013-05-21,45.9589538574
2013-05-22,45.5809555054
2013-05-23,45.2423286438
2013-05-24,44.9903297424
2013-05-28,45.4549484253
2013-05-29,45.533706665
2013-05-30,45.9589538574
2013-05-31,45.3919525146
2013-06-03,46.3054618835
2013-06-04,45.7620773315
2013-06-05,44.9824485779
2013-06-06,45.1793212891
2013-06-07,44.5020675659
2013-06-10,43.9980621338
2013-06-11,43.4074287415
2013-06-12,43.0530509949
2013-06-13,43.2656784058
2013-06-14,42.6671791077
2013-06-17,42.9191741943
2013-06-18,43.1554260254
2013-06-19,42.04504776
2013-06-20,40.4385299683
2013-06-21,40.3991508484
2013-06-24,39.4935150146
2013-06-25,40.2101478577
2013-06-26,40.1628990173
2013-06-27,41.5804100037
2013-06-28,41.8954200745
2013-07-01,42.360042572
2013-07-02,41.7379150391
2013-07-03,41.2811584473
2013-07-05,40.7220306396
2013-07-08,40.8244094849
2013-07-09,41.3205337524
2013-07-10,41.2024116516
2013-07-11,43.4310531616
2013-07-12,42.9191741943
2013-07-15,43.2735557556
2013-07-16,43.1633110046
2013-07-17,43.6436843872
2013-07-18,43.1396827698
2013-07-19,43.2420539856
2013-07-22,43.4861907959
2013-07-23,43.8405570984
2013-07-24,43.7066841125
2013-07-25,44.131942749
2013-07-26,44.4469451904
2013-07-29,44.0138092041
2013-07-30,44.1713142395
2013-07-31,43.9665641785
2013-08-01,44.4469451904
2013-08-02,44.5335578918
2013-08-05,44.3918075562
2013-08-06,44.037437439
2013-08-07,43.4389305115
2013-08-08,43.8405570984
2013-08-09,43.5964393616
2013-08-12,43.7618103027
2013-08-13,44.3445625305
2013-08-14,44.5414428711
2013-08-15,44.2028121948
2013-08-16,44.5020675659
2013-08-19,44.2106933594
2013-08-20,43.9665641785
2013-08-21,42.856174469
2013-08-22,43.179058075
2013-08-23,43.8011894226
2013-08-26,43.9114341736
2013-08-27,43.383808136
2013-08-28,44.021686554
2013-08-29,44.9351997375
2013-08-30,45.0690765381
2013-09-03,45.5021972656
2013-09-04,46.5732116699
2013-09-05,46.7464637756
2013-09-06,47.5654792786
2013-09-09,48.1482276917
2013-09-10,48.549861908
2013-09-11,48.801864624
2013-09-12,48.3372306824
2013-09-13,48.3923568726
2013-09-16,48.849105835
2013-09-17,48.6286125183
2013-09-18,50.6209983826
2013-09-19,50.3768806458
2013-09-20,49.3609848022
2013-09-23,49.1798706055
2013-09-24,49.1562347412
2013-09-25,48.6364822388
2013-09-26,49.1641197205
2013-09-27,48.975112915
2013-09-30,48.4317359924
2013-10-01,49.1404953003
2013-10-02,49.2113647461
2013-10-03,49.1089859009
2013-10-04,49.234992981
2013-10-07,48.9593582153
2013-10-08,48.83335495
2013-10-09,49.0223617554
2013-10-10,49.9594993591
2013-10-11,50.298122406
2013-10-14,50.4556274414
2013-10-15,50.495010376
2013-10-16,50.9438858032
2013-10-17,51.4085121155
2013-10-18,51.5975112915
2013-10-21,51.4163780212
2013-10-22,51.7235107422
2013-10-23,50.7706260681
2013-10-24,50.9281311035
2013-10-25,50.7548828125
2013-10-28,51.1092567444
2013-10-29,51.3848876953
2013-10-30,51.2352523804
2013-10-31,50.3217506409
2013-11-01,50.6761322021
2013-11-04,50.5265083313
2013-11-05,49.8807487488
2013-11-06,50.1642494202
2013-11-07,49.1404953003
2013-11-08,49.2271118164
2013-11-11,48.7939834595
2013-11-12,48.9908638
2013-11-13,48.6128578186
2013-11-14,48.9593582153
2013-11-15,50.2508735657
2013-11-18,50.4713745117
2013-11-19,50.7785110474
2013-11-20,50.1327514648
2013-11-21,49.817741394
2013-11-22,49.9516220093
2013-11-25,49.7705001831
2013-11-26,50.2508735657
2013-11-27,50.6288757324
2013-11-29,51.2116279602
2013-12-02,50.3217506409
2013-12-03,49.8256187439
2013-12-04,49.3767433167
2013-12-05,49.1798706055
2013-12-06,50.0146255493
2013-12-09,50.298122406
2013-12-10,50.1169929504
2013-12-11,49.0932426453
2013-12-12,48.9278640747
2013-12-13,49.0853729248
2013-12-16,49.7389945984
2013-12-17,49.3531188965
2013-12-18,50.3182525635
2013-12-19,49.4394035339
2013-12-20,49.4473876953
2013-12-23,49.9986686707
2013-12-24,50.054599762
2013-12-26,49.7509994507
2013-12-27,50.9254608154
2013-12-30,51.04529953
2013-12-31,51.6684913635
2014-01-02,49.2476463318
2014-01-03,48.9440422058
2014-01-06,48.5525588989
2014-01-07,48.7363243103
2014-01-08,48.5206069946
2014-01-09,48.3528251648
2014-01-10,48.4486999512
2014-01-13,48.344833374
2014-01-14,48.6484375
2014-01-15,48.560546875
2014-01-16,48.5365791321
2014-01-17,48.2489585876
2014-01-21,48.3288612366
2014-01-22,48.584526062
2014-01-23,47.4180450439
2014-01-24,46.0518264771
2014-01-27,46.4513053894
2014-01-28,46.9146957397
2014-01-29,46.7549171448
2014-01-30,47.0824813843
2014-01-31,47.1703681946
2014-02-03,45.9160003662
2014-02-04,46.2675476074
2014-02-05,46.3634262085
2014-02-06,47.0744857788
2014-02-07,47.3141784668
2014-02-10,47.1064491272
2014-02-11,47.8414878845
2014-02-12,47.9773178101
2014-02-13,47.7855606079
2014-02-14,48.5206069946
2014-02-18,48.041229248
2014-02-19,47.5698432922
2014-02-20,47.5378837585
2014-02-21,47.8414878845
2014-02-24,48.121131897
2014-02-25,48.0811767578
2014-02-26,48.4886474609
2014-02-27,49.0399169922
2014-02-28,48.8002433777
2014-03-03,48.4007644653
2014-03-04,48.8002433777
2014-03-05,48.6723976135
2014-03-06,49.2316703796
2014-03-07,48.9600257874
2014-03-10,48.3608093262
2014-03-11,48.0572052002
2014-03-12,47.7536125183
2014-03-13,46.9466629028
2014-03-14,46.842792511
2014-03-17,47.6497421265
2014-03-18,47.8574752808
2014-03-19,46.994594574
2014-03-20,46.6510467529
2014-03-21,46.8827438354
2014-03-24,47.210319519
2014-03-25,47.4420127869
2014-03-26,48.0731887817
2014-03-27,48.6963691711
2014-03-28,48.8401870728
2014-03-31,49.143787384
2014-04-01,49.7669715881
2014-04-02,49.7749633789
2014-04-03,49.8069267273
2014-04-04,49.7909431458
2014-04-07,49.7190361023
2014-04-08,50.5419578552
2014-04-09,51.2290725708
2014-04-10,50.6538085938
2014-04-11,50.7177352905
2014-04-14,50.7656707764
2014-04-15,50.3102645874
2014-04-16,51.0612831116
2014-04-17,50.885509491
2014-04-21,51.0053520203
2014-04-22,51.0133476257
2014-04-23,50.6138725281
2014-04-24,50.701751709
2014-04-25,49.8388824463
2014-04-28,50.2143859863
2014-04-29,50.4221191406
2014-04-30,49.9747047424
2014-05-01,50.2223815918
2014-05-02,50.0865592957
2014-05-05,49.9826927185
2014-05-06,50.1344947815
2014-05-07,49.8708381653
2014-05-08,50.1344947815
2014-05-09,50.0386161804
2014-05-12,50.7177352905
2014-05-13,51.2690200806
2014-05-14,51.5805969238
2014-05-15,51.3009719849
2014-05-16,51.9481239319
2014-05-19,52.1318855286
2014-05-20,51.6125679016
2014-05-21,51.932144165
2014-05-22,52.139881134
2014-05-23,51.988067627
2014-05-27,51.4767417908
2014-05-28,52.0599861145
2014-05-29,52.3236312866
2014-05-30,51.6365242004
2014-06-02,51.6684913635
2014-06-03,51.7643737793
2014-06-04,51.7244148254
2014-06-05,51.8522491455
2014-06-06,52.2437400818
2014-06-09,52.1478614807
2014-06-10,52.4594612122
2014-06-11,52.2597198486
2014-06-12,51.932144165
2014-06-13,51.3489074707
2014-06-16,51.4447860718
2014-06-17,51.5646324158
2014-06-18,51.7244148254
2014-06-19,51.5486450195
2014-06-20,50.821598053
2014-06-23,51.0692710876
2014-06-24,51.620552063
2014-06-25,51.5726242065
2014-06-26,51.8202934265
2014-06-27,51.9081802368
2014-06-30,51.9481239319
2014-07-01,52.3635787964
2014-07-02,52.5553283691
2014-07-03,52.69115448
2014-07-07,52.0839500427
2014-07-08,51.7883300781
2014-07-09,51.9481239319
2014-07-10,51.5646324158
2014-07-11,51.101234436
2014-07-14,51.4128227234
2014-07-15,51.3808670044
2014-07-16,51.5805969238
2014-07-17,51.0692710876
2014-07-18,51.7324104309
2014-07-21,51.7563781738
2014-07-22,52.3715744019
2014-07-23,52.1878089905
2014-07-24,52.0679664612
2014-07-25,52.1798210144
2014-07-28,52.8429679871
2014-07-29,53.4182090759
2014-07-30,53.8176803589
2014-07-31,52.8109970093
2014-08-01,53.2104682922
2014-08-04,53.2184715271
2014-08-05,52.4195175171
2014-08-06,52.2517356873
2014-08-07,51.9161720276
2014-08-08,52.051990509
2014-08-11,52.2197723389
2014-08-12,52.3396186829
2014-08-13,52.6751785278
2014-08-14,53.1385765076
2014-08-15,52.9787712097
2014-08-18,53.0506858826
2014-08-19,53.3462944031
2014-08-20,52.9787712097
2014-08-21,52.2756958008
2014-08-22,52.5633239746
2014-08-25,52.7470779419
2014-08-26,53.2663993835
2014-08-27,53.2743988037
2014-08-28,53.2584152222
2014-08-29,53.0506858826
2014-09-02,52.2517356873
2014-09-03,52.1238899231
2014-09-04,52.1079216003
2014-09-05,51.9960632324
2014-09-08,51.4447860718
2014-09-09,50.8136024475
2014-09-10,51.0213394165
2014-09-11,50.8136024475
2014-09-12,50.9094772339
2014-09-15,50.7097396851
2014-09-16,51.2929801941
2014-09-17,51.1971054077
2014-09-18,50.7736625671
2014-09-19,50.6697921753
2014-09-22,49.8548622131
2014-09-23,49.7030563354
2014-09-24,50.2303657532
2014-09-25,49.3195610046
2014-09-26,49.4234237671
2014-09-29,48.7922439575
2014-09-30,48.344833374
2014-10-01,47.0824813843
2014-10-02,46.9067153931
2014-10-03,47.0265579224
2014-10-06,46.9546508789
2014-10-07,46.5312080383
2014-10-08,46.7868652344
2014-10-09,46.0278587341
2014-10-10,45.1170539856
2014-10-13,45.524520874
2014-10-14,45.6683273315
2014-10-15,45.6044158936
2014-10-16,45.4446220398
2014-10-17,45.3807067871
2014-10-20,46.0118789673
2014-10-21,46.171672821
2014-10-22,45.9799232483
2014-10-23,46.0438461304
2014-10-24,46.0038986206
2014-10-27,46.2515716553
2014-10-28,46.6909866333
2014-10-29,47.1543807983
2014-10-30,47.4340133667
2014-10-31,46.842792511
2014-11-03,46.0598220825
2014-11-04,45.8441009521
2014-11-05,45.1170539856
2014-11-06,45.3088035583
2014-11-07,45.5724563599
2014-11-10,45.9639434814
2014-11-11,45.5884399414
2014-11-12,45.7482223511
2014-11-13,45.5884399414
2014-11-14,45.2209129333
2014-11-17,45.1729812622
2014-11-18,45.524520874
2014-11-19,44.8533973694
2014-11-20,44.7415428162
2014-11-21,45.3727149963
2014-11-24,45.4046783447
2014-11-25,45.3327713013
2014-11-26,45.955947876
2014-11-28,45.4446220398
2014-12-01,45.1010742188
2014-12-02,45.0291633606
2014-12-03,45.0131912231
2014-12-04,45.4765815735
2014-12-05,45.2129325867
2014-12-08,45.2368965149
2014-12-09,45.5404930115
2014-12-10,44.8454093933
2014-12-11,44.4619140625
2014-12-12,43.8467140198
2014-12-15,44.2941207886
2014-12-16,44.9332923889
2014-12-17,44.6689186096
2014-12-18,44.5638084412
2014-12-19,44.701259613
2014-12-22,45.2186889648
2014-12-23,44.7093391418
2014-12-24,44.9599723816
2014-12-26,45.1782646179
2014-12-29,45.008480072
2014-12-30,44.6446647644
2014-12-31,44.701259613
2015-01-02,44.2323379517
2015-01-05,43.6825637817
2015-01-06,43.520866394
2015-01-07,44.0706367493
2015-01-08,44.9276313782
2015-01-09,45.3399581909
2015-01-12,45.3480453491
2015-01-13,45.7442016602
2015-01-14,45.4531478882
2015-01-15,45.5259056091
2015-01-16,45.4612350464
2015-01-20,45.4369773865
2015-01-21,45.8654747009
2015-01-22,46.3909950256
2015-01-23,46.3909950256
2015-01-26,46.4718437195
2015-01-27,46.2858924866
2015-01-28,46.1241912842
2015-01-29,46.0271759033
2015-01-30,44.9923171997
2015-02-02,45.7442016602
2015-02-03,46.0837669373
2015-02-04,46.3020591736
2015-02-05,46.1080207825
2015-02-06,45.3965568542
2015-02-09,45.3722991943
2015-02-10,45.0408210754
2015-02-11,44.4991378784
2015-02-12,44.9357147217
2015-02-13,45.2995376587
2015-02-17,45.2186889648
2015-02-18,45.2591056824
2015-02-19,45.0489082336
2015-02-20,45.4127197266
2015-02-23,45.2752838135
2015-02-24,45.5986824036
2015-02-25,45.8573951721
2015-02-26,45.9220695496
2015-02-27,45.7846298218
2015-03-02,46.1322784424
2015-03-03,46.2778053284
2015-03-04,46.1161079407
2015-03-05,46.1484489441
2015-03-06,45.9139862061
2015-03-09,45.5582580566
2015-03-10,44.4425392151
2015-03-11,44.5638084412
2015-03-12,44.9438018799
2015-03-13,44.2970161438
2015-03-16,44.9438018799
2015-03-17,46.0918502808
2015-03-18,46.8599128723
2015-03-19,46.2535514832
2015-03-20,46.7063026428
2015-03-23,46.8275794983
2015-03-24,46.9569358826
2015-03-25,46.7305603027
2015-03-26,46.3586540222
2015-03-27,46.3424797058
2015-03-30,46.5527000427
2015-03-31,46.2778053284
2015-04-01,46.3990783691
2015-04-02,46.9003448486
2015-04-06,47.5228691101
2015-04-07,46.9811859131
2015-04-08,47.4986190796
2015-04-09,47.3611755371
2015-04-10,48.185836792
2015-04-13,48.0403060913
2015-04-14,48.8811302185
2015-04-15,49.1721878052
2015-04-16,49.7381324768
2015-04-17,49.3338890076
2015-04-20,49.9240837097
2015-04-21,49.67345047
2015-04-22,50.0615272522
2015-04-23,50.870010376
2015-04-24,50.6436386108
2015-04-27,50.6598091125
2015-04-28,50.8053321838
2015-04-29,50.0938644409
2015-04-30,49.4551620483
2015-05-01,49.4470748901
2015-05-04,49.8674888611
2015-05-05,49.3015480042
2015-05-06,48.7922019958
2015-05-07,48.274772644
2015-05-08,48.4930534363
2015-05-11,47.9109458923
2015-05-12,47.9190368652
2015-05-13,48.2181739807
2015-05-14,48.7760314941
2015-05-15,48.3232841492
2015-05-18,48.0483894348
2015-05-19,48.1615791321
2015-05-20,48.436466217
2015-05-21,48.1615791321
2015-05-22,48.404132843
2015-05-26,47.5956344604
2015-05-27,46.8841705322
2015-05-28,46.7548103333
2015-05-29,46.7305603027
2015-06-01,46.2778053284
2015-06-02,46.1403694153
2015-06-03,45.841217041
2015-06-04,45.5259056091
2015-06-05,45.1459197998
2015-06-08,45.1782646179
2015-06-09,45.0489082336
2015-06-10,45.4693260193
2015-06-11,45.2591056824
2015-06-12,44.7982826233
2015-06-15,44.5799827576
2015-06-16,44.2889289856
2015-06-17,44.6769981384
2015-06-18,45.1135864258
2015-06-19,45.024646759
2015-06-22,45.6148452759
2015-06-23,45.9301605225
2015-06-24,45.5339927673
2015-06-25,45.3399581909
2015-06-26,45.0974121094
2015-06-29,44.3536109924
2015-06-30,44.5557250977
2015-07-01,45.0408210754
2015-07-02,45.0893287659
2015-07-06,43.7310676575
2015-07-07,43.3834190369
2015-07-08,42.3647270203
2015-07-09,42.9145011902
2015-07-10,43.3187408447
2015-07-13,43.3834190369
2015-07-14,43.0115242004
2015-07-15,42.7204589844
2015-07-16,43.2136383057
2015-07-17,42.8093948364
2015-07-20,42.4374961853
2015-07-21,42.5991897583
2015-07-22,42.0817565918
2015-07-23,41.6370925903
2015-07-24,40.8932762146
2015-07-27,41.1600799561
2015-07-28,41.7745285034
2015-07-29,42.0413284302
2015-07-30,41.1115684509
2015-07-31,41.3783798218
2015-08-03,40.7558403015
2015-08-04,41.1277389526
2015-08-05,40.8932762146
2015-08-06,40.4486122131
2015-08-07,40.4405326843
2015-08-10,40.9013633728
2015-08-11,39.5431098938
2015-08-12,39.5916137695
2015-08-13,39.6805496216
2015-08-14,39.7694816589
2015-08-17,39.1954574585
2015-08-18,38.9448242188
2015-08-19,38.6861152649
2015-08-20,37.8048667908
2015-08-21,36.923614502
2015-08-24,36.1393737793
2015-08-25,36.8589248657
2015-08-26,37.9261322021
2015-08-27,38.9205703735
2015-08-28,38.7993011475
2015-08-31,38.6780319214
2015-09-01,37.8695373535
2015-09-02,38.5244178772
2015-09-03,38.3142051697
2015-09-04,37.3359375
2015-09-08,38.2656898499
2015-09-09,38.7588768005
2015-09-10,39.2116279602
2015-09-11,39.2763061523
2015-09-14,38.9448242188
2015-09-15,39.3975753784
2015-09-16,40.9337043762
2015-09-17,40.877117157
2015-09-18,40.4162750244
2015-09-21,39.8665084839
2015-09-22,39.3409919739
2015-09-23,38.9933433533
2015-09-24,38.7831268311
2015-09-25,38.823551178
2015-09-28,38.0393218994
2015-09-29,37.9180526733
2015-09-30,39.43800354
2015-10-01,40.0847969055
2015-10-02,40.4809532166
2015-10-05,41.289440155
2015-10-06,41.1924247742
2015-10-07,42.4374961853
2015-10-08,42.7770614624
2015-10-09,43.1651344299
2015-10-12,43.0034370422
2015-10-13,42.4779167175
2015-10-14,42.9306640625
2015-10-15,44.1353187561
2015-10-16,43.9089393616
2015-10-19,43.6583099365
2015-10-20,43.8685112
2015-10-21,43.5370330811
2015-10-22,44.1838226318
2015-10-23,44.2646713257
2015-10-26,44.2242469788
2015-10-27,43.9008483887
2015-10-28,43.5370330811
2015-10-29,43.520866394
2015-10-30,43.9655342102
2015-11-02,44.7255096436
2015-11-03,45.3480453491
2015-11-04,44.701259613
2015-11-05,44.6689186096
2015-11-06,43.8119163513
2015-11-09,42.9145011902
2015-11-10,42.5345077515
2015-11-11,42.7528076172
2015-11-12,42.2677078247
2015-11-13,41.4430465698
2015-11-16,41.839214325
2015-11-17,41.596660614
2015-11-18,42.0655822754
2015-11-19,42.7528076172
2015-11-20,42.9710960388
2015-11-23,42.8740730286
2015-11-24,43.4400177002
2015-11-25,43.4400177002
2015-11-27,43.1813011169
2015-11-30,42.7042884827
2015-12-01,43.448097229
2015-12-02,42.6396102905
2015-12-03,42.1787757874
2015-12-04,42.2838745117
2015-12-07,41.3136978149
2015-12-08,40.8690299988
2015-12-09,40.7234954834
2015-12-10,40.9094467163
2015-12-11,40.1413879395
2015-12-14,40.5294647217
2015-12-15,41.1277389526
2015-12-16,42.2111091614
2015-12-17,41.143913269
2015-12-18,41.305606842
2015-12-21,41.9530792236
2015-12-22,42.3422203064
2015-12-23,42.6899719238
2015-12-24,42.3587760925
2015-12-28,41.8702774048
2015-12-29,41.9613647461
2015-12-30,41.4645805359
2015-12-31,41.1251106262
2016-01-04,40.1646690369
2016-01-05,40.3385429382
2016-01-06,39.5354232788
2016-01-07,38.906162262
2016-01-08,38.6908988953
2016-01-11,39.1214294434
2016-01-12,39.0055198669
2016-01-13,38.8978767395
2016-01-14,39.3201446533
2016-01-15,37.6642074585
2016-01-19,38.740562439
2016-01-20,37.5400161743
2016-01-21,38.0450782776
2016-01-22,39.1793937683
2016-01-25,38.6494903564
2016-01-26,39.0137939453
2016-01-27,38.7240104675
2016-01-28,39.1214294434
2016-01-29,39.527130127
2016-02-01,39.4195022583
2016-02-02,38.3017425537
2016-02-03,39.1048736572
2016-02-04,39.8500518799
2016-02-05,39.3615455627
2016-02-08,39.0883140564
2016-02-09,38.674331665
2016-02-10,38.8647575378
2016-02-11,38.0864753723
2016-02-12,38.4756202698
2016-02-16,38.7736930847
2016-02-17,39.2290687561
2016-02-18,38.806804657
2016-02-19,38.6080932617
2016-02-22,39.4195022583
2016-02-23,38.7571258545
2016-02-24,38.7985229492
2016-02-25,38.9310035706
2016-02-26,38.3348617554
2016-02-29,38.5749816895
2016-03-01,39.659614563
2016-03-02,39.9742355347
2016-03-03,40.5206947327
2016-03-04,41.1830673218
2016-03-07,41.0505981445
2016-03-08,40.1067123413
2016-03-09,40.3716583252
2016-03-10,41.0423164368
2016-03-11,41.9365158081
2016-03-14,41.5970535278
2016-03-15,41.373500824
2016-03-16,42.2511520386
2016-03-17,43.2695426941
2016-03-18,43.1701927185
2016-03-21,43.1287918091
2016-03-22,43.3937416077
2016-03-23,42.6899719238
2016-03-24,42.6899719238
2016-03-28,42.7065315247
2016-03-29,43.6338577271
2016-03-30,44.1223526001
2016-03-31,43.7332077026
2016-04-01,43.1039543152
2016-04-04,42.7975997925
2016-04-05,41.9944801331
2016-04-06,42.7479324341
2016-04-07,42.0855560303
2016-04-08,42.5988922119
2016-04-11,43.0294418335
2016-04-12,43.4351348877
2016-04-13,43.9319190979
2016-04-14,43.8325614929
2016-04-15,43.7249336243
2016-04-18,44.0561141968
2016-04-19,44.726764679
2016-04-20,44.5032196045
2016-04-21,44.2548217773
2016-04-22,43.7828903198
2016-04-25,43.6421356201
2016-04-26,43.9815940857
2016-04-27,44.0229911804
2016-04-28,43.7580451965
2016-04-29,43.261264801
2016-05-02,43.5345001221
2016-05-03,42.6485671997
2016-05-04,41.845451355
2016-05-05,41.7460899353
2016-05-06,41.78748703
2016-05-09,41.5308151245
2016-05-10,42.2263031006
2016-05-11,42.02759552
2016-05-12,41.8785591125
2016-05-13,41.0505981445
2016-05-16,41.3652229309
2016-05-17,41.1085586548
2016-05-18,40.4379043579
2016-05-19,40.454460144
2016-05-20,40.6283340454
2016-05-23,40.7773704529
2016-05-24,40.6117706299
2016-05-25,41.3238182068
2016-05-26,41.3486633301
2016-05-27,41.2244720459
2016-05-31,41.1996231079
2016-06-01,41.3486633301
2016-06-02,41.8123245239
2016-06-03,42.6071777344
2016-06-06,43.1039543152
2016-06-07,43.5924568176
2016-06-08,43.9402008057
2016-06-09,43.6007347107
2016-06-10,42.8472824097
2016-06-13,41.9944801331
2016-06-14,41.6550140381
2016-06-15,42.1103935242
2016-06-16,41.9034118652
2016-06-17,41.8620033264
2016-06-20,42.8721199036
2016-06-21,43.1205101013
2016-06-22,43.4765396118
2016-06-23,44.2217063904
2016-06-24,41.3817749023
2016-06-27,40.5289764404
2016-06-28,41.8040542603
2016-06-29,42.781047821
2016-06-30,43.1122322083
2016-07-01,43.7414932251
2016-07-05,43.0460014343
2016-07-06,42.4581336975
2016-07-07,42.7893257141
2016-07-08,43.4351348877
2016-07-11,43.6172904968
2016-07-12,44.2134284973
2016-07-13,44.2548217773
2016-07-14,45.1076316833
2016-07-15,44.9917182922
2016-07-18,45.1738700867
2016-07-19,44.6688117981
2016-07-20,44.6688117981
2016-07-21,44.5446166992
2016-07-22,44.966884613
2016-07-25,44.4618225098
2016-07-26,44.9503173828
2016-07-27,45.1987037659
2016-07-28,45.3560218811
2016-07-29,46.0846328735
2016-08-01,46.4158172607
2016-08-02,45.7534484863
2016-08-03,45.4305343628
2016-08-04,45.6458129883
2016-08-05,46.3247413635
2016-08-08,46.6393661499
2016-08-09,47.2189559937
2016-08-10,47.4176597595
2016-08-11,47.806804657
2016-08-12,47.3679771423
2016-08-15,47.8896026611
2016-08-16,47.6826095581
2016-08-17,47.053352356
2016-08-18,47.7322883606
2016-08-19,47.401096344
2016-08-22,46.7966880798
2016-08-23,47.0864715576
2016-08-24,47.0285148621
2016-08-25,47.1361579895
2016-08-26,46.5400161743
2016-08-29,46.9291534424
2016-08-30,46.9457130432
2016-08-31,46.6559371948
2016-09-01,46.8712043762
2016-09-02,47.3596992493
2016-09-06,48.8252067566
2016-09-07,48.8666000366
2016-09-08,48.3035850525
2016-09-09,46.6642074585
2016-09-12,46.7718467712
2016-09-13,45.2649497986
2016-09-14,45.4636611938
2016-09-15,45.9852752686
2016-09-16,45.7037658691
2016-09-19,46.1425895691
2016-09-20,46.5482940674
2016-09-21,47.8896026611
2016-09-22,48.2704620361
2016-09-23,47.7322883606
2016-09-26,47.2189559937
2016-09-27,48.2704620361
2016-09-28,48.5436973572
2016-09-29,47.8647613525
2016-09-30,48.1297073364
2016-10-03,48.0551948547
2016-10-04,47.1278686523
2016-10-05,47.7405662537
2016-10-06,47.9889564514
2016-10-07,47.6991691589
2016-10-10,48.187664032
2016-10-11,46.3909759521
2016-10-12,46.4406585693
2016-10-13,45.9852752686
2016-10-14,45.8362503052
2016-10-17,46.092918396
2016-10-18,46.8629226685
2016-10-19,47.2272262573
2016-10-20,46.7056045532
2016-10-21,46.5234565735
2016-10-24,46.7552909851
2016-10-25,46.7718467712
2016-10-26,46.0183982849
2016-10-27,45.7120475769
2016-10-28,45.7451667786
2016-10-31,45.827960968
2016-11-01,45.4553794861
2016-11-02,45.1076316833
2016-11-03,45.1573104858
2016-11-04,45.0248374939
2016-11-07,46.1674308777
2016-11-08,46.6724853516
2016-11-09,44.4866600037
2016-11-10,43.9733161926
2016-11-11,43.7580451965
2016-11-14,43.3275032043
2016-11-15,43.8077201843
2016-11-16,43.3937416077
2016-11-17,43.3771820068
2016-11-18,43.0128746033
2016-11-21,43.1867485046
2016-11-22,44.2382698059
2016-11-23,43.7166442871
2016-11-25,43.9070777893
2016-11-28,43.9070777893
2016-11-29,44.2134284973
2016-11-30,44.0975074768
2016-12-01,44.2631111145
2016-12-02,44.1223526001
2016-12-05,44.3293418884
2016-12-06,44.5363311768
2016-12-07,45.4967765808
2016-12-08,45.8776435852
2016-12-09,45.5381736755
2016-12-12,45.587852478
2016-12-13,45.968711853
2016-12-14,44.7598876953
2016-12-15,44.8675231934
2016-12-16,44.9006385803
2016-12-19,44.9254760742
2016-12-20,44.9254760742
2016-12-21,44.7034301758
2016-12-22,44.2174301147
2016-12-23,44.4855651855
2016-12-27,44.477191925
2016-12-28,44.4017753601
2016-12-29,44.8626289368
2016-12-30,44.5944976807
2017-01-03,45.2732162476
2017-01-04,45.5832519531
2017-01-05,46.0357322693
2017-01-06,45.5329780579
2017-01-09,45.4491844177
2017-01-10,45.641910553
2017-01-11,46.9155578613
2017-01-12,47.5272483826
2017-01-13,47.5021057129
2017-01-17,47.8288993835
2017-01-18,47.1417961121
2017-01-19,47.0580062866
2017-01-20,47.0580062866
2017-01-23,47.7283477783
2017-01-24,47.7115859985
2017-01-25,48.2311058044
2017-01-26,48.0551338196
2017-01-27,47.9294471741
2017-01-30,47.862411499
2017-01-31,48.4992408752
2017-02-01,48.5159988403
2017-02-02,48.9684715271
2017-02-03,49.3623008728
2017-02-06,49.2785148621
2017-02-07,48.7925109863
2017-02-08,48.6081733704
2017-02-09,48.6584434509
2017-02-10,48.700340271
2017-02-13,48.6668243408
2017-02-14,48.7171058655
2017-02-15,49.2701263428
2017-02-16,48.7254867554
2017-02-17,48.5746536255
2017-02-21,49.4963722229
2017-02-22,49.6053009033
2017-02-23,49.8734359741
2017-02-24,49.4963722229
2017-02-27,49.1612014771
2017-02-28,49.0690307617
2017-03-01,49.3958206177
2017-03-02,48.7338600159
2017-03-03,48.373550415
2017-03-06,48.3400306702
2017-03-07,48.6584434509
2017-03-08,48.4573440552
2017-03-09,48.1305541992
2017-03-10,48.9014434814
2017-03-13,49.697479248
2017-03-14,49.7309913635
2017-03-15,51.3733291626
2017-03-16,51.2476387024
2017-03-17,51.3565711975
2017-03-20,52.1609802246
2017-03-21,51.8090553284
2017-03-22,52.2447776794
2017-03-23,52.0185317993
2017-03-24,52.3453330994
2017-03-27,52.3201828003
2017-03-28,52.2866783142
2017-03-29,52.3788375854
2017-03-30,52.0771865845
2017-03-31,51.8425712585
2017-04-03,52.0101547241
2017-04-04,51.5409164429
2017-04-05,51.1470909119
2017-04-06,50.9878768921
2017-04-07,50.5689163208
2017-04-10,49.8734359741
2017-04-11,49.5298881531
2017-04-12,50.0242729187
2017-04-13,50.2086105347
2017-04-17,50.7113723755
2017-04-18,49.9069595337
2017-04-19,49.7142372131
2017-04-20,50.6862335205
2017-04-21,51.0800590515
2017-04-24,51.4319915771
2017-04-25,52.2280197144
2017-04-26,52.1190834045
2017-04-27,52.0520515442
2017-04-28,52.0352935791
2017-05-01,52.3285713196
2017-05-02,53.0324249268
2017-05-03,52.6553611755
2017-05-04,52.7978057861
2017-05-05,53.1329803467
2017-05-08,54.4904136658
2017-05-09,55.0015602112
2017-05-10,54.4150123596
2017-05-11,55.294834137
2017-05-12,55.2026634216
2017-05-15,55.7305603027
2017-05-16,55.7892150879
2017-05-17,54.8088340759
2017-05-18,54.8591079712
2017-05-19,55.9484100342
2017-05-22,56.1997909546
2017-05-23,55.9735565186
2017-05-24,56.3254890442
2017-05-25,56.9120330811
2017-05-26,57.3477592468
2017-05-30,56.5433502197
2017-05-31,56.7444534302
2017-06-01,56.7611961365
2017-06-02,57.5320930481
2017-06-05,57.3980255127
2017-06-06,57.3980255127
2017-06-07,56.8282394409
2017-06-08,57.2220611572
2017-06-09,56.9287910461
2017-06-12,56.3338623047
2017-06-13,57.0963668823
2017-06-14,57.423160553
2017-06-15,56.4763031006
2017-06-16,56.3673744202
2017-06-19,56.7025489807
2017-06-20,56.0405845642
2017-06-21,56.0070610046
2017-06-22,56.5181999207
2017-06-23,57.0125846863
2017-06-26,57.2974700928
2017-06-27,56.7611961365
2017-06-28,57.1131439209
2017-06-29,56.4260292053
2017-06-30,56.8198509216
2017-07-03,56.8114814758
2017-07-05,56.4008903503
2017-07-06,55.7640686035
2017-07-07,56.0992431641
2017-07-10,56.4679260254
2017-07-11,56.5684738159
2017-07-12,57.5656204224
2017-07-13,57.9091644287
2017-07-14,59.0152397156
2017-07-17,58.6716690063
2017-07-18,59.0403594971
2017-07-19,59.2498474121
2017-07-20,59.4509506226
2017-07-21,59.8782920837
2017-07-24,60.0375022888
2017-07-25,59.6436805725
2017-07-26,59.9704742432
2017-07-27,59.4844589233
2017-07-28,58.353263855
2017-07-31,58.4035415649
2017-08-01,58.8643951416
2017-08-02,58.7554664612
2017-08-03,57.5488586426
2017-08-04,57.9678153992
2017-08-07,58.1521682739
2017-08-08,57.6577796936
2017-08-09,56.5349693298
2017-08-10,55.1440010071
2017-08-11,55.3199615479
2017-08-14,56.3925170898
2017-08-15,56.66065979
2017-08-16,56.7109298706
2017-08-17,55.9484100342
2017-08-18,56.5181999207
2017-08-21,56.5098266602
2017-08-22,57.4064102173
2017-08-23,57.289100647
2017-08-24,57.6913032532
2017-08-25,58.0683746338
2017-08-28,57.9007835388
2017-08-29,57.423160553
2017-08-30,57.5069580078
2017-08-31,57.3728904724
2017-09-01,57.5320930481
2017-09-05,55.9149055481
2017-09-06,56.0992431641
2017-09-07,56.8282394409
2017-09-08,56.4344139099
2017-09-11,57.3645133972
2017-09-12,57.2388267517
2017-09-13,56.9204139709
2017-09-14,57.2388267517
2017-09-15,57.5907554626
2017-09-18,58.5208511353
2017-09-19,58.7135734558
2017-09-20,58.4035415649
2017-09-21,58.3951759338
2017-09-22,58.0935096741
2017-09-25,57.7164421082
2017-09-26,57.5656204224
2017-09-27,57.1047554016
2017-09-28,57.0293464661
2017-09-29,57.8672714233
2017-10-02,58.0013389587
2017-10-03,58.5543632507
2017-10-04,58.6297836304
2017-10-05,59.0738830566
2017-10-06,58.8476486206
2017-10-09,58.8057479858
2017-10-10,59.5514945984
2017-10-11,60.1464347839
2017-10-12,60.5067329407
2017-10-13,61.0346221924
2017-10-16,60.6324272156
2017-10-17,60.6240386963
2017-10-18,60.7665023804
2017-10-19,60.3559112549
2017-10-20,60.8167762756
2017-10-23,60.6324272156
2017-10-24,60.9340858459
2017-10-25,60.908946991
2017-10-26,60.6240386963
2017-10-27,61.6044235229
2017-10-30,61.277633667
2017-10-31,62.6434631348
2017-11-01,63.8752059937
2017-11-02,63.5735664368
2017-11-03,63.5065193176
2017-11-06,63.6154518127
2017-11-07,62.8278121948
2017-11-08,63.4981460571
2017-11-09,62.6015548706
2017-11-10,62.3501815796
2017-11-13,62.1993522644
2017-11-14,62.2999000549
2017-11-15,62.6769752502
2017-11-16,64.2438964844
2017-11-17,63.8668365479
2017-11-20,63.9589920044
2017-11-21,64.6042022705
2017-11-22,64.8639678955
2017-11-24,64.8555831909
2017-11-27,63.2719039917
2017-11-28,64.2187652588
2017-11-29,63.7830467224
2017-11-30,62.9702453613
2017-12-01,62.9032096863
2017-12-04,63.1294441223
2017-12-05,63.3473205566
2017-12-06,62.291519165
2017-12-07,62.2412490845
2017-12-08,62.4088363647
2017-12-11,62.5512886047
2017-12-12,62.3082809448
2017-12-13,63.313785553
2017-12-14,62.9032096863
2017-12-15,62.9199562073
2017-12-18,63.2551460266
2017-12-19,62.8547973633
2017-12-20,63.0704956055
2017-12-21,62.0782775879
2017-12-22,62.6132125854
2017-12-26,62.3802604675
2017-12-27,63.3120765686
2017-12-28,64.5286254883
2017-12-29,64.6494216919
2018-01-02,65.4604644775
2018-01-03,66.0385284424
2018-01-04,65.5639801025
2018-01-05,66.4267807007
2018-01-08,66.495803833
2018-01-09,66.2283401489
2018-01-10,65.9091033936
2018-01-11,66.5303192139
2018-01-12,67.2119369507
2018-01-16,66.8754348755
2018-01-17,67.186050415
2018-01-18,66.6856231689
2018-01-19,67.0221099854
2018-01-22,66.2973556519
2018-01-23,66.5389480591
2018-01-24,67.2119369507
2018-01-25,67.5656661987
2018-01-26,68.1955108643
2018-01-29,67.8417739868
2018-01-30,67.0048599243
2018-01-31,67.5052871704
2018-02-01,66.5648345947
2018-02-02,63.8815383911
2018-02-05,61.9919967651
2018-02-06,64.4164733887
2018-02-07,61.4225578308
2018-02-08,59.4726371765
2018-02-09,60.8876266479
2018-02-12,61.6900177002
2018-02-13,61.9143409729
2018-02-14,63.7434806824
2018-02-15,65.1671066284
2018-02-16,65.3482894897
2018-02-20,62.9324607849
2018-02-21,62.7685165405
2018-02-22,62.7512702942
2018-02-23,64.0886001587
2018-02-26,64.8133544922
2018-02-27,63.035987854
2018-02-28,62.1990661621
2018-03-01,61.8798522949
2018-03-02,62.3802604675
2018-03-05,62.0782775879
2018-03-06,64.2697982788
2018-03-07,64.0972366333
2018-03-08,63.8901596069
2018-03-09,65.7451782227
2018-03-12,65.7451782227
2018-03-13,65.3914260864
2018-03-14,65.9263687134
2018-03-15,65.7020339966
2018-03-16,65.8141937256
2018-03-19,64.5803909302
2018-03-20,65.4431915283
2018-03-21,65.9953842163
2018-03-22,64.0886001587
2018-03-23,61.9747467041
2018-03-26,64.2180175781
2018-03-27,62.9583396912
2018-03-28,63.7089729309
2018-03-29,65.0980682373
2018-04-02,64.0023193359
2018-04-03,65.1929702759
2018-04-04,64.3560638428
2018-04-05,64.4768600464
2018-04-06,63.1308937073
2018-04-09,63.7434806824
2018-04-10,64.4509735107
2018-04-11,64.0023193359
2018-04-12,64.0972366333
2018-04-13,64.1403656006
2018-04-16,64.3819503784
2018-04-17,64.6666717529
2018-04-18,65.4259414673
2018-04-19,65.0463104248
2018-04-20,64.2956619263
2018-04-23,63.9505577087
2018-04-24,63.2085571289
2018-04-25,63.2430648804
2018-04-26,64.8823699951
2018-04-27,65.6502609253
2018-04-30,65.2275009155
2018-05-01,64.8823699951
2018-05-02,64.1231155396
2018-05-03,64.2525405884
2018-05-04,64.1231155396
2018-05-07,63.3897323608
2018-05-08,63.2861976624
2018-05-09,63.3207054138
2018-05-10,64.709815979
2018-05-11,64.6839294434
2018-05-14,64.278427124
2018-05-15,62.9238243103
2018-05-16,63.54504776
2018-05-17,63.0791130066
2018-05-18,62.9755859375
2018-05-21,63.3465995789
2018-05-22,63.5968017578
2018-05-23,64.2266540527
2018-05-24,63.3983612061
2018-05-25,63.9505577087
2018-05-29,62.6995048523
2018-05-30,62.5700836182
2018-05-31,62.2422180176
2018-06-01,63.3983612061
2018-06-04,63.6571960449
2018-06-05,63.2171783447
2018-06-06,64.278427124
2018-06-07,63.8556442261
2018-06-08,63.3897323608
2018-06-11,63.6744689941
2018-06-12,63.0704956055
2018-06-13,62.6995048523
2018-06-14,61.8884735107
2018-06-15,60.5683860779
2018-06-18,59.8522644043
2018-06-19,58.5580749512
2018-06-20,58.9894714355
2018-06-21,57.8764648438
2018-06-22,58.7392578125
2018-06-25,58.5149307251
2018-06-26,58.2992324829
2018-06-27,57.626247406
2018-06-28,57.7038993835
2018-06-29,58.4200172424
2018-07-02,57.1430931091
2018-07-03,56.7203102112
2018-07-05,56.5908851624
2018-07-06,57.0826873779
2018-07-09,57.9109802246
2018-07-10,57.8246803284
2018-07-11,56.6512947083
2018-07-12,56.8669891357
2018-07-13,57.1171951294
2018-07-16,57.0913162231
2018-07-17,57.3846740723
2018-07-18,57.1085739136
2018-07-19,56.3061676025
2018-07-20,57.2293663025
2018-07-23,56.0645866394
2018-07-24,56.9101219177
2018-07-25,57.5658493042
2018-07-26,57.1775932312
2018-07-27,57.4450683594
2018-07-30,57.4278030396
2018-07-31,58.0317611694
2018-08-01,57.652130127
2018-08-02,56.3924446106
2018-08-03,56.9101219177
2018-08-06,56.6599082947
2018-08-07,57.6348800659
2018-08-08,57.5313453674
2018-08-09,57.2897605896
2018-08-10,55.8316268921
2018-08-13,54.9774589539
2018-08-14,55.8575172424
2018-08-15,54.6150856018
2018-08-16,55.1586494446
2018-08-17,55.7625999451
2018-08-20,55.7798652649
2018-08-21,56.8324737549
2018-08-22,56.9618873596
2018-08-23,56.2975387573
2018-08-24,57.6089897156
2018-08-27,58.2043190002
2018-08-28,58.1439247131
2018-08-29,58.178440094
2018-08-30,57.6003684998
2018-08-31,58.0835342407
2018-09-04,57.6003684998
2018-09-05,56.8238487244
2018-09-06,56.5995178223
2018-09-07,55.9955596924
2018-09-10,56.0818367004
2018-09-11,56.4269561768
2018-09-12,56.6081466675
2018-09-13,57.1517105103
2018-09-14,57.4795722961
2018-09-17,56.6254005432
2018-09-18,57.4278030396
2018-09-19,57.4623146057
2018-09-20,58.3682518005
2018-09-21,58.566696167
2018-09-24,58.2129554749
2018-09-25,58.5408096313
2018-09-26,58.6012115479
2018-09-27,59.1188850403
2018-09-28,58.9031867981
2018-10-01,58.62707901
2018-10-02,57.7125282288
2018-10-03,57.0740585327
2018-10-04,55.5123977661
2018-10-05,55.5382804871
2018-10-08,55.4002304077
2018-10-09,55.1413879395
2018-10-10,53.5107040405
2018-10-11,52.3804397583
2018-10-12,53.5797271729
2018-10-15,52.9930229187
2018-10-16,54.0456428528
2018-10-17,53.7091445923
2018-10-18,52.2855300903
2018-10-19,53.0275382996
2018-10-22,53.0965614319
2018-10-23,52.1388626099
2018-10-24,50.3960075378
2018-10-25,51.1984062195
2018-10-26,49.7747879028
2018-10-29,49.0500411987
2018-10-30,50.0595169067
2018-10-31,50.2752189636
2018-11-01,51.3450813293
2018-11-02,52.4408302307
2018-11-05,52.2078781128
2018-11-06,52.673789978
2018-11-07,53.4503135681
2018-11-08,52.3718147278
2018-11-09,51.2415466309
2018-11-12,50.4909172058
2018-11-13,51.2070350647
2018-11-14,51.0085945129
2018-11-15,52.3027877808
2018-11-16,52.4926071167
2018-11-19,51.7247161865
2018-11-20,50.818775177
2018-11-21,51.4917640686
2018-11-23,50.568561554
2018-11-26,51.966293335
2018-11-27,52.2510261536
2018-11-28,53.3726577759
2018-11-29,52.837726593
2018-11-30,52.3027877808
2018-12-03,53.7522850037
2018-12-04,52.4235801697
2018-12-06,52.0180702209
2018-12-07,50.8877983093
2018-12-10,50.9395637512
2018-12-11,50.8619155884
2018-12-12,51.7419700623
2018-12-13,51.6211776733
2018-12-14,50.6634750366
2018-12-17,50.3787498474
2018-12-18,51.0872001648
2018-12-19,50.5011978149
2018-12-20,50.9472541809
2018-12-21,50.6761245728
2018-12-24,50.2825393677
2018-12-26,51.2183914185
2018-12-27,51.3233528137
2018-12-28,51.7519187927
2018-12-31,51.4807891846
2019-01-02,50.7898292542
2019-01-03,49.6965370178
2019-01-04,51.2708740234
2019-01-07,51.4632873535
2019-01-08,50.8860397339
2019-01-09,52.1804924011
2019-01-10,52.3903999329
2019-01-11,52.3466682434
2019-01-14,51.7519187927
2019-01-15,52.4866065979
2019-01-16,53.3699874878
2019-01-17,53.4662017822
2019-01-18,53.7460823059
2019-01-22,52.5915679932
2019-01-23,53.3175125122
2019-01-24,53.9559898376
2019-01-25,55.5040893555
2019-01-28,55.0317878723
2019-01-29,55.329158783
2019-01-30,56.9909629822
2019-01-31,56.6061248779
2019-02-01,56.0113716125
2019-02-04,56.1950454712
2019-02-05,57.0609283447
2019-02-06,56.536151886
2019-02-07,55.5040893555
2019-02-08,54.813129425
2019-02-11,54.8830986023
2019-02-12,55.5565643311
2019-02-13,55.2416992188
2019-02-14,55.5828094482
2019-02-15,55.460357666
2019-02-19,55.6702690125
2019-02-20,56.1250762939
2019-02-21,55.8626823425
2019-02-22,56.3962173462
2019-02-25,56.5798873901
2019-02-26,56.4137077332
2019-02-27,56.2825088501
2019-02-28,55.0755119324
2019-03-01,55.1454925537
2019-03-04,54.7081718445
2019-03-05,54.5769767761
2019-03-06,54.3408279419
2019-03-07,53.4312171936
2019-03-08,53.0813598633
2019-03-11,53.6061401367
2019-03-12,53.9122543335
2019-03-13,53.5624046326
2019-03-14,53.2212982178
2019-03-15,54.2358703613
2019-03-18,54.3933029175
2019-03-19,54.27085495
2019-03-20,54.5157546997
2019-03-21,54.9968032837
2019-03-22,53.5449142456
2019-03-25,53.5711479187
2019-03-26,53.3787384033
2019-03-27,52.7927284241
2019-03-28,53.0726127625
2019-03-29,53.3087615967
2019-04-01,54.3583221436
2019-04-02,54.2271270752
2019-04-03,55.2416992188
2019-04-04,55.3466529846
2019-04-05,55.477848053
2019-04-08,55.1279907227
2019-04-09,55.1192474365
2019-04-10,55.5303268433
2019-04-11,55.162979126
2019-04-12,55.9326553345
2019-04-15,55.8801727295
2019-04-16,56.1163291931
2019-04-17,56.2387809753
2019-04-18,55.3554000854
2019-04-22,55.0842666626
2019-04-23,55.294178009
2019-04-24,53.8685264587
2019-04-25,53.5798950195
2019-04-26,53.4662017822
2019-04-29,54.2883529663
2019-04-30,53.772315979
2019-05-01,53.3524971008
2019-05-02,53.7198371887
2019-05-03,53.7373352051
2019-05-06,52.8014755249
2019-05-07,51.8656196594
2019-05-08,51.9880714417
2019-05-09,50.3437652588
2019-05-10,50.5099411011
2019-05-13,48.6382369995
2019-05-14,49.3904151917
2019-05-15,49.6440620422
2019-05-16,48.9530982971
2019-05-17,48.3408584595
2019-05-20,48.1659355164
2019-05-21,48.7869224548
2019-05-22,48.8831329346
2019-05-23,48.4195785522
2019-05-24,48.4633102417
2019-05-28,48.5070381165
2019-05-29,48.0347366333
2019-05-30,48.6207427979
2019-05-31,48.6032485962
2019-06-03,49.5216140747
2019-06-04,49.8714599609
2019-06-05,49.3729248047
2019-06-06,49.3729248047
2019-06-07,49.8189849854
2019-06-10,50.2737960815
2019-06-11,50.6936149597
2019-06-12,50.1775817871
2019-06-13,49.9064483643
2019-06-14,49.5478477478
2019-06-17,49.7577552795
2019-06-18,50.9822502136
2019-06-19,51.3408432007
2019-06-20,52.1542510986
2019-06-21,51.9181022644
2019-06-24,52.0230522156
2019-06-25,51.786907196
2019-06-26,52.2679481506
2019-06-27,52.5740776062
2019-06-28,52.3641662598
2019-07-01,52.1629905701
2019-07-02,51.7781600952
2019-07-03,50.8860397339
2019-07-05,50.5536727905
2019-07-08,49.5828361511
2019-07-09,49.3991622925
2019-07-10,50.0376396179
2019-07-11,50.2563018799
2019-07-12,50.3875007629
2019-07-15,50.2213172913
2019-07-16,50.2737960815
2019-07-17,49.8277320862
2019-07-18,50.4662094116
2019-07-19,50.483707428
2019-07-22,50.7985687256
2019-07-23,50.7985687256
2019-07-24,50.5361824036
2019-07-25,49.8452224731
2019-07-26,49.9676742554
2019-07-29,49.3554267883
2019-07-30,49.2679710388
2019-07-31,48.4545631409
2019-08-01,47.8335723877
2019-08-02,47.0114212036
2019-08-05,44.9997673035
2019-08-06,45.3321266174
2019-08-07,45.4020957947
2019-08-08,45.7694473267
2019-08-09,45.603263855
2019-08-12,45.0872344971
2019-08-13,45.8656539917
2019-08-14,44.7636222839
2019-08-15,45.008518219
2019-08-16,45.6557426453
2019-08-19,45.585773468
2019-08-20,46.1542778015
2019-08-21,46.7315368652
2019-08-22,45.7869338989
2019-08-23,45.1921844482
2019-08-26,45.2883911133
2019-08-27,45.3933525085
2019-08-28,45.8219223022
2019-08-29,46.1367874146
2019-08-30,46.5828475952
2019-09-03,46.4166717529
2019-09-04,47.4574775696
2019-09-05,48.2184143066
2019-09-06,48.4633102417
2019-09-09,48.795665741
2019-09-10,49.1892547607
2019-09-11,49.6790428162
2019-09-12,50.2388076782
2019-09-13,50.7548370361
2019-09-16,49.836479187
2019-09-17,49.8889579773
2019-09-18,49.8102378845
2019-09-19,49.7402648926
2019-09-20,49.9676742554
2019-09-23,50.1513442993
2019-09-24,49.8977012634
2019-09-25,49.4166564941
2019-09-26,49.425403595
2019-09-27,48.4808006287
2019-09-30,49.276714325
2019-10-01,49.0143280029
2019-10-02,48.1222038269
2019-10-03,48.7519340515
2019-10-04,49.0842895508
2019-10-07,48.7869224548
2019-10-08,49.0143280029
2019-10-09,49.2942047119
2019-10-10,49.8539657593
2019-10-11,50.5711708069
2019-10-14,50.2737960815
2019-10-15,50.8597946167
2019-10-16,50.8597946167
2019-10-17,51.0872001648
2019-10-18,50.3700027466
2019-10-21,51.2708740234
2019-10-22,51.673210144
2019-10-23,51.6207237244
2019-10-24,51.6469650269
2019-10-25,51.7344284058
2019-10-28,52.0755348206
2019-10-29,51.8656196594
2019-10-30,51.9443397522
2019-10-31,51.542011261
2019-11-01,52.5565834045
2019-11-04,53.0463752747
2019-11-05,53.6848564148
2019-11-06,53.1425857544
2019-11-07,53.7985572815
2019-11-08,53.439956665
2019-11-11,52.7227592468
2019-11-12,52.7227592468
2019-11-13,52.2417144775
2019-11-14,52.7752380371
2019-11-15,53.8247909546
2019-11-18,53.4662017822
2019-11-19,53.1163368225
2019-11-20,52.5041007996
2019-11-21,51.5594940186
2019-11-22,51.6119766235
2019-11-25,52.451625824
2019-11-26,52.4866065979
2019-11-27,52.3204307556
2019-11-29,51.1396827698
2019-12-02,50.8160591125
2019-12-03,50.2300643921
2019-12-04,50.3262748718
2019-12-05,50.1600875854
2019-12-06,50.8423042297
2019-12-09,50.4662094116
2019-12-10,50.9297676086
2019-12-11,51.5507545471
2019-12-12,53.3787384033
2019-12-13,53.509929657
2019-12-16,53.9013824463
2019-12-17,54.8487510681
2019-12-18,54.8398094177
2019-12-19,54.9917488098
2019-12-20,55.3403091431
2019-12-23,55.1258087158
2019-12-24,54.7057495117
2019-12-26,55.0543060303
2019-12-27,55.84973526
2019-12-30,55.3224372864
2019-12-31,55.5816116333
2020-01-02,55.5637397766
2020-01-03,54.4376296997
2020-01-06,54.2410049438
2020-01-07,54.821937561
2020-01-08,54.8576889038
2020-01-09,55.3760490417
2020-01-10,56.0284843445
2020-01-13,57.2797164917
2020-01-14,57.0920333862
2020-01-15,56.4574775696
2020-01-16,57.1456565857
2020-01-17,57.2350311279
2020-01-21,55.9927368164
2020-01-22,57.1009712219
2020-01-23,56.5289764404
2020-01-24,56.2161636353
2020-01-27,54.2588844299
2020-01-28,54.2141952515
2020-01-29,54.2499389648
2020-01-30,53.0433998108
2020-01-31,51.5240478516
2020-02-03,52.35521698
2020-02-04,53.8388290405
2020-02-05,54.3393135071
2020-02-06,55.1079330444
2020-02-07,54.0265083313
2020-02-10,54.5359420776
2020-02-11,55.3403091431
2020-02-12,56.2161636353
2020-02-13,55.2598724365
2020-02-14,55.4922370911
2020-02-18,54.5895690918
2020-02-19,54.5806236267
2020-02-20,52.9182739258
2020-02-21,52.1675300598
2020-02-24,49.4416275024
2020-02-25,49.4148216248
2020-02-26,50.0136222839
2020-02-27,49.0662574768
2020-02-28,49.119884491
2020-03-02,50.2370567322
2020-03-03,49.6293144226
2020-03-04,51.4614830017
2020-03-05,50.3353691101
2020-03-06,49.6382484436
2020-03-09,46.9034118652
2020-03-10,48.9053878784
2020-03-11,46.5101661682
2020-03-12,41.7018547058
2020-03-13,44.4456253052
2020-03-16,37.420841217
2020-03-17,40.119934082
2020-03-18,36.3483505249
2020-03-19,34.8558120728
2020-03-20,36.2679176331
2020-03-23,34.8290023804
2020-03-24,39.1636352539
2020-03-25,41.272857666
2020-03-26,42.7564659119
2020-03-27,40.4953041077
2020-03-30,41.3622283936
2020-03-31,41.9342193604
2020-04-01,39.0474472046
2020-04-02,41.0047340393
2020-04-03,40.3523101807
2020-04-06,43.1586418152
2020-04-07,43.6323242188
2020-04-08,43.8647041321
2020-04-09,43.7395744324
2020-04-13,43.4982643127
2020-04-14,44.5618133545
2020-04-15,43.2033348083
2020-04-16,43.7485160828
2020-04-17,45.3751182556
2020-04-20,44.38306427
2020-04-21,43.0871505737
2020-04-22,44.3651885986
2020-04-23,44.4724388123
2020-04-24,44.5260658264
2020-04-27,45.7415542603
2020-04-28,45.8041114807
2020-04-29,47.082157135
2020-04-30,46.1347961426
2020-05-01,44.5439453125
2020-05-04,44.8388748169
2020-05-05,45.0891227722
2020-05-06,44.8388748169
2020-05-07,45.6432418823
2020-05-08,46.2867240906
2020-05-11,45.4376792908
2020-05-12,45.0265617371
2020-05-13,45.1069984436
2020-05-14,45.4555549622
2020-05-15,44.597568512
2020-05-18,46.3939781189
2020-05-19,46.4297294617
2020-05-20,47.0017204285
2020-05-21,46.4654846191
2020-05-22,45.786239624
2020-05-26,47.3681526184
2020-05-27,47.3860282898
2020-05-28,47.0285339355
2020-05-29,47.8686485291
2020-06-01,49.1020088196
2020-06-02,50.2996177673
2020-06-03,52.3999023438
2020-06-04,51.3631668091
2020-06-05,53.5975151062
2020-06-08,53.8298912048
2020-06-09,53.0523414612
2020-06-10,53.64220047
2020-06-11,50.6928634644
2020-06-12,51.3721046448
2020-06-15,49.6025047302
2020-06-16,50.7464866638
2020-06-17,51.3184814453
2020-06-18,51.1576118469
2020-06-19,50.7196731567
2020-06-22,51.5866012573
2020-06-23,51.5776596069
2020-06-24,51.3899803162
2020-06-25,51.3006095886
2020-06-26,51.0056686401
2020-06-29,51.1218566895
2020-06-30,51.059299469
2020-07-01,51.3542289734
2020-07-02,52.1854057312
2020-07-06,53.7405128479
2020-07-07,52.5607833862
2020-07-08,52.8914642334
2020-07-09,52.5697174072
2020-07-10,52.221157074
2020-07-13,52.3015975952
2020-07-14,52.7752723694
2020-07-15,53.1863899231
2020-07-16,52.6501541138
2020-07-17,53.1238288879
2020-07-20,53.4008979797
2020-07-21,53.7136993408
2020-07-22,53.5081443787
2020-07-23,52.7216453552
2020-07-24,52.6501541138
2020-07-27,53.6958274841
2020-07-28,53.8298912048
2020-07-29,54.8666229248
2020-07-30,54.3929443359
2020-07-31,53.8566970825
2020-08-03,54.4912528992
2020-08-04,55.1794319153
2020-08-05,56.5200424194
2020-08-06,57.2350311279
2020-08-07,57.0652236938
2020-08-10,58.3075141907
2020-08-11,58.8169517517
2020-08-12,59.7732467651
2020-08-13,59.4604415894
2020-08-14,58.8616333008
2020-08-17,59.5229988098
2020-08-18,57.6640281677
2020-08-19,57.5031509399
2020-08-20,55.8139877319
2020-08-21,56.0642318726
2020-08-24,56.8149757385
2020-08-25,57.6640281677
2020-08-26,58.030456543
2020-08-27,57.011592865
2020-08-28,57.7623329163
2020-08-31,56.3681030273
2020-09-01,57.1814079285
2020-09-02,57.1814079285
2020-09-03,56.5736618042
2020-09-04,56.9669075012
2020-09-08,56.9937171936
2020-09-09,57.7444572449
2020-09-10,57.0294685364
2020-09-11,57.6461524963
2020-09-14,58.8437576294
2020-09-15,59.5229988098
2020-09-16,59.5498161316
2020-09-17,59.3710708618
2020-09-18,59.0225143433
2020-09-21,58.5130767822
2020-09-22,57.6014633179
2020-09-23,56.6898536682
2020-09-24,56.1267929077
2020-09-25,56.3055419922
2020-09-28,57.5120925903
2020-09-29,57.6729660034
2020-09-30,58.3968887329
2020-10-01,58.9956932068
2020-10-02,58.2628326416
2020-10-05,59.5498161316
2020-10-06,58.8080177307
2020-10-07,60.2111854553
2020-10-08,60.5150489807
2020-10-09,61.0781059265
2020-10-12,60.765296936
2020-10-13,60.2558670044
2020-10-14,59.7821846008
2020-10-15,59.4783172607
2020-10-16,59.4783172607
2020-10-19,59.3889389038
2020-10-20,60.1307487488
2020-10-21,60.5061073303
2020-10-22,60.2022438049
2020-10-23,61.0423583984
2020-10-26,60.0324325562
2020-10-27,59.9162559509
2020-10-28,59.0135688782
2020-10-29,59.3084983826
2020-10-30,58.0036506653
2020-11-02,59.0046272278
2020-11-03,60.2826766968
2020-11-04,61.5070991516
2020-11-05,62.9638977051
2020-11-06,62.7583389282
2020-11-09,63.3750190735
2020-11-10,63.9559364319
2020-11-11,64.8050003052
2020-11-12,64.1793823242
2020-11-13,65.7255325317
2020-11-16,66.9678573608
2020-11-17,66.9231643677
2020-11-18,66.8874053955
2020-11-19,66.6729125977
2020-11-20,66.7265396118
2020-11-23,68.0224609375
2020-11-24,69.1575012207
2020-11-25,68.5765914917
2020-11-27,69.5865020752
2020-11-30,68.2995147705
2020-12-01,69.631187439
2020-12-02,70.9360351562
2020-12-03,72.1783447266
2020-12-04,74.17137146
2020-12-07,74.3143844604
2020-12-08,72.732460022
2020-12-09,73.4653244019
2020-12-10,74.2071304321
2020-12-11,73.6708908081
2020-12-14,73.2656021118
2020-12-15,74.328338623
2020-12-16,73.7609558105
2020-12-17,73.5898361206
2020-12-18,73.1485290527
2020-12-21,72.4550476074
2020-12-22,71.3202667236
2020-12-23,72.7972946167
2020-12-24,73.9951171875
2020-12-28,74.6885910034
2020-12-29,76.1566009521
2020-12-30,77.5886001587
2020-12-31,77.4985351562
2021-01-04,79.5429458618
2021-01-05,81.5333099365
2021-01-06,81.4162368774
2021-01-07,82.9472961426
2021-01-08,86.6578598022
2021-01-11,85.9193572998
2021-01-12,85.2168655396
2021-01-13,85.1988525391
2021-01-14,85.7932662964
2021-01-15,83.0643844604
2021-01-19,83.4246292114
2021-01-20,84.5774230957
2021-01-21,86.4957504272
2021-01-22,84.4963684082
2021-01-25,86.2435684204
2021-01-26,84.9016342163
2021-01-27,81.8035125732
2021-01-28,82.9743118286
2021-01-29,79.3448104858
2021-02-01,82.5690383911
2021-02-02,83.0283508301
2021-02-03,83.7758636475
2021-02-04,82.5059967041
2021-02-05,83.721824646
2021-02-08,82.7041320801
2021-02-09,83.136428833
2021-02-10,83.721824646
2021-02-11,84.6404647827
2021-02-12,84.7485427856
2021-02-16,84.3162460327
2021-02-17,83.748840332
2021-02-18,82.5059967041
2021-02-19,83.8479156494
2021-02-22,81.6684188843
2021-02-23,81.9476013184
2021-02-24,81.0469894409
2021-02-25,80.1643676758
2021-02-26,79.2277297974
2021-03-01,81.3441848755
2021-03-02,80.5426330566
2021-03-03,80.3084716797
2021-03-04,78.8494644165
2021-03-05,80.1643676758
2021-03-08,78.183013916
2021-03-09,78.7684020996
2021-03-10,77.6066055298
2021-03-11,79.9302139282
2021-03-12,79.2817611694
2021-03-15,80.4075469971
2021-03-16,80.5516357422
2021-03-17,80.7317657471
2021-03-18,78.9215164185
2021-03-19,80.0472946167
2021-03-22,80.2364196777
2021-03-23,77.8857955933
2021-03-24,77.4625091553
2021-03-25,78.6513290405
2021-03-26,80.2814559937
2021-03-29,79.4528884888
2021-03-30,79.7951202393
2021-03-31,80.7857971191
2021-04-01,81.6774215698
2021-04-05,82.7311401367
2021-04-06,82.8211975098
2021-04-07,82.3168640137
2021-04-08,82.6230773926
2021-04-09,82.2358093262
2021-04-12,81.8215179443
2021-04-13,83.2895355225
2021-04-14,83.9830169678
2021-04-15,84.6404647827
2021-04-16,84.1541290283
2021-04-19,84.1181030273
2021-04-20,83.9379806519
2021-04-21,83.7308349609
2021-04-22,82.3348693848
2021-04-23,83.6137542725
2021-04-26,84.2892227173
2021-04-27,83.8749313354
2021-04-28,83.6587905884
2021-04-29,83.4876708984
2021-04-30,81.5603408813
2021-05-03,81.398223877
2021-05-04,81.3712005615
2021-05-05,81.5963668823
2021-05-06,83.0823898315
2021-05-07,84.2982330322
2021-05-10,84.0550613403
2021-05-11,82.9833221436
2021-05-12,79.4168548584
2021-05-13,80.3535079956
2021-05-14,81.5333099365
2021-05-17,80.0112609863
2021-05-18,81.3892211914
2021-05-19,81.1280441284
2021-05-20,81.5963668823
2021-05-21,80.6056747437
2021-05-24,81.4432601929
2021-05-25,82.1457443237
2021-05-26,82.4699707031
2021-05-27,81.7674789429
2021-05-28,82.8842468262
2021-06-01,84.1721420288
2021-06-02,83.6948165894
2021-06-03,83.5056838989
2021-06-04,84.4783630371
2021-06-07,84.0640640259
2021-06-08,83.4966812134
2021-06-09,82.4519577026
2021-06-10,83.4696578979
2021-06-11,83.433631897
2021-06-14,83.7308349609
2021-06-15,83.6407699585
2021-06-16,82.7491607666
2021-06-17,82.6050567627
2021-06-18,82.0466690063
2021-06-21,82.911277771
2021-06-22,82.8302230835
2021-06-23,83.172454834
2021-06-24,84.1631317139
2021-06-25,84.6674804688
2021-06-28,84.1541290283
2021-06-29,83.8389129639
2021-06-30,83.9199676514
2021-07-01,83.3976135254
2021-07-02,83.757850647
2021-07-06,83.1454391479
2021-07-07,82.4789733887
2021-07-08,80.6417007446
2021-07-09,81.2451171875
2021-07-12,81.8665466309
2021-07-13,81.6594085693
2021-07-14,82.2087860107
2021-07-15,82.55103302
2021-07-16,81.6954345703
2021-07-19,79.8041229248
2021-07-20,81.0019607544
2021-07-21,80.5696563721
2021-07-22,81.236114502
2021-07-23,81.1910858154
2021-07-26,81.0830001831
2021-07-27,80.2724533081
2021-07-28,81.0199661255
2021-07-29,81.6053695679
2021-07-30,79.9302139282
2021-08-02,79.9122009277
2021-08-03,81.101020813
2021-08-04,82.2177963257
2021-08-05,82.4159317017
2021-08-06,81.4072418213
2021-08-09,81.3261795044
2021-08-10,80.1643676758
2021-08-11,79.6059875488
2021-08-12,78.6513290405
2021-08-13,77.7687072754
2021-08-16,77.4084701538
2021-08-17,75.6162338257
2021-08-18,75.9944915771
2021-08-19,74.7516326904
2021-08-20,74.4094009399
2021-08-23,75.6072235107
2021-08-24,76.994178772
2021-08-25,77.0392074585
2021-08-26,76.0755462646
2021-08-27,77.1833190918
2021-08-30,76.5438690186
2021-08-31,78.0749359131
2021-09-01,78.9665527344
2021-09-02,77.9938735962
2021-09-03,78.9845657349
2021-09-07,77.8407745361
2021-09-08,76.5348739624
2021-09-09,75.3280410767
2021-09-10,75.3010177612
2021-09-13,75.8684005737
2021-09-14,75.9764862061
2021-09-15,76.7420120239
2021-09-16,75.3100204468
2021-09-17,74.8236846924
2021-09-20,72.9954223633
2021-09-21,73.0404510498
2021-09-22,73.842010498
2021-09-23,75.6162338257
2021-09-24,74.3103256226
2021-09-27,74.7516326904
2021-09-28,72.9503936768
2021-09-29,72.103805542
2021-09-30,72.6441879272
2021-10-01,72.4910812378
2021-10-04,71.4733657837
2021-10-05,71.0500793457
2021-10-06,69.510017395
2021-10-07,70.6808242798
2021-10-08,70.2034912109
2021-10-11,70.0593948364
2021-10-12,68.8705673218
2021-10-13,70.5007095337
2021-10-14,71.6084671021
2021-10-15,72.3830032349
2021-10-18,71.7255477905
2021-10-19,73.0404510498
2021-10-20,72.6351776123
2021-10-21,72.2479095459
2021-10-22,72.3739929199
2021-10-25,73.3466644287
2021-10-26,73.8780288696
2021-10-27,72.9413757324
2021-10-28,73.0314407349
2021-10-29,71.5904464722
2021-11-01,71.9056625366
2021-11-02,72.4550476074
2021-11-03,71.5994567871
2021-11-04,71.6624984741
2021-11-05,71.5724334717
2021-11-08,71.7345504761
2021-11-09,71.2392044067
2021-11-10,69.9963531494
2021-11-11,70.8339309692
2021-11-12,71.7975997925
2021-11-15,71.9236831665
2021-11-16,71.7795791626
2021-11-17,70.8609542847
2021-11-18,70.4556808472
2021-11-19,70.6357955933
2021-11-22,72.0767822266
2021-11-23,71.5184020996
2021-11-24,71.3202667236
2021-11-26,68.2311325073
2021-11-29,68.7805099487
2021-11-30,68.2041168213
2021-12-01,69.645111084
2021-12-02,71.2031784058
2021-12-03,70.8699645996
2021-12-06,71.8516387939
2021-12-07,72.9774093628
2021-12-08,73.1845626831
2021-12-09,72.7342453003
2021-12-10,72.7162246704
2021-12-13,71.7679748535
2021-12-14,71.4460601807
2021-12-15,72.3842010498
2021-12-16,71.9519271851
2021-12-17,72.2646331787
2021-12-20,70.8390274048
2021-12-21,71.620803833
2021-12-22,72.1174850464
2021-12-23,72.4485855103
2021-12-27,72.7337036133
2021-12-28,72.4853744507
2021-12-29,72.5497512817
2021-12-30,71.8783416748
2021-12-31,71.620803833
2022-01-03,71.6116104126
2022-01-04,71.4552536011
2022-01-05,70.0664367676
2022-01-06,69.5237884521
2022-01-07,71.30809021
2022-01-10,70.1951980591
2022-01-11,71.9427185059
2022-01-12,73.3683319092
2022-01-13,72.0806884766
2022-01-14,71.0781555176
2022-01-18,68.9719238281
2022-01-19,69.7445297241
2022-01-20,69.4134140015
2022-01-21,68.5396499634
2022-01-24,67.2336044312
2022-01-25,66.2494735718
2022-01-26,65.3941192627
2022-01-27,63.6557884216
2022-01-28,64.9342346191
2022-01-31,66.5805892944
2022-02-01,67.1232528687
2022-02-02,67.6015167236
2022-02-03,66.2034912109
2022-02-04,66.8841094971
2022-02-07,67.1048431396
2022-02-08,67.3071975708
2022-02-09,68.5212631226
2022-02-10,67.7302703857
2022-02-11,67.049659729
2022-02-14,66.4426269531
2022-02-15,66.9576873779
2022-02-16,67.7670593262
2022-02-17,67.2336044312
2022-02-18,67.1232528687
2022-02-22,66.9300842285
2022-02-23,66.0655288696
2022-02-24,64.9618301392
2022-02-25,66.8289260864
2022-02-28,66.598991394
2022-03-01,65.7528152466
2022-03-02,65.789604187
2022-03-03,66.2402801514
2022-03-04,64.3731918335
2022-03-07,61.724319458
2022-03-08,62.1566009521
2022-03-09,64.6123199463
2022-03-10,62.6624565125
2022-03-11,61.724319458
2022-03-14,61.4575881958
2022-03-15,62.1381988525
2022-03-16,64.8606567383
2022-03-17,65.4217071533
2022-03-18,65.762008667
2022-03-21,64.4007720947
2022-03-22,65.5044784546
2022-03-23,64.8698501587
2022-03-24,65.2653503418
2022-03-25,64.5387420654
2022-03-28,65.1917648315
2022-03-29,66.6817626953
2022-03-30,65.8079986572
2022-03-31,65.5136795044
2022-04-01,65.3205337524
2022-04-04,66.2494735718
2022-04-05,65.1733779907
2022-04-06,64.3731918335
2022-04-07,63.9685134888
2022-04-08,63.3706665039
2022-04-11,62.8923950195
2022-04-12,63.0211601257
2022-04-13,64.6123199463
2022-04-14,63.2143173218
2022-04-18,63.1683197021
2022-04-19,63.6189994812
2022-04-20,63.9868965149
2022-04-21,62.8372116089
2022-04-22,62.0922164917
2022-04-25,61.6507339478
2022-04-26,59.903213501
2022-04-27,59.9675979614
2022-04-28,61.0253067017
2022-04-29,61.2920341492
2022-05-02,61.4943809509
2022-05-03,61.6875267029
2022-05-04,62.7820358276
2022-05-05,60.5930252075
2022-05-06,60.8229637146
2022-05-09,58.8731002808
2022-05-10,59.1398277283
2022-05-11,58.4959983826
2022-05-12,57.6498336792
2022-05-13,60.2343177795
2022-05-16,59.5445137024
2022-05-17,61.108089447
2022-05-18,59.0754470825
2022-05-19,60.2159309387
2022-05-20,60.8137664795
2022-05-23,61.7427101135
2022-05-24,60.8137664795
2022-05-25,60.7033958435
2022-05-26,61.2184562683
2022-05-27,62.1749916077
2022-05-31,62.5796813965
2022-06-01,62.1841888428
2022-06-02,63.0947418213
2022-06-03,61.6415367126
2022-06-06,61.5219688416
2022-06-07,61.163269043
2022-06-08,60.7309913635
2022-06-09,59.5812988281
2022-06-10,58.0637168884
2022-06-13,55.4240379333
2022-06-14,56.0678672791
2022-06-15,56.1046562195
2022-06-16,54.4859008789
2022-06-17,54.9089813232
2022-06-21,54.7894134521
2022-06-22,53.1706581116
2022-06-23,52.6280059814
2022-06-24,54.7250328064
2022-06-27,54.7250328064
2022-06-28,54.3203430176
2022-06-29,53.4833717346
2022-06-30,53.520160675
2022-07-01,52.7935638428
2022-07-05,52.4256629944
2022-07-06,51.9841842651
2022-07-07,53.2350387573
2022-07-08,53.6213340759
2022-07-11,52.0853538513
2022-07-12,52.0393638611
2022-07-13,52.4256629944
2022-07-14,51.4691238403
2022-07-15,52.2876968384
2022-07-18,52.6831932068
2022-07-19,53.9800338745
2022-07-20,53.5845413208
2022-07-21,54.467502594
2022-07-22,53.7776947021
2022-07-25,54.0628089905
2022-07-26,53.9248504639
2022-07-27,55.0377426147
2022-07-28,55.6631774902
2022-07-29,55.6907691956
2022-08-01,55.0561408997
2022-08-02,54.6606483459
2022-08-03,55.6079902649
2022-08-04,55.8563194275
2022-08-05,55.8563194275
2022-08-08,56.1598358154
2022-08-09,55.902305603
2022-08-10,56.6381072998
2022-08-11,56.3989715576
2022-08-12,57.1991539001
2022-08-15,56.6197166443
2022-08-16,56.6657028198
2022-08-17,55.8011360168
2022-08-18,55.221698761
2022-08-19,54.1915740967
2022-08-22,53.1614646912
2022-08-23,53.4189910889
2022-08-24,53.7317008972
2022-08-25,54.8353996277
2022-08-26,53.2442398071
2022-08-29,52.6831932068
2022-08-30,52.6372032166
2022-08-31,53.2626266479
2022-09-01,52.1313400269
2022-09-02,51.4415283203
2022-09-06,50.5493736267
2022-09-07,50.8528938293
2022-09-08,50.2826461792
2022-09-09,51.3679504395
2022-09-12,51.8094329834
2022-09-13,50.1262893677
2022-09-14,50.6781387329
2022-09-15,49.620426178
2022-09-16,50.0343208313
2022-09-19,49.9515419006
2022-09-20,49.2709197998
2022-09-21,48.7742576599
2022-09-22,48.1948204041
2022-09-23,46.5116767883
2022-09-26,45.5459403992
2022-09-27,45.2608184814
2022-09-28,45.3987846375
2022-09-29,44.3778648376
2022-09-30,43.5592880249
2022-10-03,44.5342216492
2022-10-04,46.6312446594
2022-10-05,45.8310699463
2022-10-06,46.1805725098
2022-10-07,45.3987846375
2022-10-10,44.7917480469
2022-10-11,44.7181663513
2022-10-12,45.1780433655
2022-10-13,45.1504478455
2022-10-14,44.7089729309
2022-10-17,46.1161842346
2022-10-18,46.17137146
2022-10-19,45.5735397339
2022-10-20,45.5643386841
2022-10-21,46.3001365662
2022-10-24,45.7666778564
2022-10-25,46.5392684937
2022-10-26,47.3946380615
2022-10-27,47.3670387268
2022-10-28,47.6613616943
2022-10-31,47.6521682739
2022-11-01,48.4799423218
2022-11-02,47.5877838135
2022-11-03,47.8545074463
2022-11-04,49.6020355225
2022-11-07,50.3194389343
2022-11-08,51.4323272705
2022-11-09,51.3587532043
2022-11-10,53.6949157715
2022-11-11,55.8563194275
2022-11-14,54.7894134521
2022-11-15,55.5160140991
2022-11-16,53.8696632385
2022-11-17,53.0510902405
2022-11-18,53.3913917542
2022-11-21,51.9289932251
2022-11-22,52.2968978882
2022-11-23,53.2994232178
2022-11-25,53.2258415222
2022-11-28,52.2784996033
2022-11-29,53.6765213013
2022-11-30,55.8287315369
2022-12-01,55.4700279236
2022-12-02,54.6698455811
2022-12-05,53.4006004333
2022-12-06,52.4992446899
2022-12-07,52.7843589783
2022-12-08,52.9958992004
2022-12-09,53.3821983337
2022-12-12,53.5293579102
2022-12-13,54.22473526
2022-12-14,54.0013237
2022-12-15,51.664768219
2022-12-16,52.418800354
2022-12-19,52.7353057861
2022-12-20,53.4707107544
2022-12-21,53.3590049744
2022-12-22,52.9680290222
2022-12-23,53.0983543396
2022-12-27,53.6662063599
2022-12-28,52.6980667114
2022-12-29,53.1821365356
2022-12-30,52.5770530701
2023-01-03,51.599609375
2023-01-04,53.6382713318
2023-01-05,53.0704231262
2023-01-06,55.751411438
2023-01-09,56.9243392944
2023-01-10,57.1105155945
2023-01-11,57.2594642639
2023-01-12,57.6783638
2023-01-13,58.1065750122
2023-01-17,57.9483222961
2023-01-18,57.0825920105
2023-01-19,57.8738517761
2023-01-20,58.8699150085
2023-01-23,59.4843063354
2023-01-24,59.307434082
2023-01-25,59.4470710754
2023-01-26,60.5920677185
2023-01-27,60.8899612427
2023-01-30,59.5494728088
2023-01-31,59.0840187073
2023-02-01,60.6106910706
2023-02-02,60.6013832092
2023-02-03,59.0188598633
2023-02-06,57.3339347839
2023-02-07,58.4137763977
2023-02-08,58.5627174377
2023-02-09,58.385848999
2023-02-10,58.1624298096
2023-02-13,58.2834510803
2023-02-14,58.2741394043
2023-02-15,56.5892181396
2023-02-16,57.2036094666
2023-02-17,56.6823043823
2023-02-21,55.9562110901
2023-02-22,55.4069786072
2023-02-23,56.3378753662
2023-02-24,54.5598602295
2023-02-27,54.6622619629
2023-02-28,54.4574661255
2023-03-01,55.5000648499
2023-03-02,55.2580337524
2023-03-03,56.4123458862
2023-03-06,56.5333595276
2023-03-07,54.9508361816
2023-03-08,55.0997772217
2023-03-09,53.7499809265
2023-03-10,53.7779083252
2023-03-13,54.9415283203
2023-03-14,54.2154312134
2023-03-15,53.340385437
2023-03-16,54.969455719
2023-03-17,54.2992134094
2023-03-20,54.7460441589
2023-03-21,55.043926239
2023-03-22,55.3790550232
2023-03-23,56.2913322449
2023-03-24,55.5652275085
2023-03-27,55.3790550232
2023-03-28,55.8817329407
2023-03-29,55.8538093567
2023-03-30,56.4868164062
2023-03-31,56.9895057678
2023-04-03,56.6543807983
2023-04-04,56.3657989502
2023-04-05,56.4309654236
2023-04-06,55.816570282
2023-04-10,57.0267333984
2023-04-11,57.7342224121
2023-04-12,57.8645477295
2023-04-13,59.5867042542
2023-04-14,58.9723129272
2023-04-17,58.4882469177
2023-04-18,58.6185722351
2023-04-19,58.0507278442
2023-04-20,57.8645477295
2023-04-21,57.3060112
2023-04-24,56.9336471558
2023-04-25,55.3231964111
2023-04-26,55.6303901672
2023-04-27,56.3471832275
2023-04-28,56.4775085449
2023-05-01,56.1051483154
2023-05-02,56.2261695862
2023-05-03,55.9282798767
2023-05-04,56.3751106262
2023-05-05,57.3339347839
2023-05-08,57.2966957092
2023-05-09,56.7660865784
2023-05-10,56.8405570984
2023-05-11,55.9096679688
2023-05-12,55.1742515564
2023-05-15,56.0586051941
2023-05-16,55.4721412659
2023-05-17,56.5333595276
2023-05-18,56.9708824158
2023-05-19,57.7621459961
2023-05-22,58.7488975525
2023-05-23,58.0414161682
2023-05-24,58.0414161682
2023-05-25,57.7621459961
2023-05-26,58.7395858765
2023-05-30,59.0560913086
2023-05-31,58.4416999817
2023-06-01,59.3539772034
2023-06-02,60.6572380066
2023-06-05,60.6293067932
2023-06-06,61.1599197388
2023-06-07,60.2848815918
2023-06-08,61.1226882935
2023-06-09,62.0721969604
2023-06-12,62.0349617004
2023-06-13,62.8448410034
2023-06-14,62.2583732605
2023-06-15,62.4073257446
2023-06-16,61.8860206604
2023-06-20,60.6758537292
2023-06-21,60.1545562744
2023-06-22,60.1731681824
2023-06-23,58.9350776672
2023-06-26,59.4843063354
2023-06-27,60.1080093384
2023-06-28,58.9071464539
2023-06-29,58.385848999
2023-06-30,59.0002403259
2023-07-03,60.3128051758
2023-07-05,59.6332511902
2023-07-06,58.4696311951
2023-07-07,58.7768211365
2023-07-10,58.8512992859
2023-07-11,59.9032096863
2023-07-12,61.5322761536
2023-07-13,62.3421592712
2023-07-14,62.5376434326
2023-07-17,62.8727684021
2023-07-18,62.6865921021
2023-07-19,62.4817962646
2023-07-20,61.4391899109
2023-07-21,61.4671173096
2023-07-24,62.649356842
2023-07-25,63.2078933716
2023-07-26,62.8634605408
2023-07-27,61.7370796204
2023-07-28,62.8262214661
2023-07-31,62.9007034302
2023-08-01,62.8913803101
2023-08-02,60.9551277161
2023-08-03,60.9271965027
2023-08-04,60.3500366211
2023-08-07,60.1824798584
2023-08-08,59.3632888794
2023-08-09,59.8380470276
2023-08-10,59.4470710754
2023-08-11,58.7582054138
2023-08-14,58.2369041443
2023-08-15,57.7249069214
2023-08-16,56.561290741
2023-08-17,56.6171417236
2023-08-18,56.4775085449
2023-08-21,56.8591804504
2023-08-22,56.5799026489
2023-08-23,57.2966957092
2023-08-24,57.2594642639
2023-08-25,57.7249069214
2023-08-28,58.1903572083
2023-08-29,58.9723129272
2023-08-30,58.5906448364
2023-08-31,58.1345062256
2023-09-01,58.8419876099
2023-09-05,58.4230804443
2023-09-06,57.7342224121
2023-09-07,57.4735679626
2023-09-08,57.5201148987
2023-09-11,58.4416999817
2023-09-12,57.7249069214
2023-09-13,57.7435264587
2023-09-14,58.4975585938
2023-09-15,58.7582054138
2023-09-18,58.8792228699
2023-09-19,58.2555236816
2023-09-20,57.8459243774
2023-09-21,56.3192558289
2023-09-22,56.598526001
2023-09-25,56.4309654236
2023-09-26,54.6436424255
2023-09-27,54.6622619629
2023-09-28,55.1742515564
2023-09-29,54.8670539856
2023-10-02,54.4109191895
2023-10-03,53.8616867065
2023-10-04,53.7592926025
2023-10-05,53.9733963013
2023-10-06,54.5598602295
2023-10-09,54.4295387268
2023-10-10,54.5040092468
2023-10-11,55.4442138672
2023-10-12,54.9508361816
2023-10-13,54.6994934082
2023-10-16,55.006690979
2023-10-17,54.9601478577
2023-10-18,54.4295387268
2023-10-19,53.7220535278
2023-10-20,52.9494132996
2023-10-23,53.1635169983
2023-10-24,53.8616867065
2023-10-25,52.493270874
2023-10-26,51.3575744629
2023-10-27,50.8642044067
2023-10-30,52.0836791992
2023-10-31,51.1527824402
2023-11-01,52.3629417419
2023-11-02,54.03855896
2023-11-03,55.5466079712
2023-11-06,58.3486099243
2023-11-07,57.389793396
2023-11-08,56.2913322449
2023-11-09,55.7327919006
2023-11-10,56.1330795288
2023-11-13,55.5652275085
2023-11-14,57.6132011414
2023-11-15,58.0321044922
2023-11-16,58.4416999817
2023-11-17,57.9483222961
2023-11-20,59.1212539673
2023-11-21,58.5347938538
2023-11-22,58.5627174377
2023-11-24,58.0134887695
2023-11-27,58.2369041443
2023-11-28,59.1026420593
2023-11-29,59.0002403259
2023-11-30,58.6837348938
2023-12-01,58.9443855286
2023-12-04,57.7621459961
2023-12-05,57.2873878479
2023-12-06,56.9150314331
2023-12-07,57.52942276
2023-12-08,57.8645477295
2023-12-11,58.3765335083
2023-12-12,58.6930427551
2023-12-13,59.4005241394
2023-12-14,60.1824798584
2023-12-15,59.5215415955
2023-12-18,59.7542686462
2023-12-19,60.4245185852
2023-12-20,60.2917366028
2023-12-21,61.2469329834
2023-12-22,61.1036567688
2023-12-26,61.3902053833
2023-12-27,61.9442176819
2023-12-28,63.0235977173
2023-12-29,62.59375
2024-01-02,61.8391494751
2024-01-03,60.5114326477
2024-01-04,59.9096641541
2024-01-05,60.0624961853
2024-01-08,60.3777046204
2024-01-09,59.0117797852
2024-01-10,58.6679115295
2024-01-11,58.772983551
2024-01-12,58.6105995178
2024-01-16,56.3467979431
2024-01-17,54.8853492737
2024-01-18,55.9074058533
2024-01-19,56.6046943665
2024-01-22,55.9074058533
2024-01-23,56.2799301147
2024-01-24,56.4709701538
2024-01-25,56.2608261108
2024-01-26,56.8339424133
2024-01-29,57.4643707275
2024-01-30,57.2255706787
2024-01-31,56.8052864075
2024-02-01,58.5532875061
2024-02-02,59.8045921326
2024-02-05,59.3460998535
2024-02-06,59.3938560486
2024-02-07,60.444568634
2024-02-08,60.444568634
2024-02-09,60.8170928955
2024-02-12,61.5621452332
2024-02-13,59.9001083374
2024-02-14,61.0081329346
2024-02-15,60.9317169189
2024-02-16,61.3137969971
2024-02-20,61.4188690186
2024-02-21,61.4188690186
2024-02-22,62.2116737366
2024-02-23,62.2403335571
2024-02-26,61.3233413696
2024-02-27,60.7693328857
2024-02-28,61.2755889893
2024-02-29,61.2373809814
2024-03-01,62.0206375122
2024-03-04,62.6606178284
2024-03-05,61.4284172058
2024-03-06,62.1639175415
2024-03-07,62.9280700684
2024-03-08,63.3005943298
2024-03-11,63.2623939514
2024-03-12,64.2080230713
2024-03-13,64.0838546753
2024-03-14,64.0456466675
2024-03-15,62.651058197
2024-03-18,62.8134498596
2024-03-19,62.3549537659
2024-03-20,63.8355026245
2024-03-21,64.5041351318
2024-03-22,64.0456466675
2024-03-25,64.4945831299
2024-03-26,64.3799667358
2024-03-27,64.2844467163
2024-03-28,64.1029586792
2024-04-01,63.6158027649
2024-04-02,63.6826705933
2024-04-03,63.5202865601
2024-04-04,63.1477622986
2024-04-05,63.1382102966
2024-04-08,63.271938324
2024-04-09,62.9185180664
2024-04-10,60.5114326477
2024-04-11,62.0110816956
2024-04-12,59.8045921326
2024-04-15,59.4702720642
2024-04-16,58.5437393188
2024-04-17,58.1521110535
2024-04-18,59.0308837891
2024-04-19,58.5723953247
2024-04-22,59.8714523315
2024-04-23,60.1675643921
2024-04-24,60.3299446106
2024-04-25,60.0815963745
2024-04-26,60.5018844604
2024-04-29,61.1514091492
2024-04-30,60.2248764038
2024-05-01,60.2630844116
2024-05-02,61.5716972351
2024-05-03,62.259437561
2024-05-06,62.8038978577
2024-05-07,62.7465896606
2024-05-08,62.8803100586
2024-05-09,62.1830215454
2024-05-10,61.9728775024
2024-05-13,62.1161575317
2024-05-14,62.6319580078
2024-05-15,63.9214668274
2024-05-16,63.3961181641
2024-05-17,62.526889801
2024-05-20,62.3167419434
2024-05-21,61.9442176819
2024-05-22,61.6481132507
2024-05-23,61.0176849365
2024-05-24,61.2278251648
2024-05-28,61.8296012878
2024-05-29,60.3203964233
2024-05-30,59.6899681091
2024-05-31,59.3938560486
2024-06-03,60.3777046204
2024-06-04,60.1675643921
2024-06-05,61.3042411804
2024-06-06,61.79139328
2024-06-07,60.8075447083
2024-06-10,61.3042411804
2024-06-11,60.922164917
2024-06-12,62.4409255981
2024-06-13,61.9346656799
2024-06-14,61.6290054321
2024-06-17,62.1257095337
2024-06-18,62.6892662048
2024-06-20,62.4313697815
2024-06-21,62.2021255493
2024-06-24,62.0684013367
2024-06-25,62.1161575317
2024-06-26,62.3167419434
2024-06-27,62.8421058655
2024-06-28,63.1286582947
2024-07-01,63.1573143005
2024-07-02,63.195526123
2024-07-03,63.8546066284
2024-07-05,65.8700561523
2024-07-08,65.1536712646
2024-07-09,65.0772476196
2024-07-10,65.7172317505
2024-07-11,65.7649917603
2024-07-12,65.5739517212
2024-07-15,64.5805511475
2024-07-16,65.1727752686
2024-07-17,64.0743026733
2024-07-18,63.0140342712
2024-07-19,62.3071975708
2024-07-22,62.8421058655
2024-07-23,62.5555381775
2024-07-24,61.6194572449
2024-07-25,61.1896209717
2024-07-26,62.1352653503
2024-07-29,62.1352653503
2024-07-30,61.6290054321
2024-07-31,63.5680503845
2024-08-01,62.3931617737
2024-08-02,60.7024688721
2024-08-05,57.4166107178
2024-08-06,56.7766304016
2024-08-07,57.2733306885
2024-08-08,58.7156715393
2024-08-09,59.4320678711
2024-08-12,59.4702720642
2024-08-13,60.7406806946
2024-08-14,60.8553009033
2024-08-15,61.457069397
2024-08-16,62.603302002
2024-08-19,63.3101463318
2024-08-20,63.3483581543
2024-08-21,63.4152183533
2024-08-22,62.2116737366
2024-08-23,64.1984710693
2024-08-26,63.1286582947
2024-08-27,63.214630127
2024-08-28,62.5746536255
2024-08-29,62.4791297913
2024-08-30,62.5651016235
2024-09-03,60.4063606262
2024-09-04,60.4254646301
2024-09-05,60.0242843628
2024-09-06,57.7891349792
2024-09-09,58.8876113892
2024-09-10,58.5341835022
2024-09-11,58.8971595764
2024-09-12,59.7090682983
2024-09-13,60.4636726379
2024-09-16,60.6738166809
2024-09-17,60.387260437
2024-09-18,60.4254646301
2024-09-19,61.0463409424
2024-09-20,60.4827766418
2024-09-23,60.8361968994
2024-09-24,62.1257095337
2024-09-25,60.5209846497
2024-09-26,64.0743026733
2024-09-27,63.3674545288
2024-09-30,61.0940971375
2024-10-01,60.6356048584
2024-10-02,60.5591926575
2024-10-03,59.8905601501
2024-10-04,59.8905601501
2024-10-07,60.1962203979
2024-10-08,60.5496406555
2024-10-09,60.7120246887
2024-10-10,60.4732246399
2024-10-11,60.5496406555
2024-10-14,60.7215766907
2024-10-15,59.317440033
2024-10-16,60.0529403687
2024-10-17,59.5944480896
2024-10-18,59.2887878418
2024-10-21,58.8302955627
2024-10-22,58.1521110535
2024-10-23,58.4768753052
2024-10-24,58.4959793091
2024-10-25,58.4004554749
2024-10-28,58.9544715881
2024-10-29,58.9162635803
2024-10-30,58.0756912231
2024-10-31,57.2255706787
2024-11-01,57.3306427002
2024-11-04,58.1712112427
2024-11-05,58.3813552856
2024-11-06,56.7097663879
2024-11-07,57.9992790222
2024-11-08,56.5473861694
2024-11-11,55.754573822
2024-11-12,54.3026809692
2024-11-13,53.3761482239
2024-11-14,53.2233200073
2024-11-15,53.6818084717
2024-11-18,55.2005653381
2024-11-19,54.9522132874
2024-11-20,54.8184890747
2024-11-21,55.4107055664
2024-11-22,55.5253295898
2024-11-25,56.1079978943
2024-11-26,55.9742698669
2024-11-27,55.5348815918
2024-11-29,54.8566932678
2024-12-02,54.1689567566
2024-12-03,53.3092842102
2024-12-04,53.6913604736
2024-12-05,53.0322761536
2024-12-06,52.4973678589
2024-12-09,51.2651672363
2024-12-10,51.5135231018
2024-12-11,53.0131721497
2024-12-12,52.9940719604
2024-12-13,53.4812202454
2024-12-16,53.08959198
2024-12-17,52.3932266235
2024-12-18,50.9653015137
2024-12-19,51.4347572327
2024-12-20,51.190246582
2024-12-23,51.6108016968
2024-12-24,51.5521202087
2024-12-26,50.82837677
2024-12-27,50.3295783997
2024-12-30,50.0655097961
2024-12-31,49.7720985413
2025-01-02,49.9970474243
2025-01-03,51.6792640686
2025-01-06,53.2049980164
2025-01-07,52.5399360657
2025-01-08,53.126750946
2025-01-10,52.3443260193
2025-01-13,52.3149871826
2025-01-14,52.8137817383
2025-01-15,53.5864295959
2025-01-16,53.34192276
2025-01-17,53.6255531311
2025-01-21,54.4568786621
2025-01-22,54.8774337769
2025-01-23,54.4470939636
2025-01-24,54.6720466614
2025-01-27,53.3516998291
2025-01-28,53.1071929932
2025-01-29,53.2245559692
2025-01-30,54.0558853149
2025-01-31,52.7844429016
2025-02-03,52.2074012756
2025-02-04,53.1560935974
2025-02-05,53.7526931763
2025-02-06,54.0069847107
2025-02-07,52.9507064819
2025-02-10,53.9287376404
2025-02-11,53.8602790833
2025-02-12,53.948299408
2025-02-13,55.112159729
2025-02-14,55.4349098206
2025-02-18,56.1782150269
2025-02-19,56.9997634888
2025-02-20,57.1758079529
2025-02-21,56.3249206543
2025-02-24,56.2075576782
2025-02-25,56.2857971191
2025-02-26,56.5400886536
2025-02-27,54.7209472656
2025-02-28,53.4690628052
2025-03-03,53.126750946
2025-03-04,53.3712615967
2025-03-05,54.8187484741
2025-03-06,53.7331314087
2025-03-07,54.4568786621
2025-03-10,52.9018058777
2025-03-11,53.4886245728
2025-03-12,54.7209472656
2025-03-13,54.0069847107
2025-03-14,54.9067726135
2025-03-17,56.5889892578
2025-03-18,55.7185401917
2025-03-19,55.9826126099
2025-03-20,55.4838104248
2025-03-21,55.6109580994
2025-03-24,56.051071167
2025-03-25,55.8163452148
2025-03-26,55.5620574951
2025-03-27,55.2490844727
2025-03-28,53.5864295959
2025-03-31,52.8529052734
2025-04-01,53.6451072693
2025-04-02,53.4299430847
2025-04-03,51.9726715088
2025-04-04,50.1241912842
2025-04-07,49.664516449
2025-04-08,47.8453712463
2025-04-09,52.1095962524
2025-04-10,50.6816711426
2025-04-11,53.116973877
2025-04-14,53.1560935974
2025-04-15,53.1854362488
2025-04-16,52.872467041
2025-04-17,53.116973877
2025-04-21,53.1952133179
2025-04-22,53.6059913635
2025-04-23,54.3786354065
2025-04-24,54.7209472656
2025-04-25,54.584022522
2025-04-28,54.4275398254
2025-04-29,54.8676490784
2025-04-30,54.9556732178
2025-05-01,54.3786354065
2025-05-02,56.4422836304
2025-05-05,57.097568512
2025-05-06,57.214931488
2025-05-07,56.520526886
2025-05-08,55.9434890747
2025-05-09,56.4227218628
2025-05-12,56.7650375366
2025-05-13,56.8432769775
2025-05-14,57.3225135803
2025-05-15,57.5083389282
2025-05-16,57.4985618591
2025-05-19,57.5279006958
2025-05-20,57.1171302795
2025-05-21,57.8017501831
2025-05-22,57.0095443726
2025-05-23,57.6648254395
2025-05-27,58.6624183655
2025-05-28,59.4155044556
2025-05-29,60.442440033
2025-05-30,59.2981414795
2025-06-02,60.3837585449
2025-06-03,60.5304603577
2025-06-04,62.5745506287
2025-06-05,63.9242362976
2025-06-06,64.1296234131
2025-06-09,65.0196380615
2025-06-10,64.7066650391
2025-06-11,65.5184326172
2025-06-12,66.2030563354
2025-06-13,64.9609527588
2025-06-16,66.6920700073
2025-06-17,65.1663360596
2025-06-18,66.3791046143
2025-06-20,67.024597168
2025-06-23,67.8950500488
2025-06-24,71.0541000366
2025-06-25,70.7802505493
2025-06-26,70.3596954346
2025-06-27,69.186050415
2025-06-30,70.2032089233
2025-07-01,70.0662841797
2025-07-02,70.369468689
2025-07-03,71.1029968262
2025-07-07,68.5307693481
2025-07-08,70.4966201782
2025-07-09,70.4966201782
2025-07-10,71.5333328247
2025-07-11,70.9660720825
2025-07-14,71.592010498
2025-07-15,71.4648742676
2025-07-16,71.4746551514
2025-07-17,71.4550857544
2025-07-18,70.7998123169
2025-07-21,72.2472991943
2025-07-22,71.2888259888
2025-07-23,72.2277374268
2025-07-24,71.6996002197
2025-07-25,71.6017990112
2025-07-28,71.11277771
2025-07-29,71.8756408691
2025-07-30,72.0614700317
2025-07-31,71.2105789185
2025-08-01,69.0980300903
2025-08-04,70.7411270142
2025-08-05,71.2888259888
2025-08-06,71.5724563599
2025-08-07,71.8267440796
2025-08-08,71.8854293823
2025-08-11,71.4257507324
2025-08-12,72.4722442627
2025-08-13,73.07862854
2025-08-14,72.0419158936
2025-08-15,71.7778396606
2025-08-18,71.2008056641
2025-08-19,69.8706817627
2025-08-20,69.7924346924
2025-08-21,69.6555099487
2025-08-22,71.8952102661
2025-08-25,71.1323471069
2025-08-26,70.7998123169
2025-08-27,70.8780517578
2025-08-28,72.0223464966
2025-08-29,70.6530990601
2025-09-02,70.340133667
2025-09-03,71.3083877563
2025-09-04,71.4648742676
2025-09-05,72.0125656128
2025-09-08,72.5602722168
2025-09-09,73.274230957
2025-09-10,74.9662322998
2025-09-11,76.1496505737
2025-09-12,76.9320831299
2025-09-15,77.4504394531
2025-09-16,78.9174880981
2025-09-17,78.0763778687
2025-09-18,78.9761657715
2025-09-19,78.2915420532
2025-09-22,79.768371582
2025-09-23,79.6607818604
2025-09-24,78.2817611694
2025-09-25,78.135055542
2025-09-26,77.1374664307
2025-09-29,78.4773635864
2025-09-30,78.3404388428
2025-10-01,80.0911254883
2025-10-02,81.695098877
2025-10-03,82.00806427
2025-10-06,82.917640686
2025-10-07,81.5190505981
2025-10-08,82.3405990601
2025-10-09,81.5972976685
2025-10-10,78.9468231201
2025-10-13,81.7831192017
2025-10-14,80.873550415
2025-10-15,83.2990722656
2025-10-16,85.9495391846
2025-10-17,86.5754776001
2025-10-20,88.4435272217
2025-10-21,86.6928482056
2025-10-22,87.4850463867
2025-10-23,88.0914306641
2025-10-24,90.0279388428
2025-10-27,92.2382888794
2025-10-28,92.375213623
2025-10-29,94.7714004517
2025-10-30,93.167427063
2025-10-31,94.8692016602
2025-11-03,98.5661621094
2025-11-04,93.6564407349
2025-11-05,94.4975509644
2025-11-06,91.455871582
2025-11-07,89.7834320068
2025-11-10,93.5684127808
2025-11-11,93.1967697144
2025-11-12,93.8129272461
2025-11-13,92.0035629272
2025-11-14,92.0622406006
2025-11-17,90.9766235352
2025-11-18,89.5780410767
2025-11-19,88.5706634521
2025-11-20,86.5852584839
2025-11-21,87.2601089478
2025-11-24,88.3163833618
2025-11-25,87.8175811768
2025-11-26,89.5389251709
2025-11-28,88.8738632202
2025-12-01,88.6293563843
2025-12-02,90.0475006104
2025-12-03,90.957069397
2025-12-04,89.8518981934
2025-12-05,92.228515625
2025-12-08,92.9815979004
2025-12-09,93.4706115723
2025-12-10,94.6246948242
2025-12-11,92.8740158081
2025-12-12,90.6343154907
2025-12-15,90.6930007935
2025-12-16,89.5199966431
2025-12-17,88.5800018311
2025-12-18,90.0699996948
2025-12-19,91.3399963379
2025-12-22,91.75
2025-12-23,92.6999969482
2025-12-24,94.5999984741
2025-12-26,95.8399963379
2025-12-29,98.7200012207
2025-12-30,98.6200027466
2025-12-31,97.2200012207
2026-01-02,102.2200012207
2026-01-05,104.8300018311
2026-01-06,107.6100006104
2026-01-07,107.0299987793
2026-01-08,106.5899963379
2026-01-09,108.8899993896
2026-01-12,108.9300003052
2026-01-13,107.5400009155
2026-01-14,109.6399993896
2026-01-15,111.0500030518
2026-01-16,112.2200012207
2026-01-20,110.9700012207
2026-01-21,115.6600036621
2026-01-22,115.9899978638
2026-01-23,117.9700012207
2026-01-26,117.3199996948
2026-01-27,122.6999969482
2026-01-28,125.5599975586
2026-01-29,124.5
2026-01-30,122.4100036621
2026-02-02,120.9300003052
2026-02-03,124.3199996948
2026-02-04,120.2600021362
2026-02-05,120.2099990845
2026-02-06,124.7099990845
2026-02-09,126.0500030518
2026-02-10,124.4499969482
2026-02-11,130.6000061035
2026-02-12,130.8000030518
2026-02-13,133.9700012207
2026-02-17,130.6799926758
2026-02-18,132.9299926758
2026-02-19,135.2100067139
2026-02-20,141.8800048828
2026-02-23,139.3000030518
2026-02-24,144.5500030518
2026-02-25,148.8899993896
2026-02-26,150.4100036621
2026-02-27,151.3699951172
2026-03-02,147.5399932861
2026-03-03,132.3399963379
2026-03-04,134.3699951172
2026-03-05,125.7399978638
2026-03-06,126.7300033569
2026-03-09,133.8899993896
2026-03-10,130.3000030518
2026-03-11,132.8500061035
2026-03-12,123.5
2026-03-13,124.1500015259
2026-03-16,133.1000061035
2026-03-17,134.4299926758
2026-03-18,131.8800048828
2026-03-19,134.8200073242
2026-03-20,125.7799987793
2026-03-23,133.8099975586
2026-03-24,128.75
2026-03-25,127.7399978638
2026-03-26,119.9899978638
2026-03-27,120.9800033569
2026-03-30,116.4300003052
2026-03-31,123.0100021362
2026-04-01,126.2200012207
2026-04-02,122.8700027466
2026-04-06,125.9400024414
2026-04-07,127.1900024414
2026-04-08,140.0700073242
2026-04-09,139.2899932861
2026-04-10,138.7299957275
2026-04-13,141.2299957275
2026-04-14,146.6799926758
2026-04-15,144.9199981689
2026-04-16,147.4700012207
2026-04-17,152.3300018311
2026-04-20,150.0899963379
2026-04-21,146.7899932861
2026-04-22,155.8000030518
2026-04-23,150.5899963379
2026-04-24,154.5700073242
2026-04-27,156.7299957275
2026-04-28,154.3699951172
2026-04-29,153.9600067139
2026-04-30,160.7599945068
2026-05-01,162
2026-05-04,163.5899963379
2026-05-05,173.4700012207
2026-05-06,181.9799957275
2026-05-07,176.75
2026-05-08,190.1999969482
2026-05-11,192.8500061035
2026-05-12,178.5
2026-05-13,188.6300048828
2026-05-14,190.5200042725
2026-05-15,178.8600006104
2026-05-18,176.1000061035
2026-05-19,174.0200042725
2026-05-20,180.1100006104
2026-05-21,186.4199981689
2026-05-22,182.0299987793
2026-05-26,200.6499938965
2026-05-27,198.2899932861
2026-05-28,206.4100036621
2026-05-29,205.8300018311
2026-06-01,216.6999969482
2026-06-02,214.5299987793
2026-06-03,212.9600067139
