date,value
2003-01-02,4524.92
2003-01-03,4615.6797175994
2003-01-06,4684.1781066736
2003-01-07,4691.5475636565
2003-01-08,4828.7667374384
2003-01-09,4807.8407219429
2003-01-10,4838.2808011189
2003-01-13,4963.6318621925
2003-01-14,4964.8711851792
2003-01-15,4991.8803463512
2003-01-16,4926.3259741553
2003-01-17,4886.7958823194
2003-01-20,4939.7816533412
2003-01-21,4936.5431251953
2003-01-22,4985.8344586884
2003-01-23,5056.6311126445
2003-01-24,5041.8569018383
2003-01-27,4954.8979955713
2003-01-28,5009.5209850776
2003-02-06,4840.4419726888
2003-02-07,4754.1625117497
2003-02-10,4666.3829795999
2003-02-11,4632.7444250662
2003-02-12,4648.1665455007
2003-02-13,4523.6783455396
2003-02-14,4501.9684152681
2003-02-17,4706.3499003536
2003-02-18,4606.3251315757
2003-02-19,4547.0131109772
2003-02-20,4538.2812378793
2003-02-21,4529.666811128
2003-02-24,4591.7694150278
2003-02-25,4443.3260589312
2003-02-26,4447.3624872024
2003-02-27,4427.5453427829
2003-03-03,4513.0420580342
2003-03-04,4488.6726399488
2003-03-05,4414.996513691
2003-03-06,4394.3877920855
2003-03-07,4342.5585980526
2003-03-10,4302.0984494119
2003-03-11,4239.1811664196
2003-03-12,4307.8301101157
2003-03-13,4354.0476359057
2003-03-14,4447.61260752
2003-03-17,4332.3363107065
2003-03-18,4504.5610252662
2003-03-19,4471.962804043
2003-03-20,4556.6679679767
2003-03-21,4544.2423758085
2003-03-24,4526.9615533016
2003-03-25,4463.6023338733
2003-03-26,4457.8370741309
2003-03-27,4491.8437983105
2003-03-28,4455.7590770263
2003-03-31,4304.8005879534
2003-04-01,4323.1415797574
2003-04-02,4290.5264717356
2003-04-03,4332.2845909632
2003-04-04,4473.1047478716
2003-04-07,4547.5830482215
2003-04-08,4526.3227800992
2003-04-09,4516.9961619347
2003-04-10,4523.551105578
2003-04-11,4509.4830496089
2003-04-14,4443.0728875393
2003-04-15,4464.3245166525
2003-04-16,4577.908426313
2003-04-17,4540.9535955082
2003-04-18,4626.183516547
2003-04-21,4609.3803947009
2003-04-22,4520.6209331588
2003-04-23,4520.5424686736
2003-04-24,4325.1992111275
2003-04-25,4187.2933208964
2003-04-28,4097.7072334515
2003-04-29,4154.6935099144
2003-04-30,4080.1450431705
2003-05-02,4118.9263551864
2003-05-05,4132.7353120768
2003-05-06,4158.2367246664
2003-05-07,4218.6381646344
2003-05-08,4135.5618000418
2003-05-09,4186.0894236165
2003-05-12,4197.8060082335
2003-05-13,4269.7717363775
2003-05-14,4276.7644399336
2003-05-15,4263.7937204791
2003-05-16,4218.2965627099
2003-05-19,4187.4696692482
2003-05-20,4190.7969894252
2003-05-21,4153.2267465927
2003-05-22,4212.1062276052
2003-05-23,4287.4782300504
2003-05-26,4406.7108959531
2003-05-27,4395.154897717
2003-05-28,4410.547187025
2003-05-29,4472.6545014265
2003-05-30,4474.7440911398
2003-06-02,4599.6214218978
2003-06-03,4587.4848571373
2003-06-05,4640.6678292266
2003-06-06,4635.5581570414
2003-06-09,4724.595314228
2003-06-10,4741.99965274
2003-06-11,4720.0879304033
2003-06-12,4786.7717356195
2003-06-13,4802.0641901915
2003-06-16,4821.1129527633
2003-06-17,4892.3052240442
2003-06-18,4912.2933081553
2003-06-19,4970.5736763866
2003-06-20,4926.5011408242
2003-06-23,4848.6512452835
2003-06-24,4839.3631327745
2003-06-25,4866.2640762823
2003-06-26,4828.2090371497
2003-06-27,4811.5670624949
2003-06-30,4805.749447719
2003-07-01,4951.1523051988
2003-07-02,5024.3336226396
2003-07-03,5026.5953582959
2003-07-04,5079.958363016
2003-07-07,5272.9673216702
2003-07-08,5315.7428622815
2003-07-09,5319.0021691466
2003-07-10,5260.9409111178
2003-07-11,5218.1344569416
2003-07-14,5321.5440533717
2003-07-15,5307.6443555975
2003-07-16,5392.7166244331
2003-07-17,5282.5635246266
2003-07-18,5270.5216993592
2003-07-21,5204.871662734
2003-07-22,5260.446239022
2003-07-23,5281.9607940025
2003-07-24,5415.3265363437
2003-07-25,5419.8800938318
2003-07-28,5474.1703504252
2003-07-29,5364.5685530223
2003-07-30,5347.6964534301
2003-07-31,5344.1194245724
2003-08-01,5416.5077881488
2003-08-04,5404.5913452078
2003-08-05,5290.5748120656
2003-08-06,5254.1697562932
2003-08-07,5280.8293961931
2003-08-08,5268.9596867468
2003-08-11,5258.6421659798
2003-08-12,5304.9961897441
2003-08-13,5494.6674509854
2003-08-14,5484.9471223958
2003-08-15,5533.8912242056
2003-08-18,5561.4166709403
2003-08-19,5549.5368108876
2003-08-20,5580.5990907504
2003-08-21,5648.352460042
2003-08-22,5686.8265579833
2003-08-25,5727.0713429284
2003-08-26,5597.9211379476
2003-08-27,5584.152951639
2003-08-28,5539.2318348273
2003-08-29,5667.5270930896
2003-09-01,5708.6230901314
2003-09-02,5739.9226153331
2003-09-03,5697.2847510727
2003-09-04,5649.1100716447
2003-09-05,5646.6744836174
2003-09-08,5718.0156886657
2003-09-09,5671.2976013558
2003-09-10,5617.2276011711
2003-09-12,5654.0064327905
2003-09-15,5638.7217196842
2003-09-16,5709.7805395258
2003-09-17,5736.7900498611
2003-09-18,5749.2327074737
2003-09-19,5769.9485653174
2003-09-22,5692.1191760025
2003-09-23,5696.858817404
2003-09-24,5739.3258445713
2003-09-25,5714.7336608948
2003-09-26,5676.9276825248
2003-09-29,5665.1034655677
2003-09-30,5629.5233723989
2003-10-01,5596.625888436
2003-10-02,5710.0819159923
2003-10-03,5750.2279312051
2003-10-06,5855.861093908
2003-10-07,5870.3311653844
2003-10-08,5836.0837496247
2003-10-09,5893.5027001749
2003-10-13,5998.6167713342
2003-10-14,5974.0622819227
2003-10-15,5962.9408050188
2003-10-16,6073.0715885297
2003-10-17,6094.2099186252
2003-10-20,6133.3252429846
2003-10-21,6124.2605454053
2003-10-22,6111.778722007
2003-10-23,6026.0379918992
2003-10-24,5987.994948759
2003-10-27,6023.5779696338
2003-10-28,6130.334746393
2003-10-29,6139.2356340755
2003-10-30,6152.8639577042
2003-10-31,6105.5942882292
2003-11-03,6152.3478569295
2003-11-04,6163.4166248457
2003-11-05,6191.8535165359
2003-11-06,6054.0143057164
2003-11-07,6101.7787886092
2003-11-10,6112.3623307691
2003-11-11,6088.2392686341
2003-11-12,6040.5437455789
2003-11-13,6090.2797615115
2003-11-14,6100.5556464895
2003-11-17,6006.9861154019
2003-11-18,5988.6477675276
2003-11-19,5915.4344749297
2003-11-20,5885.1284064946
2003-11-21,5884.6718802562
2003-11-24,5883.6762971779
2003-11-25,5914.6661039348
2003-11-26,5918.2075143959
2003-11-27,5802.6020881842
2003-11-28,5832.8073007999
2003-12-01,5937.1808850232
2003-12-02,5965.840557352
2003-12-03,5932.5649053277
2003-12-04,5967.5288529065
2003-12-05,5961.3206677609
2003-12-08,5915.5161926167
2003-12-09,5920.7462395912
2003-12-10,5879.7587213023
2003-12-11,5945.7770509662
2003-12-12,5940.4583479652
2003-12-15,6004.6509785789
2003-12-16,5981.0830344489
2003-12-17,5844.6048201579
2003-12-18,5858.699463861
2003-12-19,5848.1303761458
2003-12-22,5918.8889550522
2003-12-23,5926.0260058026
2003-12-24,5944.0668835543
2003-12-25,5935.0515516285
2003-12-26,5938.9258183986
2003-12-29,5881.0575709991
2003-12-30,5940.7848442445
2003-12-31,5962.9388378347
2004-01-02,6112.6565977667
2004-01-05,6200.7774587647
2004-01-06,6221.1918640692
2004-01-07,6222.2014343445
2004-01-08,6252.8980626668
2004-01-09,6300.1800450473
2004-01-12,6292.1970429038
2004-01-13,6281.8620760368
2004-01-14,6356.9421448574
2004-01-15,6345.269678955
2004-01-16,6355.2039228389
2004-01-27,6465.3016570468
2004-01-28,6475.1596504386
2004-01-29,6402.3527584048
2004-01-30,6475.5396439383
2004-02-02,6422.8279914532
2004-02-03,6360.4985919647
2004-02-04,6356.7789987893
2004-02-05,6386.2520687592
2004-02-06,6476.0031285656
2004-02-09,6580.1682338583
2004-02-10,6616.2915636752
2004-02-11,6578.8389980546
2004-02-12,6555.3787954283
2004-02-13,6683.2151076928
2004-02-16,6713.9314657946
2004-02-17,6752.7680792018
2004-02-18,6754.2954062982
2004-02-19,6833.6120934836
2004-02-20,6815.9341156508
2004-02-23,6825.1120201787
2004-02-24,6749.151805371
2004-02-25,6810.1672619193
2004-02-26,6846.3005129184
2004-02-27,6909.7116489811
2004-03-01,7053.4980298213
2004-03-02,7128.7996066031
2004-03-03,7089.3699784225
2004-03-04,7193.3711308349
2004-03-05,7094.0821513782
2004-03-08,7055.5964395072
2004-03-09,7139.0495139593
2004-03-10,7050.3411615967
2004-03-11,7050.8347069655
2004-03-12,6976.3198013313
2004-03-15,6803.6771190626
2004-03-16,6756.8722460025
2004-03-17,6743.9366823476
2004-03-18,6961.7403868678
2004-03-19,6984.3502686606
2004-03-22,6516.1817019661
2004-03-23,6343.0173791846
2004-03-24,6362.3638761735
2004-03-25,6299.8835207868
2004-03-26,6269.3822508968
2004-03-29,6620.5234699063
2004-03-30,6655.0577955243
2004-03-31,6685.2926525623
2004-04-01,6690.7276917351
2004-04-02,6714.968940259
2004-04-05,6845.5438736701
2004-04-06,6793.7272561866
2004-04-07,6809.9594615462
2004-04-08,6842.6252139763
2004-04-09,6792.9809869741
2004-04-12,6957.9801539304
2004-04-13,6980.305775795
2004-04-14,7054.0903390335
2004-04-15,6912.6117790082
2004-04-16,7002.1533475393
2004-04-19,6971.5766586519
2004-04-20,6981.8547500629
2004-04-21,6989.055586704
2004-04-22,6898.9980300254
2004-04-23,6900.568737746
2004-04-26,6863.4513214842
2004-04-27,6793.3979987119
2004-04-28,6726.0116206124
2004-04-29,6548.5059426142
2004-04-30,6260.0401536435
2004-05-03,6159.3410498326
2004-05-04,6325.5158377733
2004-05-05,5990.6046840793
2004-05-06,6047.6267601639
2004-05-07,6178.946907188
2004-05-10,5958.5532143191
2004-05-11,6005.9954024738
2004-05-12,6085.3188973686
2004-05-13,6044.5841449268
2004-05-14,5905.8253593915
2004-05-17,5610.7139128793
2004-05-18,5688.7910055826
2004-05-19,5993.6696652214
2004-05-20,5948.8944082552
2004-05-21,6113.1896077972
2004-05-24,6096.1948858929
2004-05-25,6110.3496185732
2004-05-26,6173.8656897033
2004-05-27,6174.740367017
2004-05-28,6281.2717619225
2004-05-31,6122.2277757004
2004-06-01,6127.5251994869
2004-06-02,6014.0360086543
2004-06-03,5809.5280025977
2004-06-04,5868.5497852925
2004-06-07,6084.3872764449
2004-06-08,6128.7480483848
2004-06-09,6117.6092286041
2004-06-10,6027.3270336383
2004-06-11,5902.4244297512
2004-06-14,5734.7678942605
2004-06-15,5822.7362770928
2004-06-16,5722.3555493804
2004-06-17,5833.4712805234
2004-06-18,5742.8570555673
2004-06-21,5723.0835972037
2004-06-23,5893.15473914
2004-06-24,5954.0357195059
2004-06-25,5976.3278812338
2004-06-28,5878.9269832901
2004-06-29,5912.5255596589
2004-06-30,6000.0148225064
2004-07-01,6013.1129987322
2004-07-02,5936.0228395375
2004-07-05,5854.2673974453
2004-07-06,5924.0106442055
2004-07-07,5935.04525726
2004-07-08,5925.0257301911
2004-07-09,5986.1521968067
2004-07-12,5981.9692930558
2004-07-13,5930.9813263432
2004-07-14,5862.0248138781
2004-07-15,5788.5054602154
2004-07-16,5748.3718812936
2004-07-19,5737.4581045591
2004-07-20,5562.7785603839
2004-07-21,5643.2907396551
2004-07-22,5627.0554299073
2004-07-23,5632.1282916816
2004-07-26,5606.399775414
2004-07-27,5674.6502831253
2004-07-28,5661.4141089949
2004-07-29,5636.7857036718
2004-07-30,5698.448493898
2004-08-02,5624.0202014851
2004-08-03,5632.0480942025
2004-08-04,5586.5952004735
2004-08-05,5704.8886714257
2004-08-06,5684.0505237139
2004-08-09,5694.9131238074
2004-08-10,5691.2630274124
2004-08-11,5659.5103589877
2004-08-12,5663.5352247981
2004-08-13,5688.5970598111
2004-08-16,5649.853193308
2004-08-17,5636.9257866108
2004-08-18,5724.1439149084
2004-08-19,5903.5566953145
2004-08-20,5930.8635594547
2004-08-23,5970.9207432684
2004-08-26,6133.518105599
2004-08-27,6121.8199673644
2004-08-30,6112.4141472022
2004-08-31,6097.1941973504
2004-09-01,6202.3767812179
2004-09-02,6210.4478616163
2004-09-03,6122.1412323406
2004-09-06,6143.9740096334
2004-09-07,6221.1076706837
2004-09-08,6226.1475838529
2004-09-09,6226.2170655346
2004-09-10,6219.0658344822
2004-09-13,6298.3868816017
2004-09-14,6294.030669761
2004-09-15,6239.2122274026
2004-09-16,6262.3559186806
2004-09-17,6185.6153428162
2004-09-20,6234.2487538842
2004-09-21,6322.5832342339
2004-09-22,6349.0745928105
2004-09-23,6321.6976938185
2004-09-24,6284.0455462658
2004-09-27,6242.8807686478
2004-09-29,6201.0627020248
2004-09-30,6235.4212481817
2004-10-01,6336.7563525393
2004-10-04,6478.0539689431
2004-10-05,6483.7126764584
2004-10-06,6463.7010816689
2004-10-07,6512.3064883901
2004-10-08,6529.8490459357
2004-10-11,6520.699255514
2004-10-12,6396.6588382265
2004-10-13,6377.7004267064
2004-10-14,6224.8578861762
2004-10-15,6215.2992961847
2004-10-18,6162.6693078769
2004-10-19,6194.8466263992
2004-10-20,6174.7058155394
2004-10-21,6180.784762827
2004-10-22,6154.9048916617
2004-10-26,6037.5179578656
2004-10-27,6027.0909809287
2004-10-28,6066.3362715185
2004-10-29,6069.7206670929
2004-11-01,6011.7626793965
2004-11-02,6118.5625191163
2004-11-03,6216.773165615
2004-11-04,6208.207818186
2004-11-05,6286.7167123633
2004-11-08,6291.8157830184
2004-11-09,6301.6720512578
2004-11-10,6303.3841154475
2004-11-11,6236.1822222256
2004-11-12,6277.6675060596
2004-11-15,6260.546933427
2004-11-16,6256.1386598466
2004-11-17,6377.5139167533
2004-11-18,6393.3076704486
2004-11-19,6367.1873028786
2004-11-22,6175.4622560797
2004-11-23,6187.9352055945
2004-11-24,6251.5939908274
2004-11-25,6193.6336787358
2004-11-26,6117.2546712796
2004-11-29,6127.7890523248
2004-11-30,6191.65793744
2004-12-01,6148.2779619228
2004-12-02,6210.711557561
2004-12-03,6230.3531947391
2004-12-06,6259.926202973
2004-12-07,6263.8251057542
2004-12-08,6230.4867829059
2004-12-09,6261.1163526699
2004-12-10,6258.4398405062
2004-12-13,6227.2343243188
2004-12-14,6257.1977495989
2004-12-15,6345.7804341271
2004-12-16,6362.7460647332
2004-12-17,6353.4613763645
2004-12-20,6324.7272987932
2004-12-21,6333.9880334962
2004-12-22,6344.4761253561
2004-12-23,6338.7842065707
2004-12-24,6363.6074534166
2004-12-27,6326.4044038834
2004-12-28,6342.0760992503
2004-12-29,6437.3632639029
2004-12-30,6451.4841467962
2004-12-31,6495.8341510823
2005-01-03,6494.5410067344
2005-01-04,6414.5262768794
2005-01-05,6343.5700012067
2005-01-06,6341.7116374649
2005-01-07,6291.0025112574
2005-01-10,6291.3817884114
2005-01-11,6332.0901280911
2005-01-12,6234.2374561237
2005-01-13,6207.5753660615
2005-01-14,6246.1990030248
2005-01-17,6289.6447857877
2005-01-18,6274.185155706
2005-01-19,6245.0013506829
2005-01-20,6233.4996242824
2005-01-21,6193.9170151235
2005-01-24,6110.5530148613
2005-01-25,6117.1294175308
2005-01-26,6160.6280505811
2005-01-27,6167.0355611288
2005-01-28,6203.3676923652
2005-01-31,6313.6170025967
2005-02-01,6293.9133100889
2005-02-02,6326.1000097516
2005-02-03,6344.252569392
2005-02-14,6422.905474647
2005-02-15,6429.2642783436
2005-02-16,6458.3124496562
2005-02-17,6387.1843104806
2005-02-18,6431.4983266978
2005-02-21,6457.6197463288
2005-02-22,6422.0449744613
2005-02-23,6443.5001363543
2005-02-24,6456.4396638418
2005-02-25,6526.535965584
2005-03-01,6592.8037306606
2005-03-02,6555.4861537704
2005-03-03,6535.6400236047
2005-03-04,6536.2609914877
2005-03-07,6563.8694839385
2005-03-08,6499.9893469802
2005-03-09,6553.0992866705
2005-03-10,6540.0837074997
2005-03-11,6548.0382039427
2005-03-14,6503.0014988237
2005-03-15,6401.7140939316
2005-03-16,6402.0679866502
2005-03-17,6368.1517862459
2005-03-18,6381.3336003862
2005-03-21,6401.8460643772
2005-03-22,6356.7975876346
2005-03-23,6359.7957938255
2005-03-24,6335.2493264039
2005-03-25,6399.921704816
2005-03-28,6380.2251140853
2005-03-29,6284.2140939286
2005-03-30,6285.8399384656
2005-03-31,6331.0304782649
2005-04-01,6345.8026773378
2005-04-04,6339.7868469187
2005-04-06,6339.5838467094
2005-04-07,6292.9276069738
2005-04-08,6343.416661068
2005-04-11,6296.528384045
2005-04-12,6308.962305042
2005-04-13,6311.7268258421
2005-04-14,6299.4297374346
2005-04-15,6198.5270827869
2005-04-18,6011.0348851899
2005-04-19,6050.8790285662
2005-04-20,5987.7388099302
2005-04-21,6025.8017117517
2005-04-22,6054.4594277884
2005-04-25,6065.212808958
2005-04-26,6100.4013499383
2005-04-27,6063.6909764203
2005-04-28,6128.9152397662
2005-04-29,6112.0865436899
2005-05-03,6108.30497171
2005-05-04,6089.6546198157
2005-05-05,6216.7318458431
2005-05-06,6255.8085115867
2005-05-09,6253.5477646546
2005-05-10,6234.1064135103
2005-05-11,6207.8531143608
2005-05-12,6218.6705283259
2005-05-13,6269.0941174751
2005-05-16,6205.7131662608
2005-05-17,6174.3859456943
2005-05-18,6164.7927871527
2005-05-19,6241.9471463622
2005-05-20,6222.7685822166
2005-05-23,6156.6867199496
2005-05-24,6171.9748118456
2005-05-25,6154.3507067331
2005-05-26,6210.2832011152
2005-05-27,6261.781403719
2005-05-30,6283.1783520442
2005-05-31,6283.5572210047
2005-06-01,6248.195944165
2005-06-02,6317.8437362608
2005-06-03,6387.9147098623
2005-06-06,6417.6411889265
2005-06-07,6387.9119079385
2005-06-08,6444.5612487028
2005-06-09,6428.6263241271
2005-06-10,6480.6963610437
2005-06-13,6535.4592192514
2005-06-14,6507.0042766606
2005-06-15,6554.596471409
2005-06-16,6580.2705679107
2005-06-17,6583.530167233
2005-06-20,6586.4278064149
2005-06-21,6577.2143584745
2005-06-22,6667.6223551108
2005-06-23,6685.0832117123
2005-06-24,6653.911192416
2005-06-27,6612.0298637113
2005-06-28,6629.5312862989
2005-06-29,6548.4196713144
2005-06-30,6560.596903901
2005-07-01,6589.0225614593
2005-07-04,6595.5374935268
2005-07-05,6570.6477228555
2005-07-06,6570.8556319337
2005-07-07,6563.9108457753
2005-07-08,6561.2691092341
2005-07-11,6641.5398532467
2005-07-12,6709.3961733642
2005-07-13,6747.453560985
2005-07-14,6808.6384935823
2005-07-15,6804.7269980724
2005-07-19,6834.7457061987
2005-07-20,6842.639778269
2005-07-21,6821.5320189263
2005-07-22,6803.1633001325
2005-07-25,6859.1650770166
2005-07-26,6822.2841154864
2005-07-27,6808.5829994325
2005-07-28,6863.2812467295
2005-07-29,6798.5647604561
2005-08-01,6793.0179230926
2005-08-02,6820.7275476409
2005-08-03,6946.1073693021
2005-08-04,6956.3332162217
2005-08-08,6896.4105733123
2005-08-09,6906.3700209609
2005-08-10,6889.3660475404
2005-08-11,6900.0825308106
2005-08-12,6899.5937475088
2005-08-15,6782.0374668378
2005-08-16,6781.2992309881
2005-08-17,6786.7362102956
2005-08-18,6757.1077241963
2005-08-19,6707.2812612189
2005-08-22,6759.3361220511
2005-08-23,6746.7371732906
2005-08-24,6673.3744076937
2005-08-25,6656.8710950684
2005-08-26,6677.1801233465
2005-08-29,6591.8244576592
2005-08-30,6574.6928320787
2005-08-31,6544.2630509256
2005-09-02,6663.7546193903
2005-09-05,6649.3290955189
2005-09-06,6697.5306906822
2005-09-07,6701.6234400936
2005-09-08,6713.4955742712
2005-09-09,6680.3458463711
2005-09-12,6721.836740227
2005-09-13,6717.0359303006
2005-09-14,6688.1931316323
2005-09-15,6609.455737816
2005-09-16,6563.8493434041
2005-09-19,6563.4015742849
2005-09-20,6641.8606018509
2005-09-21,6596.7515253647
2005-09-22,6500.9601895032
2005-09-23,6453.8539776826
2005-09-26,6464.2033768585
2005-09-27,6475.8799887363
2005-09-28,6463.1747883485
2005-09-29,6533.1894993733
2005-09-30,6648.1723123451
2005-10-03,6660.4818624888
2005-10-04,6667.6902998878
2005-10-05,6656.8655976354
2005-10-06,6616.4591460402
2005-10-07,6597.4905379534
2005-10-11,6591.102073735
2005-10-12,6509.9562038154
2005-10-13,6482.2741782419
2005-10-14,6496.6014120757
2005-10-17,6338.4591444913
2005-10-18,6338.9917580572
2005-10-19,6187.7083329575
2005-10-20,6242.8492639286
2005-10-21,6244.940947269
2005-10-24,6205.9552663047
2005-10-25,6204.8378638827
2005-10-26,6180.4618042386
2005-10-27,6147.4881181734
2005-10-28,6104.4057104222
2005-10-31,6241.7806277976
2005-11-01,6284.7544070385
2005-11-02,6359.6562165522
2005-11-03,6335.3824730549
2005-11-04,6391.0426400047
2005-11-07,6327.6845904206
2005-11-08,6313.7635513659
2005-11-09,6448.6298893876
2005-11-10,6462.2564324348
2005-11-11,6552.7136882789
2005-11-14,6562.6067655698
2005-11-15,6499.9240917735
2005-11-16,6520.4980104226
2005-11-17,6498.5673453469
2005-11-18,6588.8781373075
2005-11-21,6575.7899393823
2005-11-22,6522.2877438435
2005-11-23,6579.4897644473
2005-11-24,6565.7614621219
2005-11-25,6591.5642259332
2005-11-28,6676.5491013768
2005-11-29,6619.3661499805
2005-11-30,6675.8667090648
2005-12-01,6650.095962846
2005-12-02,6693.1476499726
2005-12-05,6818.6138120331
2005-12-06,6815.4197630874
2005-12-07,6790.5106798297
2005-12-08,6704.4093209163
2005-12-09,6732.7306465341
2005-12-12,6730.3547709081
2005-12-13,6714.9846710662
2005-12-14,6694.6594234715
2005-12-15,6724.4154629692
2005-12-16,6821.1346242307
2005-12-19,6911.2068528706
2005-12-20,6909.2903232846
2005-12-21,6953.4279136912
2005-12-22,6921.308940838
2005-12-23,6990.1234143385
2005-12-26,7042.6102557673
2005-12-27,7012.6593427829
2005-12-28,7007.6115636481
2005-12-29,7074.1637665687
2005-12-30,7047.7489494738
2006-01-02,6962.9570596969
2006-01-03,7094.6373402743
2006-01-04,7118.0643453737
2006-01-05,7222.0591466924
2006-01-06,7186.4186183389
2006-01-09,7212.9511032568
2006-01-10,7187.1288055587
2006-01-11,7231.0129893639
2006-01-12,7222.2792321127
2006-01-13,7182.5027103584
2006-01-16,7239.1800637606
2006-01-17,7215.2467535854
2006-01-18,6998.4019686548
2006-01-19,7009.5520657944
2006-01-20,6973.112028372
2006-01-23,6856.9961790862
2006-01-24,6938.8861211411
2006-01-25,7015.4385749523
2006-02-03,7090.6524743385
2006-02-06,7202.8106014767
2006-02-07,7220.3023166599
2006-02-08,7128.7274827387
2006-02-09,7137.0962041484
2006-02-10,7099.9831624353
2006-02-13,7063.5315177851
2006-02-14,7125.1085432491
2006-02-15,7120.0592423214
2006-02-16,7208.4515149135
2006-02-17,7204.9405886842
2006-02-20,7207.7642222062
2006-02-21,7149.4680620608
2006-02-22,7031.6389095517
2006-02-23,6978.2249995829
2006-02-24,7051.5646277521
2006-02-27,7080.737225865
2006-03-01,7148.7623695626
2006-03-02,7156.3828411167
2006-03-03,7060.8405312283
2006-03-06,7097.5183331359
2006-03-07,7009.9315539432
2006-03-08,6981.8200551956
2006-03-09,7004.2516980671
2006-03-10,6990.2561170003
2006-03-13,7054.249116925
2006-03-14,6970.09856856
2006-03-15,7026.8902696485
2006-03-16,7017.5939712189
2006-03-17,7043.2675585645
2006-03-20,7034.8256897378
2006-03-21,6961.7439119199
2006-03-22,6892.955158524
2006-03-23,6861.2919691742
2006-03-24,6873.2258159947
2006-03-27,6921.0993347763
2006-03-28,6946.2942265571
2006-03-29,6992.9277693676
2006-03-30,7038.4061649508
2006-03-31,7104.0818128185
2006-04-03,7152.6340003825
2006-04-04,7161.8817525999
2006-04-06,7258.572034372
2006-04-07,7266.1631614363
2006-04-10,7269.1818616355
2006-04-11,7251.7027232509
2006-04-12,7304.4797371882
2006-04-13,7355.9038230497
2006-04-14,7461.4883904826
2006-04-17,7520.2376742873
2006-04-18,7506.4335762964
2006-04-19,7547.4658706896
2006-04-20,7617.5459006882
2006-04-21,7612.9785229845
2006-04-24,7629.2996493653
2006-04-25,7600.5882919485
2006-04-26,7706.3980970502
2006-04-27,7688.7143449859
2006-04-28,7720.194749107
2006-05-02,7764.1099583901
2006-05-03,7817.2859102744
2006-05-04,7933.444654632
2006-05-05,7951.6962524927
2006-05-08,8064.2256273092
2006-05-09,7979.6181128153
2006-05-10,7921.1024808152
2006-05-11,7963.6689091151
2006-05-12,7886.0447881706
2006-05-15,7784.5878434189
2006-05-16,7667.3952305171
2006-05-17,7707.2083906314
2006-05-18,7650.2156221575
2006-05-19,7698.2904548114
2006-05-22,7529.8712737027
2006-05-23,7413.3592868031
2006-05-24,7454.0164123641
2006-05-25,7450.8418702941
2006-05-26,7476.0083642648
2006-05-29,7492.4477590602
2006-05-30,7427.3225042383
2006-06-01,7443.3441342585
2006-06-02,7533.6810458049
2006-06-05,7268.0930354903
2006-06-06,7281.3564380502
2006-06-07,7150.1683330038
2006-06-08,6864.8443227026
2006-06-09,6968.7860514023
2006-06-12,6978.2575897449
2006-06-13,6873.5777046624
2006-06-14,7008.2669210435
2006-06-15,6973.2931739616
2006-06-16,7123.6085708774
2006-06-19,7132.2275861262
2006-06-20,6908.1247798521
2006-06-21,6826.1540234012
2006-06-22,7019.5805829996
2006-06-23,6993.1997512793
2006-06-26,7073.5827119284
2006-06-27,7127.8302949605
2006-06-28,7106.3511659938
2006-06-29,7181.5305421251
2006-06-30,7277.256489877
2006-07-03,7293.4493305945
2006-07-04,7311.5789754382
2006-07-05,7249.7202971628
2006-07-06,7260.8082108972
2006-07-07,7265.475699113
2006-07-10,7292.4632268319
2006-07-11,7256.3606312797
2006-07-12,7242.9645462372
2006-07-13,7183.0733374932
2006-07-14,7030.7705714556
2006-07-17,6843.5349876526
2006-07-18,6895.8402012774
2006-07-19,6891.6475356192
2006-07-20,7075.6887924645
2006-07-21,7064.0379067096
2006-07-24,7019.1104643199
2006-07-25,7069.0572614945
2006-07-26,7076.8054133113
2006-07-27,7177.1014389243
2006-07-28,7198.8827032322
2006-07-31,7163.5262778216
2006-08-01,7163.5570109016
2006-08-02,7218.5603185203
2006-08-03,7219.0470442172
2006-08-04,7195.8138674692
2006-08-07,7172.1006401605
2006-08-08,7273.4053056271
2006-08-09,7360.385627329
2006-08-10,7377.7635588688
2006-08-11,7362.2127620714
2006-08-14,7413.839087635
2006-08-15,7418.7943618037
2006-08-16,7503.5209466053
2006-08-17,7551.0691996561
2006-08-18,7537.7925271013
2006-08-21,7295.7552125803
2006-08-22,7389.8577732999
2006-08-23,7356.9078130704
2006-08-24,7370.7375650131
2006-08-25,7341.7380878692
2006-08-28,7251.195645754
2006-08-29,7290.9626702656
2006-08-30,7413.4976474022
2006-08-31,7434.956612077
2006-09-01,7475.5478060426
2006-09-04,7592.2973983518
2006-09-05,7581.5855577356
2006-09-06,7534.6560903044
2006-09-07,7540.251265792
2006-09-08,7559.0977047861
2006-09-11,7562.068633539
2006-09-12,7472.3297560738
2006-09-13,7498.873326942
2006-09-14,7419.2177927393
2006-09-15,7517.2416428793
2006-09-18,7754.6495059188
2006-09-19,7746.2816207736
2006-09-20,7748.9788970283
2006-09-21,7756.2829851387
2006-09-22,7761.3927213781
2006-09-25,7793.1182927954
2006-09-26,7771.0357536309
2006-09-27,7821.0367851807
2006-09-28,7745.3788246076
2006-09-29,7757.9683347677
2006-10-02,7848.1112493523
2006-10-03,7845.6268015906
2006-10-04,7763.8186845555
2006-10-05,7886.9325016211
2006-10-11,7899.8603300012
2006-10-12,7867.4223120694
2006-10-13,7943.8127133954
2006-10-16,8023.6317558551
2006-10-17,7955.0254713879
2006-10-18,7895.1460250702
2006-10-19,7880.7322402013
2006-10-20,7924.4728820896
2006-10-23,7933.1435697698
2006-10-24,7981.0352944915
2006-10-25,7943.3839028381
2006-10-26,7983.1284755172
2006-10-27,7973.7723071358
2006-10-30,7883.1527568732
2006-10-31,7911.6552384904
2006-11-01,7912.6685175793
2006-11-02,7984.3980740531
2006-11-03,8083.9202258274
2006-11-06,8040.6409632882
2006-11-07,8118.9017269408
2006-11-08,8113.6738767669
2006-11-09,8078.6361329714
2006-11-10,8103.3342911825
2006-11-13,8066.4281953405
2006-11-14,8140.2811801714
2006-11-15,8167.9662935806
2006-11-16,8188.3727718592
2006-11-17,8188.3604276448
2006-11-20,8193.3119680772
2006-11-21,8242.7629471664
2006-11-22,8291.1128577015
2006-11-23,8329.1790709803
2006-11-24,8383.2507611544
2006-11-27,8455.5028745799
2006-11-28,8397.3003522445
2006-11-29,8427.1256521058
2006-11-30,8530.1262668348
2006-12-01,8574.237268031
2006-12-04,8618.011283466
2006-12-05,8564.6279424922
2006-12-06,8655.2303653997
2006-12-07,8657.8997293019
2006-12-08,8607.1035123336
2006-12-11,8572.1939919125
2006-12-12,8411.2006202487
2006-12-13,8392.1684206662
2006-12-14,8439.3424692825
2006-12-15,8501.4374060771
2006-12-18,8586.0349814195
2006-12-19,8572.9274516123
2006-12-20,8637.9339022221
2006-12-21,8602.7091440754
2006-12-22,8632.7825760121
2006-12-25,8632.1235212127
2006-12-26,8720.5934336367
2006-12-27,8722.4075836203
2006-12-28,8725.9091255269
2006-12-29,8820.4113590397
2007-01-02,8937.8949037833
2007-01-03,8929.7614583996
2007-01-04,8954.8283290908
2007-01-05,8842.5954539859
2007-01-08,8734.2819964024
2007-01-09,8797.6908008241
2007-01-10,8707.4774947691
2007-01-11,8587.4996016999
2007-01-12,8722.9923059109
2007-01-15,8748.6089877293
2007-01-16,8745.8175542362
2007-01-17,8790.1904210218
2007-01-18,8866.1061177872
2007-01-19,8810.8656628741
2007-01-22,8823.5102924383
2007-01-23,8838.1684422103
2007-01-24,8919.7969861525
2007-01-25,8899.2234769096
2007-01-26,8809.2320828883
2007-01-29,8715.9258871489
2007-01-30,8712.7378664834
2007-01-31,8666.3015614386
2007-02-01,8673.6772878428
2007-02-02,8756.8781544517
2007-02-05,8764.3927672787
2007-02-06,8865.008081741
2007-02-07,8834.5217872836
2007-02-08,8829.862297515
2007-02-09,8856.2983805739
2007-02-12,8766.1672643109
2007-02-13,8732.5954620683
2007-02-14,8803.1058414632
2007-02-26,8894.9389260405
2007-02-27,8892.0721981367
2007-03-01,8648.852806683
2007-03-02,8642.0217685452
2007-03-05,8282.8784597437
2007-03-06,8387.492663326
2007-03-07,8419.3198895353
2007-03-08,8529.1807844987
2007-03-09,8514.5515262044
2007-03-12,8581.0590214767
2007-03-13,8625.0260436329
2007-03-14,8499.5375135693
2007-03-15,8640.9866672065
2007-03-16,8670.3826400655
2007-03-19,8692.1612290032
2007-03-20,8688.1390330875
2007-03-21,8707.6688014971
2007-03-22,8783.6896970017
2007-03-23,8830.0814712192
2007-03-26,8852.903359749
2007-03-27,8822.5278705338
2007-03-28,8763.3623769133
2007-03-29,8832.6944840745
2007-03-30,8887.3602693533
2007-04-02,8884.2269963305
2007-04-03,8945.9090257842
2007-04-04,9018.1090992313
2007-04-09,9085.989062617
2007-04-10,9082.2220080651
2007-04-11,9116.6326556776
2007-04-12,9115.3077902831
2007-04-13,9027.6767781726
2007-04-16,9088.8086699565
2007-04-17,8978.008115769
2007-04-18,9024.8295672029
2007-04-19,8898.2494873523
2007-04-20,8963.7888946051
2007-04-23,9033.6154507048
2007-04-24,9061.1512322866
2007-04-25,8992.8787008351
2007-04-26,9004.3975548304
2007-04-27,8953.0826505121
2007-04-30,8865.476544385
2007-05-02,8908.4084581231
2007-05-03,8932.5170455914
2007-05-04,9096.009514613
2007-05-07,9164.6118871022
2007-05-08,9147.0545898469
2007-05-09,9093.5507365357
2007-05-10,9141.7667533081
2007-05-11,9073.8336978828
2007-05-14,9076.5607106329
2007-05-15,9016.8896296597
2007-05-16,9032.3695703555
2007-05-17,9079.1096671164
2007-05-18,9064.1412665561
2007-05-21,9188.1605133218
2007-05-22,9257.2745976106
2007-05-23,9291.8278074988
2007-05-24,9290.4143539404
2007-05-25,9234.9175131912
2007-05-28,9228.3357222911
2007-05-29,9245.6542887427
2007-05-30,9211.1877763294
2007-05-31,9205.5737555942
2007-06-01,9327.6890311741
2007-06-04,9379.3877019477
2007-06-05,9392.0226122467
2007-06-06,9406.5133037642
2007-06-07,9455.4160651373
2007-06-08,9430.2732455323
2007-06-11,9475.0917154206
2007-06-12,9524.8121977825
2007-06-13,9504.6889343645
2007-06-14,9622.1419922596
2007-06-15,9765.8840304227
2007-06-20,9977.8839610209
2007-06-21,10085.3564917102
2007-06-22,10081.2889647227
2007-06-25,10177.8698057522
2007-06-26,10103.960885725
2007-06-27,10085.9960622011
2007-06-28,10134.6963851688
2007-06-29,10116.131847549
2007-07-02,10188.4970474531
2007-07-03,10272.311817456
2007-07-04,10355.0253256664
2007-07-05,10469.8618269246
2007-07-06,10531.8520358346
2007-07-09,10739.3077879091
2007-07-10,10766.1652151218
2007-07-11,10668.340548195
2007-07-12,10767.8377069128
2007-07-13,10897.1309826435
2007-07-16,10842.2170205074
2007-07-17,10961.769190818
2007-07-18,10962.7091711875
2007-07-19,10975.6494070108
2007-07-20,11129.7027232243
2007-07-23,11185.9260274849
2007-07-24,11312.4032229418
2007-07-25,11341.4400072604
2007-07-26,11180.4353787824
2007-07-27,10733.5298723017
2007-07-30,10613.2274222666
2007-07-31,10894.1298559081
2007-08-01,10446.9771082788
2007-08-02,10507.6610244357
2007-08-03,10642.9611830367
2007-08-06,10513.1156838268
2007-08-07,10431.7457235004
2007-08-08,10719.4845145973
2007-08-09,10820.5884371367
2007-08-10,10537.681393085
2007-08-13,10541.9148629637
2007-08-14,10521.7832974549
2007-08-15,10131.1641674855
2007-08-16,9663.4983725375
2007-08-17,9526.5748750707
2007-08-20,10030.1604776122
2007-08-21,9990.4074906979
2007-08-22,10022.5090663134
2007-08-23,10308.5608560551
2007-08-24,10269.5014096126
2007-08-27,10314.0228439578
2007-08-28,10329.4405263307
2007-08-29,10237.9100528721
2007-08-30,10399.0087208242
2007-08-31,10639.2234082339
2007-09-03,10638.8405319024
2007-09-04,10582.8380025653
2007-09-05,10568.8469777162
2007-09-06,10695.7688170461
2007-09-07,10700.7939055856
2007-09-10,10610.3427805526
2007-09-11,10693.7365022857
2007-09-12,10710.3475977823
2007-09-13,10606.8896422715
2007-09-14,10724.1100358607
2007-09-17,10569.1393375918
2007-09-19,10595.0865099148
2007-09-20,10673.2704579765
2007-09-21,10825.2650294148
2007-09-26,11020.0773468672
2007-09-27,11191.4070825642
2007-09-28,11189.6645740121
2007-10-01,11283.5974530961
2007-10-02,11442.9854336097
2007-10-03,11539.8664425415
2007-10-04,11457.4747581847
2007-10-05,11439.2915773513
2007-10-08,11561.8945950569
2007-10-09,11465.7222786122
2007-10-11,11559.0843803317
2007-10-12,11328.4706372984
2007-10-15,11335.204317912
2007-10-16,11436.4433854241
2007-10-17,11403.1681350482
2007-10-18,11486.8982031833
2007-10-19,11466.5401151045
2007-10-22,11164.0068147906
2007-10-23,11333.3212987338
2007-10-24,11266.2704666124
2007-10-25,11423.4277613458
2007-10-26,11497.6157147942
2007-10-29,11694.6470480054
2007-10-30,11640.2642440435
2007-10-31,11569.7793380792
2007-11-01,11420.1220521977
2007-11-02,11038.6948167812
2007-11-05,11072.4241646829
2007-11-06,11051.0098868052
2007-11-07,11055.4041518245
2007-11-08,10607.2454541706
2007-11-09,10644.7280338606
2007-11-12,10271.4031582397
2007-11-13,10342.0674082217
2007-11-14,10618.4555892086
2007-11-15,10578.1426369246
2007-11-16,10404.1346148004
2007-11-19,10297.140344776
2007-11-20,10297.3230587167
2007-11-21,10070.3998102512
2007-11-22,10073.9449421696
2007-11-23,9877.903509146
2007-11-26,10096.2878144452
2007-11-27,9926.4091555404
2007-11-28,9807.2636603032
2007-11-29,10006.1026339702
2007-11-30,10175.8551267882
2007-12-03,10182.9041398545
2007-12-04,10262.9091823007
2007-12-05,10287.8511535785
2007-12-06,10297.1742086154
2007-12-07,10323.904727456
2007-12-10,10184.402529147
2007-12-11,10215.32927961
2007-12-12,10045.0342373967
2007-12-13,9666.7434182708
2007-12-14,9588.9167429695
2007-12-17,9227.2794002721
2007-12-18,9205.8517395549
2007-12-19,9463.7675183861
2007-12-20,9266.2952931774
2007-12-21,9373.4272224589
2007-12-24,9617.6047317002
2007-12-25,9652.8289291509
2007-12-26,9640.4845787201
2007-12-27,9813.3482561625
2007-12-28,9933.7930810209
2007-12-31,10085.6713520492
2008-01-02,9839.200665454
2008-01-03,9676.1688826039
2008-01-04,9715.7077669499
2008-01-07,9337.8129225763
2008-01-08,9436.619211858
2008-01-09,9579.5775800765
2008-01-10,9560.6751510338
2008-01-11,9534.0639459566
2008-01-14,9719.4112118813
2008-01-15,10011.3360099905
2008-01-16,9720.4730108029
2008-01-17,9630.1708505025
2008-01-18,9737.6464143124
2008-01-21,9659.8937033142
2008-01-22,9033.846290311
2008-01-23,8792.1640346446
2008-01-24,8895.6759757451
2008-01-25,9156.3928968491
2008-01-28,8849.653253204
2008-01-29,8930.3379495076
2008-01-30,8879.1341217114
2008-01-31,8826.4391125082
2008-02-01,9002.2300866163
2008-02-12,8866.1497993894
2008-02-13,8863.9227221389
2008-02-14,9238.4761948051
2008-02-15,9259.0688745224
2008-02-18,9297.1453147265
2008-02-19,9447.9552595919
2008-02-20,9287.0492530695
2008-02-21,9521.239283792
2008-02-22,9563.6672013545
2008-02-25,9787.1707757919
2008-02-26,9797.998590453
2008-02-27,9979.5591456683
2008-02-29,9943.4911378251
2008-03-03,9763.8159086581
2008-03-04,10000.082458404
2008-03-05,10012.68741238
2008-03-06,10215.1457707225
2008-03-07,10064.3466300946
2008-03-10,9803.8083309315
2008-03-11,9893.4305886931
2008-03-12,9944.2849375973
2008-03-13,9681.1206420814
2008-03-14,9629.135962907
2008-03-17,9445.5603239833
2008-03-18,9512.2234238984
2008-03-19,9639.4227251154
2008-03-20,9834.5505188613
2008-03-21,10045.7136942173
2008-03-24,10446.6247505551
2008-03-25,10359.7421755729
2008-03-26,10327.7747097341
2008-03-27,10160.7676062873
2008-03-28,10201.9671453209
2008-03-31,10126.653066337
2008-04-01,9948.3065610102
2008-04-02,10156.8600105718
2008-04-03,10140.3615150718
2008-04-07,10302.7966171241
2008-04-08,10237.8143918915
2008-04-09,10248.0201767638
2008-04-10,10436.0141775455
2008-04-11,10543.4850137485
2008-04-14,10536.3092120376
2008-04-15,10577.3709642215
2008-04-16,10728.7107206416
2008-04-17,10734.9511865583
2008-04-18,10718.2748761936
2008-04-21,10722.0535519595
2008-04-22,10664.6031406132
2008-04-23,10662.0387925677
2008-04-24,10648.0506052123
2008-04-25,10583.0751883749
2008-04-28,10727.8833798257
2008-04-29,10511.3722873817
2008-04-30,10521.4573624205
2008-05-02,10560.5873110119
2008-05-05,10409.4662918861
2008-05-06,10425.2923254637
2008-05-07,10510.5534752357
2008-05-08,10443.2672512455
2008-05-09,10363.7950845367
2008-05-12,10395.3238384047
2008-05-13,10582.100723523
2008-05-14,10622.5956876993
2008-05-15,10799.2530413698
2008-05-16,10842.8944302139
2008-05-19,10964.9767719822
2008-05-20,10691.9936931116
2008-05-21,10635.4663661517
2008-05-22,10630.9666266912
2008-05-23,10427.9424980751
2008-05-26,10266.0421560997
2008-05-27,10352.1570282426
2008-05-28,10193.2702447941
2008-05-29,10216.43739586
2008-05-30,10151.1963404594
2008-06-02,10260.3193494742
2008-06-03,10094.4581224063
2008-06-04,10143.472091813
2008-06-05,10275.5805964043
2008-06-06,10276.8419419443
2008-06-09,10115.0445455323
2008-06-10,9855.0350396254
2008-06-11,9799.4482859795
2008-06-12,9453.3683882878
2008-06-13,9508.348364714
2008-06-16,9576.5543211286
2008-06-17,9625.6942447813
2008-06-18,9673.3138230347
2008-06-19,9471.7220107372
2008-06-20,9294.013013847
2008-06-23,9256.6001290607
2008-06-24,9079.3884469852
2008-06-25,9225.1936173008
2008-06-26,9184.4082371027
2008-06-27,8861.4313566787
2008-06-30,8818.1548335484
2008-08-01,8493.4363408742
2008-08-04,8465.4808000282
2008-08-05,8258.2993371011
2008-08-06,8506.4841965215
2008-08-07,8501.0662829988
2008-08-08,8743.0032456194
2008-08-11,8897.3193919361
2008-08-12,8861.4904475823
2008-08-13,8869.4278665961
2008-08-14,8930.9633765917
2008-08-15,8760.2973068777
2008-08-18,8508.143902145
2008-08-19,8484.1617061255
2008-08-20,8568.0160713511
2008-08-21,8421.6928628685
2008-08-22,8404.3452816477
2008-08-25,8566.3124981227
2008-08-26,8488.7462852729
2008-08-27,8638.2949368193
2008-08-28,8580.2981800315
2008-08-29,8619.2905774625
2008-09-01,8339.0385119723
2008-09-02,8219.8658249226
2008-09-03,8056.2507195572
2008-09-04,7852.3410919847
2008-09-05,7718.2893871354
2008-09-08,8138.4990024737
2008-09-09,7858.5223725196
2008-09-10,7911.0302536246
2008-09-11,7654.6312442586
2008-09-12,7727.9799745142
2008-09-15,7397.0854863034
2008-09-16,7022.8320071606
2008-09-17,7058.3588707372
2008-09-18,6859.2798327753
2008-09-19,7251.7456512568
2008-09-22,7435.8720604535
2008-09-23,7540.8518339675
2008-09-24,7496.5478288394
2008-09-25,7404.6271918724
2008-09-26,7224.4784119413
2008-09-30,6956.1881987677
2008-10-01,7016.1417957559
2008-10-02,6950.247949004
2008-10-03,7002.2250365526
2008-10-06,6717.7168153914
2008-10-07,6733.6573699031
2008-10-08,6354.9901387848
2008-10-09,6255.2969527015
2008-10-13,6099.5620675041
2008-10-14,6419.291598944
2008-10-15,6381.0047030116
2008-10-16,6175.1908180436
2008-10-17,6062.9323515006
2008-10-20,6034.7708181629
2008-10-21,6050.8267643593
2008-10-22,5963.7062164095
2008-10-23,5806.1228802122
2008-10-24,5622.1861325984
2008-10-27,5355.9191607244
2008-10-28,5380.7139010949
2008-10-29,5357.7915293735
2008-10-30,5691.3611600738
2008-10-31,5901.7638147428
2008-11-03,6082.6777406689
2008-11-04,6065.1816109519
2008-11-05,6045.7873923944
2008-11-06,5709.213162204
2008-11-07,5790.5376886118
2008-11-10,5792.1399772238
2008-11-11,5655.6554159206
2008-11-12,5620.1617864315
2008-11-13,5421.2986200677
2008-11-14,5423.7320521907
2008-11-17,5419.2164371513
2008-11-18,5270.471141209
2008-11-19,5249.3601109738
2008-11-20,5003.4898253556
2008-11-21,5088.2382922356
2008-11-24,5091.4381920859
2008-11-25,5196.2389426827
2008-11-26,5216.3554415351
2008-11-27,5435.011547833
2008-11-28,5445.6104764881
2008-12-01,5524.1481226934
2008-12-02,5345.9024589605
2008-12-03,5290.1409519586
2008-12-04,5220.8364555786
2008-12-05,5178.2962869751
2008-12-08,5402.4575791416
2008-12-09,5461.8435442856
2008-12-10,5673.5916157302
2008-12-11,5652.6772405454
2008-12-12,5459.1690529891
2008-12-15,5615.0371893377
2008-12-16,5605.505004323
2008-12-17,5627.9530724283
2008-12-18,5702.7812161526
2008-12-19,5703.0489019499
2008-12-22,5494.8059714656
2008-12-23,5331.1323731066
2008-12-24,5359.6436204381
2008-12-25,5350.535597731
2008-12-26,5362.2950935733
2008-12-29,5351.0150323869
2008-12-30,5558.570241769
2008-12-31,5571.4675243693
2009-01-05,5690.4107541622
2009-01-06,5737.8723285741
2009-01-07,5836.2885628959
2009-01-08,5535.7305818562
2009-01-09,5498.9553890892
2009-01-12,5423.4677044267
2009-01-13,5499.1164197891
2009-01-14,5495.3006278119
2009-01-15,5252.6384572675
2009-01-16,5287.3176740405
2009-01-19,5314.4699068907
2009-01-20,5166.6461210797
2009-01-21,5165.434599075
2009-02-02,5159.4287628882
2009-02-03,5296.8240794351
2009-02-04,5319.1563183125
2009-02-05,5289.8848297228
2009-02-06,5404.4173906835
2009-02-09,5425.4201645101
2009-02-10,5475.6039191361
2009-02-11,5526.8358373879
2009-02-12,5389.4795233913
2009-02-13,5550.1170491101
2009-02-16,5549.7282674101
2009-02-17,5442.9355603016
2009-02-18,5441.3012096508
2009-02-19,5471.8134614864
2009-02-20,5368.0682270826
2009-02-23,5408.5314641281
2009-02-24,5357.6331549918
2009-02-25,5433.624776585
2009-02-26,5462.9591641555
2009-02-27,5515.1613704108
2009-03-02,5342.087665698
2009-03-03,5356.8066464109
2009-03-04,5480.5099610057
2009-03-05,5600.956104776
2009-03-06,5597.8427866799
2009-03-09,5567.1147066966
2009-03-10,5638.2262062599
2009-03-11,5736.983123543
2009-03-12,5735.7207620366
2009-03-13,5910.50295301
2009-03-16,6002.9844080583
2009-03-17,6096.903630136
2009-03-18,6099.7970855033
2009-03-19,6100.2185222778
2009-03-20,6020.756483358
2009-03-23,6203.6172372274
2009-03-24,6333.6765311017
2009-03-25,6476.0941181033
2009-03-26,6536.9491540215
2009-03-27,6539.7579182313
2009-03-30,6289.6870181706
2009-03-31,6304.0945751353
2009-04-02,6643.9324821748
2009-04-03,6716.4303900441
2009-04-06,6755.1556326188
2009-04-07,6787.3198090373
2009-04-08,6634.571988353
2009-04-09,6905.927547869
2009-04-10,7051.6955979127
2009-04-13,7158.6860261294
2009-04-14,7209.2843109986
2009-04-15,7193.1393709803
2009-04-16,7369.8235430714
2009-04-17,7054.051193233
2009-04-20,7066.5171633877
2009-04-21,7206.5170139805
2009-04-22,7226.8741415568
2009-04-23,7202.5475942447
2009-04-24,7222.5471356827
2009-04-27,6982.7788072218
2009-04-28,6827.7818980046
2009-04-29,6842.356699595
2009-04-30,7301.8848206666
2009-05-04,7704.0933809092
2009-05-05,7784.1554875889
2009-05-06,8042.5985774272
2009-05-07,8065.6789115737
2009-05-08,8083.5387633164
2009-05-11,8171.2386154703
2009-05-12,7891.6879577642
2009-05-13,7948.1352002328
2009-05-14,7812.2547016608
2009-05-15,7977.0312869614
2009-05-18,8079.2968262998
2009-05-19,8169.7825779625
2009-05-20,8246.7270977552
2009-05-21,8261.2760102147
2009-05-22,8292.3919696146
2009-05-25,8296.1918928668
2009-05-26,8212.4951648461
2009-05-27,8436.5392708085
2009-06-01,8542.8258180675
2009-06-02,8527.6447463612
2009-06-03,8453.6581715789
2009-06-04,8335.8127073297
2009-06-05,8317.3225199519
2009-06-08,8141.4870766419
2009-06-09,7860.3626235039
2009-06-10,7895.9200514297
2009-06-11,8035.6025155089
2009-06-12,7906.6407627297
2009-06-15,7644.2303972532
2009-06-16,7633.8609839077
2009-06-17,7622.7349821254
2009-06-18,7543.2402514183
2009-06-19,7666.4672662898
2009-06-22,7805.1013026182
2009-06-23,7635.4402509987
2009-06-24,7859.1355721264
2009-06-25,7953.481244501
2009-06-26,7951.9151204038
2009-06-29,7869.5365175534
2009-06-30,7907.0486207737
2009-07-01,8101.3625139728
2009-07-02,8219.9411364364
2009-07-03,8218.8384949114
2009-07-06,8216.3298677326
2009-07-07,8300.2760599024
2009-07-08,8257.256272494
2009-07-09,8354.9792383128
2009-07-10,8373.6386536805
2009-07-13,8068.7355154838
2009-07-14,8209.5100523574
2009-07-15,8375.3697403814
2009-07-16,8432.8014056088
2009-07-17,8539.7449861328
2009-07-20,8655.9310564412
2009-07-21,8665.5350615147
2009-07-22,8712.259178587
2009-07-23,8699.3416009249
2009-07-24,8687.8709365309
2009-07-27,8759.273875683
2009-07-28,8915.298242465
2009-07-29,8857.5693334357
2009-07-30,8798.3132502146
2009-07-31,8825.4574166626
2009-08-03,8837.0257066304
2009-08-04,8712.2976418729
2009-08-05,8576.7325541671
2009-08-06,8610.156539719
2009-08-10,8618.9182930881
2009-08-11,8664.7036519162
2009-08-12,8651.9032016146
2009-08-13,8826.065526394
2009-08-14,8870.0039792761
2009-08-17,8700.7917703271
2009-08-18,8519.8912268408
2009-08-19,8521.8478317798
2009-08-20,8442.7797194043
2009-08-21,8349.1112514299
2009-08-24,8582.8335932108
2009-08-25,8542.7212959923
2009-08-26,8420.1872058355
2009-08-27,8384.4643252563
2009-08-28,8538.4645913932
2009-08-31,8564.8132841018
2009-09-01,8806.7008522629
2009-09-02,8853.9650619886
2009-09-03,8941.9645484758
2009-09-04,9006.1180642727
2009-09-07,9075.7644386197
2009-09-08,9189.2848006285
2009-09-09,9112.630659272
2009-09-10,9203.8316103962
2009-09-11,9226.6329062563
2009-09-14,9129.7101776565
2009-09-15,9238.96536837
2009-09-16,9366.0130250615
2009-09-17,9420.0937339952
2009-09-18,9485.2480395053
2009-09-21,9458.4294679109
2009-09-22,9409.9012376605
2009-09-23,9285.2830839713
2009-09-24,9234.6466070004
2009-09-25,9259.2620482464
2009-09-28,9181.3270297409
2009-09-29,9338.2679074839
2009-09-30,9436.0652328524
2009-10-01,9478.789656481
2009-10-02,9327.2843408352
2009-10-05,9373.2829346779
2009-10-06,9502.9215649019
2009-10-07,9607.7718432274
2009-10-08,9479.7830786594
2009-10-09,9571.8426030432
2009-10-12,9609.0272794796
2009-10-13,9595.4525319469
2009-10-14,9707.3729333628
2009-10-15,9723.2241544361
2009-10-16,9757.5109718966
2009-10-19,9815.2756348816
2009-10-20,9809.1145267283
2009-10-21,9743.0672296911
2009-10-22,9610.3046229321
2009-10-23,9672.0248824426
2009-10-26,9698.5469602681
2009-10-27,9686.2498101161
2009-10-28,9527.311822698
2009-10-29,9283.2771688819
2009-10-30,9266.1307758893
2009-11-02,9262.3098746086
2009-11-03,9253.8535004231
2009-11-04,9446.797674173
2009-11-05,9376.9484048575
2009-11-06,9435.5469903722
2009-11-09,9537.098823025
2009-11-10,9608.2675236499
2009-11-11,9686.7185756419
2009-11-12,9690.6711677516
2009-11-13,9689.0033703745
2009-11-16,9855.6187443072
2009-11-17,9770.7411231024
2009-11-18,9812.6270764599
2009-11-19,9803.3995430299
2009-11-20,9714.2327716633
2009-11-23,9715.7151479478
2009-11-24,9747.8189841455
2009-11-25,9801.102938651
2009-11-26,9787.3919689425
2009-11-27,9473.5919539473
2009-11-30,9583.7812934678
2009-12-01,9681.6086189922
2009-12-02,9719.3125691459
2009-12-03,9719.0880820152
2009-12-04,9672.5874101254
2009-12-07,9830.3106386456
2009-12-08,9822.1787087796
2009-12-09,9861.7091195989
2009-12-10,9712.5741156496
2009-12-11,9855.642660582
2009-12-14,9887.3658009384
2009-12-15,9871.5212699791
2009-12-16,9806.9916175833
2009-12-17,9788.3512712616
2009-12-18,9808.337659588
2009-12-21,9850.4489025748
2009-12-22,9935.250304179
2009-12-23,9990.8836855701
2009-12-24,10073.5030000586
2009-12-25,10088.7981052812
2009-12-28,10201.5402041407
2009-12-29,10202.1849328713
2009-12-30,10274.2177839604
2009-12-31,10370.2099984645
2010-01-04,10391.82450581
2010-01-05,10402.2475908975
2010-01-06,10556.61519812
2010-01-07,10442.2303227222
2010-01-08,10504.9179630978
2010-01-11,10556.9749671276
2010-01-12,10549.796453867
2010-01-13,10405.6520910723
2010-01-14,10528.7698469454
2010-01-15,10616.7775522885
2010-01-18,10599.1255422349
2010-01-19,10482.28553341
2010-01-20,10436.2849065623
2010-01-21,10313.6639587034
2010-01-22,10058.5422234269
2010-01-25,9993.6051395671
2010-01-26,9619.7970398984
2010-01-27,9573.3901607582
2010-01-28,9752.9435432628
2010-01-29,9657.3237543321
2010-02-01,9521.4125295887
2010-02-02,9401.7456951064
2010-02-03,9553.507150315
2010-02-04,9555.1736037623
2010-02-05,9135.3013543932
2010-02-08,9129.8047048792
2010-02-09,9312.8347463801
2010-02-10,9426.8568720282
2010-02-22,9581.2462460607
2010-02-23,9621.3861298922
2010-02-24,9546.4114293177
2010-02-25,9409.0431858669
2010-02-26,9413.0851007588
2010-03-01,9596.9228967995
2010-03-02,9620.0783729354
2010-03-03,9662.5647266332
2010-03-04,9591.5459192455
2010-03-05,9707.5253129501
2010-03-08,9828.4911499385
2010-03-09,9838.5459115041
2010-03-10,9848.8364641969
2010-03-11,9808.3649497301
2010-03-12,9814.8199668922
2010-03-15,9672.7016931751
2010-03-16,9757.6720940154
2010-03-17,9956.0373574798
2010-03-18,10010.5324799206
2010-03-19,10032.2307643043
2010-03-22,9961.2083040515
2010-03-23,9919.1561167296
2010-03-24,9919.7252020655
2010-03-25,9928.1884399005
2010-03-26,9974.5412750566
2010-03-29,10068.8705708822
2010-03-30,10089.2167352623
2010-03-31,10040.9921722325
2010-04-01,10160.626522664
2010-04-02,10174.1191642773
2010-04-06,10247.932924307
2010-04-07,10290.7200443153
2010-04-08,10218.9775148464
2010-04-09,10260.7805290141
2010-04-12,10290.6107128181
2010-04-13,10172.3469601622
2010-04-14,10252.6424108567
2010-04-15,10347.2136585615
2010-04-16,10283.3475091708
2010-04-19,9935.0088054982
2010-04-20,9995.6977930018
2010-04-21,10124.7593816723
2010-04-22,10119.4873829885
2010-04-23,10154.1327966904
2010-04-26,10339.9099838385
2010-04-27,10321.0541292489
2010-04-28,10253.8400282306
2010-04-29,10222.9793761252
2010-04-30,10151.6132912517
2010-05-03,10082.7604417009
2010-05-04,10061.8221338087
2010-05-05,9756.7998080872
2010-05-06,9599.5358004853
2010-05-07,9583.9053661805
2010-05-10,9712.527326083
2010-05-11,9631.0899227616
2010-05-12,9623.2156003309
2010-05-13,9838.756281895
2010-05-14,9840.907274405
2010-05-17,9630.6086561724
2010-05-18,9608.0567402745
2010-05-19,9574.8911327882
2010-05-20,9395.3009569413
2010-05-21,9140.6196765033
2010-05-24,9254.4053173647
2010-05-25,8938.478282345
2010-05-26,9042.7857351659
2010-05-27,9149.2343284826
2010-05-28,9220.6610105223
2010-05-31,9308.6298993734
2010-06-01,9197.7365848098
2010-06-02,9069.0740266611
2010-06-03,9281.466045671
2010-06-04,9257.1874398086
2010-06-07,9025.7920750875
2010-06-08,9027.2985906895
2010-06-09,8915.7016598938
2010-06-10,9056.5677977581
2010-06-11,9203.3005594642
2010-06-14,9315.8833838026
2010-06-15,9403.3895038673
2010-06-17,9478.6212411108
2010-06-18,9439.4403993029
2010-06-21,9627.1874473005
2010-06-22,9605.2532108695
2010-06-23,9570.1551027085
2010-06-24,9582.8567325749
2010-06-25,9433.5406402879
2010-06-28,9465.5600071187
2010-06-29,9370.9469783461
2010-06-30,9247.2197357556
2010-07-01,9150.4201091177
2010-07-02,9255.6576129554
2010-07-05,9401.5221858885
2010-07-06,9575.6487724668
2010-07-07,9583.381158804
2010-07-08,9699.2678852118
2010-07-09,9754.0700073609
2010-07-12,9758.7396946946
2010-07-13,9716.8691436163
2010-07-14,9884.5966196475
2010-07-15,9890.6315481446
2010-07-16,9843.2985728117
2010-07-19,9815.6174703925
2010-07-20,9898.8503827485
2010-07-21,9881.1590864143
2010-07-22,9842.717044402
2010-07-23,9966.44387838
2010-07-26,10018.1653323845
2010-07-27,9967.1129947447
2010-07-28,10045.1069056309
2010-07-29,10075.1907178151
2010-07-30,10030.9447228506
2010-08-02,10246.4539125863
2010-08-03,10317.5086681614
2010-08-04,10344.46520879
2010-08-05,10298.6531767464
2010-08-06,10352.8407514865
2010-08-09,10457.9998283681
2010-08-10,10380.4801827542
2010-08-11,10288.1240562499
2010-08-12,10242.4119390539
2010-08-13,10337.9661345297
2010-08-16,10405.8399364186
2010-08-17,10399.3405771624
2010-08-18,10392.8681129892
2010-08-19,10395.0376802268
2010-08-20,10396.8774138257
2010-08-23,10464.3124127155
2010-08-24,10426.3513802871
2010-08-25,10163.0358156617
2010-08-26,10095.0760120607
2010-08-27,10142.6618157262
2010-08-30,10159.7054824847
2010-08-31,9988.9229188528
2010-09-01,10059.9400995729
2010-09-02,10129.4548591945
2010-09-03,10280.9211743871
2010-09-06,10357.4697093256
2010-09-07,10352.4667663744
2010-09-08,10319.7372918245
2010-09-09,10294.8125767153
2010-09-10,10375.6903986928
2010-09-13,10640.0618500444
2010-09-14,10698.2448824045
2010-09-15,10741.1972001795
2010-09-16,10660.731212595
2010-09-17,10734.0050072069
2010-09-20,10763.1663856199
2010-09-21,10779.5258820149
2010-09-23,10815.1615117204
2010-09-24,10762.3240311434
2010-09-27,10789.0698328017
2010-09-28,10781.8440823
2010-09-29,10847.8450204227
2010-09-30,10836.2946692537
2010-10-01,10845.3992731764
2010-10-04,10849.5378177776
2010-10-05,10795.9736516611
2010-10-06,10904.9177568574
2010-10-07,10911.9567398047
2010-10-08,10848.1487553058
2010-10-11,10756.4828731549
2010-10-12,10640.5040361232
2010-10-13,10663.887657901
2010-10-14,10807.2517452215
2010-10-15,10791.3982906478
2010-10-18,10605.4776391308
2010-10-19,10582.2872351991
2010-10-20,10689.5068428241
2010-10-21,10698.9127110651
2010-10-22,10739.9079375291
2010-10-25,10934.5800442163
2010-10-26,10981.8727394702
2010-10-27,10911.8953510895
2010-10-28,10991.5545810731
2010-10-29,10894.9465533703
2010-11-01,11016.8118875302
2010-11-02,10969.8775927897
2010-11-03,10889.1307936944
2010-11-04,10979.9216037901
2010-11-05,11105.6856323057
2010-11-08,11091.6938570288
2010-11-09,11103.132206574
2010-11-10,11107.4109318251
2010-11-11,11095.009824417
2010-11-12,10932.9943323155
2010-11-15,10813.1042498636
2010-11-16,10906.3882035425
2010-11-17,10835.6099354914
2010-11-18,10882.1218419933
2010-11-19,10908.7464135193
2010-11-22,11005.0431117279
2010-11-23,10944.9009422356
2010-11-24,10902.8267763704
2010-11-25,10961.2262573932
2010-11-26,10907.5197291716
2010-11-29,10986.9718935294
2010-11-30,11007.0179771039
2010-12-01,11199.9367656984
2010-12-02,11270.8376873553
2010-12-03,11296.2651868136
2010-12-06,11404.3084328852
2010-12-07,11414.2593747489
2010-12-08,11413.4173118285
2010-12-09,11457.2712308335
2010-12-10,11411.7185635816
2010-12-13,11440.7872312202
2010-12-14,11451.544548184
2010-12-15,11461.2064898534
2010-12-16,11481.4170153936
2010-12-17,11509.7439593057
2010-12-20,11462.022179552
2010-12-21,11544.1626267081
2010-12-22,11591.6755513994
2010-12-23,11648.5665273491
2010-12-24,11597.7779962896
2010-12-27,11643.2505099032
2010-12-28,11610.1020496659
2010-12-29,11607.8187503111
2010-12-30,11666.6251576304
2010-12-31,11752.699173772
2011-01-03,11826.2734499303
2011-01-04,11784.9600056974
2011-01-05,11590.1858907895
2011-01-06,11625.8872844378
2011-01-07,11462.7736495584
2011-01-10,11489.9686042063
2011-01-11,11646.349136514
2011-01-12,11688.6373468425
2011-01-13,11707.5155487293
2011-01-14,11700.536168883
2011-01-17,11620.4206421689
2011-01-18,11696.3394394724
2011-01-19,11819.2766363664
2011-01-20,11749.5724366728
2011-01-21,11677.0941176861
2011-01-24,11658.5990856566
2011-01-25,11724.0461746232
2011-01-26,11820.0224952074
2011-01-27,11878.1781034978
2011-01-28,11924.4576758626
2011-02-08,11887.0492153969
2011-02-09,11762.1857124217
2011-02-10,11545.5812265811
2011-02-11,11231.5900581878
2011-02-14,11323.619753003
2011-02-15,11375.3778879793
2011-02-16,11368.2132677294
2011-02-17,11321.3026311036
2011-02-18,11541.4322523386
2011-02-21,11529.2470875871
2011-02-22,11306.6885757336
2011-02-23,11122.0504406236
2011-02-24,11147.0533078747
2011-02-25,11229.475267352
2011-03-01,11398.604263204
2011-03-02,11259.6519923084
2011-03-03,11422.3046491805
2011-03-04,11473.6701319451
2011-03-07,11385.9282236013
2011-03-08,11425.7885305794
2011-03-09,11430.3945962158
2011-03-10,11290.8234148027
2011-03-11,11191.1691225447
2011-03-14,11119.129890407
2011-03-15,10746.1312384817
2011-03-16,10866.6463585112
2011-03-17,10822.3976508969
2011-03-18,10968.9855114263
2011-03-21,11062.8232447551
2011-03-22,11125.6984008592
2011-03-23,11176.9362957874
2011-03-24,11211.5444371303
2011-03-25,11234.5414097922
2011-03-28,11155.971622648
2011-03-29,11220.3948375406
2011-03-30,11297.8711393293
2011-03-31,11346.2082730548
2011-04-01,11375.8150577651
2011-04-06,11553.7427531437
2011-04-07,11625.6306754442
2011-04-08,11614.0635606553
2011-04-11,11618.5384100982
2011-04-12,11422.7552894719
2011-04-13,11481.9663188471
2011-04-14,11526.5783009355
2011-04-15,11414.7838162164
2011-04-18,11412.4397707205
2011-04-19,11317.2689062214
2011-04-20,11541.5525682859
2011-04-21,11734.090740401
2011-04-22,11747.9896381268
2011-04-25,11729.9892221549
2011-04-26,11726.2737983522
2011-04-27,11841.4361046524
2011-04-28,11819.5023814849
2011-04-29,11769.9892030081
2011-05-03,11663.1908453565
2011-05-04,11675.7521488603
2011-05-05,11763.1260394882
2011-05-06,11701.8008413783
2011-05-09,11777.5576021901
2011-05-10,11775.5962707949
2011-05-11,11763.345205724
2011-05-12,11772.6925469017
2011-05-13,11731.6984866647
2011-05-16,11610.7446467254
2011-05-17,11562.32723293
2011-05-18,11652.1419697242
2011-05-19,11580.7282625468
2011-05-20,11497.7543871051
2011-05-23,11376.5051764794
2011-05-24,11393.2629747052
2011-05-25,11355.5992857553
2011-05-26,11446.1734102563
2011-05-27,11479.3854674258
2011-05-30,11484.0500946342
2011-05-31,11696.4547999017
2011-06-01,11796.6369112717
2011-06-02,11704.1850043541
2011-06-03,11771.3437410434
2011-06-07,11782.6781444362
2011-06-08,11712.337322194
2011-06-09,11711.2279788544
2011-06-10,11502.0565912734
2011-06-13,11333.1088389714
2011-06-14,11477.4697717845
2011-06-15,11469.9176861832
2011-06-16,11239.4247879442
2011-06-17,11231.037104655
2011-06-20,11071.8703377409
2011-06-21,11154.0761605813
2011-06-22,11199.2359455719
2011-06-23,11134.3328720551
2011-06-24,11103.5129190557
2011-06-27,11070.6434581761
2011-06-28,11040.0341876713
2011-06-29,11190.9878597037
2011-06-30,11301.6579267338
2011-07-01,11419.4191038902
2011-07-04,11461.296560748
2011-07-05,11482.1790136078
2011-07-06,11571.0866092093
2011-07-07,11543.1711123854
2011-07-08,11511.5529278621
2011-07-11,11436.2105676311
2011-07-12,11204.2013671884
2011-07-13,11201.5321380797
2011-07-14,11225.4920526845
2011-07-15,11376.5786765209
2011-07-18,11349.4240791321
2011-07-19,11360.5943530569
2011-07-20,11595.8223392846
2011-07-21,11643.328374848
2011-07-22,11717.2043010805
2011-07-25,11600.5478525731
2011-07-26,11756.0825643254
2011-07-27,11796.8382599557
2011-07-28,11739.8669430406
2011-07-29,11589.3643529822
2011-08-01,11673.7597307593
2011-08-02,11527.0519432495
2011-08-03,11360.2199518716
2011-08-04,11174.0456870452
2011-08-05,10545.3915570441
2011-08-08,10131.7364057747
2011-08-09,10079.198286677
2011-08-10,10407.4090535253
2011-08-11,10379.1177110386
2011-08-12,10280.9740978348
2011-08-15,10525.5827994617
2011-08-16,10508.035016724
2011-08-17,10434.4063332768
2011-08-18,10270.2417464818
2011-08-19,9878.7424653482
2011-08-22,9820.0227406403
2011-08-23,10151.1437373204
2011-08-24,10080.0843703029
2011-08-25,9959.542766323
2011-08-26,9997.9733901219
2011-08-29,10172.8243029958
2011-08-30,10277.6176956028
2011-08-31,10412.4804348255
2011-09-01,10450.2444408602
2011-09-02,10465.2423235677
2011-09-05,10175.042043341
2011-09-06,9910.5161834719
2011-09-07,10113.6513320736
2011-09-08,10140.8525413028
2011-09-09,10226.0009959694
2011-09-13,9916.8401672738
2011-09-14,9694.5076994188
2011-09-15,9901.2392366681
2011-09-16,10155.7041452035
2011-09-19,10013.3217247172
2011-09-20,10040.7423343694
2011-09-21,10084.0594945597
2011-09-22,9788.4626164571
2011-09-23,9428.2597517526
2011-09-26,9184.8016610991
2011-09-27,9461.2947349998
2011-09-28,9539.7300870691
2011-09-29,9591.8703698706
2011-09-30,9658.3186954721
2011-10-03,9366.9855933079
2011-10-04,9409.8923635783
2011-10-05,9323.4556481536
2011-10-06,9535.0769320421
2011-10-07,9651.7022456262
2011-10-11,9914.4602207391
2011-10-12,9884.4461419207
2011-10-13,9952.3638261683
2011-10-14,9849.9903014571
2011-10-17,9990.6147284258
2011-10-18,9846.262475962
2011-10-19,9832.0170574021
2011-10-20,9691.1451713626
2011-10-21,9697.5751612398
2011-10-24,9995.8695601732
2011-10-25,10030.1544348887
2011-10-26,10090.2430834629
2011-10-27,10133.671221396
2011-10-28,10191.3608538731
2011-10-31,10142.6944784439
2011-11-01,10190.4511305721
2011-11-02,10154.2780299468
2011-11-03,9956.2962949581
2011-11-04,10151.3290596673
2011-11-07,10172.9553190042
2011-11-08,10149.1326427383
2011-11-09,10097.4177607335
2011-11-10,9745.5328442361
2011-11-11,9820.671886198
2011-11-14,10019.1291159464
2011-11-15,9966.9754132893
2011-11-16,9823.1070873334
2011-11-17,9819.4961184597
2011-11-18,9613.7230541707
2011-11-21,9345.502736544
2011-11-22,9273.9051622926
2011-11-23,8998.7054400015
2011-11-24,9090.8353063282
2011-11-25,8989.6078039722
2011-11-28,9130.7150197396
2011-11-29,9261.9403038838
2011-11-30,9125.3462872406
2011-12-01,9501.9117660022
2011-12-02,9454.3809157806
2011-12-05,9387.1602994502
2011-12-06,9190.7562533859
2011-12-07,9289.7607564126
2011-12-08,9217.3377602152
2011-12-09,9116.1086553719
2011-12-12,9185.5445883819
2011-12-13,9104.9659211725
2011-12-14,9153.4166528809
2011-12-15,8948.7902589917
2011-12-16,8976.1787047819
2011-12-19,8755.0826247312
2011-12-20,8794.0626200021
2011-12-21,9196.7648157395
2011-12-22,9210.5474929433
2011-12-23,9417.8166327652
2011-12-26,9396.7715487256
2011-12-27,9378.3845973313
2011-12-28,9333.6360071794
2011-12-29,9358.9796464013
2011-12-30,9354.9371733086
2012-01-02,9263.5799356909
2012-01-03,9403.1663371744
2012-01-04,9447.1019513612
2012-01-05,9434.2697463752
2012-01-06,9424.6832390628
2012-01-09,9384.1848771261
2012-01-10,9497.9460596052
2012-01-11,9511.7097301967
2012-01-12,9502.2175077919
2012-01-13,9487.7661348914
2012-01-16,9403.7826556958
2012-01-17,9572.7238556414
2012-01-18,9575.4790972585
2012-01-30,9803.1953205818
2012-01-31,9967.698482436
2012-02-01,10036.0670308414
2012-02-02,10191.3860994324
2012-02-03,10233.4948072638
2012-02-06,10234.9194861127
2012-02-07,10263.6867814226
2012-02-08,10502.4931900995
2012-02-09,10555.5723183364
2012-02-10,10500.1318638319
2012-02-13,10579.7630932744
2012-02-14,10526.2796887354
2012-02-15,10687.8622327242
2012-02-16,10486.8993970733
2012-02-17,10501.2527552601
2012-02-20,10590.5713469926
2012-02-21,10541.3060095729
2012-02-22,10664.165940177
2012-02-23,10592.5258350024
2012-02-24,10610.2111485423
2012-02-29,10820.5224797819
2012-03-01,10829.9772808353
2012-03-02,10869.2909074282
2012-03-05,10679.5515356074
2012-03-06,10572.5674781677
2012-03-07,10526.8035747181
2012-03-08,10638.3539934151
2012-03-09,10680.452155357
2012-03-12,10550.2040718167
2012-03-13,10685.0858248067
2012-03-14,10796.6652648248
2012-03-15,10791.3157729441
2012-03-16,10722.0395737572
2012-03-19,10669.7017312668
2012-03-20,10572.0148686204
2012-03-21,10562.8405297821
2012-03-22,10672.986388595
2012-03-23,10694.7557297131
2012-03-26,10558.9503151353
2012-03-27,10620.3109706054
2012-03-28,10636.8073701823
2012-03-29,10413.2292793914
2012-03-30,10491.0104981849
2012-04-02,10385.9682219314
2012-04-03,10237.2799449831
2012-04-05,10085.4766295405
2012-04-06,10173.4998120549
2012-04-09,10029.6029843639
2012-04-10,10101.7626829434
2012-04-11,10119.7144773307
2012-04-12,10126.1431289858
2012-04-13,10278.6159867792
2012-04-16,10192.7858598002
2012-04-17,9996.3750445408
2012-04-18,10008.2209640277
2012-04-19,10023.4762972958
2012-04-20,9874.1810599488
2012-04-23,9836.0253982887
2012-04-24,9858.0456452031
2012-04-25,9957.4731481565
2012-04-26,9898.8530990004
2012-04-27,9812.3029257385
2012-04-30,9832.9553581964
2012-05-02,10068.4137450381
2012-05-03,10035.9165284665
2012-05-04,10115.0170149438
2012-05-07,9903.8147243697
2012-05-08,9932.2249038963
2012-05-09,9825.7997099106
2012-05-10,9828.4294404299
2012-05-11,9703.6557316289
2012-05-14,9669.4147395575
2012-05-15,9695.2098054063
2012-05-16,9487.3938733114
2012-05-17,9643.6345844136
2012-05-18,9387.0509442641
2012-05-21,9437.6526200275
2012-05-22,9563.7514120627
2012-05-23,9420.5088543035
2012-05-24,9364.8675886529
2012-05-25,9294.8299900771
2012-05-28,9366.9247331866
2012-05-29,9662.2225138535
2012-05-30,9551.9287348133
2012-05-31,9561.5069534063
2012-06-01,9346.4715846643
2012-06-04,9083.8664692653
2012-06-05,9215.5503671939
2012-06-06,9303.873903971
2012-06-07,9309.9294690757
2012-06-08,9218.2560750764
2012-06-11,9360.0082813696
2012-06-12,9303.4211129773
2012-06-13,9319.6637029097
2012-06-14,9310.9643477671
2012-06-15,9446.5149574552
2012-06-18,9592.4265249084
2012-06-19,9584.4847068646
2012-06-20,9659.4238707897
2012-06-21,9592.5207948239
2012-06-22,9515.6848769934
2012-06-25,9440.941027578
2012-06-26,9412.1189631539
2012-06-27,9471.0319832815
2012-06-28,9448.6413532158
2012-06-29,9616.5143218566
2012-07-02,9660.7640600859
2012-07-03,9761.3134751494
2012-07-04,9835.4057150601
2012-07-05,9811.0596998833
2012-07-06,9785.2844035835
2012-07-09,9742.3348708958
2012-07-10,9670.3855030823
2012-07-11,9708.6774746944
2012-07-12,9564.3220797884
2012-07-13,9526.3204731382
2012-07-16,9522.3972935077
2012-07-17,9622.6955811122
2012-07-18,9509.2367016142
2012-07-19,9629.1230461031
2012-07-20,9669.4862411237
2012-07-23,9501.3118315413
2012-07-24,9469.125833011
2012-07-25,9438.9048663917
2012-07-26,9415.5485078427
2012-07-27,9608.1266152733
2012-07-30,9665.5199425683
2012-07-31,9809.5201740035
2012-08-01,9832.8911798988
2012-08-03,9766.8123931384
2012-08-06,9858.8702460864
2012-08-07,9873.7572158928
2012-08-08,9938.1352412263
2012-08-09,10104.37960249
2012-08-10,10131.46073331
2012-08-13,10114.4299819862
2012-08-14,10174.3303311381
2012-08-15,10165.850585816
2012-08-16,10207.0171858236
2012-08-17,10186.4034092647
2012-08-20,10128.5486595841
2012-08-21,10230.0050541981
2012-08-22,10238.3152499098
2012-08-23,10248.4871567437
2012-08-24,10216.6674810703
2012-08-27,10187.7562222439
2012-08-28,10034.4891625881
2012-08-29,10075.255074999
2012-08-30,10047.7870180616
2012-08-31,10078.2728532867
2012-09-03,10151.6958910092
2012-09-04,10151.5450781375
2012-09-05,10052.6102934674
2012-09-06,10003.9734196442
2012-09-07,10114.4531171493
2012-09-10,10207.5918633816
2012-09-11,10198.282560935
2012-09-12,10327.8313218973
2012-09-13,10334.0628788038
2012-09-14,10555.4724827129
2012-09-17,10592.5887361957
2012-09-18,10561.8457413193
2012-09-19,10630.5950202364
2012-09-20,10557.8028131745
2012-09-21,10593.3031961817
2012-09-24,10608.4121658987
2012-09-25,10559.2266812171
2012-09-26,10453.4254525269
2012-09-27,10457.8401974306
2012-09-28,10474.6438551729
2012-10-01,10427.2057154088
2012-10-02,10482.6357292735
2012-10-03,10427.804751579
2012-10-04,10412.8924357356
2012-10-05,10419.882327902
2012-10-08,10332.9107361094
2012-10-09,10325.1065448194
2012-10-11,10134.176512477
2012-10-12,10100.060825396
2012-10-15,10070.9499120841
2012-10-16,10134.6092589319
2012-10-17,10125.9613992753
2012-10-18,10117.4941798738
2012-10-19,10051.0723685568
2012-10-22,10006.6442880753
2012-10-23,9956.7497856405
2012-10-24,9926.6023377193
2012-10-25,9855.0913631447
2012-10-26,9624.1266281688
2012-10-29,9549.0291932462
2012-10-30,9687.9581290752
2012-10-31,9653.3883063749
2012-11-01,9666.9364678963
2012-11-02,9703.9273516667
2012-11-05,9659.9953798882
2012-11-06,9736.6635761774
2012-11-07,9805.0505532333
2012-11-08,9744.3158491987
2012-11-09,9817.0942972912
2012-11-12,9771.1709733539
2012-11-13,9584.8745800142
2012-11-14,9618.121491696
2012-11-15,9598.115420279
2012-11-16,9577.1810510263
2012-11-19,9578.4202806283
2012-11-20,9598.2521623578
2012-11-21,9509.7803887556
2012-11-22,9524.9253182826
2012-11-23,9801.341336073
2012-11-26,9927.2325140547
2012-11-27,9948.1356188367
2012-11-28,9960.7451828961
2012-11-29,10056.5850022089
2012-11-30,10142.603206579
2012-12-03,10184.1613929893
2012-12-04,10204.6561160916
2012-12-05,10273.7628724368
2012-12-06,10238.7312138012
2012-12-07,10245.6421472882
2012-12-10,10218.8836004062
2012-12-11,10198.7243530626
2012-12-12,10314.0385731975
2012-12-13,10404.5802637046
2012-12-14,10327.157665002
2012-12-17,10244.4798114854
2012-12-18,10267.9542234829
2012-12-19,10310.7114584447
2012-12-20,10204.4226087972
2012-12-21,10106.5732544823
2012-12-24,10124.5080885116
2012-12-25,10259.9349541133
2012-12-26,10263.7096690831
2012-12-27,10291.4582070321
2012-12-28,10348.7712265271
2013-01-02,10432.1926995835
2013-01-03,10500.1841136166
2013-01-04,10446.3937083209
2013-01-07,10382.9248484305
2013-01-08,10343.2248111553
2013-01-09,10364.8411563119
2013-01-10,10461.8324192686
2013-01-11,10473.245924902
2013-01-14,10466.7090968833
2013-01-15,10397.8742138358
2013-01-16,10317.7826341332
2013-01-17,10189.1447431263
2013-01-18,10335.2383625977
2013-01-21,10336.8020576458
2013-01-22,10381.7742594088
2013-01-23,10359.1482055327
2013-01-24,10301.144857827
2013-01-25,10278.0163945937
2013-01-28,10337.7623360294
2013-01-29,10446.78583775
2013-01-30,10486.9095015272
2013-01-31,10512.7636907423
2013-02-01,10521.8127123352
2013-02-04,10602.8492302919
2013-02-05,10547.7472967466
2013-02-06,10549.6739217437
2013-02-18,10578.1255024139
2013-02-19,10604.3813635348
2013-02-20,10680.5548386435
2013-02-21,10599.0429185943
2013-02-22,10604.6393691833
2013-02-25,10611.4550034585
2013-02-26,10530.8388136762
2013-02-27,10542.856288346
2013-03-01,10637.0945303599
2013-03-04,10531.5654184521
2013-03-05,10602.3924933598
2013-03-06,10629.1953347495
2013-03-07,10659.0954128861
2013-03-08,10735.2437809291
2013-03-11,10793.0923629538
2013-03-12,10718.2826234349
2013-03-13,10690.1679801377
2013-03-14,10630.6418252765
2013-03-15,10607.9855271257
2013-03-18,10466.8841837038
2013-03-19,10515.6464804253
2013-03-20,10471.4843345019
2013-03-21,10494.1177531418
2013-03-22,10480.6180121584
2013-03-25,10549.9493575047
2013-03-26,10557.7493112202
2013-03-27,10593.1681725234
2013-03-28,10558.8739424035
2013-03-29,10630.6378969822
2013-04-01,10593.5761586527
2013-04-02,10621.7716598221
2013-04-03,10666.148962866
2013-04-08,10405.9231322993
2013-04-09,10383.1461190247
2013-04-10,10408.7092642244
2013-04-11,10523.5469378941
2013-04-12,10482.2075193138
2013-04-15,10409.2701909943
2013-04-16,10450.8954685106
2013-04-17,10470.0257103012
2013-04-18,10444.4947300818
2013-04-19,10564.2644187739
2013-04-22,10597.5470930626
2013-04-23,10588.5390712996
2013-04-24,10711.3366989298
2013-04-25,10694.894676629
2013-04-26,10675.3321536119
2013-04-29,10693.4917866031
2013-04-30,10770.1527218846
2013-05-02,10809.0780988517
2013-05-03,10826.0041146154
2013-05-06,10856.597762599
2013-05-07,10833.5468229632
2013-05-08,10963.7940788558
2013-05-09,10985.6151311153
2013-05-10,10983.9381412079
2013-05-13,10935.4871438169
2013-05-14,10927.1092539553
2013-05-15,11034.9798023201
2013-05-16,11163.9924471432
2013-05-17,11130.740350971
2013-05-20,11137.1788063851
2013-05-21,11167.8554544799
2013-05-22,11199.2080559073
2013-05-23,11011.0664377119
2013-05-24,10946.2667913049
2013-05-27,11017.6488169574
2013-05-28,11026.9765250341
2013-05-29,11119.5227772007
2013-05-30,10989.6096414542
2013-05-31,11014.3140672524
2013-06-03,10960.6794385903
2013-06-04,10924.3294120808
2013-06-05,10903.1711183137
2013-06-06,10801.1772246904
2013-06-07,10785.9855842749
2013-06-10,10885.8367778783
2013-06-11,10825.3355242998
2013-06-13,10624.6198539142
2013-06-14,10582.0653783911
2013-06-17,10665.8832699947
2013-06-18,10686.4126475274
2013-06-19,10696.1189331854
2013-06-20,10552.2185368719
2013-06-21,10398.6625774132
2013-06-24,10380.2841371623
2013-06-25,10235.8335600176
2013-06-26,10415.4055904105
2013-06-27,10528.1717632427
2013-06-28,10711.0321340572
2013-07-01,10719.132059933
2013-07-02,10663.442996087
2013-07-03,10549.1235468733
2013-07-04,10531.1610049742
2013-07-05,10668.7373414765
2013-07-08,10569.5470840589
2013-07-09,10687.6012349046
2013-07-10,10754.2295281534
2013-07-11,10964.7909421974
2013-07-12,11024.6180339569
2013-07-15,11093.7536547544
2013-07-16,11137.688146155
2013-07-17,11160.133484723
2013-07-18,11121.0076071832
2013-07-19,11031.6114327905
2013-07-22,11125.911088408
2013-07-23,11254.6388529015
2013-07-24,11202.4619314971
2013-07-25,11158.6121389337
2013-07-26,11141.9829573448
2013-07-29,11082.4855473828
2013-07-30,11181.4943065909
2013-07-31,11090.1303481184
2013-08-01,11053.5837550995
2013-08-02,11127.2244097678
2013-08-05,11188.4782601374
2013-08-06,11059.6852010244
2013-08-07,10911.997977382
2013-08-08,10917.9073350961
2013-08-09,10838.5260505732
2013-08-12,10919.3856890708
2013-08-13,11039.003830094
2013-08-14,10995.0444772868
2013-08-15,10915.7759372724
2013-08-16,10967.4768756796
2013-08-19,10945.637319594
2013-08-20,10856.7155761426
2013-08-22,10827.9251822385
2013-08-23,10885.047317094
2013-08-26,10923.7823570732
2013-08-27,10830.0094313664
2013-08-28,10819.0892598872
2013-08-29,10944.779621068
2013-08-30,11082.9028339192
2013-09-02,11088.0538906711
2013-09-03,11165.6409081664
2013-09-04,11179.6554865895
2013-09-05,11299.409269532
2013-09-06,11284.5223218394
2013-09-09,11323.8685003844
2013-09-10,11329.265509023
2013-09-11,11329.962730309
2013-09-12,11369.7475002923
2013-09-13,11294.7639743216
2013-09-16,11387.8245598373
2013-09-17,11379.240660123
2013-09-18,11351.1459137256
2013-09-23,11445.9414813677
2013-09-24,11463.0497301143
2013-09-25,11467.7927421853
2013-09-26,11334.3107197905
2013-09-27,11384.4611599339
2013-09-30,11331.7078151532
2013-10-01,11339.7921464245
2013-10-02,11364.4954750584
2013-10-03,11558.5814657867
2013-10-04,11581.2456036347
2013-10-07,11547.5487697894
2013-10-08,11584.5462001325
2013-10-09,11536.3150447252
2013-10-11,11522.5302893584
2013-10-14,11425.8978544423
2013-10-15,11544.3717347218
2013-10-16,11502.6134851182
2013-10-17,11554.9382245449
2013-10-18,11617.0840366275
2013-10-21,11583.136361068
2013-10-22,11561.3706151111
2013-10-23,11529.8831748104
2013-10-24,11574.2597312174
2013-10-25,11510.4490832832
2013-10-28,11571.331718747
2013-10-29,11591.7298900764
2013-10-30,11653.4236426871
2013-10-31,11636.8868512208
2013-11-01,11540.1935184895
2013-11-04,11494.1442953078
2013-11-05,11386.164445678
2013-11-06,11410.1070288547
2013-11-07,11412.858683906
2013-11-08,11342.624986766
2013-11-11,11290.7206405503
2013-11-12,11303.4013143726
2013-11-13,11190.0014368333
2013-11-14,11230.7092725233
2013-11-15,11289.5213487501
2013-11-18,11311.9946456831
2013-11-19,11405.0755467213
2013-11-20,11347.0345909262
2013-11-21,11211.9317547822
2013-11-22,11254.1338272337
2013-11-25,11350.2604770545
2013-11-26,11407.5436972503
2013-11-27,11460.3706755397
2013-11-28,11564.707611942
2013-11-29,11634.3862960338
2013-12-02,11654.087249748
2013-12-03,11626.7818716482
2013-12-04,11652.1760762683
2013-12-05,11600.1243436001
2013-12-06,11602.2614128142
2013-12-09,11693.6176037847
2013-12-10,11706.0274605031
2013-12-11,11676.477502416
2013-12-12,11591.9210607482
2013-12-13,11623.5886384892
2013-12-16,11532.3227644799
2013-12-17,11571.6473731915
2013-12-18,11601.5408643069
2013-12-19,11670.9013657522
2013-12-20,11680.0008160517
2013-12-23,11725.6627115182
2013-12-24,11730.8438051688
2013-12-25,11757.8869121899
2013-12-26,11771.6214507716
2013-12-27,11841.2964239645
2013-12-30,11957.8286258206
2013-12-31,11946.4343494283
2014-01-02,11962.2516435378
2014-01-03,11887.8257498593
2014-01-06,11814.9833399833
2014-01-07,11841.4522763218
2014-01-08,11880.7219356946
2014-01-09,11859.1806776675
2014-01-10,11867.4280760477
2014-01-13,11910.5216615678
2014-01-14,11874.9885167055
2014-01-15,11938.4643541649
2014-01-16,11924.8327929918
2014-01-17,11892.7288431113
2014-01-20,11932.5285270082
2014-01-21,11912.7384134055
2014-01-22,11938.285681145
2014-01-23,11891.2251128786
2014-01-24,11889.2848988929
2014-01-27,11719.4977462367
2014-02-05,11473.7991212119
2014-02-06,11524.8409650726
2014-02-07,11615.4174428432
2014-02-10,11636.8028897051
2014-02-11,11675.6067027714
2014-02-12,11793.8623890783
2014-02-13,11726.4360303642
2014-02-14,11762.7030580943
2014-02-17,11757.9387021872
2014-02-18,11821.8836898187
2014-02-19,11854.2434751299
2014-02-20,11793.568034148
2014-02-21,11899.9242503882
2014-02-24,11842.6557938006
2014-02-25,11851.9810207078
2014-02-26,11898.285764253
2014-02-27,11951.6054306268
2014-03-03,11892.991242002
2014-03-04,11826.0375848528
2014-03-05,11912.9746857802
2014-03-06,11997.1015782698
2014-03-07,11976.8743594546
2014-03-10,11921.4855139214
2014-03-11,11965.4950837547
2014-03-12,11951.6899806531
2014-03-13,12002.01825074
2014-03-14,11928.725612235
2014-03-17,11961.4034727741
2014-03-18,12004.0690299964
2014-03-19,11938.1596209617
2014-03-20,11828.8257904822
2014-03-21,11790.7417265411
2014-03-24,11834.5006948949
2014-03-25,11951.2261787528
2014-03-26,11998.5917332072
2014-03-27,12057.4648042864
2014-03-28,12029.7660282746
2014-03-31,12132.1011242654
2014-04-01,12155.1288239368
2014-04-02,12198.4758139073
2014-04-03,12193.2764721923
2014-04-07,12188.6770119879
2014-04-08,12185.5159254952
2014-04-09,12251.6012898254
2014-04-10,12271.8286637633
2014-04-11,12202.1374393958
2014-04-14,12116.0771852089
2014-04-15,12180.5168955014
2014-04-16,12212.3102119801
2014-04-17,12258.0366656592
2014-04-18,12250.5710636624
2014-04-21,12247.2646856875
2014-04-22,12283.9065091118
2014-04-23,12263.202493485
2014-04-24,12245.3233076132
2014-04-25,12013.3427439626
2014-04-28,12061.8062873862
2014-04-29,12137.9821051455
2014-04-30,12040.2726896683
2014-05-02,12165.7983155569
2014-05-05,12185.0453167182
2014-05-06,12236.6970501315
2014-05-07,12199.4605421865
2014-05-08,12244.1923102865
2014-05-09,12172.6574136164
2014-05-12,12067.3644207805
2014-05-13,12053.5090167462
2014-05-14,12121.7047169057
2014-05-15,12130.4267635426
2014-05-16,12142.5733884852
2014-05-19,12174.2812383883
2014-05-20,12155.4072521688
2014-05-21,12123.2742600747
2014-05-22,12269.3539497603
2014-05-23,12329.5068226494
2014-05-26,12358.9128667316
2014-05-27,12381.9424272868
2014-05-28,12478.4488735724
2014-05-29,12486.7259020655
2014-05-30,12470.7417646482
2014-06-03,12501.4998363709
2014-06-04,12482.3465401561
2014-06-05,12521.4762565012
2014-06-06,12518.632348614
2014-06-09,12555.7185852029
2014-06-10,12628.2665462014
2014-06-11,12632.930188287
2014-06-12,12614.5032322162
2014-06-13,12608.5825585962
2014-06-16,12604.8638422621
2014-06-17,12650.6201077593
2014-06-18,12706.6692391845
2014-06-19,12757.2266447621
2014-06-20,12711.0630157328
2014-06-23,12669.5662032226
2014-06-24,12707.7948221352
2014-06-25,12694.6375379893
2014-06-26,12809.2407252898
2014-06-27,12783.9813768514
2014-06-30,12907.2253175187
2014-07-01,12979.6226780329
2014-07-02,12984.8234087912
2014-07-03,13039.0360885709
2014-07-04,13029.1208570439
2014-07-07,13036.420367521
2014-07-08,13076.9744232699
2014-07-09,13037.9900011326
2014-07-10,13159.093374992
2014-07-11,13026.3485324564
2014-07-14,13127.4564699805
2014-07-15,13200.7902258976
2014-07-16,13122.6493202555
2014-07-17,13115.9897926886
2014-07-18,13122.1283821411
2014-07-21,13187.5279267708
2014-07-22,13268.6186897538
2014-07-24,13321.1311432951
2014-07-25,13216.505400632
2014-07-28,13211.2836655925
2014-07-29,13135.688747254
2014-07-30,13223.1547462954
2014-07-31,13076.4221934286
2014-08-01,13023.3595063374
2014-08-04,13076.487717982
2014-08-05,12837.0978805662
2014-08-06,12835.2320027292
2014-08-07,12812.2286524929
2014-08-08,12754.8910493961
2014-08-11,12904.8135803009
2014-08-12,12876.5737988724
2014-08-13,12985.7050011157
2014-08-14,12978.6858555609
2014-08-15,12941.2555558282
2014-08-18,12851.4246918613
2014-08-19,13007.0609552204
2014-08-20,13057.9776945425
2014-08-21,13021.9215266576
2014-08-22,13210.9122114897
2014-08-25,13238.8534479978
2014-08-26,13254.0219965105
2014-08-27,13388.5975964464
2014-08-28,13409.7448277283
2014-08-29,13358.9495853762
2014-09-01,13418.2830558878
2014-09-02,13274.1180787023
2014-09-03,13327.6155595058
2014-09-04,13300.8209948831
2014-09-05,13278.0460779107
2014-09-09,13320.9753603618
2014-09-10,13225.5132464184
2014-09-11,13170.0007462346
2014-09-12,13039.4159710483
2014-09-15,13023.1769690661
2014-09-16,12902.635198701
2014-09-17,12975.5839254501
2014-09-18,13035.5913228026
2014-09-19,13041.0647872777
2014-09-22,12913.5897892213
2014-09-23,12826.8105325212
2014-09-24,12842.2990439082
2014-09-25,12717.218605115
2014-09-26,12696.3720274168
2014-09-29,12656.9549669289
2014-09-30,12673.8223445291
2014-10-01,12689.6762647432
2014-10-02,12672.6577030278
2014-10-03,12832.8662049493
2014-10-06,12793.80988972
2014-10-07,12720.833697993
2014-10-08,12618.7359783073
2014-10-09,12601.4376647176
2014-10-13,12256.0506812616
2014-10-14,12341.1127461511
2014-10-15,12153.4305843809
2014-10-16,12118.6039891416
2014-10-17,11898.4247528164
2014-10-20,12104.2024855323
2014-10-21,12103.8913822215
2014-10-22,12200.5464291514
2014-10-23,12191.8501293144
2014-10-24,12083.0181979182
2014-10-27,12021.0157229364
2014-10-28,12251.9832680072
2014-10-29,12445.6254698793
2014-10-30,12427.4195490064
2014-10-31,12538.9591981342
2014-11-03,12580.1062167863
2014-11-04,12540.4208461403
2014-11-05,12497.7555126417
2014-11-06,12382.8940639786
2014-11-07,12431.650105576
2014-11-10,12602.0602822625
2014-11-11,12583.7923628299
2014-11-12,12427.4592469502
2014-11-13,12498.0486963999
2014-11-14,12487.5243849956
2014-11-17,12357.8599214893
2014-11-18,12338.3339823709
2014-11-19,12441.6416457035
2014-11-20,12584.9676914724
2014-11-21,12611.9975627104
2014-11-24,12661.1534439661
2014-11-25,12644.5415610506
2014-11-26,12654.3630082442
2014-11-27,12709.1370163539
2014-11-28,12723.4763344156
2014-12-01,12633.1401960289
2014-12-02,12536.0772248334
2014-12-03,12755.0428109648
2014-12-04,12820.6287717497
2014-12-05,12812.9913078151
2014-12-08,12774.3282128541
2014-12-09,12680.0634674193
2014-12-10,12553.6370725122
2014-12-11,12545.1447049284
2014-12-12,12560.6730215622
2014-12-15,12478.3234593707
2014-12-16,12466.693917633
2014-12-17,12306.2409645344
2014-12-18,12372.4141717449
2014-12-19,12469.4889222484
2014-12-22,12615.8281065876
2014-12-23,12634.860585847
2014-12-24,12770.1137157783
2014-12-25,12733.2274765252
2014-12-26,12800.2275004214
2014-12-29,12887.0253019888
2014-12-30,12872.9993332687
2014-12-31,12920.7972927087
2015-01-05,12889.1639998312
2015-01-06,12613.2570938375
2015-01-07,12657.0405331705
2015-01-08,12852.3983365308
2015-01-09,12874.8696671448
2015-01-12,12844.827177745
2015-01-13,12923.8190924335
2015-01-14,12878.6448956375
2015-01-15,12830.6718592084
2015-01-16,12702.8082303807
2015-01-19,12731.1744901557
2015-01-20,12870.2723187564
2015-01-21,12935.7512057511
2015-01-22,13030.1875094239
2015-01-23,13120.210904925
2015-01-26,13131.0033963646
2015-01-27,13172.9287429606
2015-01-28,13162.8814976959
2015-01-29,13070.7287271947
2015-01-30,13002.2739049842
2015-02-02,13020.830990179
2015-02-03,13091.2894415613
2015-02-04,13174.5104547798
2015-02-05,13178.5575685325
2015-02-06,13124.4189656469
2015-02-09,13083.0969625862
2015-02-10,13031.2778494362
2015-02-11,13062.6524843281
2015-02-12,13110.1715139114
2015-02-13,13163.166137761
2015-02-24,13288.0440333426
2015-02-25,13351.9137180351
2015-02-26,13282.6327729324
2015-03-02,13270.1879531812
2015-03-03,13255.5184285129
2015-03-04,13281.127625264
2015-03-05,13245.5474012225
2015-03-06,13341.3111648574
2015-03-09,13259.1987639423
2015-03-10,13238.804615933
2015-03-11,13187.3168528035
2015-03-12,13275.1381561546
2015-03-13,13233.742140964
2015-03-16,13170.4109669743
2015-03-17,13169.0392893025
2015-03-18,13287.2475129416
2015-03-19,13413.528803151
2015-03-20,13434.2866373908
2015-03-23,13454.8514843015
2015-03-24,13441.0272973863
2015-03-25,13345.7376298451
2015-03-26,13346.7372895048
2015-03-27,13205.365901149
2015-03-30,13234.6858168206
2015-03-31,13293.671445587
2015-04-01,13188.7837438961
2015-04-02,13294.3480618857
2015-04-07,13375.1887938518
2015-04-08,13306.1173185435
2015-04-09,13299.8003372727
2015-04-10,13321.2127778963
2015-04-13,13399.4677647808
2015-04-14,13403.4599390814
2015-04-15,13253.7629103743
2015-04-16,13383.2813557183
2015-04-17,13309.8400327746
2015-04-20,13273.4094210811
2015-04-21,13250.3561996688
2015-04-22,13362.8284816468
2015-04-23,13608.3721768228
2015-04-24,13714.4623853055
2015-04-27,13824.385663712
2015-04-28,13798.2625525935
2015-04-29,13676.0290777008
2015-04-30,13643.472375605
2015-05-04,13676.7411618537
2015-05-05,13643.9551956077
2015-05-06,13633.6865254374
2015-05-07,13465.0628894025
2015-05-08,13445.6740447618
2015-05-11,13372.006872451
2015-05-12,13413.0836205258
2015-05-13,13475.4639808313
2015-05-14,13322.6456759129
2015-05-15,13265.4323084986
2015-05-18,13307.9844692091
2015-05-19,13484.9986830005
2015-05-20,13434.5987283452
2015-05-21,13277.8116424062
2015-05-22,13374.2069376522
2015-05-25,13356.0131548036
2015-05-26,13408.7560037242
2015-05-27,13468.7673582318
2015-05-28,13471.0303085277
2015-05-29,13466.3368221741
2015-06-01,13360.446048516
2015-06-02,13356.4404368751
2015-06-03,13278.3122420161
2015-06-04,12973.4337604089
2015-06-05,12974.0978823132
2015-06-08,13041.3524398484
2015-06-09,12751.0384771871
2015-06-10,12914.8269169065
2015-06-11,12863.8875856417
2015-06-12,12849.0658305812
2015-06-15,12803.2296994342
2015-06-16,12742.9565970186
2015-06-17,12700.3953657369
2015-06-18,12753.4106240993
2015-06-22,12951.8648685401
2015-06-23,12998.024514032
2015-06-24,13001.0268004458
2015-06-25,13107.2489188944
2015-06-26,13101.9613137029
2015-06-29,12847.3993781005
2015-06-30,12989.0468530629
2015-07-01,13081.0398206163
2015-07-02,13089.1834678717
2015-07-03,13048.9957618473
2015-07-06,12917.3810740783
2015-07-07,12915.735904955
2015-07-08,12511.6149709655
2015-07-09,12454.4840258566
2015-07-13,12628.8507974716
2015-07-14,12656.2535017328
2015-07-15,12712.7291208372
2015-07-16,12759.1582653694
2015-07-17,12716.7655563813
2015-07-20,12621.2649893294
2015-07-21,12656.7309709317
2015-07-22,12543.4057598192
2015-07-23,12399.8452164463
2015-07-24,12357.5506176088
2015-07-27,12057.3359070828
2015-07-28,12107.5047765146
2015-07-29,12069.7380429588
2015-07-30,12183.2763588604
2015-07-31,12197.7029671138
2015-08-03,12040.3313148073
2015-08-04,12000.4778970023
2015-08-05,12089.3170099141
2015-08-06,11958.1405970386
2015-08-07,11962.2385362947
2015-08-10,12082.268758824
2015-08-11,11945.6623347316
2015-08-12,11794.9315070077
2015-08-13,11873.5415455599
2015-08-14,11894.9782083854
2015-08-17,11777.8529781041
2015-08-18,11687.2359954703
2015-08-19,11444.6126969619
2015-08-20,11446.9163907965
2015-08-21,11118.7134734332
2015-08-24,10584.8626586965
2015-08-25,10901.4304977109
2015-08-26,10984.6874998562
2015-08-27,11155.8602719405
2015-08-28,11466.1786329152
2015-08-31,11668.3100424429
2015-09-01,11486.3375616226
2015-09-02,11495.5802692483
2015-09-03,11607.292377793
2015-09-04,11478.1399817007
2015-09-07,11492.6874199515
2015-09-08,11510.2572935248
2015-09-09,11896.5202064933
2015-09-10,11926.3545885082
2015-09-11,11949.7897964226
2015-09-14,11953.0682028959
2015-09-15,11897.1772049906
2015-09-16,11966.07985492
2015-09-17,12131.0894025615
2015-09-18,12151.325729195
2015-09-21,11924.5940741981
2015-09-22,12030.7773575139
2015-09-23,11810.6811175846
2015-09-24,11654.533963337
2015-09-25,11669.9582912815
2015-09-30,11706.5919120226
2015-10-01,11846.1370881551
2015-10-02,11883.1128624551
2015-10-05,11954.5604747263
2015-10-06,12016.6994614593
2015-10-07,12155.5758075228
2015-10-08,12059.0499590265
2015-10-12,12235.0358333031
2015-10-13,12239.9094044552
2015-10-14,12178.9994437194
2015-10-15,12259.5206541765
2015-10-16,12301.1797001632
2015-10-19,12338.0057275854
2015-10-20,12360.1086239447
2015-10-21,12293.6186889517
2015-10-22,12307.220790983
2015-10-23,12379.2502761399
2015-10-26,12498.1315980849
2015-10-27,12439.5192840351
2015-10-28,12395.4185030735
2015-10-29,12259.4982970744
2015-10-30,12231.5774229457
2015-11-02,12317.5067282628
2015-11-03,12451.9458865706
2015-11-04,12617.8487327873
2015-11-05,12635.3037304305
2015-11-06,12411.3966962092
2015-11-09,12297.2715415905
2015-11-10,12157.9616612812
2015-11-11,11984.4900787423
2015-11-12,11991.8271078611
2015-11-13,11864.0962761359
2015-11-16,11821.9179214783
2015-11-17,11977.2692239042
2015-11-18,11867.8276621678
2015-11-19,12044.4834412729
2015-11-20,12017.9816948597
2015-11-23,12051.5058877838
2015-11-24,11931.1635634208
2015-11-25,11886.8440667189
2015-11-26,12029.0708365304
2015-11-27,11934.9411439192
2015-11-30,11806.1781752829
2015-12-01,11992.1884865241
2015-12-02,11982.3672140737
2015-12-03,11980.1511312201
2015-12-04,11913.7824668233
2015-12-07,11962.3276156564
2015-12-08,11793.4678171874
2015-12-09,11632.6938397862
2015-12-10,11603.2162116647
2015-12-11,11458.4395166537
2015-12-14,11340.0944856149
2015-12-15,11409.1784644693
2015-12-16,11514.9019159498
2015-12-17,11716.9113204075
2015-12-18,11655.9225566177
2015-12-21,11704.1855962778
2015-12-22,11714.5602330032
2015-12-23,11759.7583431683
2015-12-24,11766.9242270761
2015-12-25,11817.122931547
2015-12-28,11802.0063295263
2015-12-29,11716.4077799554
2015-12-30,11686.16187266
2015-12-31,11775.2334280064
2016-01-04,11454.220711537
2016-01-05,11411.0456394759
2016-01-06,11306.8475199899
2016-01-07,11113.4048522534
2016-01-08,11168.3984049671
2016-01-11,11007.2976643779
2016-01-12,10974.0320315711
2016-01-13,11060.1589438675
2016-01-14,10953.5718604668
2016-01-15,10903.7832087434
2016-01-18,10985.1592627128
2016-01-19,11043.2832660353
2016-01-20,10835.2009076946
2016-01-21,10769.7814720811
2016-01-22,10872.6092691304
2016-01-25,11086.5087538824
2016-01-26,11006.4949768626
2016-01-27,11012.9951618641
2016-01-28,11097.3268769517
2016-01-29,11345.2313878816
2016-02-01,11457.4186460725
2016-02-02,11436.5102983363
2016-02-03,11271.5439705559
2016-02-15,11291.4869939632
2016-02-16,11496.9013672464
2016-02-17,11493.3660354723
2016-02-18,11616.9466531379
2016-02-19,11634.0929611339
2016-02-22,11636.8085866103
2016-02-23,11671.1329241803
2016-02-24,11606.7827599349
2016-02-25,11708.4965506019
2016-02-26,11804.8603785769
2016-03-01,11885.0919808191
2016-03-02,11967.4871916146
2016-03-03,12065.4624971305
2016-03-04,12139.9289489006
2016-03-07,12173.899884599
2016-03-08,12181.8346839911
2016-03-09,12116.7055604995
2016-03-10,12138.9634785254
2016-03-11,12207.157208375
2016-03-14,12261.9701423556
2016-03-15,12056.6917753612
2016-03-16,12180.9794658612
2016-03-17,12203.5995062457
2016-03-18,12315.4826583123
2016-03-21,12311.6382823851
2016-03-22,12288.2458326434
2016-03-23,12241.4412938059
2016-03-24,12218.0649221689
2016-03-25,12161.5816520384
2016-03-28,12123.3145910881
2016-03-29,12002.483144866
2016-03-30,12165.1194700201
2016-03-31,12171.0056133544
2016-04-01,12077.1495155262
2016-04-06,11910.9908301497
2016-04-07,11857.3115957215
2016-04-08,11897.9159844212
2016-04-11,11918.2797976152
2016-04-12,11866.0277730618
2016-04-13,12023.1883294951
2016-04-14,12049.1352839759
2016-04-15,12132.5613270564
2016-04-18,12097.5202159363
2016-04-19,12051.1220490901
2016-04-20,11904.4540291831
2016-04-21,11949.7180927173
2016-04-22,11902.3063063063
2016-04-25,11928.3559157917
2016-04-26,11956.4103937666
2016-04-27,11947.7404436974
2016-04-28,11851.170365957
2016-04-29,11736.1005709315
2016-05-03,11634.0161734233
2016-05-04,11460.5275085575
2016-05-05,11424.0989251908
2016-05-06,11381.6209946251
2016-05-09,11364.6109114373
2016-05-10,11412.4320684767
2016-05-11,11378.1073332625
2016-05-12,11346.9326755583
2016-05-13,11285.7463832767
2016-05-16,11301.5348102513
2016-05-17,11386.0932685743
2016-05-18,11417.9916702031
2016-05-19,11312.1451036379
2016-05-20,11349.0364670456
2016-05-23,11623.5467426817
2016-05-24,11593.5899036419
2016-05-25,11701.6655326007
2016-05-26,11691.1229491247
2016-05-27,11784.9384506079
2016-05-30,11897.3555442306
2016-05-31,11904.0012041717
2016-06-01,11969.7954819361
2016-06-02,11901.7377845135
2016-06-03,11936.362161013
2016-06-06,11945.3556137745
2016-06-07,12068.2708121142
2016-06-08,12077.1212078869
2016-06-13,11830.2826225741
2016-06-14,11896.4495499466
2016-06-15,11933.0057777561
2016-06-16,11782.9176150303
2016-06-17,11869.8905802067
2016-06-20,11965.9135233795
2016-06-21,12030.3990236595
2016-06-22,12075.8260939855
2016-06-23,12045.6774974861
2016-06-24,11787.9428037563
2016-06-27,11838.80512895
2016-06-28,11896.0511686877
2016-06-29,12004.5365418608
2016-06-30,12100.8179841628
2016-07-01,12171.00348298
2016-07-04,12232.0063886273
2016-07-05,12191.0471761053
2016-07-06,12006.8951456308
2016-07-07,12090.9963835699
2016-07-11,12260.3405105341
2016-07-12,12356.390320478
2016-07-13,12442.4585057461
2016-07-14,12462.6427066046
2016-07-15,12610.0340362978
2016-07-18,12716.1837542163
2016-07-19,12765.1443278699
2016-07-20,12731.6862750086
2016-07-21,12826.9022049322
2016-07-22,12768.7926629582
2016-07-25,12732.8844871831
2016-07-26,12781.4625513492
2016-07-27,12819.5419811302
2016-07-28,12826.5771521682
2016-07-29,12738.4234860255
2016-08-01,12849.2607702069
2016-08-02,12856.1395307296
2016-08-03,12799.0654295444
2016-08-04,12820.3553266268
2016-08-05,12912.2136784651
2016-08-08,12997.6620970146
2016-08-09,13003.6411809879
2016-08-10,13071.9023674658
2016-08-11,13004.8067229373
2016-08-12,13023.2745833742
2016-08-15,13018.7518203697
2016-08-16,13007.396228932
2016-08-17,12998.9112260292
2016-08-18,13034.1595254922
2016-08-19,12906.7685822718
2016-08-22,12848.6859854308
2016-08-23,12895.6655741624
2016-08-24,12903.8147802114
2016-08-25,13032.9333859014
2016-08-26,13055.1113789019
2016-08-29,13035.8917308026
2016-08-30,13070.7588402704
2016-08-31,12966.8461195877
2016-09-01,12890.4543989933
2016-09-02,12907.5418015759
2016-09-05,13039.7879197616
2016-09-06,13183.317110997
2016-09-07,13210.401580702
2016-09-08,13252.4907540244
2016-09-09,13120.6883191307
2016-09-12,12819.8614989553
2016-09-13,12809.0895165123
2016-09-14,12765.1081880504
2016-09-19,13062.238531673
2016-09-20,13070.4430129293
2016-09-21,13178.2834765355
2016-09-22,13175.374870394
2016-09-23,13230.917138732
2016-09-26,13127.6044922228
2016-09-29,13207.460245614
2016-09-30,13072.3701968029
2016-10-03,13158.5524873092
2016-10-04,13236.0822713665
2016-10-05,13224.4450275635
2016-10-06,13222.5268609212
2016-10-07,13182.9762477053
2016-10-11,13111.4254676877
2016-10-12,13138.0514588604
2016-10-13,13095.2739239097
2016-10-14,13009.5739115093
2016-10-17,13050.8491195198
2016-10-18,13123.83219853
2016-10-19,13192.4880476824
2016-10-20,13235.004456836
2016-10-21,13246.3563673454
2016-10-24,13236.2633602389
2016-10-25,13315.6681248833
2016-10-26,13297.5330292795
2016-10-27,13234.0288967802
2016-10-28,13231.7242301258
2016-10-31,13217.7491102141
2016-11-01,13172.4141138329
2016-11-02,12994.1503811945
2016-11-03,12893.0406036305
2016-11-04,12894.635489622
2016-11-07,13037.0331924317
2016-11-08,13092.1212398413
2016-11-09,12716.0109212415
2016-11-10,13024.5646444525
2016-11-11,12748.7802574549
2016-11-14,12733.9200955426
2016-11-15,12725.3185263583
2016-11-16,12779.4031556068
2016-11-17,12813.6501571929
2016-11-18,12844.7338512418
2016-11-21,12900.7906671677
2016-11-22,13014.6796190748
2016-11-23,13069.4468345901
2016-11-24,13062.5243415968
2016-11-25,13091.1213060917
2016-11-28,13169.8252984177
2016-11-29,13148.9440228757
2016-11-30,13217.3901013623
2016-12-01,13256.88895871
2016-12-02,13204.7087929769
2016-12-05,13139.0264632862
2016-12-06,13249.1727468337
2016-12-07,13279.5361229617
2016-12-08,13412.3191416399
2016-12-09,13433.8307631069
2016-12-12,13375.0362455826
2016-12-13,13415.5938286238
2016-12-14,13369.3269227679
2016-12-15,13362.6927371511
2016-12-16,13334.7148313413
2016-12-19,13221.2435953389
2016-12-20,13226.588746346
2016-12-21,13198.5623334265
2016-12-22,13065.5975407585
2016-12-23,13003.7340211054
2016-12-26,13043.7215127787
2016-12-27,13033.8989128201
2016-12-28,13162.9896170384
2016-12-29,13109.7444373992
2016-12-30,13260.8089665352
2017-01-03,13271.4063232863
2017-01-04,13295.7720918145
2017-01-05,13411.355612765
2017-01-06,13428.1126056295
2017-01-09,13376.512953274
2017-01-10,13389.0158571372
2017-01-11,13412.6422946811
2017-01-12,13485.9621790263
2017-01-13,13477.4363763731
2017-01-16,13358.2035941292
2017-01-17,13442.9724067718
2017-01-18,13421.1622169617
2017-01-19,13387.4962890761
2017-01-20,13402.9069401056
2017-01-23,13501.8126503467
2017-01-24,13535.5915118092
2017-02-02,13517.9495549302
2017-02-03,13564.0170612522
2017-02-06,13706.9478851147
2017-02-07,13735.692993174
2017-02-08,13731.5481590827
2017-02-09,13805.3674271152
2017-02-10,13913.0828186421
2017-02-13,13959.6178500575
2017-02-14,13974.3169860135
2017-02-15,14091.721041624
2017-02-16,14042.1952257617
2017-02-17,14014.4820673228
2017-02-20,13995.4075708471
2017-02-21,14014.0131627086
2017-02-22,14062.8262606403
2017-02-23,14046.3618457577
2017-02-24,14005.8631799679
2017-03-01,13920.8150538664
2017-03-02,13950.3173390546
2017-03-03,13905.4446789193
2017-03-06,13972.9353704326
2017-03-07,14038.1482398062
2017-03-08,14041.6224863891
2017-03-09,13915.5559470635
2017-03-10,13877.6745954873
2017-03-13,13951.8233828946
2017-03-14,14040.7357466328
2017-03-15,14026.227452234
2017-03-16,14141.5291089038
2017-03-17,14241.388209654
2017-03-20,14248.7922584403
2017-03-21,14298.5465328698
2017-03-22,14234.9852139872
2017-03-23,14248.948175233
2017-03-24,14216.0469441898
2017-03-27,14163.1511647456
2017-03-28,14140.0718379072
2017-03-29,14149.8729653141
2017-03-30,14135.8685012126
2017-03-31,14110.3077234137
2017-04-05,14288.373042776
2017-04-06,14221.6232266826
2017-04-07,14186.9423061548
2017-04-10,14217.8626264875
2017-04-11,14115.9469534668
2017-04-12,14090.4832499076
2017-04-13,14115.7942636024
2017-04-14,13974.1061902706
2017-04-17,13968.0535441911
2017-04-18,14012.6551215096
2017-04-19,13850.9541189294
2017-04-20,13830.8823554787
2017-04-21,13932.1784758831
2017-04-24,13933.1094677414
2017-04-25,14116.791933885
2017-04-26,14157.1630235738
2017-04-27,14134.2729200113
2017-04-28,14131.6145370183
2017-05-02,14221.4143135149
2017-05-03,14223.0946817701
2017-05-04,14244.3413930547
2017-05-05,14134.935285268
2017-05-08,14124.7275658808
2017-05-09,14072.7998470356
2017-05-10,14134.7796402931
2017-05-11,14162.9297536646
2017-05-12,14159.1896014261
2017-05-15,14244.8569988258
2017-05-16,14257.8607771521
2017-05-17,14234.5310127034
2017-05-18,14165.8407043614
2017-05-19,14135.6049499167
2017-05-22,14191.8143443931
2017-05-23,14209.9801314641
2017-05-24,14265.508060421
2017-05-25,14353.7697456087
2017-05-26,14342.5404121113
2017-05-31,14295.2652707332
2017-06-01,14315.5758734559
2017-06-02,14398.7390047509
2017-06-05,14483.3440505825
2017-06-06,14470.8025199945
2017-06-07,14462.6149337727
2017-06-08,14467.7317142578
2017-06-09,14437.4316827529
2017-06-12,14349.0425815391
2017-06-13,14373.8805846624
2017-06-14,14294.1840206778
2017-06-15,14307.4060733062
2017-06-16,14373.6002662259
2017-06-19,14513.0806578837
2017-06-20,14592.0893481921
2017-06-21,14649.9723777775
2017-06-22,14702.4203533538
2017-06-23,14681.5368996381
2017-06-26,14950.6146496724
2017-06-27,14999.9050917495
2017-06-28,14869.8235474168
2017-06-29,14904.6472568381
2017-06-30,14884.9147608374
2017-07-03,14949.5715044941
2017-07-04,14871.587512793
2017-07-05,14955.7589842816
2017-07-06,14944.7636103978
2017-07-07,14847.8236963979
2017-07-10,14838.8352673174
2017-07-11,14987.9667495908
2017-07-12,15048.8209664952
2017-07-13,15117.1595677982
2017-07-14,15117.1979573235
2017-07-17,15156.7839982824
2017-07-18,15213.2536208422
2017-07-19,15254.7723763771
2017-07-20,15238.5698412869
2017-07-21,15175.8511902092
2017-07-24,15215.6997878188
2017-07-25,15240.0705519496
2017-07-26,15191.5710770406
2017-07-27,15326.7728255985
2017-07-28,15215.5522285643
2017-07-31,15209.4178380489
2017-08-01,15281.0788777112
2017-08-02,15375.7578176233
2017-08-03,15340.855604395
2017-08-04,15423.9179630245
2017-08-07,15507.1557467068
2017-08-08,15476.2963548643
2017-08-09,15361.2281327897
2017-08-10,15136.3334326293
2017-08-11,15162.1551227447
2017-08-14,15000.7208285541
2017-08-15,15109.2919394181
2017-08-16,15098.9876038234
2017-08-17,15237.1559338494
2017-08-18,15175.2275426733
2017-08-21,15202.5579216371
2017-08-22,15276.5672290528
2017-08-23,15291.9661051102
2017-08-24,15421.4700820265
2017-08-25,15463.8640974161
2017-08-28,15509.5751496238
2017-08-29,15461.4973196475
2017-08-30,15572.2411128404
2017-08-31,15618.4656391702
2017-09-01,15634.7062886656
2017-09-04,15574.2625009738
2017-09-05,15652.9479899701
2017-09-06,15543.3037410838
2017-09-07,15528.2573725658
2017-09-08,15640.8328227653
2017-09-11,15592.9169156575
2017-09-12,15630.2685960992
2017-09-13,15506.904873613
2017-09-14,15542.6655706409
2017-09-15,15590.7835312334
2017-09-18,15669.4024291267
2017-09-19,15538.9657324932
2017-09-20,15437.1032756567
2017-09-21,15550.7081284552
2017-09-22,15358.7591092763
2017-09-25,15178.0866368477
2017-09-26,15082.6806944111
2017-09-27,15192.4234885352
2017-09-28,15153.8941859654
2017-09-29,15175.4771911655
2017-10-02,15356.37764545
2017-10-03,15333.0050678759
2017-10-05,15389.9838299654
2017-10-06,15416.0999818715
2017-10-11,15480.505402833
2017-10-12,15540.1635347653
2017-10-13,15562.5710257664
2017-10-16,15644.1642037957
2017-10-17,15590.0153679071
2017-10-18,15555.5685394834
2017-10-19,15604.7482459846
2017-10-20,15570.7935980597
2017-10-23,15560.2217285602
2017-10-24,15589.8261271935
2017-10-25,15601.8802905681
2017-10-26,15602.8971570885
2017-10-27,15513.3919082671
2017-10-30,15540.3551490617
2017-10-31,15605.6359735934
2017-11-01,15636.0446672419
2017-11-02,15627.5098112262
2017-11-03,15681.1596688459
2017-11-06,15646.8616633946
2017-11-07,15673.0760618388
2017-11-08,15658.148350652
2017-11-09,15545.4613797147
2017-11-10,15534.2524797268
2017-11-13,15462.2317301221
2017-11-14,15460.2345670468
2017-11-15,15397.7584275128
2017-11-16,15379.752851545
2017-11-17,15462.565255121
2017-11-20,15442.6861110363
2017-11-21,15578.2606605788
2017-11-22,15671.7796327332
2017-11-23,15721.6142384832
2017-11-24,15697.0776039993
2017-11-27,15621.2055665722
2017-11-28,15590.1062374544
2017-11-29,15593.7059425952
2017-11-30,15454.2176991875
2017-12-01,15447.9916904717
2017-12-04,15493.0375600329
2017-12-05,15410.4894328698
2017-12-06,15139.0381921183
2017-12-07,15078.3952894811
2017-12-08,15147.4515389638
2017-12-11,15273.0530935138
2017-12-12,15219.6688052279
2017-12-13,15276.3650873406
2017-12-14,15343.5640821561
2017-12-15,15267.8724548278
2017-12-18,15340.2500844629
2017-12-19,15300.8331416902
2017-12-20,15375.3207209621
2017-12-21,15339.5719634219
2017-12-22,15387.4291812079
2017-12-25,15345.4989956549
2017-12-26,15203.6737336407
2017-12-27,15335.0238552793
2017-12-28,15464.9025039161
2017-12-29,15545.4644438506
2018-01-02,15620.8563612102
2018-01-03,15714.2810588917
2018-01-04,15760.3702371455
2018-01-05,15808.4950315368
2018-01-08,15842.4546228195
2018-01-09,15840.9230562225
2018-01-10,15774.1117837022
2018-01-11,15759.4492927274
2018-01-12,15861.1114560093
2018-01-15,15944.6233333517
2018-01-16,15990.328063259
2018-01-17,16000.8608246656
2018-01-18,16021.4273492797
2018-01-19,16058.7478798743
2018-01-22,16114.8213743292
2018-01-23,16089.2534004414
2018-01-24,16023.0048876174
2018-01-25,16047.3773020137
2018-01-26,16056.9614347548
2018-01-29,16138.6431637082
2018-01-30,15961.0709152793
2018-01-31,15979.9180056019
2018-02-01,16011.4041594115
2018-02-02,15950.4790246996
2018-02-05,15727.5614836775
2018-02-06,14971.0670755028
2018-02-07,15220.5060345893
2018-02-08,15202.6470156902
2018-02-09,15014.9873834398
2018-02-12,15040.0705389937
2018-02-21,15473.8047474327
2018-02-22,15427.4546991038
2018-02-23,15578.2449014777
2018-02-26,15630.5216494858
2018-02-27,15600.1726298988
2018-03-01,15593.916542857
2018-03-02,15483.3598548271
2018-03-05,15360.0739261629
2018-03-06,15481.8316939083
2018-03-07,15457.5916796016
2018-03-08,15558.8173205988
2018-03-09,15617.9470513358
2018-03-12,15810.1661233621
2018-03-13,15901.2887468892
2018-03-14,15829.9775828437
2018-03-15,15823.7972986894
2018-03-16,15840.3356953126
2018-03-19,15874.671657964
2018-03-20,15840.6428201984
2018-03-21,15848.7156343281
2018-03-22,15854.7241578184
2018-03-23,15627.7586979991
2018-03-26,15681.2316407071
2018-03-27,15827.217512507
2018-03-28,15702.6471942974
2018-03-29,15682.8287933839
2018-03-30,15759.891796059
2018-04-02,15719.7540172535
2018-04-03,15638.6651796472
2018-04-09,15752.3823718601
2018-04-10,15805.0327508346
2018-04-11,15850.2421077381
2018-04-12,15863.0107203935
2018-04-13,15889.0213023265
2018-04-16,15885.2284228351
2018-04-17,15712.5211742452
2018-04-18,15780.0960609475
2018-04-19,15898.6552236606
2018-04-20,15797.2197767709
2018-04-23,15689.2554533764
2018-04-24,15466.6121075461
2018-04-25,15464.1215779298
2018-04-26,15384.1618011078
2018-04-27,15477.1450585979
2018-04-30,15608.752461993
2018-05-02,15600.8772907918
2018-05-03,15451.96144618
2018-05-04,15439.649758496
2018-05-07,15567.6612888179
2018-05-08,15652.3453514823
2018-05-09,15650.6605645369
2018-05-10,15752.6358386202
2018-05-11,15875.5597261694
2018-05-14,16043.0549958932
2018-05-15,15942.5315847663
2018-05-16,15983.5975966906
2018-05-17,15931.7215524567
2018-05-18,15974.1747266876
2018-05-21,16130.3297130901
2018-05-22,16080.7877534497
2018-05-23,15993.9866259428
2018-05-24,16077.5069824997
2018-05-25,16095.1405830174
2018-05-28,16201.1010500442
2018-05-29,16190.6670848372
2018-05-30,15996.9646318171
2018-05-31,16045.3007368352
2018-06-01,16178.9856497976
2018-06-04,16389.7385557048
2018-06-05,16373.9215741241
2018-06-06,16541.04245527
2018-06-07,16631.2107615366
2018-06-08,16506.8291736923
2018-06-11,16509.6880322242
2018-06-12,16454.4254985759
2018-06-13,16458.6731911811
2018-06-14,16258.8062172136
2018-06-15,16323.5749250862
2018-06-19,16088.3795895945
2018-06-20,16115.2011323397
2018-06-21,16136.4420425637
2018-06-22,16046.0971856371
2018-06-25,15992.3719289009
2018-06-26,16002.5349583908
2018-06-27,15953.1416155104
2018-06-28,15894.5481996316
2018-06-29,16153.8992357692
2018-07-02,16099.8190480686
2018-07-03,15989.3489257741
2018-07-04,16025.2575020502
2018-07-05,15882.8361354936
2018-07-06,15843.9227385392
2018-07-09,16012.0363065787
2018-07-10,16115.2820688715
2018-07-11,16038.8766926501
2018-07-12,16173.9634050679
2018-07-13,16354.0079757713
2018-07-16,16289.5157789869
2018-07-17,16261.94327677
2018-07-18,16364.5190162593
2018-07-19,16336.3451879272
2018-07-20,16317.1483633128
2018-07-23,16323.4624814573
2018-07-24,16414.3856767956
2018-07-25,16401.3817359795
2018-07-26,16498.4771668893
2018-07-27,16568.9777879024
2018-07-30,16496.6945087489
2018-07-31,16545.8544668728
2018-08-01,16611.0160677413
2018-08-02,16379.2938312398
2018-08-03,16495.9830962504
2018-08-06,16542.5723580838
2018-08-07,16531.9351796817
2018-08-08,16608.6623371564
2018-08-09,16546.2697242139
2018-08-10,16516.3399156776
2018-08-13,16151.8893814009
2018-08-14,16249.1242786564
2018-08-15,16085.2073543615
2018-08-16,16074.6969965713
2018-08-17,16081.5462036505
2018-08-20,16096.8734878303
2018-08-21,16258.179766948
2018-08-22,16273.6292912642
2018-08-23,16346.5586923843
2018-08-24,16266.579906414
2018-08-27,16419.1162194668
2018-08-28,16512.2682720832
2018-08-29,16569.0207551886
2018-08-30,16496.0937257663
2018-08-31,16553.5398171862
2018-09-03,16351.1164969166
2018-09-04,16452.3576554403
2018-09-05,16301.5803721267
2018-09-06,16220.9453312706
2018-09-07,16033.5069425871
2018-09-10,15802.0989374752
2018-09-11,15918.5401706903
2018-09-12,15856.2781475665
2018-09-13,15948.5271155306
2018-09-14,16116.6604282852
2018-09-17,16089.7011568596
2018-09-18,16023.0476330443
2018-09-19,16148.6834772869
2018-09-20,16071.8061809933
2018-09-21,16310.1560959218
2018-09-25,16290.9901540809
2018-09-26,16282.3529887642
2018-09-27,16370.7456480913
2018-09-28,16357.6490857822
2018-10-01,16434.2985082916
2018-10-02,16275.9199126601
2018-10-03,16130.4066437805
2018-10-04,15955.7662023461
2018-10-05,15642.6458646855
2018-10-08,15633.5119438279
2018-10-09,15645.7059406102
2018-10-11,14676.3130341754
2018-10-12,14969.1745526095
2018-10-15,14804.1251974494
2018-10-16,14846.6538963564
2018-10-17,14818.6108828568
2018-10-18,14803.33922292
2018-10-19,14746.8995165216
2018-10-22,14833.7234679158
2018-10-23,14574.4925198305
2018-10-24,14553.0169935065
2018-10-25,14269.4002398523
2018-10-26,14184.6421151833
2018-10-29,14210.7690077607
2018-10-30,14220.9041516397
2018-10-31,14557.926880114
2018-11-01,14613.4360536693
2018-11-02,14712.9532000087
2018-11-05,14705.7163553939
2018-11-06,14592.4312245889
2018-11-07,14756.7052727041
2018-11-08,14785.2140299821
2018-11-09,14658.3990433573
2018-11-12,14652.4433572498
2018-11-13,14614.0691813854
2018-11-14,14627.6191721176
2018-11-15,14651.2532964326
2018-11-16,14678.1654386362
2018-11-19,14804.9421618555
2018-11-20,14713.5430456571
2018-11-21,14691.3884989067
2018-11-22,14640.498116846
2018-11-23,14559.2045324891
2018-11-26,14667.5690871838
2018-11-27,14675.8714634343
2018-11-28,14833.4123471359
2018-11-29,14793.0558289117
2018-11-30,14856.5589088124
2018-12-03,15170.6533742006
2018-12-04,15085.2662168841
2018-12-05,14900.8401903311
2018-12-06,14563.7012201867
2018-12-07,14690.0441008141
2018-12-10,14510.2622245681
2018-12-11,14564.9234599479
2018-12-12,14705.1879897548
2018-12-13,14792.0075106894
2018-12-14,14690.0647631952
2018-12-17,14698.9210316484
2018-12-18,14586.5833282205
2018-12-19,14658.7571540876
2018-12-20,14527.6213920319
2018-12-21,14491.4446566515
2018-12-24,14478.0461199293
2018-12-25,14307.7845073686
2018-12-26,14233.9637040178
2018-12-27,14433.2754924949
2018-12-28,14553.6328650618
2019-01-02,14325.7155968157
2019-01-03,14275.1614251827
2019-01-04,14192.472572406
2019-01-07,14500.0904716709
2019-01-08,14483.5801185939
2019-01-09,14737.1342440136
2019-01-10,14695.3123897309
2019-01-11,14692.1324059457
2019-01-14,14629.0788922741
2019-01-15,14771.5250364732
2019-01-16,14750.3403287395
2019-01-17,14747.4594738635
2019-01-18,14869.0630459468
2019-01-21,14927.4058436868
2019-01-22,14903.673079227
2019-01-23,14854.4889975603
2019-01-24,14878.8140425798
2019-01-25,14994.5397104749
2019-01-28,15027.0978463452
2019-01-29,14980.1182472299
2019-01-30,15006.5573584668
2019-02-11,15023.9930312437
2019-02-12,15166.4401886426
2019-02-13,15168.7543031352
2019-02-14,15197.2343186259
2019-02-15,15152.0767789048
2019-02-18,15254.5369075791
2019-02-19,15283.2391418888
2019-02-20,15420.084725432
2019-02-21,15476.3260414484
2019-02-22,15482.6166418702
2019-02-25,15585.5163893859
2019-02-26,15563.4068800033
2019-02-27,15566.6814900879
2019-03-04,15547.8814219151
2019-03-05,15505.0529993016
2019-03-06,15585.9869457514
2019-03-07,15500.6600552299
2019-03-08,15435.0323425117
2019-03-11,15442.7646478975
2019-03-12,15534.8283548687
2019-03-13,15566.5602178011
2019-03-14,15560.9517694188
2019-03-15,15657.0506666047
2019-03-18,15762.0800856428
2019-03-19,15769.4461580399
2019-03-20,15818.5668254539
2019-03-21,15870.4634878845
2019-03-22,15877.6134995801
2019-03-25,15691.0881553028
2019-03-26,15799.8278970716
2019-03-27,15809.018104425
2019-03-28,15788.8998139806
2019-03-29,15928.2966191109
2019-04-01,15931.2575993655
2019-04-02,16012.2246635565
2019-04-03,16030.5037073081
2019-04-08,16105.6848798574
2019-04-09,16184.8414601545
2019-04-10,16215.6083227164
2019-04-11,16136.6905204402
2019-04-12,16130.2201498287
2019-04-15,16205.7419821523
2019-04-16,16279.3193890767
2019-04-17,16337.8442457635
2019-04-18,16226.2116193447
2019-04-19,16238.1834188161
2019-04-22,16250.8998554495
2019-04-23,16290.7369199591
2019-04-24,16279.3195222228
2019-04-25,16324.2492775231
2019-04-26,16276.2088296137
2019-04-29,16259.0965842412
2019-04-30,16319.9834191098
2019-05-02,16388.5899069962
2019-05-03,16463.5054401003
2019-05-06,16187.6456334674
2019-05-07,16299.7267006613
2019-05-08,16221.2734550451
2019-05-09,15922.8238588351
2019-05-10,15892.2331207794
2019-05-13,15691.2438151531
2019-05-14,15650.333666615
2019-05-15,15719.6918321692
2019-05-16,15591.0696762085
2019-05-17,15510.4284682057
2019-05-20,15594.4328307946
2019-05-21,15785.4748491306
2019-05-22,15703.0222998131
2019-05-23,15557.515131764
2019-05-24,15543.5616941952
2019-05-27,15588.5663764146
2019-05-28,15555.8623422597
2019-05-29,15553.108158804
2019-05-30,15681.047279472
2019-05-31,15822.2280451267
2019-06-03,15786.3393914325
2019-06-04,15733.3108427542
2019-06-05,15761.8277635012
2019-06-06,15712.0015071192
2019-06-10,15876.7986146813
2019-06-11,15882.6430451502
2019-06-12,15874.3208765614
2019-06-13,15866.2088332272
2019-06-14,15862.4391311041
2019-06-17,15922.4384309114
2019-06-18,15952.3409315591
2019-06-19,16207.4804317582
2019-06-20,16238.2890229839
2019-06-21,16217.9486236638
2019-06-24,16296.0545151434
2019-06-25,16201.964066097
2019-06-26,16189.5758840178
2019-06-27,16323.3334942433
2019-06-28,16267.8265779926
2019-07-01,16440.1066441121
2019-07-02,16418.2433994045
2019-07-03,16324.1773973768
2019-07-04,16399.8947236039
2019-07-05,16438.684166154
2019-07-08,16411.7876355622
2019-07-09,16350.1767562425
2019-07-10,16456.9202082634
2019-07-11,16525.6782231469
2019-07-12,16487.9310999054
2019-07-15,16545.6094836758
2019-07-16,16565.8886651111
2019-07-17,16522.7627069977
2019-07-18,16445.2510826581
2019-07-19,16516.1654781073
2019-07-22,16588.4396149843
2019-07-23,16599.3968106467
2019-07-24,16575.3617801564
2019-07-25,16669.1530940837
2019-07-26,16638.5623545263
2019-07-29,16638.9320204059
2019-07-30,16552.1229205678
2019-07-31,16564.1934006061
2019-08-01,16453.3661117543
2019-08-02,16185.9024546492
2019-08-05,16027.4505355413
2019-08-06,15949.2346996219
2019-08-07,15944.3961222659
2019-08-08,16070.9055062166
2019-08-12,16099.8160702764
2019-08-13,15981.5052720003
2019-08-14,16067.4728108015
2019-08-15,15903.040337906
2019-08-16,16051.5804105682
2019-08-19,16151.7151535202
2019-08-20,16180.4140810555
2019-08-21,16190.9795905163
2019-08-22,16208.7628083705
2019-08-23,16229.2197140577
2019-08-26,15981.0714939521
2019-08-27,16025.5216556604
2019-08-28,16087.7485829522
2019-08-29,16116.2672782483
2019-08-30,16336.7069680193
2019-09-02,16395.3765526643
2019-09-03,16306.153565289
2019-09-04,16440.7418521191
2019-09-05,16546.1199955581
2019-09-06,16584.432367976
2019-09-10,16565.375046818
2019-09-11,16612.5129914199
2019-09-12,16693.2725608059
2019-09-16,16786.492955572
2019-09-17,16748.9284752682
2019-09-18,16822.6255139772
2019-09-19,16788.70856472
2019-09-20,16873.726423021
2019-09-23,16852.9256947372
2019-09-24,16834.231786682
2019-09-25,16731.1846045575
2019-09-26,16694.8687252405
2019-09-27,16546.8417771211
2019-10-01,16684.7909953423
2019-10-02,16658.046114065
2019-10-03,16567.5231918988
2019-10-04,16603.5608348864
2019-10-07,16657.6746367376
2019-10-08,16677.692495682
2019-10-09,16504.0627490009
2019-10-14,16717.4909181556
2019-10-15,16748.5026531513
2019-10-16,16799.5798631332
2019-10-17,16892.3383641527
2019-10-18,16887.4197722177
2019-10-21,16942.3875459448
2019-10-22,17046.4372716339
2019-10-23,17001.4686005899
2019-10-24,17156.5648534883
2019-10-25,17102.2593713125
2019-10-28,17123.0955297836
2019-10-29,17095.7012697914
2019-10-30,17169.207264055
2019-10-31,17143.4499142572
2019-11-01,17214.6199645145
2019-11-04,17389.0453178198
2019-11-05,17500.7320236077
2019-11-06,17510.070083252
2019-11-07,17452.5930056696
2019-11-08,17457.5946040863
2019-11-11,17236.0580067796
2019-11-12,17350.7167369879
2019-11-13,17265.1215667301
2019-11-14,17239.5532172878
2019-11-15,17327.8602526321
2019-11-18,17406.2010828444
2019-11-19,17450.8112722424
2019-11-20,17426.264300417
2019-11-21,17325.637277008
2019-11-22,17374.4848479133
2019-11-25,17397.038122823
2019-11-26,17426.6424383373
2019-11-27,17498.05856549
2019-11-28,17463.8480455928
2019-11-29,17290.2465422043
2019-12-02,17274.8337875066
2019-12-03,17338.964579916
2019-12-04,17314.4773689556
2019-12-05,17378.5153409652
2019-12-06,17391.2281362668
2019-12-09,17441.317755883
2019-12-10,17418.1529545522
2019-12-11,17469.6801390857
2019-12-12,17530.6480119749
2019-12-13,17589.0418812966
2019-12-16,17657.77048836
2019-12-17,17819.6269483913
2019-12-18,17875.71584877
2019-12-19,17826.6593727939
2019-12-20,17805.7311646341
2019-12-23,17847.8336818109
2019-12-24,17791.1833417882
2019-12-25,17836.451803386
2019-12-26,17822.7643594167
2019-12-27,17918.1707331336
2019-12-30,17899.4104824663
2019-12-31,17846.4290368923
2020-01-02,17914.5308672483
2020-01-03,17925.6709867281
2020-01-06,17743.5967175031
2020-01-07,17642.9484134248
2020-01-08,17520.0939375151
2020-01-09,17686.728525983
2020-01-10,17758.8547658244
2020-01-13,17898.1063518192
2020-01-14,17953.7248427092
2020-01-15,17880.1506430972
2020-01-16,17921.0958617747
2020-01-17,17991.2844672954
2020-01-20,18046.6088431406
2020-01-30,16964.3957884864
2020-01-31,17049.0931744673
2020-02-03,16859.4339213878
2020-02-04,17084.0268962394
2020-02-05,17077.3578733113
2020-02-06,17336.8441590323
2020-02-07,17145.0810582157
2020-02-10,17078.1951642065
2020-02-11,17187.3126679858
2020-02-12,17343.6407393444
2020-02-13,17377.6293511971
2020-02-14,17423.8774418991
2020-02-17,17379.688252117
2020-02-18,17313.0580980843
2020-02-19,17451.7865460034
2020-02-20,17403.4993041692
2020-02-21,17336.4088679824
2020-02-24,17124.7946558437
2020-02-25,17101.8440916755
2020-02-26,16952.5605239116
2020-02-27,16718.9189655324
2020-03-02,16565.0178826132
2020-03-03,16762.7489159795
2020-03-04,16838.7019031059
2020-03-05,17035.3213182434
2020-03-06,16792.5791077117
2020-03-09,16280.8405320676
2020-03-10,16306.215891552
2020-03-11,16175.8005642107
2020-03-12,15390.9380295156
2020-03-13,14887.3102354177
2020-03-16,14311.0429874636
2020-03-17,13910.9456928271
2020-03-18,13613.464577039
2020-03-19,12768.0169693805
2020-03-20,13480.8298316188
2020-03-23,13055.9445626938
2020-03-24,13618.3905129278
2020-03-25,14158.5973689519
2020-03-26,14287.3136325983
2020-03-27,14328.292155186
2020-03-30,14284.1026863356
2020-03-31,14328.5748985955
2020-04-01,14283.6709735061
2020-04-06,14518.9011279159
2020-04-07,14739.5691617561
2020-04-08,14980.8570011616
2020-04-09,14982.8619983636
2020-04-10,15116.0508410441
2020-04-13,15018.759975106
2020-04-14,15365.3825935021
2020-04-15,15546.4502269976
2020-04-16,15423.0006841619
2020-04-17,15515.4366383168
2020-04-20,15535.6370905327
2020-04-21,15104.9452420629
2020-04-22,15158.6345207518
2020-04-23,15248.8050129729
2020-04-24,15236.249197126
2020-04-27,15596.9853893656
2020-04-28,15716.7244075421
2020-04-29,15979.1956298442
2020-04-30,16315.6757116975
2020-05-04,15945.157733591
2020-05-05,16042.2051282025
2020-05-06,16034.5407863023
2020-05-07,16141.7734398193
2020-05-08,16255.8112052656
2020-05-11,16415.0018398768
2020-05-12,16255.1245239739
2020-05-13,16336.0695566283
2020-05-14,16096.3482797788
2020-05-15,16077.9420195078
2020-05-18,16066.6805432036
2020-05-19,16275.7914452927
2020-05-20,16325.5442292953
2020-05-21,16462.386192565
2020-05-22,16170.4714860335
2020-05-25,16288.0427516795
2020-05-26,16474.8825837446
2020-05-27,16491.8765898959
2020-05-28,16397.8185273225
2020-05-29,16428.3181119699
2020-06-01,16636.8955629364
2020-06-02,16716.161687858
2020-06-03,17015.2593455641
2020-06-04,17074.2001188892
2020-06-05,17150.9921116399
2020-06-08,17299.0733744037
2020-06-09,17335.5675330645
2020-06-10,17441.2266888137
2020-06-11,17125.0903530474
2020-06-12,16994.3305059592
2020-06-15,16861.4219504998
2020-06-16,17172.6055257276
2020-06-17,17236.7269676992
2020-06-18,17273.7815873391
2020-06-19,17277.3096570069
2020-06-22,17367.122839923
2020-06-23,17405.7597356677
2020-06-24,17466.616977601
2020-06-29,17334.8392025959
2020-06-30,17479.9602526526
2020-07-01,17615.9280558617
2020-07-02,17797.9255794942
2020-07-03,17882.0767060912
2020-07-06,18171.4608065554
2020-07-07,18140.4508445349
2020-07-08,18263.4853168684
2020-07-09,18254.6621425135
2020-07-10,17971.3534928326
2020-07-13,18172.5884129066
2020-07-14,18047.3644106369
2020-07-15,18061.7584180569
2020-07-16,18077.1621309213
2020-07-17,17994.9865792266
2020-07-20,17997.8082606588
2020-07-21,18178.8367755448
2020-07-22,18311.6335340413
2020-07-23,18290.4735237101
2020-07-24,18026.3404334017
2020-07-27,18039.3211651822
2020-07-28,17912.1575615453
2020-07-29,17990.3238032413
2020-07-30,18185.9272249987
2020-07-31,18191.0943265591
2020-08-03,18060.195896124
2020-08-04,18296.3503831276
2020-08-05,18433.1759428259
2020-08-06,18566.0943331285
2020-08-07,18438.5267157893
2020-08-10,18527.0964307427
2020-08-11,18424.3181418572
2020-08-12,18398.2026009325
2020-08-13,18439.338143471
2020-08-14,18539.4621164493
2020-08-17,18726.2671420887
2020-08-18,18593.6384644773
2020-08-19,18499.7280029079
2020-08-20,17874.1398634837
2020-08-21,18208.9847986451
2020-08-24,18232.4459713318
2020-08-25,18348.9334421651
2020-08-26,18375.5145300489
2020-08-27,18274.6644789832
2020-08-28,18290.4742741362
2020-08-31,18157.8342582932
2020-09-01,18239.5707435799
2020-09-02,18266.658654597
2020-09-03,18340.6790524198
2020-09-04,18217.6320862949
2020-09-07,18196.864254004
2020-09-08,18243.487137165
2020-09-09,18201.0925075661
2020-09-10,18231.8013124333
2020-09-11,18174.7269605841
2020-09-14,18324.1993289251
2020-09-15,18373.2790635008
2020-09-16,18420.9933801036
2020-09-17,18371.3729908409
2020-09-18,18451.9917011232
2020-09-21,18357.2735648399
2020-09-22,18106.3001591313
2020-09-23,18041.8730521006
2020-09-24,17576.4931298328
2020-09-25,17496.2265506558
2020-09-28,17832.7908976241
2020-09-29,17851.3007831852
2020-09-30,17914.0630513898
2020-10-05,17988.9830642559
2020-10-06,18184.3945380985
2020-10-07,18209.419045945
2020-10-08,18322.9374688082
2020-10-12,18343.1870416199
2020-10-13,18292.255611048
2020-10-14,18286.2850681688
2020-10-15,18202.545795781
2020-10-16,18113.8678975552
2020-10-19,18288.8129338118
2020-10-20,18304.9914535321
2020-10-21,18301.6420577562
2020-10-22,18348.0249819137
2020-10-23,18361.8828865111
2020-10-26,18416.4336040148
2020-10-27,18398.912802797
2020-10-28,18285.8547864634
2020-10-29,18141.2741162095
2020-10-30,17991.3767716597
2020-11-02,18021.9144052368
2020-11-03,18220.5482417048
2020-11-04,18333.3433817121
2020-11-05,18419.0334488769
2020-11-06,18504.0184971794
2020-11-09,18712.898388726
2020-11-10,18747.4633499485
2020-11-11,19009.9103611814
2020-11-12,18910.7626145376
2020-11-13,18946.6326795747
2020-11-16,19135.3018682574
2020-11-17,19192.9810042747
2020-11-18,19364.651307647
2020-11-19,19376.8310256426
2020-11-20,19397.6281433252
2020-11-23,19580.8075093934
2020-11-24,19512.8860265468
2020-11-25,19458.5193776756
2020-11-26,19639.4125783754
2020-11-27,19682.40383018
2020-11-30,19534.6729818402
2020-12-01,19700.8182234061
2020-12-02,19756.3263933139
2020-12-03,19765.7092609806
2020-12-04,19977.3563045392
2020-12-07,20041.8977714602
2020-12-08,20084.2320359342
2020-12-09,20208.582563334
2020-12-10,20059.1916084279
2020-12-11,20017.123908299
2020-12-14,20047.6245558346
2020-12-15,19828.2438608517
2020-12-16,20168.3472832325
2020-12-17,20145.2907913918
2020-12-18,20093.5866903426
2020-12-21,20264.5217683451
2020-12-22,19964.8209917367
2020-12-23,20056.3569310094
2020-12-24,20154.505164525
2020-12-25,20240.5490885967
2020-12-28,20478.3990952364
2020-12-29,20456.2068718082
2020-12-30,20721.800944475
2020-12-31,20728.122178869
2021-01-04,20968.2746551227
2021-01-05,21063.4614700412
2021-01-06,20909.2756724907
2021-01-07,21104.771193138
2021-01-08,21357.3055628915
2021-01-11,21478.1385889583
2021-01-12,21251.959648061
2021-01-13,21562.0648594491
2021-01-14,21642.6944165378
2021-01-15,21317.2818295715
2021-01-18,21214.768535479
2021-01-19,21426.1040127932
2021-01-20,20986.2049581621
2021-01-21,21279.2750299646
2021-01-22,21358.2166527653
2021-01-25,21451.1828710553
2021-01-26,21132.6476637106
2021-01-27,21245.7238996005
2021-01-28,20902.1973635881
2021-01-29,20513.2468554648
2021-02-01,20737.7623751141
2021-02-02,21088.4249005403
2021-02-03,21144.2030768432
2021-02-04,21063.5912862843
2021-02-05,21173.1975745041
2021-02-17,21779.9080036753
2021-02-18,21952.9550687104
2021-02-19,21918.9480924992
2021-02-22,22090.5531027895
2021-02-23,22309.737645095
2021-02-24,22117.7164907127
2021-02-25,22431.2597829486
2021-02-26,21923.3453542373
2021-03-02,21855.1294050149
2021-03-03,22168.6499928701
2021-03-04,21909.4176177546
2021-03-05,21805.2772633427
2021-03-08,21785.874479733
2021-03-09,21905.1656877218
2021-03-10,21989.6037672756
2021-03-11,22325.5418344621
2021-03-12,22392.2131164785
2021-03-15,22432.5406918662
2021-03-16,22527.6695236948
2021-03-17,22487.0773884463
2021-03-18,22670.1914911382
2021-03-19,22420.5026840112
2021-03-22,22629.7479507439
2021-03-23,22587.5102448548
2021-03-24,22614.231698277
2021-03-25,22692.4375592481
2021-03-26,22922.9087701226
2021-03-29,23109.2497092238
2021-03-30,23309.6613710279
2021-03-31,23240.1234452305
2021-04-01,23265.9693810776
2021-04-07,23624.5737540003
2021-04-08,23800.6760852607
2021-04-09,23708.4124791412
2021-04-12,23804.3885176235
2021-04-13,23733.8680418694
2021-04-14,23697.3886053735
2021-04-15,24005.3556304173
2021-04-16,24324.9928889444
2021-04-19,24659.2344038526
2021-04-20,24801.3094499362
2021-04-21,24730.5420756914
2021-04-22,24534.3699418253
2021-04-23,24759.1047608604
2021-04-26,25174.8546419978
2021-04-27,25223.4094031524
2021-04-28,25309.3438777728
2021-04-29,25344.1795173341
2021-05-03,24851.8372473492
2021-05-04,24213.4955308543
2021-05-05,24131.9957181025
2021-05-06,24402.8423406282
2021-05-07,24786.8817386597
2021-05-10,24856.1784984881
2021-05-11,23841.1306831213
2021-05-12,22650.5027701451
2021-05-13,22399.3269238946
2021-05-14,22548.1179518185
2021-05-17,21731.0134987324
2021-05-18,22938.1703061962
2021-05-19,22993.4338463456
2021-05-20,22812.1510758003
2021-05-21,23233.6905958555
2021-05-24,23389.2536672428
2021-05-25,23655.8896285216
2021-05-26,23719.1560685496
2021-05-27,23684.3849141447
2021-05-28,24093.4237509815
2021-05-31,24374.3933117646
2021-06-01,24548.3634246712
2021-06-02,24605.7626475624
2021-06-03,24756.6275185741
2021-06-04,24572.5658911612
2021-06-07,24495.9437209868
2021-06-08,24536.3376141984
2021-06-09,24369.104812375
2021-06-10,24537.2810089483
2021-06-11,24595.9780363765
2021-06-15,24795.832011795
2021-06-16,24737.0793699729
2021-06-17,24890.8336821027
2021-06-18,24800.3814486427
2021-06-21,24627.1987837644
2021-06-22,24743.1952482157
2021-06-23,24975.810630198
2021-06-24,25213.4172120054
2021-06-25,25393.0659734016
2021-06-28,25594.4515326559
2021-06-29,25525.0673147765
2021-06-30,25864.3975499129
2021-07-01,25816.4224286482
2021-07-02,25895.1564192995
2021-07-05,26273.2817309454
2021-07-06,26283.0271086325
2021-07-07,26120.2477872251
2021-07-08,26266.2063905314
2021-07-09,25933.2098551249
2021-07-12,26089.2473629601
2021-07-13,25915.9364841368
2021-07-14,25811.9056338609
2021-07-15,26182.878054844
2021-07-16,26324.8844006243
2021-07-19,26237.6955283997
2021-07-20,25731.6543864749
2021-07-21,25524.0876674164
2021-07-22,25715.0260299962
2021-07-23,25838.4414071688
2021-07-26,25639.3919700109
2021-07-27,25383.0005881805
2021-07-28,25144.0016974223
2021-07-29,25631.4030319849
2021-07-30,25386.0749789599
2021-08-02,25762.9504446405
2021-08-03,25807.0013789849
2021-08-04,25920.0358667715
2021-08-05,25902.4232721239
2021-08-06,25832.8653726539
2021-08-09,25687.1787559668
2021-08-10,25440.8598867711
2021-08-11,25273.2547200912
2021-08-12,25364.4540580379
2021-08-13,24966.1796206277
2021-08-16,24687.8249931106
2021-08-17,24294.4650854696
2021-08-18,24804.7316147505
2021-08-19,24138.4976965353
2021-08-20,24196.0980398341
2021-08-23,24799.7338089061
2021-08-24,24859.0334995319
2021-08-25,25129.9998330091
2021-08-26,25040.1476420527
2021-08-27,25252.8030061052
2021-08-30,25543.5739307888
2021-08-31,25605.8223376033
2021-09-01,25590.5546508737
2021-09-02,25378.3075531457
2021-09-03,25560.7734989649
2021-09-06,25337.8400559991
2021-09-07,25349.7605590469
2021-09-08,25098.8588980316
2021-09-09,25180.2123723866
2021-09-10,25482.4460015946
2021-09-13,25545.6079000222
2021-09-14,25558.2517083001
2021-09-15,25497.2792133848
2021-09-16,25469.1866782141
2021-09-17,25466.339242076
2021-09-22,24982.4995473245
2021-09-23,25267.1412500068
2021-09-24,25470.6425331888
2021-09-27,25511.1509907434
2021-09-28,25376.9811032436
2021-09-29,24945.4773479878
2021-09-30,25112.4263912219
2021-10-01,24459.3996084537
2021-10-04,24157.2081377252
2021-10-05,24266.1366141036
2021-10-06,24143.4792646213
2021-10-07,24654.0896202356
2021-10-08,24588.3138446441
2021-10-12,24219.4892496185
2021-10-13,24050.4467478869
2021-10-14,24098.0535583437
2021-10-15,24451.2597905003
2021-10-18,24461.7433707836
2021-10-19,24695.5152668921
2021-10-20,24702.7550715648
2021-10-21,24739.7938829999
2021-10-22,24670.7595483832
2021-10-25,24799.0330094553
2021-10-26,24986.3875225477
2021-10-27,25069.4410864729
2021-10-28,25069.4934763575
2021-10-29,25042.9328785355
2021-11-01,25210.5242735957
2021-11-02,25170.8123326431
2021-11-03,25287.9712928252
2021-11-04,25285.9200675746
2021-11-05,25510.6029962888
2021-11-08,25722.3235357292
2021-11-09,25826.6398794855
2021-11-10,25847.2219315296
2021-11-11,25729.1348160059
2021-11-12,25901.0029965299
2021-11-15,26073.2078211542
2021-11-16,26160.3496295414
2021-11-17,26308.5578190369
2021-11-18,26416.9434431713
2021-11-19,26279.6043249747
2021-11-22,26301.6294880465
2021-11-23,26067.8987400675
2021-11-24,26177.539865443
2021-11-25,26202.0226537978
2021-11-26,25730.3879289998
2021-11-29,25697.4763942819
2021-11-30,25852.6831390207
2021-12-01,26112.1601098722
2021-12-02,26137.8423022848
2021-12-03,26200.7189151629
2021-12-06,26321.5722843965
2021-12-07,26424.5752295654
2021-12-08,26586.6895020085
2021-12-09,26650.7540528615
2021-12-10,26520.380491092
2021-12-13,26468.8426780933
2021-12-14,26152.4936744757
2021-12-15,26261.5624368175
2021-12-16,26435.3652148421
2021-12-17,26456.0597867307
2021-12-20,26315.4762706033
2021-12-21,26584.6281683982
2021-12-22,26609.4235995355
2021-12-23,26753.0002929912
2021-12-24,26820.0792857995
2021-12-27,26967.242720441
2021-12-28,27115.5481548106
2021-12-29,27205.439191383
2021-12-30,27161.6549329104
2022-01-03,26984.0355607046
2022-01-04,27088.5681163744
2022-01-05,27132.6893613248
2022-01-06,26961.5031771258
2022-01-07,26721.1562744352
2022-01-10,26714.0302586786
2022-01-11,26682.4019620893
2022-01-12,26716.8312150745
2022-01-13,26825.6635599215
2022-01-14,26580.9385613652
2022-01-17,26654.989653029
2022-01-18,26684.3137628106
2022-01-19,26505.5229773234
2022-01-20,26534.9866574241
2022-01-21,26047.8421308056
2022-01-24,26037.2557697471
2022-01-25,25644.9422407575
2022-01-26,25670.0254847426
2022-02-07,26143.807840538
2022-02-08,26406.342131642
2022-02-09,26705.230907904
2022-02-10,26806.6571554935
2022-02-11,26732.17308343
2022-02-14,26308.11341882
2022-02-15,26283.3580557922
2022-02-16,26636.6841078834
2022-02-17,26731.9844643277
2022-02-18,26798.9266410173
2022-02-21,26866.654714496
2022-02-22,26426.2116537394
2022-02-23,26644.3714605025
2022-02-24,26059.1004691301
2022-02-25,26181.2066507337
2022-03-01,26703.3125477161
2022-03-02,26692.4345012014
2022-03-03,26814.4103460166
2022-03-04,26524.9468176581
2022-03-07,25695.8298399717
2022-03-08,25187.7056822092
2022-03-09,25496.7094122371
2022-03-10,26031.9395172053
2022-03-11,25893.0144555394
2022-03-14,25943.6009992404
2022-03-15,25492.3380022165
2022-03-16,25522.6245956748
2022-03-17,26153.8422844398
2022-03-18,26193.2345587607
2022-03-21,26321.1474126056
2022-03-22,26373.8114103326
2022-03-23,26608.0510313655
2022-03-24,26525.6046181194
2022-03-25,26359.0538522296
2022-03-28,26278.7698131851
2022-03-29,26248.793804417
2022-03-30,26454.696476451
2022-03-31,26411.853077492
2022-04-01,26409.9008738255
2022-04-06,26388.4945013486
2022-04-07,25888.9022293558
2022-04-08,26094.2125748522
2022-04-11,25760.3231413009
2022-04-12,25657.5299740184
2022-04-13,26021.9544884711
2022-04-14,25906.5623520115
2022-04-15,25597.6921062642
2022-04-18,25394.7970680802
2022-04-19,25521.521261688
2022-04-20,25758.0427216419
2022-04-21,25806.375414425
2022-04-22,25722.0832965055
2022-04-25,25070.7257127893
2022-04-26,25138.9029123333
2022-04-27,24782.3753992815
2022-04-28,24935.7313490514
2022-04-29,25172.1216563602
2022-05-03,25103.669057892
2022-05-04,25190.6372144501
2022-05-05,25322.1290999117
2022-05-06,24966.2690156406
2022-05-09,24357.0246674072
2022-05-10,24418.4247358385
2022-05-11,24250.2562371504
2022-05-12,23717.44546642
2022-05-13,24062.3901032293
2022-05-16,24047.6994688196
2022-05-17,24197.4591740923
2022-05-18,24559.423253637
2022-05-19,24259.2431024871
2022-05-20,24379.7095816225
2022-05-23,24437.85184895
2022-05-24,24177.0573302674
2022-05-25,24399.5997777231
2022-05-26,24292.093257937
2022-05-27,24631.877667876
2022-05-30,25053.5908078364
2022-05-31,25241.3288558778
2022-06-01,25157.4697381212
2022-06-02,25061.7777565449
2022-06-06,25174.6548510599
2022-06-07,25069.0156465531
2022-06-08,25242.3605844102
2022-06-09,25200.8569634481
2022-06-10,25061.6566445026
2022-06-13,24495.9669113098
2022-06-14,24502.1992407094
2022-06-15,24477.468137534
2022-06-16,24167.8679004319
2022-06-17,23883.5876022153
2022-06-20,23367.9902346329
2022-06-21,24032.3153048287
2022-06-22,23453.2084843386
2022-06-23,23343.1330769045
2022-06-24,23599.4357054043
2022-06-27,23953.8772414114
2022-06-28,23786.0453850119
2022-06-29,23585.1529408567
2022-06-30,23025.9889715807
2022-07-01,22403.857685295
2022-07-04,22482.8052596303
2022-07-05,22704.3008942786
2022-07-06,22181.6933101597
2022-07-07,22550.9725823893
2022-07-08,22676.520015622
2022-07-11,22512.8153529478
2022-07-12,21929.7380680103
2022-07-13,22366.1586426152
2022-07-14,22584.6318763057
2022-07-15,22529.8722058999
2022-07-18,22839.4323967891
2022-07-19,22872.2136205758
2022-07-20,22911.7555682275
2022-07-21,23260.401946075
2022-07-22,23252.734568568
2022-07-25,23292.0163895285
2022-07-26,23134.3112666448
2022-07-27,23291.8528642204
2022-07-28,23281.8067782499
2022-07-29,23404.3790871612
2022-08-01,23470.3196535954
2022-08-02,23181.4396247007
2022-08-03,23090.4015637564
2022-08-04,22980.8381171468
2022-08-05,23418.9373886863
2022-08-08,23457.3759333448
2022-08-09,23564.9741451951
2022-08-10,23521.2209259486
2022-08-11,23858.3656934621
2022-08-12,24005.8773994719
2022-08-15,24177.318735586
2022-08-16,24150.6899505116
2022-08-17,24219.4815072806
2022-08-18,24200.2289430741
2022-08-19,24248.6290370205
2022-08-22,24019.233444549
2022-08-23,23841.3791610597
2022-08-24,23809.9526017518
2022-08-25,24017.8505578815
2022-08-26,24120.2124760285
2022-08-29,23597.2442397135
2022-08-30,23707.5496660573
2022-08-31,23851.9824171815
2022-09-01,23474.2703944564
2022-09-02,23292.8579359525
2022-09-05,23254.2791468034
2022-09-06,23236.6500299603
2022-09-07,22954.5761039896
2022-09-08,23290.9786724159
2022-09-12,23581.0376933271
2022-09-13,23651.7274003437
2022-09-14,23372.6220927659
2022-09-15,23464.0568492999
2022-09-16,23310.056088823
2022-09-19,23104.0149475609
2022-09-20,23198.0400309105
2022-09-21,23025.9056703391
2022-09-22,22839.4898583619
2022-09-23,22651.0766405126
2022-09-26,22063.0207213575
2022-09-27,22141.8565942277
2022-09-28,21532.5706607495
2022-09-29,21740.5170026519
2022-09-30,21746.4107644852
2022-10-03,21565.37325615
2022-10-04,21951.9857045153
2022-10-05,22155.1656912071
2022-10-06,22246.5908250541
2022-10-07,22061.6709851898
2022-10-11,21411.4710383188
2022-10-12,21431.9124433919
2022-10-13,20879.9633075492
2022-10-14,21262.8706052535
2022-10-17,21180.8293890616
2022-10-18,21344.3338006556
2022-10-19,21231.6134464817
2022-10-20,21125.9166971702
2022-10-21,20995.7764347945
2022-10-24,21127.0037071615
2022-10-25,21010.8027296232
2022-10-26,21052.1427943853
2022-10-27,21306.0020223547
2022-10-28,21115.3778366878
2022-10-31,21269.6566196864
2022-11-01,21433.9055606448
2022-11-02,21508.0749029815
2022-11-03,21459.013414512
2022-11-04,21584.5899060546
2022-11-07,21869.2079523299
2022-11-08,21974.8661906966
2022-11-09,22283.4205486378
2022-11-10,22158.3655843935
2022-11-11,22644.6367827649
2022-11-14,22945.466998658
2022-11-15,23145.9265617751
2022-11-16,23014.48905217
2022-11-17,23041.7907800153
2022-11-18,22946.2178464754
2022-11-21,22907.517213638
2022-11-22,22961.2789515456
2022-11-23,23085.3351648448
2022-11-24,23392.4467070285
2022-11-25,23349.4537408694
2022-11-28,23156.0901127549
2022-11-29,23375.7029247101
2022-11-30,23687.7013491372
2022-12-01,23825.0917145146
2022-12-02,23841.0463630583
2022-12-05,23926.7742653542
2022-12-06,23575.6751155319
2022-12-07,23413.65419402
2022-12-08,23309.0286951719
2022-12-09,23459.0103884056
2022-12-12,23374.2627419041
2022-12-13,23241.7422651765
2022-12-14,23551.474624281
2022-12-15,23540.0881670253
2022-12-16,23263.1224965031
2022-12-19,23137.2586015992
2022-12-20,22724.3436144299
2022-12-21,22838.3624452838
2022-12-22,23130.5083150023
2022-12-23,22994.5470560131
2022-12-26,22996.1870262706
2022-12-27,23082.6173549598
2022-12-28,22852.2662574036
2022-12-29,22752.121639894
2022-12-30,22821.2322939287
2023-01-03,22927.1215328252
2023-01-04,22936.108531484
2023-01-05,22995.7527817717
2023-01-06,23153.4136090901
2023-01-09,23576.3059201341
2023-01-10,23598.9666953825
2023-01-11,23513.5198402133
2023-01-12,23436.11954802
2023-01-13,23403.9320433124
2023-01-16,23540.8390648985
2023-01-17,23586.7209333314
2023-01-30,24119.9204888939
2023-01-31,23969.6223139474
2023-02-01,24163.8538758109
2023-02-02,24366.4498706966
2023-02-03,24347.1169715855
2023-02-06,24174.3418832919
2023-02-07,24246.5804529318
2023-02-08,24412.2935188817
2023-02-09,24369.8567215293
2023-02-10,24254.3685842683
2023-02-13,24232.7372402026
2023-02-14,24401.636539471
2023-02-15,24273.6400661611
2023-02-16,24476.9101477458
2023-02-17,24504.654364358
2023-02-20,24681.3594168422
2023-02-21,24726.2743672433
2023-02-22,24577.030751475
2023-02-23,24803.5981171918
2023-02-24,24688.692725472
2023-03-01,24689.0540724742
2023-03-02,24742.798677741
2023-03-03,24817.6538932645
2023-03-06,25066.5554467519
2023-03-07,25218.7835329312
2023-03-08,25186.1663732524
2023-03-09,25063.9171246376
2023-03-10,24691.769253699
2023-03-13,24713.5457934155
2023-03-14,24384.3786630381
2023-03-15,24425.9506573369
2023-03-16,24181.3891066988
2023-03-17,24454.6958464703
2023-03-20,24489.1960406274
2023-03-21,24603.6265789269
2023-03-22,24856.5949919756
2023-03-23,24993.8386078587
2023-03-24,25089.3428866839
2023-03-27,25046.1477324098
2023-03-28,24872.6488384823
2023-03-29,24937.8693055755
2023-03-30,25031.8172424079
2023-03-31,25107.4338512723
2023-04-06,25036.2588774914
2023-04-07,25074.8472737106
2023-04-10,25198.1126282266
2023-04-11,25372.5165435102
2023-04-12,25489.0885198509
2023-04-13,25398.5411727471
2023-04-14,25578.5258440525
2023-04-17,25578.1539147773
2023-04-18,25463.9377414726
2023-04-19,25339.1185274108
2023-04-20,25146.2598950308
2023-04-21,24952.2828199228
2023-04-24,25080.237982163
2023-04-25,24682.2613176421
2023-04-26,24814.8213695081
2023-04-27,24859.4644925906
2023-04-28,25069.3589044888
2023-05-02,25216.2049017109
2023-05-03,25124.9123717028
2023-05-04,25210.6121962057
2023-05-05,25211.3790521506
2023-05-08,25299.8252484541
2023-05-09,25252.3631500424
2023-05-10,25190.0384749777
2023-05-11,24983.7375348256
2023-05-12,25011.2629583889
2023-05-15,24960.3591903879
2023-05-16,25223.8667327635
2023-05-17,25521.5316547291
2023-05-18,25710.9917642471
2023-05-19,25834.7201980015
2023-05-22,25865.3340763872
2023-05-23,25898.5629077697
2023-05-24,25924.5637329557
2023-05-25,25893.7390925374
2023-05-26,25957.44318842
2023-05-29,26205.913310703
2023-05-30,26214.5101897433
2023-05-31,26255.2867524232
2023-06-01,26236.2782277642
2023-06-02,26468.2951194145
2023-06-05,26610.2951906307
2023-06-06,26631.130406541
2023-06-07,26847.1668342075
2023-06-08,26595.2251982347
2023-06-09,26822.4563314594
2023-06-12,26817.7507175347
2023-06-13,27066.7244763882
2023-06-14,27173.5006838861
2023-06-15,27387.0693448957
2023-06-16,27327.1680149413
2023-06-19,27397.9581411341
2023-06-20,27301.3097579657
2023-06-21,27376.2089315854
2023-06-26,27188.6810304185
2023-06-27,26907.6884086136
2023-06-28,26992.9464589654
2023-06-29,27089.8790436007
2023-06-30,27140.2589666531
2023-07-03,27470.0431325412
2023-07-04,27623.3528848907
2023-07-05,27508.1901108585
2023-07-06,27175.616976909
2023-07-07,26963.882966078
2023-07-10,26946.3582210031
2023-07-11,27310.6825718034
2023-07-12,27444.9032549737
2023-07-13,27578.3407280892
2023-07-14,27973.5313589855
2023-07-17,28095.7276164148
2023-07-18,28042.8939170335
2023-07-19,27803.5357269675
2023-07-20,27972.9775405124
2023-07-21,28011.4492434742
2023-07-24,28055.151181331
2023-07-25,28236.7478856187
2023-07-26,28230.5615170998
2023-07-27,28366.2658135134
2023-07-28,28522.6256214517
2023-07-31,28230.310044902
2023-08-01,28358.2212112799
2023-08-02,27756.052427181
2023-08-04,27818.1709649673
2023-08-07,28089.0173974286
2023-08-08,27931.136277257
2023-08-09,27891.107832981
2023-08-10,27438.3616605951
2023-08-11,27462.070179284
2023-08-14,27085.3615665801
2023-08-15,27205.5488559199
2023-08-16,27191.7845279648
2023-08-17,27321.7034704356
2023-08-18,27111.1224226337
2023-08-21,27148.1932719183
2023-08-22,27201.8756631988
2023-08-23,27317.7986412827
2023-08-24,27543.7979281483
2023-08-25,27221.833194044
2023-08-28,27236.0728547115
2023-08-29,27444.6647793467
2023-08-30,27607.4781150317
2023-08-31,27528.6873963997
2023-09-01,27570.5343264836
2023-09-04,27734.090194267
2023-09-05,27829.2960595814
2023-09-06,27745.854327406
2023-09-07,27624.5072685388
2023-09-08,27582.4526529937
2023-09-11,27323.7631666419
2023-09-12,27492.8491826124
2023-09-13,27568.3574290363
2023-09-14,27916.6296797119
2023-09-15,28025.9202572501
2023-09-18,27851.2202460271
2023-09-19,27748.1034370868
2023-09-20,27576.3813772365
2023-09-21,27230.3057471622
2023-09-22,27387.2338099192
2023-09-25,27576.1821106149
2023-09-26,27291.3271840885
2023-09-27,27312.5193649527
2023-09-28,27392.5232627348
2023-10-02,27667.2221651494
2023-10-03,27508.3058645172
2023-10-04,27265.8944525195
2023-10-05,27525.1171877687
2023-10-06,27602.787904282
2023-10-11,27721.8223194942
2023-10-12,27959.6531262311
2023-10-13,27806.2015105539
2023-10-16,27657.8433906541
2023-10-17,27525.4695439733
2023-10-18,27270.3895658681
2023-10-19,27187.3160172929
2023-10-20,26979.6907100967
2023-10-23,26767.4188293099
2023-10-24,26898.5170651616
2023-10-25,27008.9275851531
2023-10-26,26601.5681604137
2023-10-27,26702.5124061987
2023-10-30,26754.6611248397
2023-10-31,26474.9015004215
2023-11-01,26577.4425484376
2023-11-02,27039.8425346055
2023-11-03,27252.7508977911
2023-11-06,27553.5644432823
2023-11-07,27542.9698665442
2023-11-08,27650.6717219437
2023-11-09,27643.4938368252
2023-11-10,27501.8073873704
2023-11-13,27602.9499150747
2023-11-14,27756.1228215863
2023-11-15,28074.1391489146
2023-11-16,28133.781956185
2023-11-17,28270.6647952853
2023-11-20,28327.1281314237
2023-11-21,28647.2423834633
2023-11-22,28550.7514048262
2023-11-23,28497.827053573
2023-11-24,28535.4409932122
2023-11-27,28324.0564821519
2023-11-28,28656.78256216
2023-11-29,28740.8933291698
2023-11-30,28829.1030545712
2023-12-01,28802.0946086656
2023-12-04,28856.5208422361
2023-12-05,28718.9326544966
2023-12-06,28793.4977073076
2023-12-07,28684.7989796289
2023-12-08,28849.0909987194
2023-12-11,28851.8979893914
2023-12-12,28850.4149797392
2023-12-13,28910.5368861249
2023-12-14,29235.8448821317
2023-12-15,29226.8915730256
2023-12-18,29177.4084103504
2023-12-19,29006.1604838943
2023-12-20,29139.0210803915
2023-12-21,29080.4226469575
2023-12-22,29106.8606731541
2023-12-25,29144.1322202156
2023-12-26,29384.6170611183
2023-12-27,29590.0961666029
2023-12-28,29614.3066214666
2023-12-29,29660.6866569967
2024-01-02,29485.7605173192
2024-01-03,29095.7258999813
2024-01-04,29064.8296482442
2024-01-05,29069.8959995438
2024-01-08,29060.6277063414
2024-01-09,28920.9028358561
2024-01-10,28799.5563031102
2024-01-11,28943.1195503189
2024-01-12,28906.2666973779
2024-01-15,28946.4830343702
2024-01-16,28604.1990874984
2024-01-17,28167.5382202729
2024-01-18,28190.1839620414
2024-01-19,28532.3327111725
2024-01-22,28827.8190213789
2024-01-23,28925.6249427839
2024-01-24,28945.4638884854
2024-01-25,28970.0913524677
2024-01-26,28919.8742433223
2024-01-29,29127.7708463012
2024-01-30,29040.4764991621
2024-01-31,28955.1078776849
2024-02-01,29133.2597091831
2024-02-02,29211.5644051571
2024-02-05,29090.3949507534
2024-02-15,29404.3356392666
2024-02-16,29558.8882909239
2024-02-19,29709.2734486304
2024-02-20,29813.1840829288
2024-02-21,29746.4941645486
2024-02-22,29947.5175477572
2024-02-23,29941.7269284396
2024-02-26,30055.2262313784
2024-02-27,29847.0968397419
2024-02-29,30233.6229131177
2024-03-01,30182.208273158
2024-03-04,30353.7147524241
2024-03-05,30447.8375609102
2024-03-06,30611.1303962569
2024-03-07,30604.8131105652
2024-03-08,30399.6482141203
2024-03-11,30564.8874829347
2024-03-12,30912.8173266844
2024-03-13,30791.0891548348
2024-03-14,30729.2061398183
2024-03-15,30682.3566468943
2024-03-18,30933.9690733177
2024-03-19,30918.2991830247
2024-03-20,30825.7384105386
2024-03-21,31303.241184233
2024-03-22,31354.586391965
2024-03-25,31359.2381613177
2024-03-26,31180.6484900465
2024-03-27,31397.6404418922
2024-03-28,31458.4848440541
2024-03-29,31670.8261552449
2024-04-01,31614.191099107
2024-04-02,31797.3301345842
2024-04-03,31688.8761616247
2024-04-08,31815.0545522177
2024-04-09,32009.096220658
2024-04-10,32006.8695084718
2024-04-11,31900.6437768588
2024-04-12,31923.2953734531
2024-04-15,31493.9060535416
2024-04-16,30586.6557592585
2024-04-17,31000.5744627694
2024-04-18,31197.7671751195
2024-04-19,30419.3374804774
2024-04-22,30304.037075484
2024-04-23,30508.5395928779
2024-04-24,31181.1598700631
2024-04-25,30872.0330195975
2024-04-26,31174.1654318024
2024-04-29,31783.6478586423
2024-04-30,31651.3204921366
2024-05-02,31589.2153046064
2024-05-03,31684.4194530137
2024-05-06,32011.5084409677
2024-05-07,32045.1687754574
2024-05-08,32114.7543876187
2024-05-09,31908.7832633461
2024-05-10,32133.6218173252
2024-05-13,32156.8155529669
2024-05-14,32336.8360685375
2024-05-15,32446.9153438915
2024-05-16,32763.4304606669
2024-05-17,32768.5133417443
2024-05-20,32798.1615093614
2024-05-21,32610.7531280495
2024-05-22,32906.2214526804
2024-05-23,32836.9060775005
2024-05-24,32881.998416988
2024-05-27,33378.4726077337
2024-05-28,33571.6471316559
2024-05-29,33275.4151252104
2024-05-30,32948.6817534352
2024-05-31,32829.5763242783
2024-06-03,33192.2474555991
2024-06-04,32915.0211841826
2024-06-05,32936.8526367421
2024-06-06,33163.1328055192
2024-06-07,33323.0095402409
2024-06-11,33111.5213253131
2024-06-12,33235.5890026734
2024-06-13,33655.6267203584
2024-06-14,34030.6862875119
2024-06-17,34030.5747586289
2024-06-18,34256.2178057394
2024-06-19,34615.5386530349
2024-06-20,35068.8943876237
2024-06-21,34920.3584509589
2024-06-24,34468.6036866158
2024-06-25,34531.1050771097
2024-06-26,34528.3541325739
2024-06-27,34399.2458850247
2024-06-28,34582.5791069024
2024-07-01,34660.7446110056
2024-07-02,34487.7329713553
2024-07-03,34816.06020662
2024-07-04,35212.9884767947
2024-07-05,35292.6153750465
2024-07-08,35497.3678375551
2024-07-09,35484.7157048432
2024-07-10,35674.5101517453
2024-07-11,35934.2077236657
2024-07-12,35572.0642194149
2024-07-15,35516.1840386176
2024-07-16,35540.8601037642
2024-07-17,35480.2205009994
2024-07-18,35120.0247340178
2024-07-19,34572.2639321247
2024-07-22,33744.3183064301
2024-07-23,34426.3339690782
2024-07-26,33747.9765606654
2024-07-29,33480.3769194758
2024-07-30,33692.7417529664
2024-07-31,33754.939967821
2024-08-01,34318.5564142083
2024-08-02,33065.4304473685
2024-08-05,30554.0403195265
2024-08-06,30862.4768911485
2024-08-07,31951.3324544893
2024-08-08,31441.4235153746
2024-08-09,32119.5796642074
2024-08-12,32705.7522377039
2024-08-13,32753.7717826702
2024-08-14,33161.623837061
2024-08-15,32962.3751714822
2024-08-16,33531.5372107625
2024-08-19,33601.5966955668
2024-08-20,33646.7318180586
2024-08-21,33481.3010859254
2024-08-22,33415.7092004741
2024-08-23,33475.44377476
2024-08-26,33650.511846179
2024-08-27,33680.4761059702
2024-08-28,33704.3900804841
2024-08-29,33704.4114381286
2024-08-30,33839.9003106644
2024-09-02,33690.3145793735
2024-09-03,33510.9529742228
2024-09-04,32154.7551747426
2024-09-05,32134.986049162
2024-09-06,32408.3602613853
2024-09-09,32091.1788791893
2024-09-10,31811.4326177495
2024-09-11,31790.6922529583
2024-09-12,32506.1056757642
2024-09-13,32623.0551707074
2024-09-16,32829.9164523804
2024-09-18,32546.7503916178
2024-09-19,33035.1692461997
2024-09-20,33067.0155483395
2024-09-23,33282.6270896716
2024-09-24,33437.6700453997
2024-09-25,33868.1632229852
2024-09-26,33916.559465256
2024-09-27,34098.3190410926
2024-09-30,33505.1763899824
2024-10-01,33607.2704243296
2024-10-04,33312.0956021462
2024-10-07,33717.1219018822
2024-10-08,33418.7599181474
2024-10-09,33349.2495178015
2024-10-11,33458.7133143402
2024-10-14,33624.1666761619
2024-10-15,33904.4861691972
2024-10-16,33701.2926799256
2024-10-17,33971.2015107299
2024-10-18,34071.2531140298
2024-10-21,34194.5190923095
2024-10-22,34348.1529065632
2024-10-23,34155.6085040172
2024-10-24,33835.4664500801
2024-10-25,34099.4550054488
2024-10-28,34019.9610772107
2024-10-29,33581.9746463757
2024-10-30,33516.493742922
2024-11-01,33513.5844969147
2024-11-04,33660.6806098459
2024-11-05,33800.8670678226
2024-11-06,33870.3863253223
2024-11-07,34218.520634558
2024-11-08,34089.958817467
2024-11-11,34124.7337817462
2024-11-12,33506.6058154119
2024-11-13,33503.0970471394
2024-11-14,33168.4991977819
2024-11-15,33231.5449510179
2024-11-18,32964.6042444893
2024-11-19,33383.1820818623
2024-11-20,33291.1448249035
2024-11-21,33264.955519408
2024-11-22,33506.118276067
2024-11-25,33793.6100803269
2024-11-26,33545.9115129354
2024-11-27,32935.3158169464
2024-11-28,32757.581054363
2024-11-29,32842.3148867075
2024-12-02,33204.5087593017
2024-12-03,33505.5133322904
2024-12-04,33754.9318416427
2024-12-05,33694.256747209
2024-12-06,33702.5831680241
2024-12-09,33705.2579727903
2024-12-10,33550.5651839418
2024-12-11,33404.387161366
2024-12-12,33460.7692660737
2024-12-13,33311.3790584759
2024-12-16,33000.6064016538
2024-12-17,33123.9759657639
2024-12-18,33290.5719651417
2024-12-19,33019.7949650153
2024-12-20,32680.1097645011
2024-12-23,33226.3701714738
2024-12-24,33261.7697907977
2024-12-25,33399.6231877845
2024-12-26,33460.1344877414
2024-12-27,33437.5223648419
2024-12-30,33245.060645384
2024-12-31,33156.0819115362
2025-01-02,32907.008967468
2025-01-03,32896.2900521718
2025-01-06,33443.847645453
2025-01-07,33589.9894026283
2025-01-08,33483.819790099
2025-01-09,32826.3278146565
2025-01-10,32668.1352203603
2025-01-13,31924.4532205031
2025-01-14,32359.4305122591
2025-01-15,32164.1005811229
2025-01-16,32603.4436544927
2025-01-17,32614.9815787163
2025-01-20,32883.6261175162
2025-01-21,32959.2466218791
2025-01-22,33203.8391396868
2025-02-03,32473.0308946369
2025-02-04,32221.2818735115
2025-02-05,32790.9230519727
2025-02-06,33056.2057434062
2025-02-07,33242.464973695
2025-02-10,33095.1978757022
2025-02-11,33307.1964853393
2025-02-12,33278.7109431568
2025-02-13,33728.6217072988
2025-02-14,33738.4530527882
2025-02-17,34072.5489322783
2025-02-18,34153.6843206573
2025-02-19,34205.2524434123
2025-02-20,34128.6981835713
2025-02-21,34404.1077805864
2025-02-24,34413.5121541756
2025-02-25,34153.2999457019
2025-02-26,34330.7271141672
2025-02-27,33904.5451714351
2025-03-03,33605.319096459
2025-03-04,33612.6269853096
2025-03-05,33870.9712371572
2025-03-06,33791.8475573512
2025-03-07,33465.7639744946
2025-03-10,33326.7046564329
2025-03-11,32937.4756961873
2025-03-12,33093.6415478213
2025-03-13,32796.5610740584
2025-03-14,32928.3262724445
2025-03-17,33067.0802863592
2025-03-18,33406.0378809141
2025-03-19,33047.1612323334
2025-03-20,33390.5640415714
2025-03-21,33249.5134554753
2025-03-24,33008.4962906723
2025-03-25,33050.1308583667
2025-03-26,33211.8165697311
2025-03-27,32927.6333636498
2025-03-28,32223.0174302052
2025-03-31,30909.6433831137
2025-04-01,31632.0380206156
2025-04-02,31710.4298214715
2025-04-07,28683.2208805769
2025-04-08,27493.0684836467
2025-04-09,25602.0371689881
2025-04-10,27874.1850333944
2025-04-11,28615.2696047638
2025-04-14,29003.973513483
2025-04-15,29576.4909762485
2025-04-16,29084.8377320026
2025-04-17,28938.5404596283
2025-04-18,29012.855866318
2025-04-21,28624.7003609092
2025-04-22,28256.4986433748
2025-04-23,29142.3159693405
2025-04-24,28941.109907823
2025-04-25,29406.4677739526
2025-04-28,29613.4072850826
2025-04-29,29976.6832055148
2025-04-30,29872.6561142947
2025-05-02,30367.6798332339
2025-05-05,30002.2420875724
2025-05-06,30304.7571676978
2025-05-07,30210.7000445374
2025-05-08,30388.0752244868
2025-05-09,30667.7797386049
2025-05-12,31014.0440683508
2025-05-13,31255.0054816817
2025-05-14,31745.9195606838
2025-05-15,31733.8443772153
2025-05-16,31902.8370849336
2025-05-19,31424.5629152116
2025-05-20,31538.1783387095
2025-05-21,31956.7294534151
2025-05-22,31803.5246151731
2025-05-23,31723.7645429574
2025-05-26,31604.4194563198
2025-05-27,31347.512067192
2025-05-28,31361.6872050045
2025-05-29,31337.7182717243
2025-06-02,30932.1478970481
2025-06-03,31157.3669669425
2025-06-04,31545.5560007644
2025-06-05,31528.6335741717
2025-06-06,31551.5857018336
2025-06-09,31666.8097811943
2025-06-10,31980.7796796556
2025-06-11,32149.1497211849
2025-06-12,32103.0791481382
2025-06-13,31894.0952032146
2025-06-16,31939.5901863847
2025-06-17,31983.1940011606
2025-06-18,32140.9736283608
2025-06-19,31753.6898562397
2025-06-20,31508.684031189
2025-06-23,31412.0651311367
2025-06-24,31976.6520993429
2025-06-25,32184.4878131232
2025-06-26,32266.1975988005
2025-06-27,32384.8609955648
2025-06-30,32087.2273681856
2025-07-01,32385.1424531867
2025-07-02,32536.6155981916
2025-07-03,32835.2061375322
2025-07-04,32541.8348709391
2025-07-07,32361.1522880439
2025-07-08,32219.1051375841
2025-07-09,32487.8759743359
2025-07-10,32721.2604877595
2025-07-11,32861.7796180583
2025-07-14,32671.748848105
2025-07-15,32930.2942169912
2025-07-16,33054.5220430096
2025-07-17,33247.131007077
2025-07-18,33423.463692345
2025-07-21,33417.9043587358
2025-07-22,32981.6782144086
2025-07-23,33484.4785714963
2025-07-24,33630.4152459474
2025-07-25,33613.8562504238
2025-07-28,33728.7661655196
2025-07-29,33419.4266167435
2025-07-30,33680.3190474696
2025-07-31,33813.3710131563
2025-08-04,33904.6674859299
2025-08-05,34293.6283533088
2025-08-06,34272.9962562828
2025-08-07,34552.4929017691
2025-08-08,34693.0180148447
2025-08-11,34871.5839019065
2025-08-12,34944.0778404592
2025-08-13,35085.8203396843
2025-08-14,35254.9231917495
2025-08-15,35390.8587027804
2025-08-18,35748.1992039781
2025-08-19,35343.5741445728
2025-08-20,34572.7714462677
2025-08-21,35103.6504053761
2025-08-22,34925.332165086
2025-08-25,35470.7204427506
2025-08-26,35441.7740029477
2025-08-27,35664.9576445838
2025-08-28,35587.2347972331
2025-08-29,35579.5723783731
2025-09-01,35087.0465872362
2025-09-02,35060.7024106395
2025-09-03,35263.0637547086
2025-09-04,35460.9573936981
2025-09-05,35824.1484401575
2025-09-08,35953.4145724855
2025-09-09,36300.4532543682
2025-09-10,36630.5042613513
2025-09-11,36391.615723427
2025-09-12,36625.2385908958
2025-09-15,36441.3180889992
2025-09-16,36613.1884505585
2025-09-17,36442.3986072228
2025-09-18,36852.0680343449
2025-09-19,36776.2998716564
2025-09-22,36923.3865871599
2025-09-23,36950.4598599369
2025-09-24,36832.3572899392
2025-09-25,36795.8237722584
2025-09-26,36122.9945003467
2025-09-30,36594.2858999246
2025-10-01,36607.1564009095
2025-10-02,36804.5868149377
2025-10-03,37069.5458906878
2025-10-07,37495.6756530992
2025-10-08,37500.5121997696
2025-10-09,37612.2351286359
2025-10-13,37177.2219235374
2025-10-14,36706.5764030182
2025-10-15,37125.1149523568
2025-10-16,37631.747879393
2025-10-17,37435.2076902158
2025-10-20,37803.9382827425
2025-10-21,37948.2967049792
2025-10-22,38050.6706135215
2025-10-23,37956.0810238009
2025-10-27,38494.2890522984
2025-10-28,38478.3598875362
2025-10-29,38752.6751143557
2025-10-30,38736.3254284252
2025-10-31,38697.9489207854
2025-11-03,38758.389791688
2025-11-04,38348.5979147652
2025-11-05,38199.0228035399
2025-11-06,38529.5650011861
2025-11-07,38048.3670478681
2025-11-10,38288.8319766236
2025-11-11,38266.8709004278
2025-11-12,38465.2752193045
2025-11-13,38622.9749107681
2025-11-14,37983.7162635826
2025-11-17,37836.3968894665
2025-11-18,36945.7043222011
2025-11-19,36715.7722147564
2025-11-20,37615.2080699548
2025-11-21,36551.0357496447
2025-11-24,36883.2265247834
2025-11-25,37118.9483955806
2025-11-26,37824.7885521759
2025-11-27,38242.6621907788
2025-11-28,38320.5821360483
2025-12-01,38192.4239519777
2025-12-02,38349.7590537763
2025-12-03,38524.8579104968
2025-12-04,38618.2512485825
2025-12-05,38781.1996755474
2025-12-08,38911.9870467363
2025-12-09,38892.9537401978
2025-12-10,38960.174213592
2025-12-11,38708.0696636671
2025-12-12,38931.6268493094
2025-12-15,38692.6410347176
2025-12-16,38195.7547061811
2025-12-17,38256.7565086007
2025-12-18,38126.6824365518
2025-12-19,38650.713003365
2025-12-22,39077.4749527167
2025-12-23,39010.7089833033
2025-12-24,39065.3364792878
2025-12-26,39227.7110288464
2025-12-29,39466.5324037639
2025-12-30,39400.4828843244
2025-12-31,39472.8770962595
2026-01-02,39759.4509775506
2026-01-05,40053.9484503251
2026-01-06,40573.4965756497
2026-01-07,40732.8407313035
2026-01-08,40407.5389497399
2026-01-09,40328.4266309703
2026-01-12,40784.760805191
2026-01-13,40777.0316624241
2026-01-14,41293.131473563
2026-01-15,41320.2924619076
2026-01-16,41846.3120144546
2026-01-19,42039.3616430328
2026-01-20,42069.7280149723
2026-01-21,41487.3959558366
2026-01-22,42273.5513165711
2026-01-23,42591.0606247117
2026-01-26,43055.6173083383
2026-01-27,43216.5007747639
2026-01-28,43655.1299729107
2026-01-29,43301.5311567884
2026-01-30,42732.3486860287
2026-02-02,41919.4971083155
2026-02-03,42628.2618698055
2026-02-04,43068.8261784759
2026-02-05,42306.1427199247
2026-02-06,42029.5114140865
2026-02-09,42848.8242482662
2026-02-10,43305.0843447947
2026-02-11,43931.2516896661
2026-02-23,44520.2253796628
2026-02-24,45545.6396130877
2026-02-25,46333.2904077136
2026-02-26,46638.4674491542
2026-03-02,46248.6759531747
2026-03-03,45179.5552385879
2026-03-04,42993.1833393056
2026-03-05,44294.6965641396
2026-03-06,44287.8649612307
2026-03-09,42267.0944411184
2026-03-10,43096.1126743524
2026-03-11,44643.6145052828
2026-03-12,44321.3888570078
2026-03-13,44233.3184145264
2026-03-16,44418.3523087112
2026-03-17,45124.4743304727
2026-03-18,45701.771932615
2026-03-19,45126.0846905397
2026-03-20,44965.6235320514
2026-03-23,43622.8647537957
2026-03-24,43379.6711055163
2026-03-25,44657.534514742
2026-03-26,44520.338784086
2026-03-27,44347.6696237415
2026-03-30,43669.1053659068
2026-03-31,42222.1341190552
2026-04-01,43929.4147081057
2026-04-02,43307.9233178017
2026-04-07,43970.257659902
2026-04-08,45930.5539535827
2026-04-09,46073.1657072181
2026-04-10,46596.0031642928
2026-04-13,46835.0731295661
2026-04-14,47666.0038802097
2026-04-15,48212.1443972845
2026-04-16,49030.7125997004
2026-04-17,49163.4282544333
2026-04-20,49584.8532343743
2026-04-21,50619.4399623339
2026-04-22,51229.1055551187
2026-04-23,50369.5383535266
2026-04-24,51396.3165386618
2026-04-27,51656.7964106641
2026-04-28,52200.8673318499
2026-04-29,52265.2369327947
2026-04-30,52143.5711827389
2026-05-04,53844.816130138
2026-05-05,54374.1067018794
2026-05-06,55190.7918730951
2026-05-07,55990.9934081525
2026-05-08,55579.7230478992
2026-05-11,56868.5998006196
2026-05-12,56778.3985098221
2026-05-13,56181.1691222318
2026-05-14,56198.6982793457
2026-05-15,54987.8434374088
2026-05-18,54765.7428934094
2026-05-19,53738.4166321894
2026-05-20,53715.67815009
2026-05-21,55985.4128719727
2026-05-22,57590.865426362
2026-05-25,59775.6139397509
2026-05-26,60185.47964627
2026-05-27,61341.1747799089
2026-05-28,60004.8244712197
2026-05-29,61472.5993961762
2026-06-01,62851.5767630225
2026-06-02,62921.6449175761
2026-06-03,64204.0069094433
2026-06-04,63109.9855131188
2026-06-05,62069.5917148066
2026-06-08,59710.6367947081
2026-06-09,62276.0010851838
2026-06-10,59753.2069690569
2026-06-11,59682.0846848944
2026-06-12,60991.4481375392
2026-06-15,62692.4322429559
2026-06-16,63210.5261920613
2026-06-17,63697.7575350334
2026-06-18,64615.2248698079
2026-06-22,65822.2084771325
2026-06-23,64722.2934448453
2026-06-24,64034.0729017634
2026-06-25,64534.9917625026
2026-06-26,61532.3379148949
2026-06-29,62000.289227576
2026-06-30,63939.7285777055
2026-07-01,64427.0694387847
2026-07-02,64566.2338069334
2026-07-03,65015.1320492955
2026-07-06,64251.4595277232
2026-07-07,62167.4378467173
2026-07-08,62388.3462343865
2026-07-09,62417.6160082118
2026-07-13,62111.3279631321
2026-07-14,61008.1598075099
2026-07-15,62708.3885553984
2026-07-16,62248.5858162803
2026-07-17,58560.8290638474
2026-07-20,57556.2528429951
2026-07-21,60135.2860456577
2026-07-22,61641.65562718
2026-07-23,61642.7296223363
2026-07-24,59848.5175538676
2026-07-27,59801.7035281754
2026-07-28,56368.5316357319
2026-07-29,54164.2070424199
2026-07-30,53885.9624899268
2026-07-31,57480.4052762544
2026-08-03,58932.0917984565
2026-08-04,59701.8551082862
2026-08-05,61128.4451072537
2026-08-06,61312.0275747932
2026-08-07,60838.4846546434
2026-08-10,62279.3374861781
2026-08-11,62485.0995751528
2026-08-12,63054.6253518249
2026-08-13,63903.5166409074
2026-08-14,64108.8773900979
2026-08-17,64130.6627559571
2026-08-18,63211.0709064153
2026-08-19,62383.0505728977
2026-08-20,62450.5300480763
2026-08-21,62516.0102026107
2026-08-24,62055.2287731042
2026-08-25,62565.0986263586
2026-08-26,63831.4890324328
2026-08-27,64260.7917556271
2026-08-28,64919.3259533094
2026-08-31,64713.5780668224
2026-09-01,66005.3482845511
2026-09-02,65162.5276396962
2026-09-03,64356.9060262734
2026-09-04,65615.6480063988
2026-09-07,66531.7347520509
2026-09-08,65851.3582878587
2026-09-09,66121.7841955019
2026-09-10,65822.8241432599
2026-09-11,64773.1179391426
2026-09-14,64554.2993906186
2026-09-15,63646.592618478
2026-09-16,64525.5098062724
2026-09-17,64748.0698072868
2026-09-18,66203.3128312909
2026-09-21,67100.7761273058
2026-09-22,67645.7563850396
2026-09-23,67768.501918977
