date,value
2000-01-04,33.2422447205
2000-01-05,33.9891929626
2000-01-06,33.2422447205
2000-01-07,32.3084259033
2000-01-10,33.4289321899
2000-01-11,32.8686790466
2000-01-12,33.8025016785
2000-01-13,33.2422447205
2000-01-14,33.9891929626
2000-01-17,34.9230079651
2000-01-18,34.3627548218
2000-01-19,34.3627548218
2000-01-20,33.9891929626
2000-01-21,34.7361335754
2000-01-24,35.1096992493
2000-01-25,36.0435333252
2000-01-26,38.4712486267
2000-01-27,38.8448181152
2000-01-28,38.0978660583
2000-01-31,37.9109840393
2000-02-01,37.7242965698
2000-02-02,37.7242965698
2000-02-03,37.7242965698
2000-02-04,37.7242965698
2000-02-07,37.7242965698
2000-02-08,37.7242965698
2000-02-09,39.4050788879
2000-02-10,39.9653434753
2000-02-11,40.8991470337
2000-02-14,39.9653434753
2000-02-15,40.152015686
2000-02-16,39.7786331177
2000-02-17,39.4050788879
2000-02-18,38.8448181152
2000-02-21,36.4169197083
2000-02-22,36.4169197083
2000-02-23,36.2302207947
2000-02-24,36.4169197083
2000-02-25,37.1640625
2000-02-28,37.1640625
2000-02-29,37.5374298096
2000-03-01,38.4712486267
2000-03-02,37.9109840393
2000-03-03,37.9109840393
2000-03-06,37.3507423401
2000-03-07,37.1640625
2000-03-08,36.977180481
2000-03-09,37.3507423401
2000-03-10,36.4169197083
2000-03-13,33.9891929626
2000-03-14,34.7361335754
2000-03-15,34.1758956909
2000-03-16,34.3627548218
2000-03-17,35.4832687378
2000-03-20,34.3627548218
2000-03-21,36.4169197083
2000-03-22,35.8566551208
2000-03-23,37.5374298096
2000-03-24,36.977180481
2000-03-27,39.4050788879
2000-03-28,39.0315170288
2000-03-29,38.0978660583
2000-03-30,38.8448181152
2000-03-31,38.2845611572
2000-04-03,38.2845611572
2000-04-04,38.2845611572
2000-04-05,38.8448181152
2000-04-06,37.7242965698
2000-04-07,37.3507423401
2000-04-10,39.2183837891
2000-04-11,38.2845611572
2000-04-12,37.3507423401
2000-04-13,35.8566551208
2000-04-14,34.7361335754
2000-04-17,33.4289321899
2000-04-18,35.2963943481
2000-04-19,34.1758956909
2000-04-20,34.7361335754
2000-04-21,34.7361335754
2000-04-24,33.6156234741
2000-04-25,34.9230079651
2000-04-26,34.5494499207
2000-04-27,35.1096992493
2000-04-28,36.790473938
2000-05-01,36.790473938
2000-05-02,36.0435333252
2000-05-03,35.1096992493
2000-05-04,34.9230079651
2000-05-05,35.8566551208
2000-05-08,36.0435333252
2000-05-09,36.0435333252
2000-05-10,35.1096992493
2000-05-11,33.4289321899
2000-05-12,34.5494499207
2000-05-15,33.7053108215
2000-05-16,35.7371063232
2000-05-17,38.0081062317
2000-05-18,38.9644203186
2000-05-19,38.7252235413
2000-05-22,37.7691230774
2000-05-23,36.573841095
2000-05-24,35.4981384277
2000-05-25,34.7810096741
2000-05-26,34.7810096741
2000-05-29,34.7810096741
2000-05-30,34.7810096741
2000-05-31,37.5299377441
2000-06-01,36.573841095
2000-06-02,37.0520019531
2000-06-05,37.7691230774
2000-06-06,37.7691230774
2000-06-07,38.4862556458
2000-06-08,37.5299377441
2000-06-09,37.7691230774
2000-06-12,37.5299377441
2000-06-13,37.0520019531
2000-06-14,36.8127937317
2000-06-15,35.8567085266
2000-06-16,35.8567085266
2000-06-19,35.3785400391
2000-06-20,35.4981384277
2000-06-21,35.1395759583
2000-06-22,35.6177444458
2000-06-23,34.9006233215
2000-06-26,33.8249053955
2000-06-27,33.8249053955
2000-06-28,34.4224395752
2000-06-29,34.0638923645
2000-06-30,34.9006233215
2000-07-03,34.3028411865
2000-07-04,33.7053108215
2000-07-05,35.6177444458
2000-07-06,34.6614112854
2000-07-07,33.9442863464
2000-07-10,34.3028411865
2000-07-11,34.4224395752
2000-07-12,34.3028411865
2000-07-13,34.6614112854
2000-07-14,34.9006233215
2000-07-17,34.3028411865
2000-07-18,33.9442863464
2000-07-19,33.9442863464
2000-07-20,32.2710494995
2000-07-21,31.0757675171
2000-07-24,30.2392673492
2000-07-25,30.0000762939
2000-07-26,31.0757675171
2000-07-27,30.8367996216
2000-07-28,30.4782371521
2000-07-31,30.3586368561
2000-08-01,30.1196689606
2000-08-02,29.8807067871
2000-08-03,29.1635723114
2000-08-04,30.0000762939
2000-08-07,29.4025402069
2000-08-08,30.0000762939
2000-08-09,31.0757675171
2000-08-10,31.7929000854
2000-08-11,31.3149681091
2000-08-14,31.0757675171
2000-08-15,31.1953639984
2000-08-16,32.2710494995
2000-08-17,32.988193512
2000-08-18,33.3467559814
2000-08-21,32.988193512
2000-08-22,32.7492256165
2000-08-23,32.7492256165
2000-08-24,33.3467559814
2000-08-25,33.585723877
2000-08-28,32.988193512
2000-08-29,32.7492256165
2000-08-30,32.2710494995
2000-08-31,32.1514625549
2000-09-01,31.0757675171
2000-09-04,31.9124984741
2000-09-05,32.0320930481
2000-09-06,31.3149681091
2000-09-07,30.0000762939
2000-09-08,29.761100769
2000-09-11,29.6415138245
2000-09-12,29.6415138245
2000-09-13,29.6415138245
2000-09-14,28.6854095459
2000-09-15,29.2829437256
2000-09-18,28.9243793488
2000-09-19,27.0121841431
2000-09-20,27.4901161194
2000-09-21,27.370513916
2000-09-22,25.4583301544
2000-09-25,25.4583301544
2000-09-26,27.1315498352
2000-09-27,26.5340175629
2000-09-28,25.4583301544
2000-09-29,24.8605632782
2000-10-02,23.5459117889
2000-10-03,24.6215991974
2000-10-04,23.7848701477
2000-10-05,24.6215991974
2000-10-06,26.294834137
2000-10-09,25.6972942352
2000-10-10,25.6972942352
2000-10-11,24.8605632782
2000-10-12,23.1873455048
2000-10-13,23.0677433014
2000-10-16,23.0677433014
2000-10-17,22.4702129364
2000-10-18,20.9163532257
2000-10-19,19.4820919037
2000-10-20,20.7969932556
2000-10-23,23.7848701477
2000-10-24,25.3387374878
2000-10-25,25.6972942352
2000-10-26,25.2191333771
2000-10-27,25.2191333771
2000-10-30,23.5459117889
2000-10-31,23.4263057709
2000-11-01,23.1873455048
2000-11-02,24.7412014008
2000-11-03,26.1754589081
2000-11-06,26.0558586121
2000-11-07,27.8486804962
2000-11-08,27.9682769775
2000-11-09,27.4901161194
2000-11-10,27.2511520386
2000-11-13,25.4583301544
2000-11-14,25.4583301544
2000-11-15,25.5776920319
2000-11-16,23.9044723511
2000-11-17,23.5459117889
2000-11-20,21.0359516144
2000-11-21,22.4702129364
2000-11-22,21.7530860901
2000-11-23,21.2749137878
2000-11-24,22.7091770172
2000-11-27,22.5898132324
2000-11-28,22.1116523743
2000-11-29,21.6334877014
2000-11-30,21.394525528
2000-12-01,21.8726825714
2000-12-04,21.0359516144
2000-12-05,21.1555480957
2000-12-06,21.2749137878
2000-12-07,21.7530860901
2000-12-08,21.5141162872
2000-12-11,21.5141162872
2000-12-12,22.1116523743
2000-12-13,21.9920444489
2000-12-14,21.6334877014
2000-12-15,21.0359516144
2000-12-18,20.1992282867
2000-12-19,20.0798549652
2000-12-20,19.4820919037
2000-12-21,18.8845615387
2000-12-22,18.6455974579
2000-12-25,18.6455974579
2000-12-26,18.1674346924
2000-12-27,17.9284667969
2000-12-28,19.1235294342
2000-12-29,19.0041599274
2001-01-01,19.0041599274
2001-01-02,19.9602661133
2001-01-03,19.2431278229
2001-01-04,20.3188266754
2001-01-05,21.6334877014
2001-01-08,21.394525528
2001-01-09,22.2312450409
2001-01-10,22.4702129364
2001-01-11,22.1116523743
2001-01-12,22.4702129364
2001-01-15,22.5898132324
2001-01-16,24.1434364319
2001-01-17,24.1434364319
2001-01-18,24.3826351166
2001-01-19,24.3826351166
2001-01-22,24.3826351166
2001-01-23,24.3826351166
2001-01-24,24.3826351166
2001-01-25,24.3826351166
2001-01-26,24.3826351166
2001-01-29,23.1873455048
2001-01-30,23.6655063629
2001-01-31,25.2191333771
2001-02-01,24.2630290985
2001-02-02,24.0240688324
2001-02-05,23.5459117889
2001-02-06,23.4263057709
2001-02-07,21.8726825714
2001-02-08,21.6334877014
2001-02-09,21.8726825714
2001-02-12,21.9920444489
2001-02-13,23.4263057709
2001-02-14,22.4702129364
2001-02-15,24.0240688324
2001-02-16,23.4263057709
2001-02-19,22.9483795166
2001-02-20,22.9483795166
2001-02-21,23.3069419861
2001-02-22,22.3506183624
2001-02-23,21.7530860901
2001-02-26,21.2749137878
2001-02-27,21.5141162872
2001-02-28,21.5141162872
2001-03-01,20.0798549652
2001-03-02,19.9602661133
2001-03-05,20.1992282867
2001-03-06,21.1555480957
2001-03-07,21.9920444489
2001-03-08,21.6334877014
2001-03-09,21.0359516144
2001-03-12,20.4384250641
2001-03-13,20.7969932556
2001-03-14,20.7969932556
2001-03-15,21.0359516144
2001-03-16,21.1555480957
2001-03-19,20.7969932556
2001-03-20,20.5577964783
2001-03-21,20.3188266754
2001-03-22,20.6773891449
2001-03-23,21.6334877014
2001-03-26,21.5141162872
2001-03-27,21.394525528
2001-03-28,21.2749137878
2001-03-29,21.0359516144
2001-03-30,21.1555480957
2001-04-02,20.3188266754
2001-04-03,19.4820919037
2001-04-04,19.0041599274
2001-04-05,19.0041599274
2001-04-06,19.7212905884
2001-04-09,19.1235294342
2001-04-10,18.8845615387
2001-04-11,19.8406658173
2001-04-12,20.5577964783
2001-04-13,20.3188266754
2001-04-16,20.0798549652
2001-04-17,19.9602661133
2001-04-18,20.3188266754
2001-04-19,21.6334877014
2001-04-20,21.6334877014
2001-04-23,21.5141162872
2001-04-24,21.0359516144
2001-04-25,20.6773891449
2001-04-26,20.6773891449
2001-04-27,20.7969932556
2001-04-30,21.7530860901
2001-05-01,21.7530860901
2001-05-02,22.9483795166
2001-05-03,23.0677433014
2001-05-04,22.2312450409
2001-05-07,22.7091770172
2001-05-08,22.5898132324
2001-05-09,22.7091770172
2001-05-10,22.1116523743
2001-05-11,22.4702129364
2001-05-14,22.1116523743
2001-05-15,21.394525528
2001-05-16,21.0359516144
2001-05-17,21.2749137878
2001-05-18,21.6334877014
2001-05-21,21.1555480957
2001-05-22,21.5141162872
2001-05-23,22.5898132324
2001-05-24,22.4702129364
2001-05-25,22.5898132324
2001-05-28,22.2312450409
2001-05-29,22.2312450409
2001-05-30,21.5141162872
2001-05-31,21.394525528
2001-06-01,21.2749137878
2001-06-04,21.5141162872
2001-06-05,21.7530860901
2001-06-06,22.3506183624
2001-06-07,22.2312450409
2001-06-08,23.1873455048
2001-06-11,23.6655063629
2001-06-12,23.1873455048
2001-06-13,22.4702129364
2001-06-14,22.1116523743
2001-06-15,22.3506183624
2001-06-18,21.9920444489
2001-06-19,21.6334877014
2001-06-20,21.5141162872
2001-06-21,20.5577964783
2001-06-22,20.3188266754
2001-06-25,20.3188266754
2001-06-26,20.4144935608
2001-06-27,21.2510433197
2001-06-28,20.5816230774
2001-06-29,21.4184799194
2001-07-02,22.4224624634
2001-07-03,22.2550354004
2001-07-04,21.9204711914
2001-07-05,21.9204711914
2001-07-06,21.083612442
2001-07-09,20.4144935608
2001-07-10,20.5816230774
2001-07-11,20.5816230774
2001-07-12,21.2510433197
2001-07-13,21.083612442
2001-07-16,21.083612442
2001-07-17,20.9164962769
2001-07-18,20.7490577698
2001-07-19,20.4144935608
2001-07-20,20.2470703125
2001-07-23,19.4105205536
2001-07-24,19.2430801392
2001-07-25,19.7450809479
2001-07-26,20.2470703125
2001-07-27,21.2510433197
2001-07-30,21.2510433197
2001-07-31,22.0875988007
2001-08-01,22.92445755
2001-08-02,23.5938835144
2001-08-03,23.0915718079
2001-08-06,22.757019043
2001-08-07,22.0875988007
2001-08-08,22.5895824432
2001-08-09,21.7530441284
2001-08-10,22.92445755
2001-08-13,22.757019043
2001-08-14,23.0915718079
2001-08-15,22.92445755
2001-08-16,22.757019043
2001-08-17,22.5895824432
2001-08-20,22.0875988007
2001-08-21,22.2550354004
2001-08-22,20.7490577698
2001-08-23,20.7490577698
2001-08-24,20.2470703125
2001-08-27,21.2510433197
2001-08-28,21.083612442
2001-08-29,21.5855941772
2001-08-30,21.083612442
2001-08-31,21.4184799194
2001-09-03,21.4184799194
2001-09-04,22.0875988007
2001-09-05,21.9204711914
2001-09-06,21.4184799194
2001-09-07,21.083612442
2001-09-10,21.4184799194
2001-09-11,21.083612442
2001-09-12,21.083612442
2001-09-13,19.7450809479
2001-09-14,18.5736503601
2001-09-17,18.5736503601
2001-09-18,18.5736503601
2001-09-19,18.5736503601
2001-09-20,17.5696754456
2001-09-21,17.0676822662
2001-09-24,17.0676822662
2001-09-25,15.8629055023
2001-09-26,16.231136322
2001-09-27,15.5617141724
2001-09-28,15.5617141724
2001-10-01,15.5617141724
2001-10-02,15.0597267151
2001-10-03,14.7585287094
2001-10-04,14.8255596161
2001-10-05,15.6621055603
2001-10-08,15.3945970535
2001-10-09,16.4652938843
2001-10-10,16.4652938843
2001-10-11,17.5696754456
2001-10-12,18.406539917
2001-10-15,17.9045448303
2001-10-16,18.5736503601
2001-10-17,19.4105205536
2001-10-18,19.9125175476
2001-10-19,19.5776386261
2001-10-22,19.4105205536
2001-10-23,19.2430801392
2001-10-24,20.5816230774
2001-10-25,20.9164962769
2001-10-26,21.083612442
2001-10-29,22.4224624634
2001-10-30,20.9164962769
2001-10-31,20.4144935608
2001-11-01,20.4144935608
2001-11-02,20.9164962769
2001-11-05,21.7530441284
2001-11-06,21.9204711914
2001-11-07,22.4224624634
2001-11-08,22.5895824432
2001-11-09,22.5895824432
2001-11-12,22.757019043
2001-11-13,22.5895824432
2001-11-14,24.0958766937
2001-11-15,24.9324264526
2001-11-16,25.9363975525
2001-11-19,26.6058273315
2001-11-20,24.9324264526
2001-11-21,25.2669696808
2001-11-22,24.4304294586
2001-11-23,24.597869873
2001-11-26,24.7649726868
2001-11-27,25.2669696808
2001-11-28,24.7649726868
2001-11-29,24.4304294586
2001-11-30,24.4304294586
2001-12-03,25.9363975525
2001-12-04,26.2709541321
2001-12-05,27.9443721771
2001-12-06,29.7848911285
2001-12-07,29.6177749634
2001-12-10,28.1118011475
2001-12-11,28.6137866974
2001-12-12,29.6177749634
2001-12-13,28.1118011475
2001-12-14,27.9443721771
2001-12-17,27.1078147888
2001-12-18,27.6098079681
2001-12-19,28.6137866974
2001-12-20,28.6137866974
2001-12-21,26.7729415894
2001-12-24,27.1078147888
2001-12-25,27.9443721771
2001-12-26,27.6098079681
2001-12-27,27.4423675537
2001-12-28,28.4463500977
2001-12-31,29.2829055786
2002-01-01,29.2829055786
2002-01-02,28.7809123993
2002-01-03,28.7809123993
2002-01-04,29.7848911285
2002-01-07,30.9563064575
2002-01-08,30.2868785858
2002-01-09,30.6217460632
2002-01-10,30.2868785858
2002-01-11,29.2829055786
2002-01-14,29.4503307343
2002-01-15,29.2829055786
2002-01-16,28.4463500977
2002-01-17,28.278924942
2002-01-18,28.4463500977
2002-01-21,30.2868785858
2002-01-22,30.119758606
2002-01-23,29.6177749634
2002-01-24,30.2868785858
2002-01-25,30.7888698578
2002-01-28,30.7888698578
2002-01-29,29.7848911285
2002-01-30,29.1157798767
2002-01-31,29.1157798767
2002-02-01,28.6137866974
2002-02-04,28.7809123993
2002-02-05,28.6137866974
2002-02-06,28.948343277
2002-02-07,28.948343277
2002-02-08,28.948343277
2002-02-11,28.948343277
2002-02-12,28.948343277
2002-02-13,28.948343277
2002-02-14,28.948343277
2002-02-15,28.948343277
2002-02-18,29.2829055786
2002-02-19,28.6137866974
2002-02-20,27.4423675537
2002-02-21,27.6098079681
2002-02-22,27.274936676
2002-02-25,27.1078147888
2002-02-26,26.7729415894
2002-02-27,27.4423675537
2002-02-28,27.4423675537
2002-03-01,27.1078147888
2002-03-04,28.948343277
2002-03-05,30.4543075562
2002-03-06,31.6257457733
2002-03-07,31.2908535004
2002-03-08,30.6217460632
2002-03-11,32.6297187805
2002-03-12,31.7928504944
2002-03-13,31.4583015442
2002-03-14,31.1237373352
2002-03-15,30.2868785858
2002-03-18,30.6217460632
2002-03-19,30.6217460632
2002-03-20,32.1277275085
2002-03-21,31.4583015442
2002-03-22,31.7928504944
2002-03-25,32.1277275085
2002-03-26,31.6257457733
2002-03-27,30.9563064575
2002-03-28,31.7928504944
2002-03-29,32.2948417664
2002-04-01,31.9602851868
2002-04-02,32.1277275085
2002-04-03,31.7928504944
2002-04-04,30.9563064575
2002-04-05,30.9563064575
2002-04-08,30.6217460632
2002-04-09,30.6217460632
2002-04-10,30.2868785858
2002-04-11,30.119758606
2002-04-12,30.7888698578
2002-04-15,30.6217460632
2002-04-16,30.9563064575
2002-04-17,32.1277275085
2002-04-18,31.9602851868
2002-04-19,31.6257457733
2002-04-22,31.1237373352
2002-04-23,31.4583015442
2002-04-24,31.7928504944
2002-04-25,30.7888698578
2002-04-26,30.7888698578
2002-04-29,29.7848911285
2002-04-30,29.2829055786
2002-05-01,29.2829055786
2002-05-02,28.4463500977
2002-05-03,28.4463500977
2002-05-06,27.1078147888
2002-05-07,27.4423675537
2002-05-08,27.7769355774
2002-05-09,28.4463500977
2002-05-10,28.948343277
2002-05-13,28.4463500977
2002-05-14,29.1157798767
2002-05-15,30.119758606
2002-05-16,29.6177749634
2002-05-17,29.9523258209
2002-05-20,29.1157798767
2002-05-21,28.948343277
2002-05-22,29.4503307343
2002-05-23,29.1157798767
2002-05-24,29.2829055786
2002-05-27,28.948343277
2002-05-28,28.7809123993
2002-05-29,28.6137866974
2002-05-30,28.948343277
2002-05-31,28.6137866974
2002-06-03,28.4463500977
2002-06-04,27.274936676
2002-06-05,27.4423675537
2002-06-06,26.9403820038
2002-06-07,25.0998516083
2002-06-10,25.0998516083
2002-06-11,24.7649726868
2002-06-12,24.0958766937
2002-06-13,25.2669696808
2002-06-14,25.2669696808
2002-06-17,24.7649726868
2002-06-18,25.2669696808
2002-06-19,25.2168979645
2002-06-20,25.2168979645
2002-06-21,25.4010829926
2002-06-24,25.2168979645
2002-06-25,25.5849113464
2002-06-26,24.4805316925
2002-06-27,24.4805316925
2002-06-28,25.0327129364
2002-07-01,24.6647109985
2002-07-02,24.2963504791
2002-07-03,23.3761558533
2002-07-04,23.7441616058
2002-07-05,24.6647109985
2002-07-08,26.1371040344
2002-07-09,26.3212833405
2002-07-10,25.7690925598
2002-07-11,24.8485374451
2002-07-12,26.1371040344
2002-07-15,25.5849113464
2002-07-16,25.4010829926
2002-07-17,24.6647109985
2002-07-18,23.7441616058
2002-07-19,22.6397800446
2002-07-22,22.2717704773
2002-07-23,22.8239574432
2002-07-24,21.5354042053
2002-07-25,21.3515739441
2002-07-26,19.8788261414
2002-07-29,18.5906200409
2002-07-30,19.1428184509
2002-07-31,18.5906200409
2002-08-01,18.4064464569
2002-08-02,18.3697471619
2002-08-05,17.1178855896
2002-08-06,16.9707508087
2002-08-07,18.1488742828
2002-08-08,18.0751304626
2002-08-09,18.7744560242
2002-08-12,18.5906200409
2002-08-13,18.4064464569
2002-08-14,18.7744560242
2002-08-15,19.5108203888
2002-08-16,19.6950111389
2002-08-19,19.6950111389
2002-08-20,20.0630168915
2002-08-21,19.5108203888
2002-08-22,19.5108203888
2002-08-23,19.5108203888
2002-08-26,19.3266468048
2002-08-27,18.7744560242
2002-08-28,18.4064464569
2002-08-29,18.4064464569
2002-08-30,18.3697471619
2002-09-02,17.9279918671
2002-09-03,17.9279918671
2002-09-04,17.6333808899
2002-09-05,17.486240387
2002-09-06,17.486240387
2002-09-09,17.8542575836
2002-09-10,18.5906200409
2002-09-11,18.5906200409
2002-09-12,18.3697471619
2002-09-13,17.707118988
2002-09-16,17.3758068085
2002-09-17,18.0384407043
2002-09-18,16.7865657806
2002-09-19,16.7865657806
2002-09-20,16.0135040283
2002-09-23,15.4983644485
2002-09-24,15.5717554092
2002-09-25,15.4613142014
2002-09-26,15.6821937561
2002-09-27,15.4613142014
2002-09-30,15.1299972534
2002-10-01,14.7619962692
2002-10-02,14.7252969742
2002-10-03,13.878487587
2002-10-04,13.9889287949
2002-10-07,13.2525548935
2002-10-08,13.1054229736
2002-10-09,13.2525548935
2002-10-10,13.2525548935
2002-10-11,13.1421146393
2002-10-14,13.9889287949
2002-10-15,14.9461746216
2002-10-16,15.976805687
2002-10-17,16.0135040283
2002-10-18,17.1178855896
2002-10-21,16.7498779297
2002-10-22,16.0135040283
2002-10-23,16.5656929016
2002-10-24,16.5656929016
2002-10-25,16.9340572357
2002-10-28,17.1549301147
2002-10-29,17.2283153534
2002-10-30,16.7498779297
2002-10-31,17.1178855896
2002-11-01,16.5656929016
2002-11-04,17.3020591736
2002-11-05,17.5596408844
2002-11-06,18.7744560242
2002-11-07,18.9586372375
2002-11-08,18.7744560242
2002-11-11,17.5596408844
2002-11-12,17.2283153534
2002-11-13,17.2283153534
2002-11-14,17.0811901093
2002-11-15,17.8175582886
2002-11-18,17.7438182831
2002-11-19,17.5229415894
2002-11-20,16.9707508087
2002-11-21,17.2653656006
2002-11-22,18.4064464569
2002-11-25,19.1428184509
2002-11-26,18.5906200409
2002-11-27,18.4064464569
2002-11-28,18.5906200409
2002-11-29,18.5906200409
2002-12-02,18.5906200409
2002-12-03,19.6950111389
2002-12-04,19.1428184509
2002-12-05,19.3266468048
2002-12-06,18.9586372375
2002-12-09,19.1428184509
2002-12-10,18.4064464569
2002-12-11,18.4064464569
2002-12-12,18.0384407043
2002-12-13,17.9279918671
2002-12-16,17.6333808899
2002-12-17,17.5966873169
2002-12-18,17.6700687408
2002-12-19,16.8970069885
2002-12-20,16.9340572357
2002-12-23,16.3818645477
2002-12-24,16.4923038483
2002-12-25,16.4552536011
2002-12-26,16.9340572357
2002-12-27,16.7498779297
2002-12-30,15.9030628204
2002-12-31,15.6821937561
2003-01-01,15.6821937561
2003-01-02,15.6454963684
2003-01-03,16.4923038483
2003-01-06,16.4923038483
2003-01-07,16.7131843567
2003-01-08,17.1178855896
2003-01-09,16.9340572357
2003-01-10,17.3758068085
2003-01-13,18.5906200409
2003-01-14,18.5906200409
2003-01-15,18.5906200409
2003-01-16,17.8909473419
2003-01-17,17.9646892548
2003-01-20,17.6333808899
2003-01-21,17.5229415894
2003-01-22,17.5966873169
2003-01-23,18.5906200409
2003-01-24,18.1855678558
2003-01-27,18.0013866425
2003-01-28,17.5596408844
2003-01-29,17.5596408844
2003-01-30,17.5596408844
2003-01-31,17.5596408844
2003-02-03,17.5596408844
2003-02-04,17.5596408844
2003-02-05,17.5596408844
2003-02-06,16.3448162079
2003-02-07,15.4613142014
2003-02-10,14.9828653336
2003-02-11,15.2774858475
2003-02-12,14.8724298477
2003-02-13,14.7986841202
2003-02-14,15.0933084488
2003-02-17,16.1239433289
2003-02-18,15.7926301956
2003-02-19,15.8296737671
2003-02-20,16.2343826294
2003-02-21,16.5289897919
2003-02-24,16.6761302948
2003-02-25,15.8296737671
2003-02-26,15.7559299469
2003-02-27,15.4613142014
2003-02-28,15.4613142014
2003-03-03,16.1976852417
2003-03-04,15.976805687
2003-03-05,15.3141803741
2003-03-06,15.2404413223
2003-03-07,15.3141803741
2003-03-10,15.6821937561
2003-03-11,15.6454963684
2003-03-12,15.8296737671
2003-03-13,16.2343826294
2003-03-14,16.7498779297
2003-03-17,16.1976852417
2003-03-18,17.3020591736
2003-03-19,17.6333808899
2003-03-20,17.8909473419
2003-03-21,17.8542575836
2003-03-24,17.8542575836
2003-03-25,17.1549301147
2003-03-26,17.3020591736
2003-03-27,16.5289897919
2003-03-28,16.3448162079
2003-03-31,15.5717554092
2003-04-01,15.5350542068
2003-04-02,15.7559299469
2003-04-03,16.160987854
2003-04-04,16.6394386292
2003-04-07,17.007440567
2003-04-08,16.8236141205
2003-04-09,16.4923038483
2003-04-10,16.3818645477
2003-04-11,16.4923038483
2003-04-14,16.0505466461
2003-04-15,16.4552536011
2003-04-16,17.2653656006
2003-04-17,16.8603096008
2003-04-18,17.486240387
2003-04-21,17.7805080414
2003-04-22,17.3020591736
2003-04-23,17.7805080414
2003-04-24,17.4125003815
2003-04-25,16.7498779297
2003-04-28,16.1976852417
2003-04-29,16.6027412415
2003-04-30,17.5966873169
2003-05-01,17.5966873169
2003-05-02,17.7805080414
2003-05-05,17.8542575836
2003-05-06,17.5966873169
2003-05-07,17.5596408844
2003-05-08,17.1916275024
2003-05-09,17.486240387
2003-05-12,17.7805080414
2003-05-13,18.111825943
2003-05-14,18.111825943
2003-05-15,18.2222633362
2003-05-16,17.9646892548
2003-05-19,18.0013866425
2003-05-20,17.6700687408
2003-05-21,17.6700687408
2003-05-22,17.6700687408
2003-05-23,18.0751304626
2003-05-26,18.3327007294
2003-05-27,18.1488742828
2003-05-28,18.5906200409
2003-05-29,19.1428184509
2003-05-30,19.6950111389
2003-06-02,20.7993793488
2003-06-03,20.6151981354
2003-06-04,20.6151981354
2003-06-05,21.1673851013
2003-06-06,21.5354042053
2003-06-09,21.7195835114
2003-06-10,21.1673851013
2003-06-11,20.7993793488
2003-06-12,21.5354042053
2003-06-13,20.9832115173
2003-06-16,20.6151981354
2003-06-17,21.3515739441
2003-06-18,21.7195835114
2003-06-19,21.7195835114
2003-06-20,21.5354042053
2003-06-23,21.1673851013
2003-06-24,20.9832115173
2003-06-25,20.9832115173
2003-06-26,20.9832115173
2003-06-27,20.9832115173
2003-06-30,20.9832115173
2003-07-01,21.5354042053
2003-07-02,22.0875988007
2003-07-03,22.455953598
2003-07-04,22.8239574432
2003-07-07,22.4557170868
2003-07-08,22.8238277435
2003-07-09,22.2716560364
2003-07-10,21.1673336029
2003-07-11,21.1673336029
2003-07-14,21.9035587311
2003-07-15,21.9035587311
2003-07-16,21.9035587311
2003-07-17,21.3513889313
2003-07-18,21.3513889313
2003-07-21,20.9832820892
2003-07-22,20.7992286682
2003-07-23,21.1673336029
2003-07-24,21.5354385376
2003-07-25,20.9832820892
2003-07-28,21.3513889313
2003-07-29,20.9832820892
2003-07-30,20.9832820892
2003-07-31,21.7194957733
2003-08-01,22.0876045227
2003-08-04,22.0876045227
2003-08-05,21.5354385376
2003-08-06,21.5354385376
2003-08-07,22.0876045227
2003-08-08,21.3513889313
2003-08-11,20.9832820892
2003-08-12,20.9832820892
2003-08-13,21.7194957733
2003-08-14,21.9035587311
2003-08-15,22.4557170868
2003-08-18,22.6397647858
2003-08-19,23.0082550049
2003-08-20,23.1923065186
2003-08-21,23.5604095459
2003-08-22,23.5604095459
2003-08-25,23.7444629669
2003-08-26,23.1923065186
2003-08-27,23.5604095459
2003-08-28,24.1125774384
2003-08-29,24.6647453308
2003-09-01,24.8487949371
2003-09-02,24.6647453308
2003-09-03,24.480682373
2003-09-04,24.2966270447
2003-09-05,25.0328445435
2003-09-08,26.1371688843
2003-09-09,25.9531173706
2003-09-10,25.5850105286
2003-09-11,25.5850105286
2003-09-12,25.0328445435
2003-09-15,24.6647453308
2003-09-16,25.2168979645
2003-09-17,26.3212299347
2003-09-18,25.9531173706
2003-09-19,25.4009532928
2003-09-22,24.8487949371
2003-09-23,25.0328445435
2003-09-24,25.0328445435
2003-09-25,24.480682373
2003-09-26,24.2966270447
2003-09-29,24.480682373
2003-09-30,24.480682373
2003-10-01,24.480682373
2003-10-02,25.2168979645
2003-10-03,25.7690620422
2003-10-06,26.1371688843
2003-10-07,25.7690620422
2003-10-08,25.5850105286
2003-10-09,25.4009532928
2003-10-10,25.4009532928
2003-10-13,25.7690620422
2003-10-14,25.2168979645
2003-10-15,25.0328445435
2003-10-16,25.5850105286
2003-10-17,25.0328445435
2003-10-20,25.0328445435
2003-10-21,24.6647453308
2003-10-22,24.2966270447
2003-10-23,23.7444629669
2003-10-24,23.7444629669
2003-10-27,24.1125774384
2003-10-28,25.0328445435
2003-10-29,25.5850105286
2003-10-30,25.5850105286
2003-10-31,24.6647453308
2003-11-03,24.6647453308
2003-11-04,25.2168979645
2003-11-05,25.5850105286
2003-11-06,25.4009532928
2003-11-07,25.4009532928
2003-11-10,25.0328445435
2003-11-11,24.2966270447
2003-11-12,24.480682373
2003-11-13,24.8487949371
2003-11-14,24.8487949371
2003-11-17,24.480682373
2003-11-18,24.6647453308
2003-11-19,24.2966270447
2003-11-20,24.1125774384
2003-11-21,23.928527832
2003-11-24,23.5604095459
2003-11-25,24.1125774384
2003-11-26,23.928527832
2003-11-27,23.1923065186
2003-11-28,23.3763599396
2003-12-01,23.5604095459
2003-12-02,24.2966270447
2003-12-03,24.480682373
2003-12-04,24.6647453308
2003-12-05,23.928527832
2003-12-08,23.3763599396
2003-12-09,23.7444629669
2003-12-10,22.8238277435
2003-12-11,23.0082550049
2003-12-12,22.8238277435
2003-12-15,23.1923065186
2003-12-16,22.4557170868
2003-12-17,21.9035587311
2003-12-18,22.0876045227
2003-12-19,22.0876045227
2003-12-22,22.6397647858
2003-12-23,22.8238277435
2003-12-24,22.6397647858
2003-12-25,22.8238277435
2003-12-26,22.8238277435
2003-12-29,22.8238277435
2003-12-30,23.1923065186
2003-12-31,23.3763599396
2004-01-01,23.3763599396
2004-01-02,24.1125774384
2004-01-05,24.2966270447
2004-01-06,24.2966270447
2004-01-07,24.1125774384
2004-01-08,24.1125774384
2004-01-09,24.8487949371
2004-01-12,24.8487949371
2004-01-13,24.8487949371
2004-01-14,24.6647453308
2004-01-15,24.6647453308
2004-01-16,24.480682373
2004-01-19,24.480682373
2004-01-20,24.480682373
2004-01-21,24.480682373
2004-01-22,24.480682373
2004-01-23,24.480682373
2004-01-26,24.480682373
2004-01-27,25.2168979645
2004-01-28,24.8487949371
2004-01-29,24.480682373
2004-01-30,24.2966270447
2004-02-02,23.928527832
2004-02-03,23.3763599396
2004-02-04,23.0082550049
2004-02-05,23.0082550049
2004-02-06,23.1923065186
2004-02-09,23.928527832
2004-02-10,23.5604095459
2004-02-11,23.5604095459
2004-02-12,23.7444629669
2004-02-13,23.5604095459
2004-02-16,23.0082550049
2004-02-17,23.0082550049
2004-02-18,23.1923065186
2004-02-19,23.3763599396
2004-02-20,23.3763599396
2004-02-23,23.0082550049
2004-02-24,22.6397647858
2004-02-25,22.6397647858
2004-02-26,23.3763599396
2004-02-27,23.3763599396
2004-03-01,23.7444629669
2004-03-02,24.6647453308
2004-03-03,24.2966270447
2004-03-04,24.6647453308
2004-03-05,24.6647453308
2004-03-08,24.2966270447
2004-03-09,24.1125774384
2004-03-10,23.1923065186
2004-03-11,23.3763599396
2004-03-12,22.8238277435
2004-03-15,22.4557170868
2004-03-16,22.2716560364
2004-03-17,22.2716560364
2004-03-18,22.8238277435
2004-03-19,23.1923065186
2004-03-22,21.7194957733
2004-03-23,20.2470703125
2004-03-24,21.3513889313
2004-03-25,21.3513889313
2004-03-26,21.5354385376
2004-03-29,22.6397647858
2004-03-30,22.0876045227
2004-03-31,22.0876045227
2004-04-01,21.9035587311
2004-04-02,21.9035587311
2004-04-05,22.8238277435
2004-04-06,22.8238277435
2004-04-07,22.6397647858
2004-04-08,22.4557170868
2004-04-09,22.0876045227
2004-04-12,22.4557170868
2004-04-13,22.2716560364
2004-04-14,23.1923065186
2004-04-15,22.4557170868
2004-04-16,22.4557170868
2004-04-19,21.9035587311
2004-04-20,22.4557170868
2004-04-21,22.6397647858
2004-04-22,22.8238277435
2004-04-23,23.5604095459
2004-04-26,23.3763599396
2004-04-27,23.3763599396
2004-04-28,22.8238277435
2004-04-29,22.2716560364
2004-04-30,21.1673336029
2004-05-03,21.3513889313
2004-05-04,21.7194957733
2004-05-05,20.2470703125
2004-05-06,20.4311218262
2004-05-07,20.9832820892
2004-05-10,20.2470703125
2004-05-11,21.1673336029
2004-05-12,21.1673336029
2004-05-13,20.9832820892
2004-05-14,20.2470703125
2004-05-17,18.958688736
2004-05-18,19.142747879
2004-05-19,20.4311218262
2004-05-20,20.2470703125
2004-05-21,20.2470703125
2004-05-24,19.8789558411
2004-05-25,20.0630168915
2004-05-26,20.6151714325
2004-05-27,20.9832820892
2004-05-28,21.3513889313
2004-05-31,20.6151714325
2004-06-01,20.7992286682
2004-06-02,20.4311218262
2004-06-03,19.5108547211
2004-06-04,19.5108547211
2004-06-07,20.2470703125
2004-06-08,20.7992286682
2004-06-09,20.2470703125
2004-06-10,19.5108547211
2004-06-11,18.590587616
2004-06-14,18.4131622314
2004-06-15,18.2855052948
2004-06-16,18.4981136322
2004-06-17,18.8383865356
2004-06-18,18.2005519867
2004-06-21,18.4981136322
2004-06-22,18.4981136322
2004-06-23,19.4339618683
2004-06-24,19.4762172699
2004-06-25,19.6465759277
2004-06-28,19.5189151764
2004-06-29,19.6038799286
2004-06-30,20.5819835663
2004-07-01,20.5819835663
2004-07-02,19.6465759277
2004-07-05,19.0509967804
2004-07-06,19.5616207123
2004-07-07,19.0087413788
2004-07-08,19.1363925934
2004-07-09,19.5616207123
2004-07-12,19.0509967804
2004-07-13,18.7961292267
2004-07-14,18.7961292267
2004-07-15,18.2855052948
2004-07-16,18.0728912354
2004-07-19,17.9456806183
2004-07-20,17.6476707458
2004-07-21,18.4558544159
2004-07-22,18.4131622314
2004-07-23,18.2005519867
2004-07-26,17.3928012848
2004-07-27,17.7330627441
2004-07-28,17.7330627441
2004-07-29,17.4350566864
2004-07-30,18.2432422638
2004-08-02,18.2005519867
2004-08-03,18.7107372284
2004-08-04,18.6257686615
2004-08-05,19.1363925934
2004-08-06,18.7107372284
2004-08-09,18.4131622314
2004-08-10,18.4131622314
2004-08-11,18.6257686615
2004-08-12,18.6257686615
2004-08-13,18.6257686615
2004-08-16,18.4558544159
2004-08-17,18.6257686615
2004-08-18,19.0509967804
2004-08-19,19.9014492035
2004-08-20,19.7315292358
2004-08-23,19.9868450165
2004-08-24,19.9868450165
2004-08-25,19.9868450165
2004-08-26,20.6669330597
2004-08-27,20.4120674133
2004-08-30,20.4543209076
2004-08-31,19.9868450165
2004-09-01,20.0290966034
2004-09-02,19.5189151764
2004-09-03,18.8810863495
2004-09-06,18.7107372284
2004-09-07,18.8810863495
2004-09-08,18.6684703827
2004-09-09,18.5835132599
2004-09-10,18.9660320282
2004-09-13,19.5189151764
2004-09-14,19.3490028381
2004-09-15,19.3063030243
2004-09-16,19.3063030243
2004-09-17,19.0509967804
2004-09-20,19.2213459015
2004-09-21,19.5616207123
2004-09-22,19.4762172699
2004-09-23,19.0936985016
2004-09-24,18.5835132599
2004-09-27,18.2855052948
2004-09-28,18.2855052948
2004-09-29,18.1582889557
2004-09-30,18.4131622314
2004-10-01,18.9233455658
2004-10-04,19.3490028381
2004-10-05,19.2636070251
2004-10-06,19.1363925934
2004-10-07,19.1363925934
2004-10-08,18.4131622314
2004-10-11,18.2005519867
2004-10-12,18.1155929565
2004-10-13,18.1155929565
2004-10-14,18.1582889557
2004-10-15,18.0728912354
2004-10-18,17.9456806183
2004-10-19,18.2855052948
2004-10-20,18.2005519867
2004-10-21,18.3709011078
2004-10-22,18.3709011078
2004-10-25,18.3709011078
2004-10-26,17.9456806183
2004-10-27,17.818025589
2004-10-28,18.2855052948
2004-10-29,18.6257686615
2004-11-01,18.6684703827
2004-11-02,19.1363925934
2004-11-03,19.9441413879
2004-11-04,20.1994571686
2004-11-05,20.284406662
2004-11-08,20.3693733215
2004-11-09,20.3266658783
2004-11-10,20.4120674133
2004-11-11,19.6888332367
2004-11-12,19.9868450165
2004-11-15,20.1994571686
2004-11-16,20.5819835663
2004-11-17,21.1348552704
2004-11-18,21.4751186371
2004-11-19,21.4751186371
2004-11-22,20.4970207214
2004-11-23,20.5819835663
2004-11-24,20.7945919037
2004-11-25,20.5397186279
2004-11-26,20.0717983246
2004-11-29,19.9441413879
2004-11-30,20.1140518188
2004-12-01,19.7315292358
2004-12-02,20.4120674133
2004-12-03,20.7945919037
2004-12-06,20.7945919037
2004-12-07,20.9222450256
2004-12-08,20.75233078
2004-12-09,20.4970207214
2004-12-10,20.4970207214
2004-12-13,20.2417106628
2004-12-14,20.4543209076
2004-12-15,21.1775569916
2004-12-16,21.2625141144
2004-12-17,21.1775569916
2004-12-20,21.2625141144
2004-12-21,20.9649429321
2004-12-22,21.1775569916
2004-12-23,21.2625141144
2004-12-24,21.2625141144
2004-12-27,21.2198104858
2004-12-28,21.2625141144
2004-12-29,21.4751186371
2004-12-30,21.4751186371
2004-12-31,21.4751186371
2005-01-03,21.6877326965
2005-01-04,21.0921630859
2005-01-05,20.624671936
2005-01-06,20.4120674133
2005-01-07,20.3266658783
2005-01-10,20.624671936
2005-01-11,20.4970207214
2005-01-12,19.9868450165
2005-01-13,19.9014492035
2005-01-14,19.9868450165
2005-01-17,20.7945919037
2005-01-18,20.8795490265
2005-01-19,20.284406662
2005-01-20,20.4120674133
2005-01-21,20.1994571686
2005-01-24,19.9868450165
2005-01-25,20.2417106628
2005-01-26,20.9222450256
2005-01-27,21.0072002411
2005-01-28,21.2625141144
2005-01-31,22.1129589081
2005-02-01,22.3255729675
2005-02-02,22.7507953644
2005-02-03,22.7507953644
2005-02-04,22.7507953644
2005-02-07,22.7507953644
2005-02-08,22.7507953644
2005-02-09,22.7507953644
2005-02-10,22.7507953644
2005-02-11,22.7507953644
2005-02-14,23.1760196686
2005-02-15,23.3886299133
2005-02-16,23.1760196686
2005-02-17,22.7507953644
2005-02-18,22.9633998871
2005-02-21,23.1760196686
2005-02-22,22.9633998871
2005-02-23,22.7507953644
2005-02-24,22.5381832123
2005-02-25,23.3886299133
2005-02-28,23.3886299133
2005-03-01,23.0910606384
2005-03-02,23.0061092377
2005-03-03,22.7507953644
2005-03-04,22.3255729675
2005-03-07,22.4532318115
2005-03-08,22.8357448578
2005-03-09,22.5381832123
2005-03-10,22.1129589081
2005-03-11,22.3255729675
2005-03-14,21.900346756
2005-03-15,21.7300014496
2005-03-16,22.1129589081
2005-03-17,21.6450366974
2005-03-18,21.6450366974
2005-03-21,21.5173816681
2005-03-22,21.4751186371
2005-03-23,21.3901615143
2005-03-24,21.5173816681
2005-03-25,21.900346756
2005-03-28,21.900346756
2005-03-29,21.7300014496
2005-03-30,21.5173816681
2005-03-31,21.900346756
2005-04-01,22.3682670593
2005-04-04,22.1979122162
2005-04-05,22.1979122162
2005-04-06,21.900346756
2005-04-07,21.8576507568
2005-04-08,22.2406139374
2005-04-11,22.0702667236
2005-04-12,22.2406139374
2005-04-13,22.3255729675
2005-04-14,21.8153877258
2005-04-15,21.8153877258
2005-04-18,21.3901615143
2005-04-19,21.3047676086
2005-04-20,21.3047676086
2005-04-21,21.0921630859
2005-04-22,21.0921630859
2005-04-25,21.1775569916
2005-04-26,21.9426021576
2005-04-27,22.1979122162
2005-04-28,22.5381832123
2005-04-29,22.0702667236
2005-05-02,22.0702667236
2005-05-03,22.2406139374
2005-05-04,22.3255729675
2005-05-05,22.9207134247
2005-05-06,23.2187156677
2005-05-09,23.2609806061
2005-05-10,23.2609806061
2005-05-11,22.7934989929
2005-05-12,23.1760196686
2005-05-13,23.3036746979
2005-05-16,23.3036746979
2005-05-17,23.0910606384
2005-05-18,23.3459300995
2005-05-19,23.9842071533
2005-05-20,24.0264701843
2005-05-23,23.4735889435
2005-05-24,23.9842071533
2005-05-25,23.7288951874
2005-05-26,23.8138599396
2005-05-27,24.1541252136
2005-05-30,24.1114234924
2005-05-31,24.1968231201
2005-06-01,23.7715950012
2005-06-02,24.1968231201
2005-06-03,24.5366458893
2005-06-06,24.7070026398
2005-06-07,24.4516830444
2005-06-08,24.7492599487
2005-06-09,24.6642971039
2005-06-10,24.7070026398
2005-06-13,25.2338924408
2005-06-14,25.2338924408
2005-06-15,25.4653759003
2005-06-16,25.8818664551
2005-06-17,26.298828125
2005-06-20,26.3448486328
2005-06-21,25.835855484
2005-06-22,26.3448486328
2005-06-23,26.483839035
2005-06-24,26.2063407898
2005-06-27,26.1598472595
2005-06-28,26.1133575439
2005-06-29,25.418888092
2005-06-30,25.5118618011
2005-07-01,25.7893600464
2005-07-04,25.5118618011
2005-07-05,25.1874027252
2005-07-06,25.2803707123
2005-07-07,25.2803707123
2005-07-08,24.9098911285
2005-07-11,26.298828125
2005-07-12,26.4378261566
2005-07-13,26.298828125
2005-07-14,26.3913345337
2005-07-15,26.2063407898
2005-07-18,26.2063407898
2005-07-19,26.020860672
2005-07-20,26.1133575439
2005-07-21,26.1133575439
2005-07-22,26.3448486328
2005-07-25,25.9748477936
2005-07-26,25.7433509827
2005-07-27,24.5854282379
2005-07-28,24.955904007
2005-07-29,24.6319179535
2005-08-01,24.6784038544
2005-08-02,25.418888092
2005-08-03,25.8818664551
2005-08-04,25.326385498
2005-08-05,25.326385498
2005-08-08,24.7244167328
2005-08-09,24.5394210815
2005-08-10,24.4469203949
2005-08-11,24.8169174194
2005-08-12,24.8169174194
2005-08-15,24.5394210815
2005-08-16,24.5394210815
2005-08-17,24.4004325867
2005-08-18,24.0764312744
2005-08-19,23.8909492493
2005-08-22,24.0764312744
2005-08-23,24.0764312744
2005-08-24,23.8449497223
2005-08-25,23.9839401245
2005-08-26,24.4469203949
2005-08-29,23.7524490356
2005-08-30,23.6594600677
2005-08-31,25.0023956299
2005-09-01,25.0023956299
2005-09-02,24.3539333344
2005-09-05,24.1224479675
2005-09-06,24.1689319611
2005-09-07,24.0764312744
2005-09-08,24.0299396515
2005-09-09,23.8909492493
2005-09-12,24.4004325867
2005-09-13,24.770904541
2005-09-14,24.955904007
2005-09-15,24.955904007
2005-09-16,24.3539333344
2005-09-19,24.6319179535
2005-09-20,24.8169174194
2005-09-21,24.8169174194
2005-09-22,24.1224479675
2005-09-23,23.7984523773
2005-09-26,23.613451004
2005-09-27,23.8449497223
2005-09-28,23.7059574127
2005-09-29,24.9702835083
2005-09-30,25.5454216003
2005-10-03,25.3057765961
2005-10-04,25.8809051514
2005-10-05,25.9767570496
2005-10-06,25.7371196747
2005-10-07,25.832983017
2005-10-10,25.832983017
2005-10-11,25.3537082672
2005-10-12,24.8264980316
2005-10-13,24.6347923279
2005-10-14,24.4910106659
2005-10-17,24.0117301941
2005-10-18,24.2034378052
2005-10-19,23.7481307983
2005-10-20,24.107591629
2005-10-21,23.5803833008
2005-10-24,24.107591629
2005-10-25,24.3472290039
2005-10-26,24.3472290039
2005-10-27,23.7720928192
2005-10-28,24.1555118561
2005-10-31,24.9223556519
2005-11-01,24.8264980316
2005-11-02,25.2578449249
2005-11-03,25.6412734985
2005-11-04,25.9767570496
2005-11-07,26.0726184845
2005-11-08,26.1205463409
2005-11-09,26.5039615631
2005-11-10,26.7915344238
2005-11-11,27.3187351227
2005-11-14,27.3187351227
2005-11-15,27.3187351227
2005-11-16,27.2228832245
2005-11-17,26.8873882294
2005-11-18,27.3666648865
2005-11-21,27.750082016
2005-11-22,27.7980136871
2005-11-23,28.6127853394
2005-11-24,28.6127853394
2005-11-25,28.3252048492
2005-11-28,28.5169277191
2005-11-29,27.7021579742
2005-11-30,28.5169277191
2005-12-01,28.4210662842
2005-12-02,29.0441207886
2005-12-05,29.7151203156
2005-12-06,29.9547519684
2005-12-07,29.9547519684
2005-12-08,29.5713291168
2005-12-09,29.1399822235
2005-12-12,29.3316860199
2005-12-13,29.7151203156
2005-12-14,29.2837715149
2005-12-15,29.1879196167
2005-12-16,29.7151203156
2005-12-19,29.9547519684
2005-12-20,29.8588962555
2005-12-21,30.194393158
2005-12-22,28.8452358246
2005-12-23,30.625743866
2005-12-26,29.5397033691
2005-12-27,30.5778141022
2005-12-28,30.4340324402
2005-12-29,30.194393158
2005-12-30,29.9547519684
2006-01-02,29.2358360291
2006-01-03,30.1464710236
2006-01-04,30.386100769
2006-01-05,30.6736717224
2006-01-06,31.3925762177
2006-01-09,32.638710022
2006-01-10,31.9677143097
2006-01-11,31.5363636017
2006-01-12,31.3925762177
2006-01-13,30.9133052826
2006-01-16,30.625743866
2006-01-17,30.9612312317
2006-01-18,29.5234165192
2006-01-19,29.7151203156
2006-01-20,29.9547519684
2006-01-23,29.619260788
2006-01-24,29.6671905518
2006-01-25,30.4340324402
2006-02-03,30.386100769
2006-02-06,31.8718509674
2006-02-07,31.1529483795
2006-02-08,30.2423248291
2006-02-09,30.194393158
2006-02-10,30.0026817322
2006-02-13,29.9068241119
2006-02-14,29.8588962555
2006-02-15,29.3796234131
2006-02-16,29.9068241119
2006-02-17,29.5713291168
2006-02-20,30.0506057739
2006-02-21,29.7630386353
2006-02-22,29.6671905518
2006-02-23,29.1399822235
2006-02-24,29.2358360291
2006-02-27,29.1879196167
2006-03-01,28.948266983
2006-03-02,30.0506057739
2006-03-03,29.619260788
2006-03-06,29.1879196167
2006-03-07,28.8044929504
2006-03-08,28.2772884369
2006-03-09,28.6607151031
2006-03-10,29.4275474548
2006-03-13,29.4275474548
2006-03-14,28.7565631866
2006-03-15,29.2837715149
2006-03-16,28.9962062836
2006-03-17,29.0920581818
2006-03-20,28.8524150848
2006-03-21,28.9962062836
2006-03-22,28.5648498535
2006-03-23,28.5648498535
2006-03-24,28.6607151031
2006-03-27,28.9003543854
2006-03-28,29.4275474548
2006-03-29,29.6671905518
2006-03-30,30.1464710236
2006-03-31,30.7695236206
2006-04-03,31.0570716858
2006-04-04,30.9133052826
2006-04-06,31.5842914581
2006-04-07,32.3032035828
2006-04-10,32.1115074158
2006-04-11,31.680147171
2006-04-12,32.0156440735
2006-04-13,32.2073554993
2006-04-14,32.5907745361
2006-04-17,32.4949150085
2006-04-18,32.5428466797
2006-04-19,33.2617492676
2006-04-20,33.5013923645
2006-04-21,33.2138366699
2006-04-24,32.6866378784
2006-04-25,32.1115074158
2006-04-26,33.0700531006
2006-04-27,32.2073554993
2006-04-28,32.638710022
2006-05-02,32.2073554993
2006-05-03,32.1115074158
2006-05-04,32.3511352539
2006-05-05,32.830406189
2006-05-08,33.2617492676
2006-05-09,32.5907745361
2006-05-10,31.8718509674
2006-05-11,31.9197940826
2006-05-12,31.1050243378
2006-05-15,30.2902412415
2006-05-16,29.9068241119
2006-05-17,30.5298843384
2006-05-18,28.9377307892
2006-05-19,28.9377307892
2006-05-22,29.1399822235
2006-05-23,29.2837715149
2006-05-24,29.2358360291
2006-05-25,28.6607151031
2006-05-26,28.5169277191
2006-05-29,27.8727817535
2006-05-30,28.8524150848
2006-06-01,29.4275474548
2006-06-02,29.9547519684
2006-06-05,28.948266983
2006-06-06,29.1399822235
2006-06-07,28.8044929504
2006-06-08,26.7915344238
2006-06-09,28.0376529694
2006-06-12,27.5583782196
2006-06-13,26.9353179932
2006-06-14,27.8459396362
2006-06-15,27.2228832245
2006-06-16,28.4689979553
2006-06-19,28.4689979553
2006-06-20,28.188867569
2006-06-21,28.4980735779
2006-06-22,29.7348766327
2006-06-23,29.168012619
2006-06-26,29.3741436005
2006-06-27,29.5802707672
2006-06-28,28.9103355408
2006-06-29,29.2195358276
2006-06-30,30.0956192017
2006-07-03,30.1471424103
2006-07-04,30.3017368317
2006-07-05,29.7348766327
2006-07-06,29.4256687164
2006-07-07,29.3226127625
2006-07-10,29.3226127625
2006-07-11,29.0649356842
2006-07-12,29.4256687164
2006-07-13,29.0134010315
2006-07-14,28.3950004578
2006-07-17,27.725063324
2006-07-18,27.8796710968
2006-07-19,27.725063324
2006-07-20,28.9618644714
2006-07-21,28.2919311523
2006-07-24,27.2612552643
2006-07-25,27.725063324
2006-07-26,27.6384830475
2006-07-27,27.79205513
2006-07-28,28.0342731476
2006-07-31,28.2404003143
2006-08-01,28.3950004578
2006-08-02,28.2919311523
2006-08-03,28.2919311523
2006-08-04,28.2919311523
2006-08-07,28.1373348236
2006-08-08,28.6011428833
2006-08-09,28.7557373047
2006-08-10,29.2710723877
2006-08-11,29.5802707672
2006-08-14,29.6833362579
2006-08-15,29.6833362579
2006-08-16,30.4048080444
2006-08-17,30.7655563354
2006-08-18,30.7140140533
2006-08-21,29.8379440308
2006-08-22,30.3017368317
2006-08-23,29.9409980774
2006-08-24,29.3226127625
2006-08-25,29.3741436005
2006-08-28,28.9618644714
2006-08-29,29.1164798737
2006-08-30,29.5287380219
2006-08-31,29.9409980774
2006-09-01,30.3017368317
2006-09-04,30.5594120026
2006-09-05,30.1986789703
2006-09-06,29.7864074707
2006-09-07,29.4256687164
2006-09-08,29.0742149353
2006-09-11,29.0134010315
2006-09-12,29.2195358276
2006-09-13,30.0956192017
2006-09-14,30.0956192017
2006-09-15,30.2538127899
2006-09-18,30.8686161041
2006-09-19,31.1778144836
2006-09-20,30.8686161041
2006-09-21,31.1778144836
2006-09-22,30.7655563354
2006-09-25,30.7655563354
2006-09-26,31.1778144836
2006-09-27,31.3839416504
2006-09-28,31.3839416504
2006-09-29,30.7655563354
2006-10-02,31.0232143402
2006-10-03,30.9201431274
2006-10-04,30.1471424103
2006-10-05,31.280878067
2006-10-09,31.280878067
2006-10-11,31.2293548584
2006-10-12,31.4354820251
2006-10-13,32.5692214966
2006-10-16,33.4968223572
2006-10-17,32.4146232605
2006-10-18,31.9508190155
2006-10-19,31.4354820251
2006-10-20,31.8477458954
2006-10-23,31.5385494232
2006-10-24,32.4661483765
2006-10-25,32.1054229736
2006-10-26,31.5354671478
2006-10-27,32.2084960938
2006-10-30,31.280878067
2006-10-31,31.4354820251
2006-11-01,31.0232143402
2006-11-02,31.3324165344
2006-11-03,31.4870262146
2006-11-06,31.1778144836
2006-11-07,31.2293548584
2006-11-08,31.1262893677
2006-11-09,31.1778144836
2006-11-10,31.3324165344
2006-11-13,30.9201431274
2006-11-14,31.3324165344
2006-11-15,31.8477458954
2006-11-16,32.0538787842
2006-11-17,32.156955719
2006-11-20,32.0538787842
2006-11-21,32.4661483765
2006-11-22,32.4661483765
2006-11-23,32.723815918
2006-11-24,32.6722946167
2006-11-27,33.2906951904
2006-11-28,32.9814872742
2006-11-29,33.2391586304
2006-11-30,33.754486084
2006-12-01,34.2698287964
2006-12-04,34.1667556763
2006-12-05,34.4759712219
2006-12-06,34.9912986755
2006-12-07,34.5275001526
2006-12-08,34.0637016296
2006-12-11,34.2698287964
2006-12-12,33.0845527649
2006-12-13,33.4452857971
2006-12-14,33.0330314636
2006-12-15,33.4452857971
2006-12-18,34.3213615417
2006-12-19,33.5483665466
2006-12-20,33.3937644958
2006-12-21,33.4452857971
2006-12-22,33.8060417175
2006-12-25,33.5483665466
2006-12-26,34.0121650696
2006-12-27,34.2182998657
2006-12-28,34.0637016296
2006-12-29,34.7851524353
2007-01-02,34.8882255554
2007-01-03,35.0428352356
2007-01-04,34.8882255554
2007-01-05,34.4759712219
2007-01-08,33.9090919495
2007-01-09,34.0121650696
2007-01-10,33.0845527649
2007-01-11,33.9090919495
2007-01-12,35.609703064
2007-01-15,35.6612319946
2007-01-16,36.2281074524
2007-01-17,36.5373077393
2007-01-18,36.5094718933
2007-01-19,35.9704360962
2007-01-22,35.5581817627
2007-01-23,35.4550857544
2007-01-24,36.3311691284
2007-01-25,36.5888442993
2007-01-26,35.0428352356
2007-01-29,35.3520278931
2007-01-30,34.8686599731
2007-01-31,34.7336349487
2007-02-01,34.5275001526
2007-02-02,34.9397697449
2007-02-05,34.9397697449
2007-02-06,35.5066375732
2007-02-07,35.4550857544
2007-02-08,35.2489624023
2007-02-09,35.0428352356
2007-02-12,34.5275001526
2007-02-13,33.9090919495
2007-02-14,34.682094574
2007-02-26,35.5066375732
2007-02-27,35.7127723694
2007-03-01,34.3728981018
2007-03-02,34.2533340454
2007-03-05,32.4584350586
2007-03-06,33.5483665466
2007-03-07,33.754486084
2007-03-08,33.9606246948
2007-03-09,34.2698287964
2007-03-12,34.6305541992
2007-03-13,35.609703064
2007-03-14,34.9912986755
2007-03-15,35.5581817627
2007-03-16,35.5581817627
2007-03-19,35.5581817627
2007-03-20,35.6612319946
2007-03-21,35.9188995361
2007-03-22,36.1765632629
2007-03-23,36.0734977722
2007-03-26,36.0734977722
2007-03-27,35.6612319946
2007-03-28,35.197429657
2007-03-29,35.4035758972
2007-03-30,34.9912986755
2007-04-02,35.1458930969
2007-04-03,35.0428352356
2007-04-04,35.7127723694
2007-04-09,35.5581817627
2007-04-10,35.3004989624
2007-04-11,35.7127723694
2007-04-12,35.3004989624
2007-04-13,35.197429657
2007-04-16,34.7851524353
2007-04-17,35.0428352356
2007-04-18,35.3520278931
2007-04-19,34.7336349487
2007-04-20,34.7851524353
2007-04-23,35.3520278931
2007-04-24,35.9704360962
2007-04-25,35.7127723694
2007-04-26,36.0219650269
2007-04-27,35.5581817627
2007-04-30,35.4035758972
2007-05-02,35.0428352356
2007-05-03,35.2489624023
2007-05-04,35.609703064
2007-05-07,35.3004989624
2007-05-08,35.0428352356
2007-05-09,35.0428352356
2007-05-10,35.3004989624
2007-05-11,34.7851524353
2007-05-14,34.6305541992
2007-05-15,34.2698287964
2007-05-16,34.3213615417
2007-05-17,34.8882255554
2007-05-18,35.3004989624
2007-05-21,35.6612319946
2007-05-22,35.2489624023
2007-05-23,35.5066375732
2007-05-24,35.3004989624
2007-05-25,34.7336349487
2007-05-28,34.8366966248
2007-05-29,35.3520278931
2007-05-30,35.0428352356
2007-05-31,35.1458930969
2007-06-01,35.4550857544
2007-06-04,35.609703064
2007-06-05,35.5581817627
2007-06-06,35.5066375732
2007-06-07,35.5581817627
2007-06-08,35.4107933044
2007-06-11,35.5190696716
2007-06-12,35.085899353
2007-06-13,34.7068977356
2007-06-14,35.1942024231
2007-06-15,35.573223114
2007-06-20,36.9809989929
2007-06-21,37.4682998657
2007-06-22,37.3600082397
2007-06-25,38.1180381775
2007-06-26,37.4141464233
2007-06-27,37.6307411194
2007-06-28,38.1180381775
2007-06-29,38.388759613
2007-07-02,38.442905426
2007-07-03,38.5511779785
2007-07-04,38.9302062988
2007-07-05,38.6594848633
2007-07-06,38.1721801758
2007-07-09,38.9843559265
2007-07-10,38.9843559265
2007-07-11,39.2009277344
2007-07-12,38.8219261169
2007-07-13,39.5258026123
2007-07-16,39.2550811768
2007-07-17,39.3633651733
2007-07-18,38.442905426
2007-07-19,37.9014549255
2007-07-20,37.576587677
2007-07-23,37.1975746155
2007-07-24,38.6053466797
2007-07-25,37.684879303
2007-07-26,36.9268493652
2007-07-27,34.6527557373
2007-07-30,35.1942024231
2007-07-31,35.1942024231
2007-08-01,33.1908378601
2007-08-02,34.544467926
2007-08-03,34.5986099243
2007-08-06,33.8947296143
2007-08-07,33.1908378601
2007-08-08,34.0030097961
2007-08-09,34.544467926
2007-08-10,33.2991218567
2007-08-13,33.5698547363
2007-08-14,33.5157089233
2007-08-15,33.0284042358
2007-08-16,31.9996509552
2007-08-17,31.9454994202
2007-08-20,33.6781425476
2007-08-21,33.5157089233
2007-08-22,32.9742584229
2007-08-23,34.0030097961
2007-08-24,33.3532714844
2007-08-27,33.3532714844
2007-08-28,33.2449951172
2007-08-29,32.5952529907
2007-08-30,32.757686615
2007-08-31,33.9488792419
2007-09-03,33.8947296143
2007-09-04,33.3532714844
2007-09-05,33.4615745544
2007-09-06,33.6781425476
2007-09-07,33.5698547363
2007-09-10,33.1367111206
2007-09-11,33.1908378601
2007-09-12,33.2991218567
2007-09-13,32.8118171692
2007-09-14,33.4615745544
2007-09-17,32.9201126099
2007-09-18,32.9201126099
2007-09-19,33.2449951172
2007-09-20,33.0284042358
2007-09-21,33.2991218567
2007-09-26,33.2991218567
2007-09-27,34.4361839294
2007-09-28,34.4361839294
2007-10-01,34.5986099243
2007-10-02,35.1400489807
2007-10-03,35.1942024231
2007-10-04,34.7610397339
2007-10-05,34.9776268005
2007-10-08,35.1942024231
2007-10-09,35.085899353
2007-10-11,34.2737426758
2007-10-12,33.1908378601
2007-10-15,34.0571632385
2007-10-16,33.7864341736
2007-10-17,33.5698547363
2007-10-18,34.0571632385
2007-10-19,33.5698547363
2007-10-22,32.8118171692
2007-10-23,33.2991218567
2007-10-24,32.9201126099
2007-10-25,33.0825538635
2007-10-26,33.3532714844
2007-10-29,34.5986099243
2007-10-30,34.1113090515
2007-10-31,34.544467926
2007-11-01,34.7610397339
2007-11-02,33.3532714844
2007-11-05,33.8405838013
2007-11-06,33.8947296143
2007-11-07,34.1113090515
2007-11-08,33.5157089233
2007-11-09,33.73229599
2007-11-12,33.3532714844
2007-11-13,33.4074287415
2007-11-14,33.2991218567
2007-11-15,32.9742584229
2007-11-16,32.757686615
2007-11-19,32.757686615
2007-11-20,32.757686615
2007-11-21,31.7289237976
2007-11-22,32.4328231812
2007-11-23,32.2703857422
2007-11-26,33.0825538635
2007-11-27,31.9996509552
2007-11-28,31.6747913361
2007-11-29,32.4869499207
2007-11-30,32.8118171692
2007-12-03,32.3786659241
2007-12-04,32.6494026184
2007-12-05,32.9742584229
2007-12-06,33.5157089233
2007-12-07,33.8947296143
2007-12-10,33.0825538635
2007-12-11,33.9488792419
2007-12-12,33.1908378601
2007-12-13,32.8659667969
2007-12-14,32.3786659241
2007-12-17,32.2162246704
2007-12-18,31.8372173309
2007-12-19,32.0538063049
2007-12-20,31.9454994202
2007-12-21,31.9454994202
2007-12-24,32.0538063049
2007-12-25,32.2703857422
2007-12-26,32.2162246704
2007-12-27,33.4074287415
2007-12-28,32.757686615
2007-12-31,32.2162246704
2008-01-02,32.757686615
2008-01-03,32.1620903015
2008-01-04,32.4869499207
2008-01-07,30.2128715515
2008-01-08,30.3211593628
2008-01-09,30.8626289368
2008-01-10,30.1587314606
2008-01-11,29.779712677
2008-01-14,29.7255687714
2008-01-15,31.1333427429
2008-01-16,29.9962978363
2008-01-17,29.6172809601
2008-01-18,29.5631408691
2008-01-21,28.8592433929
2008-01-22,26.8558940887
2008-01-23,27.6139221191
2008-01-24,29.0758361816
2008-01-25,30.050447464
2008-01-28,29.3465557098
2008-01-29,30.8626289368
2008-01-30,31.2957706451
2008-01-31,32.4328231812
2008-02-01,33.2449951172
2008-02-12,32.4869499207
2008-02-13,32.4328231812
2008-02-14,33.5698547363
2008-02-15,33.2991218567
2008-02-18,32.4869499207
2008-02-19,33.2991218567
2008-02-20,33.0825538635
2008-02-21,33.5157089233
2008-02-22,32.9742584229
2008-02-25,33.1367111206
2008-02-26,33.7864341736
2008-02-27,34.4361839294
2008-02-29,33.3532714844
2008-03-03,32.8659667969
2008-03-04,34.0571632385
2008-03-05,34.2737426758
2008-03-06,35.1400489807
2008-03-07,34.6527557373
2008-03-10,33.1367111206
2008-03-11,33.7864341736
2008-03-12,34.544467926
2008-03-13,33.5698547363
2008-03-14,33.0825538635
2008-03-17,32.4328231812
2008-03-18,32.4328231812
2008-03-19,33.6240005493
2008-03-20,33.8947296143
2008-03-21,35.085899353
2008-03-24,36.493686676
2008-03-25,36.3853912354
2008-03-26,36.2770996094
2008-03-27,34.544467926
2008-03-28,33.73229599
2008-03-31,34.1654548645
2008-04-01,33.4615745544
2008-04-02,34.6527557373
2008-04-03,34.8693313599
2008-04-07,35.1942024231
2008-04-08,34.8693313599
2008-04-09,34.1654548645
2008-04-10,34.9234848022
2008-04-11,34.7068977356
2008-04-14,34.1113090515
2008-04-15,34.1113090515
2008-04-16,35.3024978638
2008-04-17,36.3312606812
2008-04-18,36.1688117981
2008-04-21,36.493686676
2008-04-22,36.439540863
2008-04-23,34.9776268005
2008-04-24,34.5986099243
2008-04-25,35.0317802429
2008-04-28,36.0063858032
2008-04-29,35.0317802429
2008-04-30,36.1146736145
2008-05-02,36.8185539246
2008-05-05,36.3853912354
2008-05-06,36.8185539246
2008-05-07,36.9268493652
2008-05-08,36.5478286743
2008-05-09,35.8980827332
2008-05-12,36.601978302
2008-05-13,37.3058586121
2008-05-14,37.1434288025
2008-05-15,37.1434288025
2008-05-16,37.4682998657
2008-05-19,37.576587677
2008-05-20,36.9268493652
2008-05-21,36.439540863
2008-05-22,36.2229576111
2008-05-23,35.464931488
2008-05-26,35.464931488
2008-05-27,35.6273651123
2008-05-28,36.2770996094
2008-05-29,36.3312606812
2008-05-30,35.5190696716
2008-06-02,36.601978302
2008-06-03,35.7897987366
2008-06-04,36.3312606812
2008-06-05,36.7102546692
2008-06-06,37.0351333618
2008-06-09,35.3566398621
2008-06-10,34.5986099243
2008-06-11,35.6815071106
2008-06-12,35.085899353
2008-06-13,35.085899353
2008-06-16,35.6815071106
2008-06-17,35.3024978638
2008-06-18,35.464931488
2008-06-19,34.8151817322
2008-06-20,34.4903297424
2008-06-23,34.7068977356
2008-06-24,34.7610397339
2008-06-25,35.8439445496
2008-06-26,35.1942024231
2008-06-27,34.6527557373
2008-06-30,35.1942024231
2008-07-01,34.7610397339
2008-07-02,33.4615745544
2008-07-03,31.8372173309
2008-07-04,31.9454994202
2008-07-07,32.5411071777
2008-07-08,31.891368866
2008-07-09,32.2162246704
2008-07-10,32.2162246704
2008-07-11,33.7864341736
2008-07-14,32.8118171692
2008-07-15,31.1874828339
2008-07-16,30.8996543884
2008-07-17,33.0247116089
2008-07-18,33.3118896484
2008-07-21,34.3456993103
2008-07-22,33.2544593811
2008-07-23,33.082157135
2008-07-24,33.8288002014
2008-07-25,33.1970291138
2008-07-28,33.1970291138
2008-07-29,31.5888576508
2008-07-30,32.7375488281
2008-07-31,32.2780761719
2008-08-01,32.1632118225
2008-08-04,31.9909114838
2008-08-05,31.818605423
2008-08-06,33.7713661194
2008-08-07,34.1734085083
2008-08-08,34.747756958
2008-08-11,34.8051872253
2008-08-12,35.1497955322
2008-08-13,35.1497955322
2008-08-14,34.747756958
2008-08-15,34.8051872253
2008-08-18,34.5180168152
2008-08-19,34.4605789185
2008-08-20,34.4605789185
2008-08-21,34.1159706116
2008-08-22,34.5754547119
2008-08-25,34.747756958
2008-08-26,34.4605789185
2008-08-27,34.690322876
2008-08-28,34.5180168152
2008-08-29,33.8288002014
2008-09-01,32.5078201294
2008-09-02,31.186832428
2008-09-03,31.5888576508
2008-09-04,30.6699066162
2008-09-05,30.4401683807
2008-09-08,32.5652427673
2008-09-09,31.186832428
2008-09-10,30.8422241211
2008-09-11,30.0381374359
2008-09-12,30.2678794861
2008-09-15,29.6935329437
2008-09-16,29.2914848328
2008-09-17,30.3827362061
2008-09-18,29.8658409119
2008-09-19,31.933467865
2008-09-22,32.0483398438
2008-09-23,31.5888576508
2008-09-24,30.6124820709
2008-09-25,30.4401683807
2008-09-26,30.6699066162
2008-09-29,30.6699066162
2008-09-30,30.1530075073
2008-10-01,30.1530075073
2008-10-02,29.521232605
2008-10-03,29.521232605
2008-10-06,28.1428031921
2008-10-07,28.5448360443
2008-10-08,26.5633602142
2008-10-09,26.4772109985
2008-10-13,26.7930984497
2008-10-14,28.6597156525
2008-10-15,27.6833343506
2008-10-16,26.7356624603
2008-10-17,25.8167209625
2008-10-20,25.3859558105
2008-10-21,25.3285255432
2008-10-22,24.4670085907
2008-10-23,23.6342182159
2008-10-24,22.8301334381
2008-10-27,21.9973373413
2008-10-28,22.8014202118
2008-10-29,24.1224040985
2008-10-30,25.7880058289
2008-10-31,27.5684585571
2008-11-03,26.9941253662
2008-11-04,27.5684585571
2008-11-05,27.5684585571
2008-11-06,25.6444168091
2008-11-07,24.983915329
2008-11-10,24.8116149902
2008-11-11,24.7541790009
2008-11-12,24.9264793396
2008-11-13,23.260892868
2008-11-14,23.9501037598
2008-11-17,23.4331932068
2008-11-18,22.1122093201
2008-11-19,21.8250331879
2008-11-20,21.1358203888
2008-11-21,22.1122093201
2008-11-24,21.422996521
2008-11-25,22.9162883759
2008-11-26,22.3993797302
2008-11-27,23.4906291962
2008-11-28,23.4331932068
2008-12-01,23.4331932068
2008-12-02,21.7963180542
2008-12-03,21.3368434906
2008-12-04,21.2794055939
2008-12-05,21.3655586243
2008-12-08,22.8588581085
2008-12-09,23.4331932068
2008-12-10,25.0700759888
2008-12-11,25.7880058289
2008-12-12,24.0075359344
2008-12-15,24.95520401
2008-12-16,25.5582561493
2008-12-17,26.4197807312
2008-12-18,25.8454246521
2008-12-19,25.8167209625
2008-12-22,25.6156921387
2008-12-23,25.1849422455
2008-12-24,24.9264793396
2008-12-25,24.7541790009
2008-12-26,24.9264793396
2008-12-29,24.897769928
2008-12-30,25.960308075
2008-12-31,25.500825882
2009-01-02,25.500825882
2009-01-05,26.5633602142
2009-01-06,26.1900405884
2009-01-07,25.5869808197
2009-01-08,23.8639469147
2009-01-09,23.5480709076
2009-01-12,23.9213943481
2009-01-13,25.1562232971
2009-01-14,24.6967525482
2009-01-15,23.5480709076
2009-01-16,23.9501037598
2009-01-19,23.5480709076
2009-01-20,22.7439804077
2009-01-21,23.0885906219
2009-02-02,24.0075359344
2009-02-03,24.6105976105
2009-02-04,24.6393203735
2009-02-05,24.3521308899
2009-02-06,25.6731376648
2009-02-09,26.1326084137
2009-02-10,25.7592849731
2009-02-11,26.4484920502
2009-02-12,26.0464458466
2009-02-13,26.3910579681
2009-02-16,26.3336277008
2009-02-17,25.1562232971
2009-02-18,25.6156921387
2009-02-19,26.0751819611
2009-02-20,25.2136516571
2009-02-23,25.8454246521
2009-02-24,25.2710876465
2009-02-25,25.6731376648
2009-02-26,25.8454246521
2009-02-27,25.8167209625
2009-03-02,25.7018547058
2009-03-03,25.6156921387
2009-03-04,26.4197807312
2009-03-05,26.7643795013
2009-03-06,27.8556308746
2009-03-09,27.7120494843
2009-03-10,27.0802707672
2009-03-11,27.970500946
2009-03-12,27.7120494843
2009-03-13,28.4299793243
2009-03-16,28.7171497345
2009-03-17,28.7171497345
2009-03-18,28.9468860626
2009-03-19,28.2576770782
2009-03-20,27.3961620331
2009-03-23,28.8894500732
2009-03-24,30.0955791473
2009-03-25,29.9806938171
2009-03-26,29.6935329437
2009-03-27,29.8084011078
2009-03-30,29.8658409119
2009-03-31,29.521232605
2009-04-02,30.0955791473
2009-04-03,30.2104434967
2009-04-06,30.0955791473
2009-04-07,29.9232654572
2009-04-08,28.8320217133
2009-04-09,30.0955791473
2009-04-10,30.4401683807
2009-04-13,30.2678794861
2009-04-14,30.1530075073
2009-04-15,29.8658409119
2009-04-16,29.4637966156
2009-04-17,28.9468860626
2009-04-20,29.8084011078
2009-04-21,29.6360931396
2009-04-22,29.1191959381
2009-04-23,29.4637966156
2009-04-24,29.0043125153
2009-04-27,29.0043125153
2009-04-28,29.2914848328
2009-04-29,29.6360931396
2009-04-30,31.7037448883
2009-05-04,33.8862419128
2009-05-05,33.3118896484
2009-05-06,33.0247116089
2009-05-07,32.4503860474
2009-05-08,32.3355102539
2009-05-11,32.2780761719
2009-05-12,31.818605423
2009-05-13,32.3929443359
2009-05-14,31.3016929626
2009-05-15,31.4739952087
2009-05-18,32.1632118225
2009-05-19,32.7375488281
2009-05-20,32.2780761719
2009-05-21,32.5078201294
2009-05-22,32.2780761719
2009-05-25,31.9909114838
2009-05-26,32.5078201294
2009-05-27,34.690322876
2009-06-01,33.8862419128
2009-06-02,34.4031410217
2009-06-03,34.3456993103
2009-06-04,33.2544593811
2009-06-05,32.9672889709
2009-06-08,32.5078201294
2009-06-09,32.2206535339
2009-06-10,33.4267539978
2009-06-11,33.4841880798
2009-06-12,32.1632118225
2009-06-15,30.6124820709
2009-06-16,30.7847900391
2009-06-17,29.8658409119
2009-06-18,30.2678794861
2009-06-19,30.0381374359
2009-06-22,30.4401683807
2009-06-23,29.4637966156
2009-06-24,30.3827362061
2009-06-25,30.8422241211
2009-06-26,31.2442588806
2009-06-29,30.6699066162
2009-06-30,31.4165649414
2009-07-01,31.5888576508
2009-07-02,31.6462917328
2009-07-03,31.5888576508
2009-07-06,31.2442588806
2009-07-07,31.818605423
2009-07-08,31.2442588806
2009-07-09,31.7611656189
2009-07-10,32.2206535339
2009-07-13,31.5888576508
2009-07-14,32.0483398438
2009-07-15,32.696521759
2009-07-16,33.0015182495
2009-07-17,32.9405288696
2009-07-20,33.4285354614
2009-07-21,33.8555412292
2009-07-22,33.7335357666
2009-07-23,34.4655532837
2009-07-24,34.8925628662
2009-07-27,35.136554718
2009-07-28,35.3195648193
2009-07-29,34.4655532837
2009-07-30,34.1605453491
2009-07-31,35.9295768738
2009-08-03,35.5635681152
2009-08-04,35.136554718
2009-08-05,34.7095489502
2009-08-06,34.6485481262
2009-08-07,34.6485481262
2009-08-10,35.2585639954
2009-08-11,34.8315582275
2009-08-12,35.0755577087
2009-08-13,35.7465744019
2009-08-14,35.9295768738
2009-08-17,35.2585639954
2009-08-18,35.136554718
2009-08-19,35.0145606995
2009-08-20,35.1975708008
2009-08-21,34.6485481262
2009-08-24,35.6245727539
2009-08-25,35.8075714111
2009-08-26,35.9905700684
2009-08-27,35.8685722351
2009-08-28,36.2955780029
2009-08-31,36.1125679016
2009-09-01,37.2105979919
2009-09-02,36.3565750122
2009-09-03,36.4785842896
2009-09-04,36.6005973816
2009-09-07,37.820602417
2009-09-08,38.2476119995
2009-09-09,37.820602417
2009-09-10,38.7356300354
2009-09-11,38.0646018982
2009-09-14,37.515586853
2009-09-15,38.1255989075
2009-09-16,38.2476119995
2009-09-17,38.1255989075
2009-09-18,38.2476119995
2009-09-21,38.0036048889
2009-09-22,38.1255989075
2009-09-23,38.0036048889
2009-09-24,37.0885925293
2009-09-25,37.2715911865
2009-09-28,37.0276031494
2009-09-29,38.8576164246
2009-09-30,39.3456192017
2009-10-01,39.650642395
2009-10-02,38.2476119995
2009-10-05,37.820602417
2009-10-06,38.0646018982
2009-10-07,37.8816146851
2009-10-08,37.1495933533
2009-10-09,37.2715911865
2009-10-12,37.3325958252
2009-10-13,37.698600769
2009-10-14,38.7356300354
2009-10-15,38.9186172485
2009-10-16,37.759601593
2009-10-19,37.4546089172
2009-10-20,37.820602417
2009-10-21,37.5765991211
2009-10-22,37.698600769
2009-10-23,37.515586853
2009-10-26,37.515586853
2009-10-27,37.3935928345
2009-10-28,36.9055862427
2009-10-29,36.7835769653
2009-10-30,36.6005973816
2009-11-02,36.4785842896
2009-11-03,36.1125679016
2009-11-04,36.3565750122
2009-11-05,36.417591095
2009-11-06,36.6005973816
2009-11-09,36.6005973816
2009-11-10,36.9055862427
2009-11-11,37.9426078796
2009-11-12,37.9426078796
2009-11-13,37.698600769
2009-11-16,38.0646018982
2009-11-17,38.1866111755
2009-11-18,38.3696174622
2009-11-19,38.3696174622
2009-11-20,37.6375999451
2009-11-23,37.820602417
2009-11-24,38.0646018982
2009-11-25,38.2476119995
2009-11-26,37.820602417
2009-11-27,36.6005973816
2009-11-30,37.2715911865
2009-12-01,37.0276031494
2009-12-02,37.0885925293
2009-12-03,37.515586853
2009-12-04,37.515586853
2009-12-07,38.1255989075
2009-12-08,38.0646018982
2009-12-09,38.0646018982
2009-12-10,37.3935928345
2009-12-11,38.1866111755
2009-12-14,38.2476119995
2009-12-15,38.2476119995
2009-12-16,37.698600769
2009-12-17,37.9426078796
2009-12-18,37.759601593
2009-12-21,37.9426078796
2009-12-22,38.3696174622
2009-12-23,38.6746139526
2009-12-24,38.7966156006
2009-12-25,38.6746139526
2009-12-28,38.8576164246
2009-12-29,38.6136169434
2009-12-30,38.9796142578
2009-12-31,39.3456192017
2010-01-04,39.5896263123
2010-01-05,39.3456192017
2010-01-06,39.5896263123
2010-01-07,39.1626281738
2010-01-08,39.0406265259
2010-01-11,39.3456192017
2010-01-12,38.7966156006
2010-01-13,38.3086090088
2010-01-14,38.5526123047
2010-01-15,38.7356300354
2010-01-18,38.3696174622
2010-01-19,38.1255989075
2010-01-20,38.430606842
2010-01-21,38.1866111755
2010-01-22,37.2715911865
2010-01-25,36.8445854187
2010-01-26,36.6615829468
2010-01-27,36.3565750122
2010-01-28,36.6005973816
2010-01-29,37.515586853
2010-02-01,36.4785842896
2010-02-02,35.9905700684
2010-02-03,36.4785842896
2010-02-04,36.0515823364
2010-02-05,34.8925628662
2010-02-08,35.0145606995
2010-02-09,35.7465744019
2010-02-10,35.6245727539
2010-02-22,35.9905700684
2010-02-23,36.4785842896
2010-02-24,35.6855735779
2010-02-25,35.5025558472
2010-02-26,35.8685722351
2010-03-01,36.3565750122
2010-03-02,36.5395812988
2010-03-03,36.6005973816
2010-03-04,36.1125679016
2010-03-05,36.8445854187
2010-03-08,37.3325958252
2010-03-09,37.3935928345
2010-03-10,37.4546089172
2010-03-11,37.4546089172
2010-03-12,37.0885925293
2010-03-15,36.4785842896
2010-03-16,36.417591095
2010-03-17,36.9055862427
2010-03-18,36.8445854187
2010-03-19,36.6005973816
2010-03-22,35.9905700684
2010-03-23,36.3565750122
2010-03-24,36.966583252
2010-03-25,37.515586853
2010-03-26,37.820602417
2010-03-29,37.9426078796
2010-03-30,37.9426078796
2010-03-31,37.515586853
2010-04-01,37.8816146851
2010-04-02,38.0646018982
2010-04-06,38.6746139526
2010-04-07,38.7356300354
2010-04-08,38.0036048889
2010-04-09,38.2476119995
2010-04-12,38.4916152954
2010-04-13,38.3696174622
2010-04-14,38.9186172485
2010-04-15,39.2846336365
2010-04-16,38.430606842
2010-04-19,38.1866111755
2010-04-20,38.3086090088
2010-04-21,38.0646018982
2010-04-22,37.5765991211
2010-04-23,37.6375999451
2010-04-26,38.7356300354
2010-04-27,38.8576164246
2010-04-28,37.8816146851
2010-04-29,37.5765991211
2010-04-30,37.698600769
2010-05-03,37.5765991211
2010-05-04,37.2105979919
2010-05-05,36.4785842896
2010-05-06,36.2955780029
2010-05-07,36.2345809937
2010-05-10,36.4785842896
2010-05-11,36.6615829468
2010-05-12,36.6615829468
2010-05-13,37.3325958252
2010-05-14,37.3325958252
2010-05-17,36.1125679016
2010-05-18,36.2955780029
2010-05-19,36.173576355
2010-05-20,35.9295768738
2010-05-21,35.8685722351
2010-05-24,35.9905700684
2010-05-25,35.6245727539
2010-05-26,35.9295768738
2010-05-27,35.8075714111
2010-05-28,35.8075714111
2010-05-31,36.7225914001
2010-06-01,36.4785842896
2010-06-02,36.4785842896
2010-06-03,37.0885925293
2010-06-04,37.2105979919
2010-06-07,36.1125679016
2010-06-08,35.6855735779
2010-06-09,35.7465744019
2010-06-10,36.2345809937
2010-06-11,36.9055862427
2010-06-14,37.2715911865
2010-06-15,37.4546089172
2010-06-17,37.8816146851
2010-06-18,38.2476119995
2010-06-21,38.6136169434
2010-06-22,38.1866111755
2010-06-23,37.8816146851
2010-06-24,37.820602417
2010-06-25,37.4546089172
2010-06-28,37.6375999451
2010-06-29,37.2105979919
2010-06-30,36.966583252
2010-07-01,36.7225914001
2010-07-02,36.7835769653
2010-07-05,37.4546089172
2010-07-06,38.416431427
2010-07-07,38.1598930359
2010-07-08,38.7371063232
2010-07-09,38.7371063232
2010-07-12,38.3523101807
2010-07-13,38.2240257263
2010-07-14,38.7371063232
2010-07-15,38.6729774475
2010-07-16,38.416431427
2010-07-19,39.186050415
2010-07-20,39.4425849915
2010-07-21,39.6349945068
2010-07-22,39.7632522583
2010-07-23,40.2763366699
2010-07-26,40.148059845
2010-07-27,40.0839271545
2010-07-28,40.4045982361
2010-07-29,40.4045982361
2010-07-30,40.0197982788
2010-08-02,39.9556503296
2010-08-03,39.7632522583
2010-08-04,39.7632522583
2010-08-05,39.6991233826
2010-08-06,39.0577812195
2010-08-09,38.9295082092
2010-08-10,39.1219139099
2010-08-11,39.1219139099
2010-08-12,38.6088447571
2010-08-13,38.5447044373
2010-08-16,38.6729774475
2010-08-17,38.3523101807
2010-08-18,38.2240257263
2010-08-19,38.5447044373
2010-08-20,38.416431427
2010-08-23,38.5447044373
2010-08-24,38.2240257263
2010-08-25,37.6468429565
2010-08-26,37.7109680176
2010-08-27,37.7109680176
2010-08-30,38.0957603455
2010-08-31,37.7750968933
2010-09-01,37.9033737183
2010-09-02,38.1598930359
2010-09-03,38.3523101807
2010-09-06,38.8012466431
2010-09-07,38.6088447571
2010-09-08,38.0316238403
2010-09-09,38.1598930359
2010-09-10,38.0316238403
2010-09-13,39.0577812195
2010-09-14,39.1219139099
2010-09-15,39.2501907349
2010-09-16,38.8012466431
2010-09-17,39.2501907349
2010-09-20,39.7632522583
2010-09-21,39.6349945068
2010-09-23,38.4805793762
2010-09-24,38.5447044373
2010-09-27,38.9295082092
2010-09-28,39.1219139099
2010-09-29,39.4425849915
2010-09-30,39.7632522583
2010-10-01,39.7632522583
2010-10-04,39.6991233826
2010-10-05,39.186050415
2010-10-06,39.6349945068
2010-10-07,39.3143119812
2010-10-08,39.6349945068
2010-10-11,39.4425849915
2010-10-12,39.1219139099
2010-10-13,39.1219139099
2010-10-14,39.6349945068
2010-10-15,39.6991233826
2010-10-18,38.8012466431
2010-10-19,38.9295082092
2010-10-20,39.1219139099
2010-10-21,39.1219139099
2010-10-22,39.6349945068
2010-10-25,39.7632522583
2010-10-26,39.9556503296
2010-10-27,39.7632522583
2010-10-28,40.2122001648
2010-10-29,40.2763366699
2010-11-01,40.7252731323
2010-11-02,40.5970115662
2010-11-03,40.9818153381
2010-11-04,40.9818153381
2010-11-05,41.1742134094
2010-11-08,40.5970115662
2010-11-09,41.0459518433
2010-11-10,41.1742134094
2010-11-11,40.8535385132
2010-11-12,40.4045982361
2010-11-15,40.9818153381
2010-11-16,41.3666152954
2010-11-17,40.9176673889
2010-11-18,40.5970115662
2010-11-19,40.8535385132
2010-11-22,40.9176673889
2010-11-23,40.6611404419
2010-11-24,40.532875061
2010-11-25,41.3024749756
2010-11-26,41.3024749756
2010-11-29,41.2383537292
2010-11-30,40.6611404419
2010-12-01,41.4307479858
2010-12-02,42.456905365
2010-12-03,43.8037185669
2010-12-06,43.9319801331
2010-12-07,43.6113319397
2010-12-08,43.6113319397
2010-12-09,44.8939971924
2010-12-10,44.7015838623
2010-12-13,44.5092010498
2010-12-14,44.2526512146
2010-12-15,44.8939971924
2010-12-16,45.663608551
2010-12-17,46.7539024353
2010-12-20,45.663608551
2010-12-21,45.7277526855
2010-12-22,45.663608551
2010-12-23,45.5353469849
2010-12-24,45.4070854187
2010-12-27,45.3429412842
2010-12-28,45.4712028503
2010-12-29,45.2788085938
2010-12-30,45.2788085938
2010-12-31,45.5353469849
2011-01-03,45.5994758606
2011-01-04,45.663608551
2011-01-05,44.7657356262
2011-01-06,45.5353469849
2011-01-07,46.4973564148
2011-01-10,47.5876426697
2011-01-11,47.7800521851
2011-01-12,48.0365791321
2011-01-13,47.8441848755
2011-01-14,47.9724464417
2011-01-17,48.6138000488
2011-01-18,49.2551345825
2011-01-19,50.0247459412
2011-01-20,48.9986000061
2011-01-21,47.8441848755
2011-01-24,48.2931137085
2011-01-25,48.1007118225
2011-01-26,47.8441848755
2011-01-27,48.2289810181
2011-01-28,48.9344596863
2011-02-08,48.4213943481
2011-02-09,47.331111908
2011-02-10,46.1766815186
2011-02-11,45.7918891907
2011-02-14,46.4973564148
2011-02-15,46.4973564148
2011-02-16,46.2408218384
2011-02-17,46.4973564148
2011-02-18,46.818031311
2011-02-21,47.0745697021
2011-02-22,46.4973564148
2011-02-23,45.5353469849
2011-02-24,45.214679718
2011-02-25,45.214679718
2011-03-01,45.7918891907
2011-03-02,45.1505432129
2011-03-03,45.4070854187
2011-03-04,46.0484161377
2011-03-07,45.4712028503
2011-03-08,45.8560256958
2011-03-09,45.7918891907
2011-03-10,45.214679718
2011-03-11,44.8939971924
2011-03-14,45.0864067078
2011-03-15,43.6113319397
2011-03-16,43.9319801331
2011-03-17,43.2265090942
2011-03-18,43.8037185669
2011-03-21,44.2526512146
2011-03-22,43.9961166382
2011-03-23,44.0602455139
2011-03-24,44.5092010498
2011-03-25,45.663608551
2011-03-28,45.5353469849
2011-03-29,45.4070854187
2011-03-30,45.0864067078
2011-03-31,45.2788085938
2011-04-01,45.3429412842
2011-04-06,46.7539024353
2011-04-07,46.6897659302
2011-04-08,46.7539024353
2011-04-11,45.5994758606
2011-04-12,44.9581413269
2011-04-13,45.3429412842
2011-04-14,44.7657356262
2011-04-15,44.3809204102
2011-04-18,44.2526512146
2011-04-19,43.6754493713
2011-04-20,44.7657356262
2011-04-21,45.3429412842
2011-04-22,45.4712028503
2011-04-25,45.0864067078
2011-04-26,45.0864067078
2011-04-27,46.3690757751
2011-04-28,46.818031311
2011-04-29,46.9463119507
2011-05-03,47.8441848755
2011-05-04,47.331111908
2011-05-05,47.9724464417
2011-05-06,48.1007118225
2011-05-09,48.4213943481
2011-05-10,47.7159156799
2011-05-11,48.1007118225
2011-05-12,48.5496444702
2011-05-13,48.6779251099
2011-05-16,48.0365791321
2011-05-17,48.4855384827
2011-05-18,48.2931137085
2011-05-19,48.2289810181
2011-05-20,48.4213943481
2011-05-23,48.1648406982
2011-05-24,47.9724464417
2011-05-25,47.7800521851
2011-05-26,47.5876426697
2011-05-27,47.4593734741
2011-05-30,48.1648406982
2011-05-31,49.190990448
2011-06-01,49.3834152222
2011-06-02,48.9986000061
2011-06-03,49.5116539001
2011-06-07,49.7040901184
2011-06-08,49.7040901184
2011-06-09,49.3192672729
2011-06-10,48.2931137085
2011-06-13,47.9083099365
2011-06-14,48.8703193665
2011-06-15,49.3834152222
2011-06-16,48.4213943481
2011-06-17,47.5876426697
2011-06-20,48.0365791321
2011-06-21,48.6779251099
2011-06-22,48.1007118225
2011-06-23,47.5876426697
2011-06-24,46.7539024353
2011-06-27,46.1766815186
2011-06-28,46.4973564148
2011-06-29,47.7681694031
2011-06-30,48.3033943176
2011-07-01,48.704826355
2011-07-04,49.1731376648
2011-07-05,48.9724121094
2011-07-06,48.704826355
2011-07-07,47.9019813538
2011-07-08,48.5041007996
2011-07-11,47.7012786865
2011-07-12,47.0322570801
2011-07-13,48.3033943176
2011-07-14,47.2998580933
2011-07-15,46.7646446228
2011-07-18,46.6308364868
2011-07-19,45.8280143738
2011-07-20,47.9019813538
2011-07-21,47.9019813538
2011-07-22,48.1695861816
2011-07-25,48.1695861816
2011-07-26,49.3069267273
2011-07-27,49.1062202454
2011-07-28,48.8386039734
2011-07-29,48.1695861816
2011-08-01,48.5709877014
2011-08-02,47.7681694031
2011-08-03,46.8984489441
2011-08-04,46.8315429688
2011-08-05,44.5568771362
2011-08-08,43.6202392578
2011-08-09,42.3490982056
2011-08-10,44.0216522217
2011-08-11,44.4230537415
2011-08-12,43.5533409119
2011-08-15,44.6906700134
2011-08-16,44.1554527283
2011-08-17,44.0216522217
2011-08-18,43.0850219727
2011-08-19,42.7505187988
2011-08-22,43.4864273071
2011-08-23,44.6906700134
2011-08-24,45.1589927673
2011-08-25,44.8244895935
2011-08-26,45.4266014099
2011-08-29,46.4301490784
2011-08-30,46.162525177
2011-08-31,46.4301490784
2011-09-01,45.894908905
2011-09-02,45.1589927673
2011-09-05,44.5568771362
2011-09-06,44.2223548889
2011-09-07,45.894908905
2011-09-08,45.961807251
2011-09-09,46.3632278442
2011-09-13,45.7611198425
2011-09-14,44.958278656
2011-09-15,46.2294273376
2011-09-16,47.5674705505
2011-09-19,47.6343574524
2011-09-20,47.1660575867
2011-09-21,48.1695861816
2011-09-22,46.162525177
2011-09-23,45.1589927673
2011-09-26,44.958278656
2011-09-27,46.7646446228
2011-09-28,47.0322570801
2011-09-29,47.0322570801
2011-09-30,46.8315429688
2011-10-03,45.894908905
2011-10-04,46.2294273376
2011-10-05,46.2294273376
2011-10-06,46.162525177
2011-10-07,46.2294273376
2011-10-11,46.8315429688
2011-10-12,47.099155426
2011-10-13,47.099155426
2011-10-14,47.0322570801
2011-10-17,47.5674705505
2011-10-18,47.2998580933
2011-10-19,47.5674705505
2011-10-20,46.6308364868
2011-10-21,47.0322570801
2011-10-24,47.9688796997
2011-10-25,47.8350906372
2011-10-26,48.1026954651
2011-10-27,48.1026954651
2011-10-28,48.9055099487
2011-10-31,49.2400093079
2011-11-01,49.3738365173
2011-11-02,49.4407348633
2011-11-03,49.1731376648
2011-11-04,49.9090423584
2011-11-07,50.1766433716
2011-11-08,49.8421440125
2011-11-09,49.5745315552
2011-11-10,48.5709877014
2011-11-11,49.1062202454
2011-11-14,50.7787857056
2011-11-15,50.8456726074
2011-11-16,50.4442672729
2011-11-17,50.644947052
2011-11-18,49.6414451599
2011-11-21,49.0393218994
2011-11-22,49.5076408386
2011-11-23,49.1062202454
2011-11-24,48.704826355
2011-11-25,47.9019813538
2011-11-28,49.2400093079
2011-11-29,49.2400093079
2011-11-30,49.9090423584
2011-12-01,51.2470970154
2011-12-02,50.8456726074
2011-12-05,51.0463905334
2011-12-06,50.4442672729
2011-12-07,51.1132965088
2011-12-08,51.0463905334
2011-12-09,49.5745315552
2011-12-12,50.1766433716
2011-12-13,50.3104553223
2011-12-14,49.8421440125
2011-12-15,48.5041007996
2011-12-16,48.6379051208
2011-12-19,48.5041007996
2011-12-20,48.704826355
2011-12-21,50.8456726074
2011-12-22,50.1766433716
2011-12-23,50.4442672729
2011-12-26,50.1766433716
2011-12-27,50.5111694336
2011-12-28,50.644947052
2011-12-29,50.7118835449
2011-12-30,50.7118835449
2012-01-02,46.6977539062
2012-01-03,47.1660575867
2012-01-04,47.1660575867
2012-01-05,50.8456726074
2012-01-06,50.5780792236
2012-01-09,50.5780792236
2012-01-10,51.1801872253
2012-01-11,51.1801872253
2012-01-12,51.5147132874
2012-01-13,51.8492202759
2012-01-16,50.3773574829
2012-01-17,50.5780792236
2012-01-18,51.3139877319
2012-01-30,52.6520462036
2012-01-31,52.5182266235
2012-02-01,51.5147132874
2012-02-02,51.3808937073
2012-02-03,50.979473114
2012-02-06,51.7823143005
2012-02-07,51.7823143005
2012-02-08,51.8492202759
2012-02-09,52.183719635
2012-02-10,51.4477958679
2012-02-13,51.2470970154
2012-02-14,51.7154006958
2012-02-15,52.5182266235
2012-02-16,52.5182266235
2012-02-17,53.5217704773
2012-02-20,53.5217704773
2012-02-21,53.5217704773
2012-02-22,53.3210525513
2012-02-23,52.2506217957
2012-02-24,52.9196434021
2012-02-29,54.2576904297
2012-03-01,53.5886917114
2012-03-02,53.5217704773
2012-03-05,52.7858505249
2012-03-06,53.1872711182
2012-03-07,52.9196434021
2012-03-08,53.3210525513
2012-03-09,53.5217704773
2012-03-12,53.5217704773
2012-03-13,54.3914833069
2012-03-14,55.6626396179
2012-03-15,55.6626396179
2012-03-16,54.2576904297
2012-03-19,55.9971618652
2012-03-20,55.6626396179
2012-03-21,56.7999801636
2012-03-22,57.0006752014
2012-03-23,57.1344871521
2012-03-26,55.9302482605
2012-03-27,57.4021072388
2012-03-28,57.201385498
2012-03-29,56.264755249
2012-03-30,56.7999801636
2012-04-02,56.9337844849
2012-04-03,56.8668746948
2012-04-05,55.5957221985
2012-04-06,56.0640525818
2012-04-09,55.5288314819
2012-04-10,54.8598060608
2012-04-11,55.1274337769
2012-04-12,55.2612304688
2012-04-13,56.7999801636
2012-04-16,56.7999801636
2012-04-17,56.0640525818
2012-04-18,56.8668746948
2012-04-19,57.4021072388
2012-04-20,56.3985748291
2012-04-23,56.3985748291
2012-04-24,56.5992660522
2012-04-25,56.3316574097
2012-04-26,56.1978569031
2012-04-27,57.5358963013
2012-04-30,58.0711212158
2012-05-02,59.1415557861
2012-05-03,59.4760437012
2012-05-04,58.6063308716
2012-05-07,57.2682952881
2012-05-08,56.4654541016
2012-05-09,56.5992660522
2012-05-10,57.0675926208
2012-05-11,57.201385498
2012-05-14,57.1344871521
2012-05-15,57.201385498
2012-05-16,55.7964248657
2012-05-17,56.9337844849
2012-05-18,54.7260169983
2012-05-21,55.1943092346
2012-05-22,54.9936180115
2012-05-23,52.9196434021
2012-05-24,53.9231796265
2012-05-25,53.5217704773
2012-05-28,54.5922012329
2012-05-29,55.0605163574
2012-05-30,54.6591110229
2012-05-31,56.9337844849
2012-06-01,53.4548568726
2012-06-04,51.1801872253
2012-06-05,52.317527771
2012-06-06,52.0499267578
2012-06-07,53.3879623413
2012-06-08,52.1168174744
2012-06-11,53.7893753052
2012-06-12,53.1203460693
2012-06-13,53.5217704773
2012-06-14,52.9865493774
2012-06-15,52.2506217957
2012-06-18,54.0569801331
2012-06-19,53.8562698364
2012-06-20,54.5922012329
2012-06-21,53.9231796265
2012-06-22,53.5886917114
2012-06-25,53.2541503906
2012-06-26,52.6520462036
2012-06-27,53.0534477234
2012-06-28,53.4548568726
2012-06-29,54.3914833069
2012-07-02,55.7295265198
2012-07-03,56.3316574097
2012-07-04,56.3313026428
2012-07-05,56.1925468445
2012-07-06,56.1231880188
2012-07-09,55.4988212585
2012-07-10,54.8744621277
2012-07-11,54.180721283
2012-07-12,52.5157394409
2012-07-13,52.5851325989
2012-07-16,52.3770065308
2012-07-17,51.8913955688
2012-07-18,51.8913955688
2012-07-19,53.7644882202
2012-07-20,53.2094917297
2012-07-23,51.5445404053
2012-07-24,51.8913955688
2012-07-25,51.7526473999
2012-07-26,52.9319992065
2012-07-27,55.0132026672
2012-07-30,54.8050727844
2012-07-31,56.1925468445
2012-08-01,55.4988212585
2012-08-02,55.4988212585
2012-08-03,55.3600540161
2012-08-06,56.1231880188
2012-08-07,56.4700622559
2012-08-08,55.8456802368
2012-08-09,57.0944023132
2012-08-10,56.8862762451
2012-08-13,57.3718910217
2012-08-14,57.7187767029
2012-08-15,57.5800132751
2012-08-16,57.5106391907
2012-08-17,56.8862762451
2012-08-20,57.1637992859
2012-08-21,57.996257782
2012-08-22,57.1637992859
2012-08-23,57.3718910217
2012-08-24,56.8862762451
2012-08-27,57.5800132751
2012-08-28,57.1637992859
2012-08-29,57.3718910217
2012-08-30,57.3718910217
2012-08-31,57.7881202698
2012-09-03,58.2043838501
2012-09-04,58.2737503052
2012-09-05,56.8862762451
2012-09-06,56.2619247437
2012-09-07,58.1350059509
2012-09-10,57.9268836975
2012-09-11,58.5512619019
2012-09-12,58.6206283569
2012-09-13,58.9674797058
2012-09-14,60.0080986023
2012-09-17,60.0080986023
2012-09-18,59.453125
2012-09-19,59.661239624
2012-09-20,59.1756210327
2012-09-21,59.453125
2012-09-24,59.7306060791
2012-09-25,59.5918540955
2012-09-26,59.9387207031
2012-09-27,60.7712097168
2012-09-28,62.2974281311
2012-10-01,61.6730499268
2012-10-02,62.1586875916
2012-10-03,62.2974281311
2012-10-04,62.8524093628
2012-10-05,63.1299095154
2012-10-08,61.8118171692
2012-10-09,60.4243240356
2012-10-11,59.3143463135
2012-10-12,59.8693618774
2012-10-15,59.9387207031
2012-10-16,60.7018470764
2012-10-17,60.6324501038
2012-10-18,61.1180763245
2012-10-19,60.1468353271
2012-10-22,59.661239624
2012-10-23,59.453125
2012-10-24,59.2449951172
2012-10-25,58.8287506104
2012-10-26,60.5630836487
2012-10-29,61.1180763245
2012-10-30,61.0487098694
2012-10-31,61.5343017578
2012-11-01,61.8811645508
2012-11-02,62.3667945862
2012-11-05,62.6443099976
2012-11-06,62.7136611938
2012-11-07,63.1299095154
2012-11-08,62.7830429077
2012-11-09,62.9911575317
2012-11-12,63.3380203247
2012-11-13,62.6443099976
2012-11-14,62.7830429077
2012-11-15,62.5749168396
2012-11-16,62.5749168396
2012-11-19,62.4361724854
2012-11-20,62.7136611938
2012-11-21,62.7830429077
2012-11-22,63.3380203247
2012-11-23,66.2517242432
2012-11-26,66.112953186
2012-11-27,66.8066940308
2012-11-28,66.5292053223
2012-11-29,66.9454498291
2012-11-30,68.4716720581
2012-12-03,67.9166870117
2012-12-04,67.0148239136
2012-12-05,67.2229232788
2012-12-06,67.0148239136
2012-12-07,68.0554122925
2012-12-10,66.9454498291
2012-12-11,68.1941757202
2012-12-12,68.2635574341
2012-12-13,68.8185272217
2012-12-14,68.2635574341
2012-12-17,67.2923202515
2012-12-18,67.084197998
2012-12-19,67.5004196167
2012-12-20,66.5985946655
2012-12-21,65.7661209106
2012-12-24,66.0435791016
2012-12-25,66.9454498291
2012-12-26,66.5985946655
2012-12-27,66.3210983276
2012-12-28,67.2923202515
2013-01-02,69.0960388184
2013-01-03,70.0672683716
2013-01-04,70.4141464233
2013-01-07,69.7203979492
2013-01-08,69.1654129028
2013-01-09,69.3735275269
2013-01-10,70.0672683716
2013-01-11,70.0672683716
2013-01-14,70.7609863281
2013-01-15,69.7203979492
2013-01-16,68.8185272217
2013-01-17,68.8879241943
2013-01-18,70.4141464233
2013-01-21,69.7203979492
2013-01-22,70.0672683716
2013-01-23,70.0672683716
2013-01-24,69.3041687012
2013-01-25,68.6797943115
2013-01-28,68.8879241943
2013-01-29,70.0672683716
2013-01-30,70.4141464233
2013-01-31,70.4141464233
2013-02-01,70.4141464233
2013-02-04,71.4547195435
2013-02-05,71.4547195435
2013-02-06,72.8422088623
2013-02-18,74.2296524048
2013-02-19,74.2296524048
2013-02-20,75.6171264648
2013-02-21,74.2296524048
2013-02-22,73.1890792847
2013-02-25,72.8422088623
2013-02-26,71.8015975952
2013-02-27,72.4953460693
2013-03-01,72.8422088623
2013-03-04,70.7609863281
2013-03-05,72.1484680176
2013-03-06,72.1484680176
2013-03-07,71.4547195435
2013-03-08,71.8015975952
2013-03-11,70.7609863281
2013-03-12,71.1078567505
2013-03-13,72.4953460693
2013-03-14,72.1484680176
2013-03-15,71.4547195435
2013-03-18,69.7203979492
2013-03-19,69.3735275269
2013-03-20,68.541053772
2013-03-21,68.4716720581
2013-03-22,67.986076355
2013-03-25,69.0266571045
2013-03-26,68.6797943115
2013-03-27,69.7203979492
2013-03-28,69.3735275269
2013-03-29,69.7203979492
2013-04-01,70.0672683716
2013-04-02,69.7203979492
2013-04-03,69.7203979492
2013-04-08,68.3329391479
2013-04-09,67.6392059326
2013-04-10,68.1941757202
2013-04-11,70.4141464233
2013-04-12,69.7203979492
2013-04-15,68.95728302
2013-04-16,69.7203979492
2013-04-17,69.3735275269
2013-04-18,69.3041687012
2013-04-19,73.8827972412
2013-04-22,75.2702636719
2013-04-23,73.5359191895
2013-04-24,73.5359191895
2013-04-25,74.2296524048
2013-04-26,75.2702636719
2013-04-29,74.9234008789
2013-04-30,75.964012146
2013-05-02,76.6577301025
2013-05-03,76.3108901978
2013-05-06,77.3515090942
2013-05-07,78.0451889038
2013-05-08,79.4326934814
2013-05-09,79.7795333862
2013-05-10,79.4326934814
2013-05-13,79.4326934814
2013-05-14,80.1264038086
2013-05-15,79.7795333862
2013-05-16,78.7389450073
2013-05-17,78.7389450073
2013-05-20,79.0858154297
2013-05-21,78.0451889038
2013-05-22,77.6983413696
2013-05-23,74.9234008789
2013-05-24,75.964012146
2013-05-27,77.6983413696
2013-05-28,75.964012146
2013-05-29,77.0046234131
2013-05-30,76.3108901978
2013-05-31,75.964012146
2013-06-03,74.5765457153
2013-06-04,75.6171264648
2013-06-05,75.964012146
2013-06-06,74.5765457153
2013-06-07,75.2702636719
2013-06-10,75.2702636719
2013-06-11,74.9234008789
2013-06-13,72.4953460693
2013-06-14,73.5359191895
2013-06-17,73.5359191895
2013-06-18,73.8827972412
2013-06-19,73.1890792847
2013-06-20,72.1484680176
2013-06-21,71.8015975952
2013-06-24,70.0672683716
2013-06-25,70.0672683716
2013-06-26,70.4141464233
2013-06-27,72.4953460693
2013-06-28,77.0046234131
2013-07-01,74.9234008789
2013-07-02,76.3108901978
2013-07-03,76.3105697632
2013-07-04,76.3105697632
2013-07-05,77.7369155884
2013-07-08,74.8841781616
2013-07-09,75.5973815918
2013-07-10,75.5973815918
2013-07-11,78.0935287476
2013-07-12,78.4500961304
2013-07-15,78.0935287476
2013-07-16,77.0237350464
2013-07-17,77.7369155884
2013-07-18,75.240776062
2013-07-19,70.034538269
2013-07-22,69.1787033081
2013-07-23,71.3182678223
2013-07-24,72.7446365356
2013-07-25,73.1012268066
2013-07-26,73.1012268066
2013-07-29,71.3182678223
2013-07-30,72.7446365356
2013-07-31,73.1012268066
2013-08-01,71.6748733521
2013-08-02,71.6748733521
2013-08-05,71.6748733521
2013-08-06,70.4624404907
2013-08-07,69.1787033081
2013-08-08,68.7508392334
2013-08-09,68.7508392334
2013-08-12,68.4655456543
2013-08-13,69.3213653564
2013-08-14,69.0360870361
2013-08-15,68.4655456543
2013-08-16,68.8221282959
2013-08-19,68.1089401245
2013-08-20,67.32447052
2013-08-22,67.3957672119
2013-08-23,69.1787033081
2013-08-26,69.0360870361
2013-08-27,68.1802749634
2013-08-28,69.0360870361
2013-08-29,70.3911361694
2013-08-30,71.6748733521
2013-09-02,72.7446365356
2013-09-03,72.7446365356
2013-09-04,71.6748733521
2013-09-05,72.3880233765
2013-09-06,72.7446365356
2013-09-09,73.457824707
2013-09-10,74.5276031494
2013-09-11,74.5276031494
2013-09-12,73.8144073486
2013-09-13,73.1012268066
2013-09-16,75.240776062
2013-09-17,75.240776062
2013-09-18,73.457824707
2013-09-23,75.240776062
2013-09-24,74.8841781616
2013-09-25,73.457824707
2013-09-26,72.3880233765
2013-09-27,73.457824707
2013-09-30,71.6748733521
2013-10-01,72.3880233765
2013-10-02,73.457824707
2013-10-03,74.8841781616
2013-10-04,74.1710205078
2013-10-07,73.457824707
2013-10-08,74.8841781616
2013-10-09,74.8841781616
2013-10-11,75.953956604
2013-10-14,74.8841781616
2013-10-15,76.3105697632
2013-10-16,75.5973815918
2013-10-17,76.3105697632
2013-10-18,78.4500961304
2013-10-21,78.4500961304
2013-10-22,79.5198745728
2013-10-23,79.1632766724
2013-10-24,78.4500961304
2013-10-25,76.3105697632
2013-10-28,78.0935287476
2013-10-29,78.0935287476
2013-10-30,78.4500961304
2013-10-31,78.0935287476
2013-11-01,78.0935287476
2013-11-04,77.7369155884
2013-11-05,75.953956604
2013-11-06,76.3105697632
2013-11-07,76.3105697632
2013-11-08,75.5973815918
2013-11-11,74.5276031494
2013-11-12,74.8841781616
2013-11-13,73.457824707
2013-11-14,73.8144073486
2013-11-15,74.1710205078
2013-11-18,74.1710205078
2013-11-19,74.8841781616
2013-11-20,73.457824707
2013-11-21,72.0314788818
2013-11-22,71.3182678223
2013-11-25,72.0314788818
2013-11-26,73.8144073486
2013-11-27,74.8841781616
2013-11-28,74.8841781616
2013-11-29,74.8841781616
2013-12-02,74.5276031494
2013-12-03,74.1710205078
2013-12-04,74.8841781616
2013-12-05,74.1710205078
2013-12-06,73.457824707
2013-12-09,74.8841781616
2013-12-10,74.1710205078
2013-12-11,74.8841781616
2013-12-12,73.457824707
2013-12-13,73.1012268066
2013-12-16,72.7446365356
2013-12-17,73.8144073486
2013-12-18,72.0314788818
2013-12-19,73.1012268066
2013-12-20,72.7446365356
2013-12-23,74.1710205078
2013-12-24,73.457824707
2013-12-25,73.457824707
2013-12-26,74.1710205078
2013-12-27,74.5276031494
2013-12-30,75.5973815918
2013-12-31,75.240776062
2014-01-02,74.5276031494
2014-01-03,73.1012268066
2014-01-06,73.1012268066
2014-01-07,72.7446365356
2014-01-08,74.1710205078
2014-01-09,72.0314788818
2014-01-10,72.7446365356
2014-01-13,73.457824707
2014-01-14,73.8144073486
2014-01-15,74.8841781616
2014-01-16,76.3105697632
2014-01-17,76.6671218872
2014-01-20,76.6671218872
2014-01-21,75.953956604
2014-01-22,76.6671218872
2014-01-23,76.6671218872
2014-01-24,77.0237350464
2014-01-27,74.8841781616
2014-02-05,71.6748733521
2014-02-06,72.7446365356
2014-02-07,74.1710205078
2014-02-10,73.457824707
2014-02-11,74.5276031494
2014-02-12,74.8841781616
2014-02-13,74.8841781616
2014-02-14,76.6671218872
2014-02-17,77.3803329468
2014-02-18,77.0237350464
2014-02-19,77.0237350464
2014-02-20,75.953956604
2014-02-21,76.6671218872
2014-02-24,76.3105697632
2014-02-25,77.0237350464
2014-02-26,76.6671218872
2014-02-27,77.0237350464
2014-03-03,77.0237350464
2014-03-04,76.6671218872
2014-03-05,78.4500961304
2014-03-06,80.5896530151
2014-03-07,81.6594085693
2014-03-10,80.5896530151
2014-03-11,81.3028182983
2014-03-12,80.5896530151
2014-03-13,83.0858001709
2014-03-14,82.0160064697
2014-03-17,81.3028182983
2014-03-18,81.6594085693
2014-03-19,81.6594085693
2014-03-20,79.8764724731
2014-03-21,80.2330474854
2014-03-24,80.2330474854
2014-03-25,80.9462356567
2014-03-26,82.3726272583
2014-03-27,82.7292022705
2014-03-28,83.7989807129
2014-03-31,84.5121459961
2014-04-01,85.2253265381
2014-04-02,85.5819244385
2014-04-03,84.5121459961
2014-04-07,83.7989807129
2014-04-08,84.8687591553
2014-04-09,84.8687591553
2014-04-10,85.2253265381
2014-04-11,85.5819244385
2014-04-14,85.9385070801
2014-04-15,87.3648986816
2014-04-16,86.2951126099
2014-04-17,85.5819244385
2014-04-18,87.7214660645
2014-04-21,86.6517181396
2014-04-22,86.6517181396
2014-04-23,86.2951126099
2014-04-24,86.2951126099
2014-04-25,84.5121459961
2014-04-28,84.8687591553
2014-04-29,85.9385070801
2014-04-30,84.5121459961
2014-05-02,84.1555709839
2014-05-05,83.4423751831
2014-05-06,84.1555709839
2014-05-07,84.5121459961
2014-05-08,85.2253265381
2014-05-09,85.5819244385
2014-05-12,84.5121459961
2014-05-13,85.9385070801
2014-05-14,87.0083007812
2014-05-15,87.0083007812
2014-05-16,87.0083007812
2014-05-19,86.2951126099
2014-05-20,86.2951126099
2014-05-21,85.9385070801
2014-05-22,87.0083007812
2014-05-23,87.0083007812
2014-05-26,87.7214660645
2014-05-27,88.0780563354
2014-05-28,88.4346618652
2014-05-29,87.0083007812
2014-05-30,85.2253265381
2014-06-03,87.3648986816
2014-06-04,88.0780563354
2014-06-05,87.7214660645
2014-06-06,87.3648986816
2014-06-09,87.7214660645
2014-06-10,88.7912445068
2014-06-11,89.1478424072
2014-06-12,88.0780563354
2014-06-13,87.7214660645
2014-06-16,88.4346618652
2014-06-17,89.1478424072
2014-06-18,89.5044326782
2014-06-19,89.8610153198
2014-06-20,88.7912445068
2014-06-23,87.7214660645
2014-06-24,87.7214660645
2014-06-25,88.0780563354
2014-06-26,88.7912445068
2014-06-27,89.5044326782
2014-06-30,90.2176208496
2014-07-01,91.2873840332
2014-07-02,94.4967193604
2014-07-03,95.9231109619
2014-07-04,96.2796783447
2014-07-07,96.9928359985
2014-07-08,95.9231109619
2014-07-09,95.5665130615
2014-07-10,95.9231109619
2014-07-11,97.3494567871
2014-07-14,96.6201782227
2014-07-15,96.9847640991
2014-07-16,95.1617507935
2014-07-17,90.7864990234
2014-07-18,90.0573120117
2014-07-21,90.0573120117
2014-07-22,90.7864990234
2014-07-23,90.7864990234
2014-07-24,91.1511154175
2014-07-25,89.6926803589
2014-07-28,88.5988769531
2014-07-29,90.4219055176
2014-07-30,90.7864990234
2014-07-31,88.2342681885
2014-08-01,87.505065918
2014-08-04,90.0573120117
2014-08-05,87.1404571533
2014-08-06,87.8696517944
2014-08-07,88.5988769531
2014-08-08,87.8696517944
2014-08-11,87.8696517944
2014-08-12,88.5988769531
2014-08-13,89.3280944824
2014-08-14,90.4219055176
2014-08-15,90.4219055176
2014-08-18,89.6926803589
2014-08-19,90.4219055176
2014-08-20,91.5157241821
2014-08-21,90.7864990234
2014-08-22,91.5157241821
2014-08-25,91.1511154175
2014-08-26,90.7864990234
2014-08-27,91.5157241821
2014-08-28,91.1511154175
2014-08-29,90.4219055176
2014-09-01,93.7033233643
2014-09-02,91.8802947998
2014-09-03,93.3387374878
2014-09-04,92.9741439819
2014-09-05,92.6095199585
2014-09-09,92.6095199585
2014-09-10,91.1511154175
2014-09-11,91.1511154175
2014-09-12,89.6926803589
2014-09-15,90.0573120117
2014-09-16,89.3280944824
2014-09-17,90.7864990234
2014-09-18,91.1511154175
2014-09-19,91.1511154175
2014-09-22,88.9634628296
2014-09-23,89.3280944824
2014-09-24,89.6926803589
2014-09-25,88.9634628296
2014-09-26,88.2342681885
2014-09-29,87.8696517944
2014-09-30,87.505065918
2014-10-01,88.5988769531
2014-10-02,88.2342681885
2014-10-03,90.7864990234
2014-10-06,91.8802947998
2014-10-07,91.1511154175
2014-10-08,89.3280944824
2014-10-09,91.1511154175
2014-10-13,87.8696517944
2014-10-14,88.2342681885
2014-10-15,88.5988769531
2014-10-16,88.5988769531
2014-10-17,90.0573120117
2014-10-20,91.8802947998
2014-10-21,91.1511154175
2014-10-22,94.0679168701
2014-10-23,92.9741439819
2014-10-24,91.5157241821
2014-10-27,93.3387374878
2014-10-28,93.3387374878
2014-10-29,94.0679168701
2014-10-30,93.7033233643
2014-10-31,95.1617507935
2014-11-03,95.5263595581
2014-11-04,96.2555847168
2014-11-05,96.2555847168
2014-11-06,96.2555847168
2014-11-07,95.5263595581
2014-11-10,98.0785903931
2014-11-11,97.713973999
2014-11-12,96.2555847168
2014-11-13,97.713973999
2014-11-14,98.4431991577
2014-11-17,96.9847640991
2014-11-18,95.8909683228
2014-11-19,99.1723937988
2014-11-20,101.3600311279
2014-11-21,100.9954376221
2014-11-24,100.9954376221
2014-11-25,101.3600311279
2014-11-26,101.3600311279
2014-11-27,102.0892181396
2014-11-28,103.1830596924
2014-12-01,102.0892181396
2014-12-02,100.2662124634
2014-12-03,100.6308135986
2014-12-04,101.3600311279
2014-12-05,100.2662124634
2014-12-08,100.6308135986
2014-12-09,100.6308135986
2014-12-10,99.1723937988
2014-12-11,98.0785903931
2014-12-12,98.4431991577
2014-12-15,99.1723937988
2014-12-16,96.9847640991
2014-12-17,95.1617507935
2014-12-18,95.8909683228
2014-12-19,100.6308135986
2014-12-22,100.9954376221
2014-12-23,100.2662124634
2014-12-24,100.6308135986
2014-12-25,100.2662124634
2014-12-26,101.3600311279
2014-12-29,102.8184585571
2014-12-30,102.0892181396
2014-12-31,102.8184585571
2015-01-05,101.724647522
2015-01-06,97.349395752
2015-01-07,97.713973999
2015-01-08,100.6308135986
2015-01-09,97.713973999
2015-01-12,96.2555847168
2015-01-13,96.6201782227
2015-01-14,94.7971572876
2015-01-15,95.8909683228
2015-01-16,99.9015884399
2015-01-19,101.3600311279
2015-01-20,100.6308135986
2015-01-21,102.8184585571
2015-01-22,102.0892181396
2015-01-23,105.7352600098
2015-01-26,105.7352600098
2015-01-27,107.1936798096
2015-01-28,106.8290939331
2015-01-29,104.6414718628
2015-01-30,102.8184585571
2015-02-02,103.9122619629
2015-02-03,105.3706665039
2015-02-04,106.464515686
2015-02-05,106.0998687744
2015-02-06,104.2768707275
2015-02-09,103.5476531982
2015-02-10,103.9122619629
2015-02-11,107.9228897095
2015-02-12,108.2875061035
2015-02-13,108.2875061035
2015-02-24,110.1105499268
2015-02-25,112.6627578735
2015-02-26,109.7458953857
2015-03-02,108.6521377563
2015-03-03,109.7458953857
2015-03-04,109.7458953857
2015-03-05,109.3813476562
2015-03-06,108.6521377563
2015-03-09,106.0998687744
2015-03-10,105.0060806274
2015-03-11,106.464515686
2015-03-12,107.9228897095
2015-03-13,108.6521377563
2015-03-16,106.464515686
2015-03-17,108.6521377563
2015-03-18,111.9335861206
2015-03-19,112.2981796265
2015-03-20,112.2981796265
2015-03-23,111.9335861206
2015-03-24,110.4751434326
2015-03-25,110.1105499268
2015-03-26,106.0998687744
2015-03-27,103.9122619629
2015-03-30,103.9122619629
2015-03-31,106.0998687744
2015-04-01,105.0060806274
2015-04-02,107.1936798096
2015-04-07,106.464515686
2015-04-08,104.2768707275
2015-04-09,104.2768707275
2015-04-10,107.1936798096
2015-04-13,107.1936798096
2015-04-14,105.0060806274
2015-04-15,104.2768707275
2015-04-16,107.1936798096
2015-04-17,103.9122619629
2015-04-20,104.2768707275
2015-04-21,103.9122619629
2015-04-22,104.6414718628
2015-04-23,107.1936798096
2015-04-24,111.2043533325
2015-04-27,110.4751434326
2015-04-28,110.4751434326
2015-04-29,108.2875061035
2015-04-30,107.1936798096
2015-05-04,107.5582962036
2015-05-05,107.1936798096
2015-05-06,107.5582962036
2015-05-07,106.8290939331
2015-05-08,106.8290939331
2015-05-11,108.2875061035
2015-05-12,107.5582962036
2015-05-13,107.9228897095
2015-05-14,106.464515686
2015-05-15,106.8290939331
2015-05-18,106.8290939331
2015-05-19,106.8290939331
2015-05-20,106.8290939331
2015-05-21,106.0998687744
2015-05-22,106.0998687744
2015-05-25,107.5582962036
2015-05-26,106.8290939331
2015-05-27,105.7352600098
2015-05-28,107.1936798096
2015-05-29,106.464515686
2015-06-01,105.7352600098
2015-06-02,105.0060806274
2015-06-03,104.2768707275
2015-06-04,102.8184585571
2015-06-05,102.0892181396
2015-06-08,100.9954376221
2015-06-09,101.3600311279
2015-06-10,101.724647522
2015-06-11,104.6414718628
2015-06-12,105.3706665039
2015-06-15,104.2768707275
2015-06-16,103.5476531982
2015-06-17,103.9122619629
2015-06-18,103.5476531982
2015-06-22,103.5476531982
2015-06-23,105.3706665039
2015-06-24,105.7352600098
2015-06-25,106.8290939331
2015-06-26,106.464515686
2015-06-29,104.2072143555
2015-06-30,105.712020874
2015-07-01,106.0881958008
2015-07-02,106.4644241333
2015-07-03,107.216796875
2015-07-06,105.712020874
2015-07-07,105.712020874
2015-07-08,103.8309783936
2015-07-09,102.7024078369
2015-07-10,102.7024078369
2015-07-13,104.2072143555
2015-07-14,104.2072143555
2015-07-15,104.2072143555
2015-07-16,102.7024078369
2015-07-17,105.3358001709
2015-07-20,104.583404541
2015-07-21,105.712020874
2015-07-22,104.583404541
2015-07-23,102.3262176514
2015-07-24,103.0785980225
2015-07-27,100.8214111328
2015-07-28,100.8214111328
2015-07-29,101.9499969482
2015-07-30,104.2072143555
2015-07-31,104.9596099854
2015-08-03,101.1976165771
2015-08-04,102.7024078369
2015-08-05,100.8214111328
2015-08-06,100.8214111328
2015-08-07,100.0690155029
2015-08-10,97.0594100952
2015-08-11,98.1880340576
2015-08-12,96.6832199097
2015-08-13,96.3069992065
2015-08-14,94.8022003174
2015-08-17,93.297416687
2015-08-18,94.8022003174
2015-08-19,94.0498352051
2015-08-20,94.8022003174
2015-08-21,91.0402145386
2015-08-24,86.5258331299
2015-08-25,92.9212112427
2015-08-26,92.1688461304
2015-08-27,93.297416687
2015-08-28,94.0498352051
2015-08-31,97.0594100952
2015-09-01,93.297416687
2015-09-02,94.42603302
2015-09-03,95.5546188354
2015-09-04,94.0498352051
2015-09-07,92.1688461304
2015-09-08,92.5449981689
2015-09-09,97.0594100952
2015-09-10,94.0498352051
2015-09-11,95.9308166504
2015-09-14,95.9308166504
2015-09-15,94.8022003174
2015-09-16,97.4356307983
2015-09-17,98.564201355
2015-09-18,98.9404220581
2015-09-21,97.4356307983
2015-09-22,97.0594100952
2015-09-23,93.6736297607
2015-09-24,95.5546188354
2015-09-25,95.5546188354
2015-09-29,95.5546188354
2015-09-30,97.8118362427
2015-10-01,100.4452133179
2015-10-02,99.3166122437
2015-10-05,99.6928253174
2015-10-06,100.0690155029
2015-10-07,101.5738220215
2015-10-08,102.3262176514
2015-10-12,104.2072143555
2015-10-13,103.4548034668
2015-10-14,102.7024078369
2015-10-15,105.3358001709
2015-10-16,103.4548034668
2015-10-19,103.8309783936
2015-10-20,104.583404541
2015-10-21,104.2072143555
2015-10-22,103.4548034668
2015-10-23,105.3358001709
2015-10-26,105.3358001709
2015-10-27,104.583404541
2015-10-28,103.8309783936
2015-10-29,102.7024078369
2015-10-30,102.7024078369
2015-11-02,103.4548034668
2015-11-03,104.9596099854
2015-11-04,108.7215881348
2015-11-05,107.216796875
2015-11-06,105.3358001709
2015-11-09,106.8406066895
2015-11-10,104.9596099854
2015-11-11,103.4548034668
2015-11-12,104.2072143555
2015-11-13,102.3262176514
2015-11-16,101.5738220215
2015-11-17,104.2072143555
2015-11-18,103.0785980225
2015-11-19,105.712020874
2015-11-20,106.0881958008
2015-11-23,106.0881958008
2015-11-24,104.9596099854
2015-11-25,106.0881958008
2015-11-26,107.216796875
2015-11-27,104.583404541
2015-11-30,104.583404541
2015-12-01,107.216796875
2015-12-02,107.216796875
2015-12-03,107.216796875
2015-12-04,105.712020874
2015-12-07,107.9691848755
2015-12-08,107.216796875
2015-12-09,105.712020874
2015-12-10,106.0881958008
2015-12-11,104.9596099854
2015-12-14,104.583404541
2015-12-15,103.8309783936
2015-12-16,107.9691848755
2015-12-17,109.0978012085
2015-12-18,106.8406066895
2015-12-21,106.4644241333
2015-12-22,106.8406066895
2015-12-23,106.4644241333
2015-12-24,106.8406066895
2015-12-25,107.5929718018
2015-12-28,107.9691848755
2015-12-29,106.8406066895
2015-12-30,107.216796875
2015-12-31,107.5929718018
2016-01-04,104.9596099854
2016-01-05,103.8309783936
2016-01-06,101.9499969482
2016-01-07,100.0690155029
2016-01-08,100.8214111328
2016-01-11,100.0690155029
2016-01-12,100.0690155029
2016-01-13,100.4452133179
2016-01-14,98.9404220581
2016-01-15,103.0785980225
2016-01-18,103.0785980225
2016-01-19,103.8309783936
2016-01-20,101.1976165771
2016-01-21,101.5738220215
2016-01-22,104.2072143555
2016-01-25,104.9596099854
2016-01-26,103.4548034668
2016-01-27,104.9596099854
2016-01-28,105.3358001709
2016-01-29,107.5929718018
2016-02-01,108.345413208
2016-02-02,107.216796875
2016-02-03,109.8501968384
2016-02-15,109.0978012085
2016-02-16,110.9787750244
2016-02-17,111.35496521
2016-02-18,113.6121902466
2016-02-19,113.6121902466
2016-02-22,113.6121902466
2016-02-23,112.4835739136
2016-02-24,111.35496521
2016-02-25,113.2359771729
2016-02-26,112.1073913574
2016-03-01,114.3645477295
2016-03-02,115.1169586182
2016-03-03,115.8694152832
2016-03-04,114.7407531738
2016-03-07,114.3645477295
2016-03-08,114.3645477295
2016-03-09,115.1169586182
2016-03-10,116.2455673218
2016-03-11,116.6217575073
2016-03-14,117.3741836548
2016-03-15,116.2455673218
2016-03-16,117.3741836548
2016-03-17,119.2551422119
2016-03-18,120.0075378418
2016-03-21,120.3837814331
2016-03-22,119.2551422119
2016-03-23,120.0075378418
2016-03-24,119.2551422119
2016-03-25,118.8789749146
2016-03-28,119.6313705444
2016-03-29,119.6313705444
2016-03-30,121.512336731
2016-03-31,121.8885421753
2016-04-01,119.2551422119
2016-04-06,115.4931945801
2016-04-07,116.2455673218
2016-04-08,118.5027542114
2016-04-11,119.2551422119
2016-04-12,119.2551422119
2016-04-13,121.512336731
2016-04-14,121.512336731
2016-04-15,120.0075378418
2016-04-18,118.8789749146
2016-04-19,118.5027542114
2016-04-20,115.8694152832
2016-04-21,118.1265335083
2016-04-22,117.7503890991
2016-04-25,118.5027542114
2016-04-26,118.8789749146
2016-04-27,117.7503890991
2016-04-28,115.1169586182
2016-04-29,112.8597869873
2016-05-03,110.9787750244
2016-05-04,110.6025695801
2016-05-05,110.9787750244
2016-05-06,111.35496521
2016-05-09,110.9787750244
2016-05-10,110.6025695801
2016-05-11,110.6025695801
2016-05-12,109.8501968384
2016-05-13,108.345413208
2016-05-16,108.7215881348
2016-05-17,110.6025695801
2016-05-18,110.6025695801
2016-05-19,110.6025695801
2016-05-20,111.7311782837
2016-05-23,115.8694152832
2016-05-24,113.6121902466
2016-05-25,116.2455673218
2016-05-26,116.6217575073
2016-05-27,117.7503890991
2016-05-30,118.1265335083
2016-05-31,117.7503890991
2016-06-01,119.6313705444
2016-06-02,119.6313705444
2016-06-03,120.7599563599
2016-06-06,121.1361465454
2016-06-07,121.8885421753
2016-06-08,124.5219726562
2016-06-13,121.8885421753
2016-06-14,121.8885421753
2016-06-15,122.6409988403
2016-06-16,120.7599563599
2016-06-17,122.6409988403
2016-06-20,122.6409988403
2016-06-21,124.5219726562
2016-06-22,124.8981933594
2016-06-23,123.3933639526
2016-06-24,119.6313705444
2016-06-27,121.5861206055
2016-06-28,122.7589645386
2016-06-29,124.3227920532
2016-06-30,127.0594863892
2016-07-01,129.7961730957
2016-07-04,129.7961730957
2016-07-05,128.2323150635
2016-07-06,126.2775344849
2016-07-07,128.6232757568
2016-07-08,128.6232757568
2016-07-11,132.9237518311
2016-07-12,133.7056732178
2016-07-13,131.7509307861
2016-07-14,132.1418457031
2016-07-15,132.5327758789
2016-07-18,132.5327758789
2016-07-19,133.3146514893
2016-07-20,132.9237518311
2016-07-21,134.4875488281
2016-07-22,133.7056732178
2016-07-25,134.0966339111
2016-07-26,135.2694854736
2016-07-27,136.8333129883
2016-07-28,138.006149292
2016-07-29,134.8785247803
2016-08-01,138.3970947266
2016-08-02,137.6151428223
2016-08-03,134.8785247803
2016-08-04,136.442276001
2016-08-05,138.3970947266
2016-08-08,139.1789550781
2016-08-09,139.5699462891
2016-08-10,140.351852417
2016-08-11,138.006149292
2016-08-12,138.7880249023
2016-08-15,139.9609069824
2016-08-16,137.2242431641
2016-08-17,138.3970947266
2016-08-18,137.6151428223
2016-08-19,136.442276001
2016-08-22,134.8785247803
2016-08-23,136.8333129883
2016-08-24,135.660446167
2016-08-25,138.006149292
2016-08-26,138.3970947266
2016-08-29,137.6151428223
2016-08-30,136.0513763428
2016-08-31,138.006149292
2016-09-01,136.0513763428
2016-09-02,136.0513763428
2016-09-05,138.3970947266
2016-09-06,139.1789550781
2016-09-07,144.6523284912
2016-09-08,143.088470459
2016-09-09,141.1337585449
2016-09-12,137.2242431641
2016-09-13,137.2242431641
2016-09-14,136.0513763428
2016-09-19,143.088470459
2016-09-20,143.4794311523
2016-09-21,143.8704071045
2016-09-22,144.6523284912
2016-09-23,146.2161254883
2016-09-26,143.4794311523
2016-09-27,143.4794311523
2016-09-28,143.4794311523
2016-09-29,146.2161254883
2016-09-30,143.8704071045
2016-10-03,145.4342041016
2016-10-04,146.2161254883
2016-10-05,145.4342041016
2016-10-06,146.6070404053
2016-10-07,146.9980316162
2016-10-11,146.6070404053
2016-10-12,148.1708679199
2016-10-13,147.3889465332
2016-10-14,146.9980316162
2016-10-17,145.8251953125
2016-10-18,146.2161254883
2016-10-19,148.1708679199
2016-10-20,148.9527893066
2016-10-21,147.3889465332
2016-10-24,149.3436889648
2016-10-25,150.9075622559
2016-10-26,149.7347106934
2016-10-27,147.3889465332
2016-10-28,148.1708679199
2016-10-31,147.3889465332
2016-11-01,148.1708679199
2016-11-02,145.4342041016
2016-11-03,144.2613677979
2016-11-04,144.2613677979
2016-11-07,147.7799377441
2016-11-08,147.3889465332
2016-11-09,142.3065948486
2016-11-10,145.0432434082
2016-11-11,141.9156646729
2016-11-14,141.1337585449
2016-11-15,140.7428131104
2016-11-16,140.7428131104
2016-11-17,141.9156646729
2016-11-18,141.5246734619
2016-11-21,141.5246734619
2016-11-22,143.8704071045
2016-11-23,145.0432434082
2016-11-24,143.088470459
2016-11-25,142.3065948486
2016-11-28,143.8704071045
2016-11-29,142.3065948486
2016-11-30,143.088470459
2016-12-01,143.088470459
2016-12-02,139.1789550781
2016-12-05,139.9609069824
2016-12-06,142.3065948486
2016-12-07,141.9156646729
2016-12-08,145.0432434082
2016-12-09,145.4342041016
2016-12-12,144.6523284912
2016-12-13,145.4342041016
2016-12-14,146.6070404053
2016-12-15,146.2161254883
2016-12-16,144.6523284912
2016-12-19,142.697555542
2016-12-20,142.697555542
2016-12-21,140.7428131104
2016-12-22,139.9609069824
2016-12-23,139.5699462891
2016-12-26,140.351852417
2016-12-27,140.7428131104
2016-12-28,142.3065948486
2016-12-29,140.7428131104
2016-12-30,141.9156646729
2017-01-03,143.088470459
2017-01-04,143.088470459
2017-01-05,143.4794311523
2017-01-06,143.8704071045
2017-01-09,143.8704071045
2017-01-10,143.8704071045
2017-01-11,142.3065948486
2017-01-12,144.2613677979
2017-01-13,141.9156646729
2017-01-16,140.351852417
2017-01-17,141.5246734619
2017-01-18,141.5246734619
2017-01-19,141.1337585449
2017-01-20,141.5246734619
2017-01-23,144.6523284912
2017-01-24,145.0432434082
2017-02-02,144.2613677979
2017-02-03,144.2613677979
2017-02-06,144.2613677979
2017-02-07,144.2613677979
2017-02-08,143.4794311523
2017-02-09,143.8704071045
2017-02-10,145.0432434082
2017-02-13,146.6070404053
2017-02-14,146.6070404053
2017-02-15,147.7799377441
2017-02-16,147.7799377441
2017-02-17,148.1708679199
2017-02-20,148.5618591309
2017-02-21,148.5618591309
2017-02-22,147.3889465332
2017-02-23,147.3889465332
2017-02-24,147.7799377441
2017-03-01,145.4342041016
2017-03-02,145.4342041016
2017-03-03,143.8704071045
2017-03-06,143.4794311523
2017-03-07,145.0432434082
2017-03-08,146.2161254883
2017-03-09,144.2613677979
2017-03-10,143.4794311523
2017-03-13,145.8251953125
2017-03-14,145.4342041016
2017-03-15,145.8251953125
2017-03-16,148.5618591309
2017-03-17,149.7347106934
2017-03-20,149.7347106934
2017-03-21,152.4713745117
2017-03-22,151.2985076904
2017-03-23,151.2985076904
2017-03-24,150.5165710449
2017-03-27,150.9075622559
2017-03-28,152.0804138184
2017-03-29,149.7347106934
2017-03-30,149.7347106934
2017-03-31,147.7799377441
2017-04-05,150.9075622559
2017-04-06,149.7347106934
2017-04-07,149.3436889648
2017-04-10,148.5618591309
2017-04-11,149.3436889648
2017-04-12,149.3436889648
2017-04-13,149.7347106934
2017-04-14,147.7799377441
2017-04-17,146.6070404053
2017-04-18,146.9980316162
2017-04-19,145.8251953125
2017-04-20,146.2161254883
2017-04-21,148.5618591309
2017-04-24,148.5618591309
2017-04-25,150.1256713867
2017-04-26,149.3436889648
2017-04-27,150.9075622559
2017-04-28,152.0804138184
2017-05-02,153.6442108154
2017-05-03,154.8170471191
2017-05-04,154.8170471191
2017-05-05,154.4260864258
2017-05-08,158.3356170654
2017-05-09,159.1175689697
2017-05-10,160.6813659668
2017-05-11,162.2450866699
2017-05-12,161.0723114014
2017-05-15,161.0723114014
2017-05-16,159.8994445801
2017-05-17,159.5084991455
2017-05-18,159.1175689697
2017-05-19,158.7265319824
2017-05-22,160.2903900146
2017-05-23,160.2903900146
2017-05-24,160.6813659668
2017-05-25,161.8542175293
2017-05-26,161.8542175293
2017-05-31,158.7265319824
2017-06-01,161.8542175293
2017-06-02,163.4179992676
2017-06-05,165.7637481689
2017-06-06,164.5909118652
2017-06-07,165.3727722168
2017-06-08,166.5456390381
2017-06-09,165.7637481689
2017-06-12,162.2450866699
2017-06-13,162.6360931396
2017-06-14,161.8542175293
2017-06-15,162.6360931396
2017-06-16,165.3727722168
2017-06-19,166.5456390381
2017-06-20,169.2822875977
2017-06-21,168.5003967285
2017-06-22,170.4551544189
2017-06-23,169.6733093262
2017-06-26,173.7130737305
2017-06-27,170.8852081299
2017-06-28,168.4612426758
2017-06-29,169.6733093262
2017-06-30,168.4612426758
2017-07-03,168.8652954102
2017-07-04,167.2493591309
2017-07-05,168.4612426758
2017-07-06,167.6533355713
2017-07-07,166.4413604736
2017-07-10,166.4413604736
2017-07-11,171.2892150879
2017-07-12,170.077255249
2017-07-13,173.30909729
2017-07-14,172.0971984863
2017-07-17,172.0971984863
2017-07-18,172.9051361084
2017-07-19,173.30909729
2017-07-20,174.1170501709
2017-07-21,172.9051361084
2017-07-24,173.30909729
2017-07-25,172.9051361084
2017-07-26,172.0971984863
2017-07-27,174.1170501709
2017-07-28,172.0971984863
2017-07-31,173.30909729
2017-08-01,171.2892150879
2017-08-02,174.5210571289
2017-08-03,172.501159668
2017-08-04,172.0971984863
2017-08-07,174.5210571289
2017-08-08,175.733001709
2017-08-09,173.30909729
2017-08-10,172.9051361084
2017-08-11,171.6931304932
2017-08-14,170.4812164307
2017-08-15,172.9051361084
2017-08-16,172.0971984863
2017-08-17,172.9051361084
2017-08-18,171.6931304932
2017-08-21,170.8852081299
2017-08-22,173.30909729
2017-08-23,174.1170501709
2017-08-24,175.328994751
2017-08-25,175.733001709
2017-08-28,174.5210571289
2017-08-29,174.5210571289
2017-08-30,175.733001709
2017-08-31,174.9250183105
2017-09-01,174.9250183105
2017-09-04,175.733001709
2017-09-05,176.1370239258
2017-09-06,175.328994751
2017-09-07,175.328994751
2017-09-08,176.1370239258
2017-09-11,175.328994751
2017-09-12,176.9449615479
2017-09-13,176.1370239258
2017-09-14,176.5409698486
2017-09-15,176.5409698486
2017-09-18,177.3489532471
2017-09-19,178.9649047852
2017-09-20,178.9649047852
2017-09-21,178.5608825684
2017-09-22,176.5409698486
2017-09-25,175.328994751
2017-09-26,172.9051361084
2017-09-27,173.7130737305
2017-09-28,172.9051361084
2017-09-29,174.9250183105
2017-10-02,178.1568908691
2017-10-03,179.7728424072
2017-10-05,181.3888092041
2017-10-06,181.3888092041
2017-10-11,188.2565002441
2017-10-12,191.892288208
2017-10-13,191.892288208
2017-10-16,192.2963256836
2017-10-17,190.2764587402
2017-10-18,191.892288208
2017-10-19,193.104309082
2017-10-20,191.892288208
2017-10-23,193.104309082
2017-10-24,192.2963256836
2017-10-25,192.2963256836
2017-10-26,190.6804504395
2017-10-27,193.104309082
2017-10-30,196.3361968994
2017-10-31,196.3361968994
2017-11-01,195.9322357178
2017-11-02,194.7202301025
2017-11-03,193.104309082
2017-11-06,193.5083007812
2017-11-07,197.1441802979
2017-11-08,195.9322357178
2017-11-09,194.7202301025
2017-11-10,194.3162384033
2017-11-13,193.5083007812
2017-11-14,193.9122619629
2017-11-15,191.892288208
2017-11-16,192.2963256836
2017-11-17,195.124206543
2017-11-20,192.700302124
2017-11-21,196.3361968994
2017-11-22,195.5281982422
2017-11-23,195.9322357178
2017-11-24,197.1441802979
2017-11-27,191.4883728027
2017-11-28,189.0644836426
2017-11-29,189.4684295654
2017-11-30,182.6007385254
2017-12-01,186.6405639648
2017-12-04,189.0644836426
2017-12-05,185.4286193848
2017-12-06,183.4086914062
2017-12-07,183.0047149658
2017-12-08,183.4086914062
2017-12-11,183.8126831055
2017-12-12,183.8126831055
2017-12-13,183.4086914062
2017-12-14,186.2366027832
2017-12-15,185.8325958252
2017-12-18,183.4086914062
2017-12-19,181.792755127
2017-12-20,181.3888092041
2017-12-21,181.792755127
2017-12-22,183.8126831055
2017-12-25,184.6206512451
2017-12-26,182.6007385254
2017-12-27,181.792755127
2017-12-28,182.6007385254
2017-12-29,185.4286193848
2018-01-02,187.8525085449
2018-01-03,191.4883728027
2018-01-04,193.5083007812
2018-01-05,193.9122619629
2018-01-08,195.5281982422
2018-01-09,195.5281982422
2018-01-10,191.0844116211
2018-01-11,189.872467041
2018-01-12,191.4883728027
2018-01-15,193.9122619629
2018-01-16,194.3162384033
2018-01-17,195.5281982422
2018-01-18,200.7800292969
2018-01-19,206.4358062744
2018-01-22,211.2835845947
2018-01-23,214.9194641113
2018-01-24,208.4556427002
2018-01-25,208.4556427002
2018-01-26,206.031829834
2018-01-29,208.8596496582
2018-01-30,204.4158630371
2018-01-31,206.031829834
2018-02-01,209.6676635742
2018-02-02,209.6676635742
2018-02-05,204.4158630371
2018-02-06,193.104309082
2018-02-07,193.9122619629
2018-02-08,192.700302124
2018-02-09,187.8525085449
2018-02-12,191.0844116211
2018-02-21,195.9322357178
2018-02-22,193.5083007812
2018-02-23,197.9521484375
2018-02-26,199.1640167236
2018-02-27,198.760055542
2018-03-01,196.3361968994
2018-03-02,193.9122619629
2018-03-05,195.124206543
2018-03-06,201.9919433594
2018-03-07,199.5680541992
2018-03-08,201.5880126953
2018-03-09,202.3959197998
2018-03-12,205.2238006592
2018-03-13,209.263671875
2018-03-14,207.6477203369
2018-03-15,206.031829834
2018-03-16,206.031829834
2018-03-19,206.031829834
2018-03-20,204.4158630371
2018-03-21,204.0118713379
2018-03-22,203.2039031982
2018-03-23,197.9521484375
2018-03-26,196.7401733398
2018-03-27,202.799911499
2018-03-28,197.9521484375
2018-03-29,197.1441802979
2018-03-30,198.760055542
2018-04-02,199.1640167236
2018-04-03,197.1441802979
2018-04-09,197.9521484375
2018-04-10,198.3560943604
2018-04-11,200.3760528564
2018-04-12,197.9521484375
2018-04-13,197.5481719971
2018-04-16,196.7401733398
2018-04-17,192.2963256836
2018-04-18,192.2963256836
2018-04-19,197.5481719971
2018-04-20,185.0246429443
2018-04-23,183.0047149658
2018-04-24,183.4086914062
2018-04-25,181.792755127
2018-04-26,179.3688659668
2018-04-27,180.5808410645
2018-04-30,183.4086914062
2018-05-02,180.1768188477
2018-05-03,178.1568908691
2018-05-04,180.1768188477
2018-05-07,180.5808410645
2018-05-08,184.2166748047
2018-05-09,185.4286193848
2018-05-10,185.4286193848
2018-05-11,188.2565002441
2018-05-14,188.2565002441
2018-05-15,186.2366027832
2018-05-16,186.2366027832
2018-05-17,183.0047149658
2018-05-18,180.5808410645
2018-05-21,185.0246429443
2018-05-22,185.0246429443
2018-05-23,184.6206512451
2018-05-24,185.0246429443
2018-05-25,184.6206512451
2018-05-28,183.4086914062
2018-05-29,181.792755127
2018-05-30,178.5608825684
2018-05-31,180.9848175049
2018-06-01,180.9848175049
2018-06-04,185.0246429443
2018-06-05,185.0246429443
2018-06-06,185.8325958252
2018-06-07,185.8325958252
2018-06-08,183.4086914062
2018-06-11,182.6007385254
2018-06-12,185.0246429443
2018-06-13,187.4485473633
2018-06-14,183.0047149658
2018-06-15,186.6405639648
2018-06-19,181.792755127
2018-06-20,182.6007385254
2018-06-21,183.0047149658
2018-06-22,183.8126831055
2018-06-25,182.5565490723
2018-06-26,179.6255950928
2018-06-27,178.3694763184
2018-06-28,177.5320739746
2018-06-29,181.3004150391
2018-07-02,179.2069091797
2018-07-03,179.6255950928
2018-07-04,180.881729126
2018-07-05,179.6255950928
2018-07-06,181.7191162109
2018-07-09,185.4875183105
2018-07-10,185.90625
2018-07-11,184.2313995361
2018-07-12,184.650100708
2018-07-13,187.9997406006
2018-07-16,187.1623687744
2018-07-17,185.4875183105
2018-07-18,186.7436218262
2018-07-19,187.9997406006
2018-07-20,198.8861083984
2018-07-23,201.8170928955
2018-07-24,201.8170928955
2018-07-25,201.3983764648
2018-07-26,201.8170928955
2018-07-27,204.7480773926
2018-07-30,205.5854492188
2018-07-31,206.0041809082
2018-08-01,207.6790618896
2018-08-02,204.7480773926
2018-08-03,206.8416290283
2018-08-06,205.5854492188
2018-08-07,202.2358093262
2018-08-08,207.2602996826
2018-08-09,206.8416290283
2018-08-10,205.1667785645
2018-08-13,201.3983764648
2018-08-14,203.9106445312
2018-08-15,202.2358093262
2018-08-16,200.142288208
2018-08-17,200.5609893799
2018-08-20,200.5609893799
2018-08-21,201.8170928955
2018-08-22,202.654510498
2018-08-23,204.7480773926
2018-08-24,203.9106445312
2018-08-27,205.1667785645
2018-08-28,208.9351501465
2018-08-29,216.8905944824
2018-08-30,220.6589813232
2018-08-31,214.3783569336
2018-09-03,215.2157592773
2018-09-04,215.6344451904
2018-09-05,221.0776824951
2018-09-06,218.5654296875
2018-09-07,221.0776824951
2018-09-10,221.4963531494
2018-09-11,217.7280273438
2018-09-12,218.1467285156
2018-09-13,213.5409393311
2018-09-14,218.5654296875
2018-09-17,216.0532073975
2018-09-18,213.122253418
2018-09-19,216.0532073975
2018-09-20,217.7280273438
2018-09-21,218.9841766357
2018-09-25,220.6589813232
2018-09-26,220.6589813232
2018-09-27,221.9150848389
2018-09-28,219.8215179443
2018-10-01,220.2402496338
2018-10-02,215.6344451904
2018-10-03,217.7280273438
2018-10-04,212.7034759521
2018-10-05,209.3538513184
2018-10-08,203.9106445312
2018-10-09,204.3293457031
2018-10-11,190.5120239258
2018-10-12,198.4674224854
2018-10-15,193.024230957
2018-10-16,198.4674224854
2018-10-17,199.7235717773
2018-10-18,198.0487365723
2018-10-19,197.630065918
2018-10-22,198.4674224854
2018-10-23,192.6054840088
2018-10-24,192.1868286133
2018-10-25,183.8126678467
2018-10-26,185.0688476562
2018-10-29,186.3249511719
2018-10-30,186.7436218262
2018-10-31,195.9552307129
2018-11-01,197.2113342285
2018-11-02,198.0487365723
2018-11-05,196.7926635742
2018-11-06,196.3739013672
2018-11-07,195.9552307129
2018-11-08,198.0487365723
2018-11-09,193.4429321289
2018-11-12,193.8616790771
2018-11-13,190.5120239258
2018-11-14,191.349395752
2018-11-15,193.4429321289
2018-11-16,189.2559051514
2018-11-19,185.90625
2018-11-20,182.5565490723
2018-11-21,183.393951416
2018-11-22,183.393951416
2018-11-23,182.9752807617
2018-11-26,186.7436218262
2018-11-27,187.5810852051
2018-11-28,189.6745605469
2018-11-29,191.7681274414
2018-11-30,188.8371887207
2018-12-03,196.7926635742
2018-12-04,195.9552307129
2018-12-05,189.2559051514
2018-12-06,184.2313995361
2018-12-07,185.0688476562
2018-12-10,183.393951416
2018-12-11,186.3249511719
2018-12-12,189.6745605469
2018-12-13,189.2559051514
2018-12-14,186.3249511719
2018-12-17,187.1623687744
2018-12-18,186.3249511719
2018-12-19,188.8371887207
2018-12-20,185.0688476562
2018-12-21,187.1623687744
2018-12-24,184.2313995361
2018-12-25,182.1378326416
2018-12-26,181.3004150391
2018-12-27,186.7436218262
2018-12-28,188.8371887207
2019-01-02,183.8126678467
2019-01-03,180.4629974365
2019-01-04,174.1824035645
2019-01-07,178.3694763184
2019-01-08,176.6946563721
2019-01-09,180.4629974365
2019-01-10,180.881729126
2019-01-11,184.650100708
2019-01-14,182.9752807617
2019-01-15,185.0688476562
2019-01-16,182.1378326416
2019-01-17,184.650100708
2019-01-18,182.9752807617
2019-01-21,185.0688476562
2019-01-22,186.7436218262
2019-01-23,184.650100708
2019-01-24,186.3249511719
2019-01-25,189.2559051514
2019-01-28,191.7681274414
2019-01-29,186.3249511719
2019-01-30,185.0688476562
2019-02-11,190.9307403564
2019-02-12,192.6054840088
2019-02-13,191.7681274414
2019-02-14,190.0933074951
2019-02-15,190.0933074951
2019-02-18,192.6054840088
2019-02-19,191.7681274414
2019-02-20,196.3739013672
2019-02-21,198.0487365723
2019-02-22,198.0487365723
2019-02-25,199.3048095703
2019-02-26,200.5609893799
2019-02-27,200.142288208
2019-03-04,197.2113342285
2019-03-05,195.1177825928
2019-03-06,195.9552307129
2019-03-07,195.9552307129
2019-03-08,192.6054840088
2019-03-11,193.024230957
2019-03-12,197.2113342285
2019-03-13,198.4674224854
2019-03-14,196.3739013672
2019-03-15,200.142288208
2019-03-18,201.8170928955
2019-03-19,201.3983764648
2019-03-20,202.654510498
2019-03-21,205.5854492188
2019-03-22,208.0977020264
2019-03-25,202.2358093262
2019-03-26,204.3293457031
2019-03-27,202.2358093262
2019-03-28,202.654510498
2019-03-29,205.5854492188
2019-04-01,205.5854492188
2019-04-02,206.0041809082
2019-04-03,206.4228973389
2019-04-08,211.8660736084
2019-04-09,212.7034759521
2019-04-10,212.7034759521
2019-04-11,211.0286712646
2019-04-12,211.0286712646
2019-04-15,213.9596405029
2019-04-16,215.2157592773
2019-04-17,218.9841766357
2019-04-18,221.4963531494
2019-04-19,221.4963531494
2019-04-22,222.7525024414
2019-04-23,224.4273529053
2019-04-24,225.2647247314
2019-04-25,224.0086669922
2019-04-26,217.7280273438
2019-04-29,217.3092803955
2019-04-30,216.8905944824
2019-05-02,216.8905944824
2019-05-03,221.9150848389
2019-05-06,216.8905944824
2019-05-07,219.8215179443
2019-05-08,217.7280273438
2019-05-09,214.7970733643
2019-05-10,214.3783569336
2019-05-13,209.7725524902
2019-05-14,208.0977020264
2019-05-15,208.5164489746
2019-05-16,206.8416290283
2019-05-17,202.2358093262
2019-05-20,199.3048095703
2019-05-21,195.9552307129
2019-05-22,199.3048095703
2019-05-23,192.6054840088
2019-05-24,195.1177825928
2019-05-27,193.4429321289
2019-05-28,193.024230957
2019-05-29,192.1868286133
2019-05-30,193.4429321289
2019-05-31,197.2113342285
2019-06-03,199.3048095703
2019-06-04,195.1177825928
2019-06-05,196.7926635742
2019-06-06,194.2803649902
2019-06-10,200.9797058105
2019-06-11,204.7480773926
2019-06-12,206.0041809082
2019-06-13,200.9797058105
2019-06-14,197.630065918
2019-06-17,195.1177825928
2019-06-18,197.2113342285
2019-06-19,204.3293457031
2019-06-20,205.1667785645
2019-06-21,208.0977020264
2019-06-24,208.5303497314
2019-06-25,206.3671722412
2019-06-26,202.9060821533
2019-06-27,208.0977020264
2019-06-28,206.7998504639
2019-07-01,215.0198974609
2019-07-02,215.452545166
2019-07-03,209.8282928467
2019-07-04,211.1261749268
2019-07-05,210.2609100342
2019-07-08,209.8282928467
2019-07-09,209.3956298828
2019-07-10,213.7220153809
2019-07-11,216.3178100586
2019-07-12,216.7504272461
2019-07-15,220.2115478516
2019-07-16,221.5094299316
2019-07-17,218.0483398438
2019-07-18,219.7789001465
2019-07-19,224.1052703857
2019-07-22,228.4316558838
2019-07-23,228.4316558838
2019-07-24,229.2969055176
2019-07-25,229.2969055176
2019-07-26,225.8357849121
2019-07-29,225.8357849121
2019-07-30,224.9705352783
2019-07-31,224.5378723145
2019-08-01,221.9420928955
2019-08-02,217.6156768799
2019-08-05,213.2893676758
2019-08-06,215.0198974609
2019-08-07,214.5872497559
2019-08-08,219.3462677002
2019-08-12,217.1830749512
2019-08-13,213.2893676758
2019-08-14,215.8852081299
2019-08-15,214.5872497559
2019-08-16,216.3178100586
2019-08-19,218.0483398438
2019-08-20,220.2115478516
2019-08-21,220.2115478516
2019-08-22,219.7789001465
2019-08-23,219.7789001465
2019-08-26,215.0198974609
2019-08-27,216.3178100586
2019-08-28,218.0483398438
2019-08-29,219.7789001465
2019-08-30,224.1052703857
2019-09-02,222.8073425293
2019-09-03,219.7789001465
2019-09-04,222.8073425293
2019-09-05,227.5663452148
2019-09-06,227.9989624023
2019-09-10,226.2684631348
2019-09-11,227.5663452148
2019-09-12,227.1336975098
2019-09-16,229.7295074463
2019-09-17,229.2969055176
2019-09-18,231.0274200439
2019-09-19,231.0274200439
2019-09-20,230.1556243896
2019-09-23,230.1556243896
2019-09-24,231.0274200439
2019-09-25,231.899230957
2019-09-26,233.6428070068
2019-09-27,237.1299743652
2019-10-01,244.1044311523
2019-10-02,243.6685638428
2019-10-03,241.0531005859
2019-10-04,241.0531005859
2019-10-07,242.3608551025
2019-10-08,249.7711334229
2019-10-09,245.8480377197
2019-10-14,252.8224487305
2019-10-15,255.8737182617
2019-10-16,258.4891357422
2019-10-17,255.8737182617
2019-10-18,255.4378509521
2019-10-21,252.8224487305
2019-10-22,256.3096313477
2019-10-23,255.4378509521
2019-10-24,255.4378509521
2019-10-25,255.8737182617
2019-10-28,256.7456054688
2019-10-29,260.2327270508
2019-10-30,261.1045837402
2019-10-31,260.2327270508
2019-11-01,260.6687316895
2019-11-04,267.6432189941
2019-11-05,270.6943969727
2019-11-06,271.1303405762
2019-11-07,269.3866882324
2019-11-08,266.335357666
2019-11-11,262.4121704102
2019-11-12,265.8995361328
2019-11-13,265.0276489258
2019-11-14,264.5918273926
2019-11-15,267.6432189941
2019-11-18,271.1303405762
2019-11-19,274.6175537109
2019-11-20,273.3098754883
2019-11-21,271.1303405762
2019-11-22,269.3866882324
2019-11-25,267.6432189941
2019-11-26,267.6432189941
2019-11-27,271.1303405762
2019-11-28,269.8225708008
2019-11-29,265.8995361328
2019-12-02,268.0791015625
2019-12-03,267.6432189941
2019-12-04,266.7712097168
2019-12-05,272.0021362305
2019-12-06,272.8739013672
2019-12-09,275.4893188477
2019-12-10,273.3098754883
2019-12-11,278.1047058105
2019-12-12,289.0022583008
2019-12-13,295.5407104492
2019-12-16,292.9253234863
2019-12-17,300.771484375
2019-12-18,300.3355712891
2019-12-19,294.1883544922
2019-12-20,288.9193725586
2019-12-23,293.3103942871
2019-12-24,291.5539550781
2019-12-25,292.4320068359
2019-12-26,292.4320068359
2019-12-27,296.8229370117
2019-12-30,293.7493896484
2019-12-31,290.6756896973
2020-01-02,297.7011413574
2020-01-03,298.1401977539
2020-01-06,291.5539550781
2020-01-07,289.3584594727
2020-01-08,289.3584594727
2020-01-09,296.3839111328
2020-01-10,298.1401977539
2020-01-13,299.8966369629
2020-01-14,303.8483581543
2020-01-15,298.5792541504
2020-01-16,293.7493896484
2020-01-17,292.4320068359
2020-01-20,292.4320068359
2020-01-30,277.9422607422
2020-01-31,281.0157775879
2020-02-03,276.625
2020-02-04,285.4066467285
2020-02-05,287.6020507812
2020-02-06,291.9930114746
2020-02-07,288.041229248
2020-02-10,287.6020507812
2020-02-11,291.1148376465
2020-02-12,294.1883544922
2020-02-13,294.1883544922
2020-02-14,294.1883544922
2020-02-17,291.1148376465
2020-02-18,282.7721252441
2020-02-19,286.7239990234
2020-02-20,285.845703125
2020-02-21,285.4066467285
2020-02-24,281.0157775879
2020-02-25,282.7721252441
2020-02-26,279.6985168457
2020-02-27,277.503112793
2020-03-02,273.1122131348
2020-03-03,278.8204040527
2020-03-04,281.4548950195
2020-03-05,283.6503601074
2020-03-06,276.625
2020-03-09,268.2822875977
2020-03-10,269.5995483398
2020-03-11,265.2086791992
2020-03-12,258.1832275391
2020-03-13,254.6705780029
2020-03-16,242.8151397705
2020-03-17,235.350692749
2020-03-18,228.3253173828
2020-03-19,219.9017028809
2020-03-20,239.4091033936
2020-03-23,226.108581543
2020-03-24,237.1923675537
2020-03-25,245.6159820557
2020-03-26,248.2760467529
2020-03-27,242.0692138672
2020-03-30,237.1923675537
2020-03-31,242.9558563232
2020-04-01,240.7391052246
2020-04-06,244.285949707
2020-04-07,250.9362640381
2020-04-08,252.7096099854
2020-04-09,250.9362640381
2020-04-10,247.8327178955
2020-04-13,246.9460296631
2020-04-14,252.7096099854
2020-04-15,254.926361084
2020-04-16,254.039642334
2020-04-17,271.7735900879
2020-04-20,269.5568237305
2020-04-21,261.5765991211
2020-04-22,260.6898193359
2020-04-23,262.0199890137
2020-04-24,260.6898193359
2020-04-27,264.2367553711
2020-04-28,262.9066162109
2020-04-29,265.1234130859
2020-04-30,270.0001831055
2020-05-04,261.5765991211
2020-05-05,262.0199890137
2020-05-06,262.4632873535
2020-05-07,263.7933349609
2020-05-08,263.7933349609
2020-05-11,266.8967590332
2020-05-12,261.5765991211
2020-05-13,263.3499755859
2020-05-14,259.8032226562
2020-05-15,264.2367553711
2020-05-18,257.1430969238
2020-05-19,258.4731445312
2020-05-20,260.6898193359
2020-05-21,263.7933349609
2020-05-22,258.916595459
2020-05-25,258.916595459
2020-05-26,262.0199890137
2020-05-27,262.9066162109
2020-05-28,260.6898193359
2020-05-29,258.916595459
2020-06-01,262.0199890137
2020-06-02,262.9066162109
2020-06-03,266.8967590332
2020-06-04,271.3302612305
2020-06-05,276.2071533203
2020-06-08,281.970703125
2020-06-09,282.8573913574
2020-06-10,285.9608459473
2020-06-11,284.1874084473
2020-06-12,280.1972961426
2020-06-15,274.4337158203
2020-06-16,279.3106689453
2020-06-17,279.3106689453
2020-06-18,281.0982055664
2020-06-19,281.0982055664
2020-06-22,278.8637084961
2020-06-23,281.545135498
2020-06-24,283.7796936035
2020-06-29,278.8637084961
2020-06-30,279.7575378418
2020-07-01,283.7796936035
2020-07-02,287.8016662598
2020-07-03,294.5051269531
2020-07-06,302.1024475098
2020-07-07,302.5492858887
2020-07-08,304.7837524414
2020-07-09,308.3589477539
2020-07-10,311.4871826172
2020-07-13,316.8499450684
2020-07-14,324.8941650391
2020-07-15,324.4470825195
2020-07-16,319.5313415527
2020-07-17,328.0223388672
2020-07-20,327.1285705566
2020-07-21,342.3230895996
2020-07-22,343.2168884277
2020-07-23,340.9823913574
2020-07-24,345.004486084
2020-07-27,379.4154663086
2020-07-28,388.8002929688
2020-07-29,377.1810302734
2020-07-30,387.9065551758
2020-07-31,380.3092651367
2020-08-03,371.8182983398
2020-08-04,380.3092651367
2020-08-05,383.4376220703
2020-08-06,388.8002929688
2020-08-07,387.0127258301
2020-08-10,389.2472839355
2020-08-11,383.4376220703
2020-08-12,374.4996337891
2020-08-13,383.4376220703
2020-08-14,381.6500854492
2020-08-17,388.8002929688
2020-08-18,387.0127258301
2020-08-19,382.0968933105
2020-08-20,370.9244689941
2020-08-21,379.4154663086
2020-08-24,382.5437927246
2020-08-25,388.3534851074
2020-08-26,395.0569763184
2020-08-27,396.8444824219
2020-08-28,388.8002929688
2020-08-31,381.203125
2020-09-01,388.8002929688
2020-09-02,387.0127258301
2020-09-03,389.694152832
2020-09-04,383.4376220703
2020-09-07,380.7562561035
2020-09-08,385.2252807617
2020-09-09,381.6500854492
2020-09-10,388.8002929688
2020-09-11,390.1410522461
2020-09-14,394.1630859375
2020-09-15,397.73828125
2020-09-16,409.3576660156
2020-09-17,403.0667724609
2020-09-18,399.0225524902
2020-09-21,395.4277954102
2020-09-22,392.7317199707
2020-09-23,389.5862731934
2020-09-24,380.1498718262
2020-09-25,381.0486450195
2020-09-28,387.788848877
2020-09-29,387.3395690918
2020-09-30,389.1368408203
2020-10-05,388.6875610352
2020-10-06,394.978515625
2020-10-07,398.123840332
2020-10-08,407.1108703613
2020-10-12,413.4017944336
2020-10-13,415.1992797852
2020-10-14,412.5030517578
2020-10-15,407.1108703613
2020-10-16,403.5161132812
2020-10-19,411.1550292969
2020-10-20,405.3135375977
2020-10-21,407.1108703613
2020-10-22,408.9083251953
2020-10-23,406.2122497559
2020-10-26,404.4147949219
2020-10-27,401.7187194824
2020-10-28,399.0225524902
2020-10-29,392.7317199707
2020-10-30,388.2382202148
2020-11-02,391.3836669922
2020-11-03,396.3264770508
2020-11-04,404.4147949219
2020-11-05,405.3135375977
2020-11-06,406.661529541
2020-11-09,412.0537414551
2020-11-10,405.3135375977
2020-11-11,410.705657959
2020-11-12,411.6044006348
2020-11-13,415.1992797852
2020-11-16,434.9705505371
2020-11-17,436.3186645508
2020-11-18,446.6536254883
2020-11-19,440.3627624512
2020-11-20,438.5653381348
2020-11-23,446.204284668
2020-11-24,442.1602478027
2020-11-25,437.666595459
2020-11-26,439.4641113281
2020-11-27,439.4641113281
2020-11-30,431.8251037598
2020-12-01,440.3627624512
2020-12-02,448.4511108398
2020-12-03,446.6536254883
2020-12-04,452.0459289551
2020-12-07,461.9315795898
2020-12-08,470.9185180664
2020-12-09,467.3237915039
2020-12-10,460.1342468262
2020-12-11,463.7288818359
2020-12-14,456.5393981934
2020-12-15,452.9445495605
2020-12-16,460.1342468262
2020-12-17,458.7795715332
2020-12-18,460.5856933594
2020-12-21,466.0043029785
2020-12-22,459.6826477051
2020-12-23,459.6826477051
2020-12-24,460.5856933594
2020-12-25,461.4888305664
2020-12-28,465.1012268066
2020-12-29,465.1012268066
2020-12-30,474.1323242188
2020-12-31,478.6479187012
2021-01-04,484.066619873
2021-01-05,489.4851379395
2021-01-06,495.8069152832
2021-01-07,510.2568054199
2021-01-08,523.8033447266
2021-01-11,527.4157104492
2021-01-12,533.7376098633
2021-01-13,546.3811035156
2021-01-14,534.6407470703
2021-01-15,542.7685546875
2021-01-18,548.1872558594
2021-01-19,566.2496337891
2021-01-20,584.311706543
2021-01-21,607.7924804688
2021-01-22,586.117980957
2021-01-25,571.6682128906
2021-01-26,557.2184448242
2021-01-27,555.4121704102
2021-01-28,542.7685546875
2021-01-29,533.7376098633
2021-02-01,551.7997436523
2021-02-02,570.7650756836
2021-02-03,568.9588623047
2021-02-04,566.2496337891
2021-02-05,570.7650756836
2021-02-17,598.7612915039
2021-02-18,596.0521850586
2021-02-19,588.8272094727
2021-02-22,587.0209960938
2021-02-23,578.8930053711
2021-02-24,564.4432983398
2021-02-25,573.4744873047
2021-02-26,547.2842407227
2021-03-02,549.9935302734
2021-03-03,561.7339477539
2021-03-04,542.7685546875
2021-03-05,542.7685546875
2021-03-08,540.059387207
2021-03-09,537.3500366211
2021-03-10,539.1560668945
2021-03-11,549.9935302734
2021-03-12,554.5090332031
2021-03-15,551.7997436523
2021-03-16,553.6058349609
2021-03-17,547.7116699219
2021-03-18,545.8981323242
2021-03-19,535.9232177734
2021-03-22,537.7368164062
2021-03-23,538.6435546875
2021-03-24,522.321105957
2021-03-25,521.4142456055
2021-03-26,535.0163574219
2021-03-29,543.1777954102
2021-03-30,541.3640136719
2021-03-31,532.296081543
2021-04-01,545.8981323242
2021-04-07,553.1525268555
2021-04-08,555.8729248047
2021-04-09,553.1525268555
2021-04-12,548.6187133789
2021-04-13,548.6187133789
2021-04-14,554.9661865234
2021-04-15,561.3138427734
2021-04-16,553.1525268555
2021-04-19,546.8049316406
2021-04-20,545.8981323242
2021-04-21,536.8301391602
2021-04-22,535.9232177734
2021-04-23,545.8981323242
2021-04-26,553.1525268555
2021-04-27,553.1525268555
2021-04-28,545.8981323242
2021-04-29,544.0846557617
2021-05-03,533.2028808594
2021-05-04,535.9232177734
2021-05-05,530.4823608398
2021-05-06,532.296081543
2021-05-07,543.1777954102
2021-05-10,534.1096801758
2021-05-11,517.7869262695
2021-05-12,507.8121643066
2021-05-13,496.0238342285
2021-05-14,505.0917663574
2021-05-17,497.8371887207
2021-05-18,518.6939697266
2021-05-19,514.1597900391
2021-05-20,514.1597900391
2021-05-21,519.6006469727
2021-05-24,515.0667724609
2021-05-25,528.668762207
2021-05-26,530.4823608398
2021-05-27,527.7620239258
2021-05-28,535.0163574219
2021-05-31,541.3640136719
2021-06-01,542.2708129883
2021-06-02,539.5504760742
2021-06-03,540.4573364258
2021-06-04,539.5504760742
2021-06-07,536.8301391602
2021-06-08,534.1096801758
2021-06-09,531.3890380859
2021-06-10,543.1777954102
2021-06-11,545.8981323242
2021-06-15,552.2458496094
2021-06-16,548.6187133789
2021-06-17,551.805480957
2021-06-18,549.0737304688
2021-06-21,530.8625488281
2021-06-22,526.3095092773
2021-06-23,541.7892456055
2021-06-24,537.2363891602
2021-06-25,538.1469726562
2021-06-28,537.2363891602
2021-06-29,541.7892456055
2021-06-30,541.7892456055
2021-07-01,539.9680786133
2021-07-02,535.4153442383
2021-07-05,538.1469726562
2021-07-06,539.0574951172
2021-07-07,540.8786621094
2021-07-08,535.4153442383
2021-07-09,531.7729492188
2021-07-12,539.9680786133
2021-07-13,552.7160644531
2021-07-14,558.1795043945
2021-07-15,559.0900878906
2021-07-16,536.3258666992
2021-07-19,529.9518432617
2021-07-20,529.0411376953
2021-07-21,532.68359375
2021-07-22,538.1469726562
2021-07-23,532.68359375
2021-07-26,528.1306152344
2021-07-27,528.1306152344
2021-07-28,527.2202148438
2021-07-29,530.8625488281
2021-07-30,528.1306152344
2021-08-02,537.2363891602
2021-08-03,540.8786621094
2021-08-04,542.6998291016
2021-08-05,542.6998291016
2021-08-06,538.1469726562
2021-08-09,541.7892456055
2021-08-10,538.1469726562
2021-08-11,537.2363891602
2021-08-12,533.5939941406
2021-08-13,529.0411376953
2021-08-16,531.7729492188
2021-08-17,531.7729492188
2021-08-18,522.6672973633
2021-08-19,509.0087280273
2021-08-20,502.6348571777
2021-08-23,515.3828125
2021-08-24,520.8461303711
2021-08-25,532.68359375
2021-08-26,540.8786621094
2021-08-27,545.4315185547
2021-08-30,550.8950195312
2021-08-31,559.0900878906
2021-09-01,558.1795043945
2021-09-02,552.7160644531
2021-09-03,564.553527832
2021-09-06,574.5697631836
2021-09-07,567.28515625
2021-09-08,563.6430053711
2021-09-09,563.6430053711
2021-09-10,566.3748168945
2021-09-13,560.0006713867
2021-09-14,558.1795043945
2021-09-15,552.7160644531
2021-09-16,548.8286743164
2021-09-17,548.8286743164
2021-09-22,536.0223999023
2021-09-23,537.8520507812
2021-09-24,546.9990234375
2021-09-27,550.6578979492
2021-09-28,543.3402709961
2021-09-29,530.5342407227
2021-09-30,530.5342407227
2021-10-01,525.0460205078
2021-10-04,523.2165527344
2021-10-05,523.2165527344
2021-10-06,522.3018798828
2021-10-07,530.5342407227
2021-10-08,525.9606323242
2021-10-12,525.9606323242
2021-10-13,522.3018798828
2021-10-14,524.1312866211
2021-10-15,548.8286743164
2021-10-18,539.6813964844
2021-10-19,548.8286743164
2021-10-20,546.9990234375
2021-10-21,545.1697998047
2021-10-22,548.8286743164
2021-10-25,542.4254760742
2021-10-26,547.9138183594
2021-10-27,547.9138183594
2021-10-28,544.255065918
2021-10-29,539.6813964844
2021-11-01,539.6813964844
2021-11-02,541.5108032227
2021-11-03,541.5108032227
2021-11-04,536.9373168945
2021-11-05,548.8286743164
2021-11-08,550.6578979492
2021-11-09,558.8904418945
2021-11-10,559.8051147461
2021-11-11,554.3167724609
2021-11-12,552.487487793
2021-11-15,556.1463012695
2021-11-16,557.9757080078
2021-11-17,557.9757080078
2021-11-18,560.7198486328
2021-11-19,565.2934570312
2021-11-22,562.5493164062
2021-11-23,559.8051147461
2021-11-24,551.5726928711
2021-11-25,551.5726928711
2021-11-26,545.1697998047
2021-11-29,542.4254760742
2021-11-30,545.1697998047
2021-12-01,548.8286743164
2021-12-02,562.5493164062
2021-12-03,556.1463012695
2021-12-06,548.8286743164
2021-12-07,555.2315063477
2021-12-08,550.6578979492
2021-12-09,556.1463012695
2021-12-10,553.4022216797
2021-12-13,549.7432250977
2021-12-14,547.9138183594
2021-12-15,548.8286743164
2021-12-16,555.9502563477
2021-12-17,557.7880859375
2021-12-20,549.5177001953
2021-12-21,548.5988769531
2021-12-22,551.3557739258
2021-12-23,556.869140625
2021-12-24,555.0313110352
2021-12-27,556.869140625
2021-12-28,565.1395263672
2021-12-29,566.0584106445
2021-12-30,565.1395263672
2022-01-03,579.8424072266
2022-01-04,602.8154296875
2022-01-05,597.3018188477
2022-01-06,591.7884521484
2022-01-07,582.5991821289
2022-01-10,590.8695678711
2022-01-11,598.220703125
2022-01-12,606.4912719727
2022-01-13,607.4100952148
2022-01-14,617.5183105469
2022-01-17,627.6264648438
2022-01-18,608.328918457
2022-01-19,600.977722168
2022-01-20,598.220703125
2022-01-21,589.0315551758
2022-01-24,600.0587768555
2022-01-25,589.0315551758
2022-01-26,584.4370117188
2022-02-07,583.5180664062
2022-02-08,577.0855102539
2022-02-09,581.6801757812
2022-02-10,596.3831787109
2022-02-11,597.3018188477
2022-02-14,585.3558349609
2022-02-15,581.6801757812
2022-02-16,593.626159668
2022-02-17,592.7072753906
2022-02-18,585.3558349609
2022-02-21,580.7612915039
2022-02-22,576.1666870117
2022-02-23,574.3287963867
2022-02-24,555.0313110352
2022-02-25,555.0313110352
2022-03-01,555.0313110352
2022-03-02,552.2744140625
2022-03-03,553.1932983398
2022-03-04,546.7609863281
2022-03-07,529.3014526367
2022-03-08,517.3553466797
2022-03-09,521.950012207
2022-03-10,539.4096679688
2022-03-11,528.3824462891
2022-03-14,525.6257324219
2022-03-15,512.7608032227
2022-03-16,515.3002319336
2022-03-17,537.4637451172
2022-03-18,536.5401611328
2022-03-21,541.1575927734
2022-03-22,538.3872680664
2022-03-23,544.8515014648
2022-03-24,545.7749633789
2022-03-25,552.2391967773
2022-03-28,539.3106689453
2022-03-29,543.9281616211
2022-03-30,554.0863037109
2022-03-31,551.3159790039
2022-04-01,543.9281616211
2022-04-06,533.7697753906
2022-04-07,522.6882324219
2022-04-08,523.6116333008
2022-04-11,515.3002319336
2022-04-12,514.3767700195
2022-04-13,529.1524047852
2022-04-14,529.1524047852
2022-04-15,518.9943237305
2022-04-18,518.0707397461
2022-04-19,521.7645263672
2022-04-20,526.3821411133
2022-04-21,521.7645263672
2022-04-22,515.3002319336
2022-04-25,505.1420593262
2022-04-26,504.2186279297
2022-04-27,485.7489929199
2022-04-28,490.3664550781
2022-04-29,496.8307495117
2022-05-03,490.3664550781
2022-05-04,493.1368713379
2022-05-05,500.5246887207
2022-05-06,487.5960388184
2022-05-09,480.2081604004
2022-05-10,478.3612060547
2022-05-11,481.1315307617
2022-05-12,466.356048584
2022-05-13,471.8967895508
2022-05-16,480.2081604004
2022-05-17,489.4429931641
2022-05-18,496.8307495117
2022-05-19,482.0550842285
2022-05-20,489.4429931641
2022-05-23,487.5960388184
2022-05-24,480.2081604004
2022-05-25,483.9020690918
2022-05-26,474.6672668457
2022-05-27,489.4429931641
2022-05-30,505.1420593262
2022-05-31,517.147277832
2022-06-01,506.9889221191
2022-06-02,498.6776123047
2022-06-06,498.6776123047
2022-06-07,494.0603027344
2022-06-08,502.371673584
2022-06-09,499.6011352539
2022-06-10,489.4429931641
2022-06-13,476.5141906738
2022-06-14,473.7438354492
2022-06-15,470.0499267578
2022-06-16,471.6747741699
2022-06-17,465.1752929688
2022-06-20,462.3898620605
2022-06-21,468.8892822266
2022-06-22,459.1401062012
2022-06-23,450.7836303711
2022-06-24,451.7121887207
2022-06-27,462.8540649414
2022-06-28,461.9255065918
2022-06-29,455.8903503418
2022-06-30,441.9629821777
2022-07-01,421.0718383789
2022-07-04,408.5371704102
2022-07-05,414.1080932617
2022-07-06,404.3589782715
2022-07-07,424.7858276367
2022-07-08,433.6065673828
2022-07-11,428.9640808105
2022-07-12,417.3579101562
2022-07-13,436.8562011719
2022-07-14,441.0345153809
2022-07-15,457.2831115723
2022-07-18,460.068572998
2022-07-19,455.8903503418
2022-07-20,459.6043395996
2022-07-21,465.1752929688
2022-07-22,467.0322875977
2022-07-25,463.7825622559
2022-07-26,459.6043395996
2022-07-27,466.1037597656
2022-07-28,465.1752929688
2022-07-29,472.6032714844
2022-08-01,467.9607543945
2022-08-02,456.8188781738
2022-08-03,465.1752929688
2022-08-04,464.2468261719
2022-08-05,479.1026611328
2022-08-08,475.3887329102
2022-08-09,473.5317687988
2022-08-10,464.2468261719
2022-08-11,477.2457275391
2022-08-12,480.0310974121
2022-08-15,485.6022033691
2022-08-16,487.459197998
2022-08-17,489.316192627
2022-08-18,482.8166503906
2022-08-19,481.8881835938
2022-08-22,475.3887329102
2022-08-23,467.9607543945
2022-08-24,467.0322875977
2022-08-25,471.6747741699
2022-08-26,475.3887329102
2022-08-29,462.8540649414
2022-08-30,460.5328369141
2022-08-31,468.8892822266
2022-09-01,455.4261169434
2022-09-02,450.3194274902
2022-09-05,451.2479248047
2022-09-06,454.033416748
2022-09-07,438.7132263184
2022-09-08,441.0345153809
2022-09-12,451.7121887207
2022-09-13,457.7474060059
2022-09-14,445.676940918
2022-09-15,444.9765319824
2022-09-16,440.7743530273
2022-09-19,436.1050720215
2022-09-20,444.9765319824
2022-09-21,439.8403930664
2022-09-22,433.7704467773
2022-09-23,424.8988952637
2022-09-26,416.9612426758
2022-09-27,418.3619384766
2022-09-28,409.0235290527
2022-09-29,406.2220153809
2022-09-30,394.0820617676
2022-10-03,389.4128417969
2022-10-04,400.6190490723
2022-10-05,415.5604553223
2022-10-06,421.163482666
2022-10-07,409.0235290527
2022-10-11,374.938293457
2022-10-12,371.202911377
2022-10-13,368.8683166504
2022-10-14,384.7436218262
2022-10-17,370.7360229492
2022-10-18,380.074432373
2022-10-19,369.3352355957
2022-10-20,371.202911377
2022-10-21,363.7320556641
2022-10-24,361.3974914551
2022-10-25,346.4559936523
2022-10-26,351.125213623
2022-10-27,359.9967346191
2022-10-28,354.3937072754
2022-10-31,364.1990661621
2022-11-01,365.5998535156
2022-11-02,368.8683166504
2022-11-03,358.5960083008
2022-11-04,356.728302002
2022-11-07,364.1990661621
2022-11-08,372.6036682129
2022-11-09,389.4128417969
2022-11-10,380.5413208008
2022-11-11,412.2919921875
2022-11-14,415.5604553223
2022-11-15,448.2449951172
2022-11-16,454.7819519043
2022-11-17,452.9142150879
2022-11-18,454.7819519043
2022-11-21,450.1126708984
2022-11-22,458.5173034668
2022-11-23,459.451171875
2022-11-24,463.1864929199
2022-11-25,465.0541992188
2022-11-28,448.7119750977
2022-11-29,454.7819519043
2022-11-30,457.5834655762
2022-12-01,465.5211486816
2022-12-02,459.9180297852
2022-12-05,456.649597168
2022-12-06,446.3773498535
2022-12-07,443.5758361816
2022-12-08,440.3073425293
2022-12-09,449.6457519531
2022-12-12,443.5758361816
2022-12-13,440.3073425293
2022-12-14,448.7119750977
2022-12-15,451.2947692871
2022-12-16,442.3721923828
2022-12-19,438.1457214355
2022-12-20,429.6927185059
2022-12-21,431.1015625
2022-12-22,439.5545654297
2022-12-23,427.3446655273
2022-12-26,428.7535095215
2022-12-27,429.2230529785
2022-12-28,423.5878295898
2022-12-29,418.8916931152
2022-12-30,421.2397766113
2023-01-03,425.4662475586
2023-01-04,422.1789855957
2023-01-05,430.6318969727
2023-01-06,430.6318969727
2023-01-09,451.7643737793
2023-01-10,456.4605102539
2023-01-11,455.0516357422
2023-01-12,456.9300842285
2023-01-13,469.6095581055
2023-01-16,474.3056030273
2023-01-17,472.4272155762
2023-01-30,509.9960021973
2023-01-31,490.2723388672
2023-02-01,497.7861633301
2023-02-02,507.178314209
2023-02-03,509.0567626953
2023-02-06,494.0292358398
2023-02-07,491.2115783691
2023-02-08,507.178314209
2023-02-09,507.178314209
2023-02-10,511.8743286133
2023-02-13,508.1174621582
2023-02-14,511.8743286133
2023-02-15,493.0901184082
2023-02-16,495.907623291
2023-02-17,486.5155029297
2023-02-20,485.5762329102
2023-02-21,484.6370239258
2023-02-22,476.1840820312
2023-02-23,486.5155029297
2023-02-24,479.9409179688
2023-03-01,490.2723388672
2023-03-02,487.4546813965
2023-03-03,484.6370239258
2023-03-06,489.3330993652
2023-03-07,492.1507568359
2023-03-08,489.3330993652
2023-03-09,490.2723388672
2023-03-10,481.8193969727
2023-03-13,484.6370239258
2023-03-14,479.0017089844
2023-03-15,479.9409179688
2023-03-16,476.8717651367
2023-03-17,489.1477050781
2023-03-20,483.4819030762
2023-03-21,488.2033691406
2023-03-22,503.3121643066
2023-03-23,508.033782959
2023-03-24,508.9779663086
2023-03-27,501.4236755371
2023-03-28,495.7579040527
2023-03-29,500.4793701172
2023-03-30,505.2008361816
2023-03-31,503.3121643066
2023-04-06,500.4793701172
2023-04-07,501.4236755371
2023-04-10,499.5349731445
2023-04-11,494.8134460449
2023-04-12,491.0362548828
2023-04-13,481.5932617188
2023-04-14,487.2590637207
2023-04-17,491.0362548828
2023-04-18,486.3146972656
2023-04-19,481.5932617188
2023-04-20,484.4262084961
2023-04-21,482.5375671387
2023-04-24,478.7604064941
2023-04-25,470.2616882324
2023-04-26,464.1237182617
2023-04-27,466.0123291016
2023-04-28,474.0388793945
2023-05-02,473.094543457
2023-05-03,468.3731079102
2023-05-04,470.2616882324
2023-05-05,472.1502990723
2023-05-08,475.927520752
2023-05-09,481.5932617188
2023-05-10,474.983215332
2023-05-11,471.2059631348
2023-05-12,468.3731079102
2023-05-15,467.9009399414
2023-05-16,476.8717651367
2023-05-17,490.0919799805
2023-05-18,500.4793701172
2023-05-19,502.3678894043
2023-05-22,501.4236755371
2023-05-23,500.4793701172
2023-05-24,495.7579040527
2023-05-25,512.7552490234
2023-05-26,534.4742431641
2023-05-29,536.3627319336
2023-05-30,534.4742431641
2023-05-31,526.9197998047
2023-06-01,520.3096923828
2023-06-02,530.6970214844
2023-06-05,524.0867919922
2023-06-06,528.8082885742
2023-06-07,536.3627319336
2023-06-08,527.8640136719
2023-06-09,533.5297851562
2023-06-12,542.0284423828
2023-06-13,559.9703369141
2023-06-14,557.1372680664
2023-06-15,560.6948242188
2023-06-16,558.7974853516
2023-06-19,553.1051025391
2023-06-20,553.1051025391
2023-06-21,551.2076416016
2023-06-26,544.5665283203
2023-06-27,542.6690673828
2023-06-28,544.5665283203
2023-06-29,543.6178588867
2023-06-30,546.464050293
2023-07-03,549.3102416992
2023-07-04,555.0025634766
2023-07-05,552.1563720703
2023-07-06,536.028137207
2023-07-07,536.028137207
2023-07-10,536.028137207
2023-07-11,547.4127197266
2023-07-12,548.3613891602
2023-07-13,555.0025634766
2023-07-14,560.6948242188
2023-07-17,560.6948242188
2023-07-18,551.2076416016
2023-07-19,551.2076416016
2023-07-20,549.3102416992
2023-07-21,531.2844238281
2023-07-24,529.3870849609
2023-07-25,539.8228759766
2023-07-26,536.9769287109
2023-07-27,539.8228759766
2023-07-28,537.9255371094
2023-07-31,536.028137207
2023-08-01,537.9255371094
2023-08-02,532.233215332
2023-08-04,525.5921630859
2023-08-07,529.3870849609
2023-08-08,523.6947631836
2023-08-09,525.5921630859
2023-08-10,522.7460327148
2023-08-11,518.0024414062
2023-08-14,513.2587280273
2023-08-15,514.2075805664
2023-08-16,514.2075805664
2023-08-17,516.1048583984
2023-08-18,511.3612670898
2023-08-21,509.4638977051
2023-08-22,513.2587280273
2023-08-23,523.6947631836
2023-08-24,535.0793457031
2023-08-25,518.0024414062
2023-08-28,520.8485107422
2023-08-29,523.6947631836
2023-08-30,526.5408325195
2023-08-31,520.8485107422
2023-09-01,519.8999023438
2023-09-04,528.4383544922
2023-09-05,523.6947631836
2023-09-06,521.7972412109
2023-09-07,514.2075805664
2023-09-08,511.3612670898
2023-09-11,508.5151367188
2023-09-12,516.1048583984
2023-09-13,513.2587280273
2023-09-14,524.7069091797
2023-09-15,532.339050293
2023-09-18,515.166809082
2023-09-19,513.2587890625
2023-09-20,510.3967590332
2023-09-21,502.7646484375
2023-09-22,497.9945373535
2023-09-25,500.856628418
2023-09-26,495.1325378418
2023-09-27,497.9945373535
2023-09-28,498.9485473633
2023-10-02,508.4887084961
2023-10-03,504.6726074219
2023-10-04,496.0864868164
2023-10-05,503.7186279297
2023-10-06,507.5346984863
2023-10-11,518.9828491211
2023-10-12,524.7069091797
2023-10-13,527.5688476562
2023-10-16,519.9367675781
2023-10-17,525.6610107422
2023-10-18,515.166809082
2023-10-19,520.8909912109
2023-10-20,530.4310302734
2023-10-23,518.9828491211
2023-10-24,518.9828491211
2023-10-25,518.9828491211
2023-10-26,506.5807495117
2023-10-27,508.4887084961
2023-10-30,507.5346984863
2023-10-31,504.6726074219
2023-11-01,503.7186279297
2023-11-02,521.844909668
2023-11-03,523.7528686523
2023-11-06,524.7069091797
2023-11-07,529.4769897461
2023-11-08,530.4310302734
2023-11-09,531.3850097656
2023-11-10,531.3850097656
2023-11-13,544.7412109375
2023-11-14,545.6951293945
2023-11-15,554.2811889648
2023-11-16,556.1893310547
2023-11-17,553.3272094727
2023-11-20,550.4652709961
2023-11-21,558.0972900391
2023-11-22,550.4652709961
2023-11-23,551.4191894531
2023-11-24,548.5571899414
2023-11-27,541.8792114258
2023-11-28,548.5571899414
2023-11-29,547.6030883789
2023-11-30,550.4652709961
2023-12-01,552.3732299805
2023-12-04,547.6030883789
2023-12-05,543.787109375
2023-12-06,543.787109375
2023-12-07,539.9712524414
2023-12-08,543.787109375
2023-12-11,547.6030883789
2023-12-12,551.4191894531
2023-12-13,550.4652709961
2023-12-14,558.1372680664
2023-12-15,561.0142211914
2023-12-18,561.0142211914
2023-12-19,561.0142211914
2023-12-20,561.0142211914
2023-12-21,553.3423461914
2023-12-22,558.1372680664
2023-12-25,557.1782226562
2023-12-26,561.9731445312
2023-12-27,567.7272338867
2023-12-28,568.6860961914
2023-12-29,568.6860961914
2024-01-02,568.6860961914
2024-01-03,554.3012695312
2024-01-04,556.2191772461
2024-01-05,552.3832397461
2024-01-08,559.0963134766
2024-01-09,561.9731445312
2024-01-10,560.0551757812
2024-01-11,561.9731445312
2024-01-12,560.0551757812
2024-01-15,561.9731445312
2024-01-16,556.2191772461
2024-01-17,557.1782226562
2024-01-18,563.8912353516
2024-01-19,600.333190918
2024-01-22,600.333190918
2024-01-23,602.251159668
2024-01-24,601.292175293
2024-01-25,615.6771850586
2024-01-26,617.5952148438
2024-01-29,621.4311523438
2024-01-30,615.6771850586
2024-01-31,602.251159668
2024-02-01,602.251159668
2024-02-02,608.9642333984
2024-02-05,619.5131225586
2024-02-15,668.4221191406
2024-02-16,654.9960327148
2024-02-19,650.2011108398
2024-02-20,658.83203125
2024-02-21,653.078125
2024-02-22,663.6271362305
2024-02-23,668.4221191406
2024-02-26,669.3811035156
2024-02-27,669.3811035156
2024-02-29,661.7091674805
2024-03-01,660.75
2024-03-04,695.2740478516
2024-03-05,700.0689697266
2024-03-06,704.8639526367
2024-03-07,728.8388671875
2024-03-08,751.8549804688
2024-03-11,734.592956543
2024-03-12,738.4290771484
2024-03-13,747.0599365234
2024-03-14,751.8549804688
2024-03-15,722.1258544922
2024-03-18,736.0961914062
2024-03-19,734.1692504883
2024-03-20,730.3153686523
2024-03-21,755.3657836914
2024-03-22,756.3292236328
2024-03-25,751.5117797852
2024-03-26,753.4387817383
2024-03-27,750.5484008789
2024-03-28,740.9135742188
2024-03-29,747.6579589844
2024-04-01,741.8770141602
2024-04-02,761.1466064453
2024-04-03,751.5117797852
2024-04-08,754.4022216797
2024-04-09,789.0874023438
2024-04-10,785.233581543
2024-04-11,790.0509033203
2024-04-12,788.1240234375
2024-04-15,776.5622558594
2024-04-16,759.2196655273
2024-04-17,774.6352539062
2024-04-18,774.6352539062
2024-04-19,722.6075439453
2024-04-22,714.8997192383
2024-04-23,726.4613647461
2024-04-24,754.4022216797
2024-04-25,738.0231323242
2024-04-26,753.4387817383
2024-04-29,765.9639282227
2024-04-30,761.1466064453
2024-05-02,743.8041381836
2024-05-03,751.5117797852
2024-05-06,757.2927246094
2024-05-07,770.7813720703
2024-05-08,772.7083129883
2024-05-09,766.9274902344
2024-05-10,772.7083129883
2024-05-13,789.0874023438
2024-05-14,794.868347168
2024-05-15,808.3569335938
2024-05-16,810.2839355469
2024-05-17,804.503112793
2024-05-20,804.503112793
2024-05-21,810.2839355469
2024-05-22,832.4439697266
2024-05-23,843.0421142578
2024-05-24,835.3342285156
2024-05-27,837.2612304688
2024-05-28,833.4073486328
2024-05-29,825.6995239258
2024-05-30,807.3934936523
2024-05-31,791.0144042969
2024-06-03,815.1013183594
2024-06-04,808.3569335938
2024-06-05,822.8091430664
2024-06-06,861.3482055664
2024-06-07,846.8959350586
2024-06-11,850.7499389648
2024-06-12,875.8002929688
2024-06-13,888.8573608398
2024-06-14,891.758972168
2024-06-17,890.7917480469
2024-06-18,912.0701904297
2024-06-19,948.8237304688
2024-06-20,948.8237304688
2024-06-21,938.1845092773
2024-06-24,909.1685791016
2024-06-25,914.0045166016
2024-06-26,928.5126342773
2024-06-27,928.5126342773
2024-06-28,934.3157958984
2024-07-01,936.2501220703
2024-07-02,928.5126342773
2024-07-03,946.8894042969
2024-07-04,972.0365600586
2024-07-05,972.0365600586
2024-07-08,1001.0526123047
2024-07-09,1005.8885498047
2024-07-10,1010.7245483398
2024-07-11,1044.5766601562
2024-07-12,1005.8885498047
2024-07-15,1005.8885498047
2024-07-16,1020.3965454102
2024-07-17,996.2164916992
2024-07-18,972.0365600586
2024-07-19,938.1845092773
2024-07-22,908.2013549805
2024-07-23,946.8894042969
2024-07-26,893.6934204102
2024-07-29,913.0374755859
2024-07-30,909.1685791016
2024-07-31,903.3653564453
2024-08-01,928.5126342773
2024-08-02,873.3821411133
2024-08-05,788.2685546875
2024-08-06,851.1364746094
2024-08-07,889.8245849609
2024-08-08,866.6116333008
2024-08-09,903.3653564453
2024-08-12,909.1685791016
2024-08-13,910.1357421875
2024-08-14,916.9061889648
2024-08-15,912.0701904297
2024-08-16,937.2173461914
2024-08-19,941.0861816406
2024-08-20,941.0861816406
2024-08-21,926.5781860352
2024-08-22,919.807800293
2024-08-23,917.8734130859
2024-08-26,918.8405761719
2024-08-27,911.1030273438
2024-08-28,932.3814086914
2024-08-29,912.0701904297
2024-08-30,913.0374755859
2024-09-02,916.9061889648
2024-09-03,909.1685791016
2024-09-04,859.8413696289
2024-09-05,872.4149169922
2024-09-06,887.8902587891
2024-09-09,869.5133666992
2024-09-10,874.3493041992
2024-09-11,871.4476318359
2024-09-12,913.2230224609
2024-09-13,920.0235595703
2024-09-16,920.0235595703
2024-09-18,914.1944580078
2024-09-19,932.6532592773
2024-09-20,945.2828369141
2024-09-23,949.1690063477
2024-09-24,958.8840942383
2024-09-25,976.3713378906
2024-09-26,986.0864257812
2024-09-27,971.5137939453
2024-09-30,929.7386474609
2024-10-01,944.3114624023
2024-10-04,949.1690063477
2024-10-07,976.3713378906
2024-10-08,981.2289428711
2024-10-09,990.9440917969
2024-10-11,1015.2318725586
2024-10-14,1015.2318725586
2024-10-15,1039.5197753906
2024-10-16,1015.2318725586
2024-10-17,1005.516784668
2024-10-18,1054.0924072266
2024-10-21,1054.0924072266
2024-10-22,1044.3773193359
2024-10-23,1029.8046875
2024-10-24,1029.8046875
2024-10-25,1034.662109375
2024-10-28,1020.0895385742
2024-10-29,1010.3743286133
2024-10-30,1000.6591186523
2024-11-01,995.8016357422
2024-11-04,1010.3743286133
2024-11-05,1020.0895385742
2024-11-06,1029.8046875
2024-11-07,1034.662109375
2024-11-08,1058.9499511719
2024-11-11,1054.0924072266
2024-11-12,1020.0895385742
2024-11-13,1005.516784668
2024-11-14,1005.516784668
2024-11-15,1005.516784668
2024-11-18,995.8016357422
2024-11-19,1010.3743286133
2024-11-20,995.8016357422
2024-11-21,981.2289428711
2024-11-22,1010.3743286133
2024-11-25,1000.6591186523
2024-11-26,981.2289428711
2024-11-27,971.5137939453
2024-11-28,976.3713378906
2024-11-29,967.627746582
2024-12-02,1005.516784668
2024-12-03,1024.9468994141
2024-12-04,1039.5197753906
2024-12-05,1044.3773193359
2024-12-06,1034.662109375
2024-12-09,1044.3773193359
2024-12-10,1034.662109375
2024-12-11,1015.2318725586
2024-12-12,1033.7612304688
2024-12-13,1038.6373291016
2024-12-16,1058.1424560547
2024-12-17,1048.3898925781
2024-12-18,1058.1424560547
2024-12-19,1043.513671875
2024-12-20,1009.380065918
2024-12-23,1053.2661132812
2024-12-24,1053.2661132812
2024-12-25,1058.1424560547
2024-12-26,1058.1424560547
2024-12-27,1063.0185546875
2024-12-30,1063.0185546875
2024-12-31,1048.3898925781
2025-01-02,1038.6373291016
2025-01-03,1048.3898925781
2025-01-06,1097.1520996094
2025-01-07,1102.0285644531
2025-01-08,1077.6473388672
2025-01-09,1072.7708740234
2025-01-10,1072.7708740234
2025-01-13,1048.3898925781
2025-01-14,1063.0185546875
2025-01-15,1038.6373291016
2025-01-16,1077.6473388672
2025-01-17,1092.2760009766
2025-01-20,1092.2760009766
2025-01-21,1092.2760009766
2025-01-22,1106.9046630859
2025-02-03,1043.513671875
2025-02-04,1067.8947753906
2025-02-05,1082.5235595703
2025-02-06,1087.3999023438
2025-02-07,1097.1520996094
2025-02-10,1077.6473388672
2025-02-11,1082.5235595703
2025-02-12,1072.7708740234
2025-02-13,1063.0185546875
2025-02-14,1033.7612304688
2025-02-17,1058.1424560547
2025-02-18,1072.7708740234
2025-02-19,1063.0185546875
2025-02-20,1053.2661132812
2025-02-21,1067.8947753906
2025-02-24,1048.3898925781
2025-02-25,1028.8848876953
2025-02-26,1033.7612304688
2025-02-27,1014.2562255859
2025-03-03,994.7513427734
2025-03-04,975.2464599609
2025-03-05,994.7513427734
2025-03-06,980.1226196289
2025-03-07,980.1226196289
2025-03-10,973.2959594727
2025-03-11,946.9642944336
2025-03-12,963.5434570312
2025-03-13,941.1128540039
2025-03-14,935.2612915039
2025-03-17,945.989074707
2025-03-18,951.3778686523
2025-03-19,932.7619018555
2025-03-20,965.0949707031
2025-03-21,952.3577880859
2025-03-24,952.3577880859
2025-03-25,969.9940185547
2025-03-26,960.1960449219
2025-03-27,938.6406860352
2025-03-28,932.7619018555
2025-03-31,891.6106567383
2025-04-01,924.9235229492
2025-04-02,922.9639282227
2025-04-07,830.8635253906
2025-04-08,799.5101318359
2025-04-09,769.1365356445
2025-04-10,845.5604248047
2025-04-11,871.0349121094
2025-04-14,847.5200805664
2025-04-15,859.2774658203
2025-04-16,837.7221679688
2025-04-17,829.8837280273
2025-04-18,832.8231201172
2025-04-21,818.1262207031
2025-04-22,799.5101318359
2025-04-23,855.3583374023
2025-04-24,846.5401611328
2025-04-25,870.0552368164
2025-04-28,878.8733520508
2025-04-29,883.772277832
2025-04-30,889.6510620117
2025-05-02,930.8023071289
2025-05-05,919.0447998047
2025-05-06,901.4085083008
2025-05-07,909.246887207
2025-05-08,899.4489746094
2025-05-09,929.8225097656
2025-05-12,937.6608276367
2025-05-13,949.4182739258
2025-05-14,978.8120727539
2025-05-15,972.9333496094
2025-05-16,977.8322753906
2025-05-19,964.1151123047
2025-05-20,958.2365112305
2025-05-21,969.9940185547
2025-05-22,962.1556396484
2025-05-23,964.1151123047
2025-05-26,956.2769165039
2025-05-27,945.499206543
2025-05-28,947.4587402344
2025-05-29,947.4587402344
2025-06-02,926.8831176758
2025-06-03,930.8023071289
2025-06-04,969.9940185547
2025-06-05,977.8322753906
2025-06-06,974.8928833008
2025-06-09,984.6908569336
2025-06-10,1023.8824462891
2025-06-11,1043.4782714844
2025-06-12,1028.2271728516
2025-06-13,1013.4678344727
2025-06-16,1008.5482177734
2025-06-17,1028.2271728516
2025-06-18,1038.0666503906
2025-06-19,1018.3876953125
2025-06-20,1038.0666503906
2025-06-23,1003.6284790039
2025-06-24,1033.1469726562
2025-06-25,1052.8259277344
2025-06-26,1057.7457275391
2025-06-27,1062.6652832031
2025-06-30,1042.9864501953
2025-07-01,1067.5850830078
2025-07-02,1067.5850830078
2025-07-03,1072.5050048828
2025-07-04,1067.5850830078
2025-07-07,1062.6652832031
2025-07-08,1062.6652832031
2025-07-09,1072.5050048828
2025-07-10,1082.3442382812
2025-07-11,1082.3442382812
2025-07-14,1077.4248046875
2025-07-15,1092.1838378906
2025-07-16,1111.8629150391
2025-07-17,1111.8629150391
2025-07-18,1136.4614257812
2025-07-21,1131.5418701172
2025-07-22,1111.8629150391
2025-07-23,1126.6221923828
2025-07-24,1126.6221923828
2025-07-25,1126.6221923828
2025-07-28,1126.6221923828
2025-07-29,1116.7825927734
2025-07-30,1136.4614257812
2025-07-31,1141.3813476562
2025-08-04,1116.7825927734
2025-08-05,1131.5418701172
2025-08-06,1106.9429931641
2025-08-07,1161.0603027344
2025-08-08,1156.1405029297
2025-08-11,1161.0603027344
2025-08-12,1161.0603027344
2025-08-13,1180.7392578125
2025-08-14,1156.1405029297
2025-08-15,1161.0603027344
2025-08-18,1161.0603027344
2025-08-19,1165.9802246094
2025-08-20,1116.7825927734
2025-08-21,1131.5418701172
2025-08-22,1116.7825927734
2025-08-25,1151.2208251953
2025-08-26,1156.1405029297
2025-08-27,1170.8999023438
2025-08-28,1141.3813476562
2025-08-29,1141.3813476562
2025-09-01,1146.3011474609
2025-09-02,1141.3813476562
2025-09-03,1141.3813476562
2025-09-04,1141.3813476562
2025-09-05,1161.0603027344
2025-09-08,1161.0603027344
2025-09-09,1180.7392578125
2025-09-10,1205.3380126953
2025-09-11,1220.0975341797
2025-09-12,1239.7763671875
2025-09-15,1234.8565673828
2025-09-16,1264.4931640625
2025-09-17,1249.6749267578
2025-09-18,1269.4326171875
2025-09-19,1249.6749267578
2025-09-22,1279.3114013672
2025-09-23,1323.7662353516
2025-09-24,1323.7662353516
2025-09-25,1304.0085449219
2025-09-26,1284.2507324219
2025-09-30,1289.1903076172
2025-10-01,1308.9479980469
2025-10-02,1348.4635009766
2025-10-03,1383.0394287109
2025-10-07,1417.6153564453
2025-10-08,1397.8577880859
2025-10-09,1422.5549316406
2025-10-13,1397.8577880859
2025-10-14,1407.7364501953
2025-10-15,1447.2518310547
2025-10-16,1467.0096435547
2025-10-17,1432.43359375
2025-10-20,1462.0701904297
2025-10-21,1462.0701904297
2025-10-22,1442.3126220703
2025-10-23,1432.43359375
2025-10-27,1462.0701904297
2025-10-28,1457.1307373047
2025-10-29,1486.7673339844
2025-10-30,1486.7673339844
2025-10-31,1481.8278808594
2025-11-03,1491.7069091797
2025-11-04,1486.7673339844
2025-11-05,1442.3126220703
2025-11-06,1447.2518310547
2025-11-07,1442.3126220703
2025-11-10,1457.1307373047
2025-11-11,1447.2518310547
2025-11-12,1457.1307373047
2025-11-13,1442.3126220703
2025-11-14,1412.6759033203
2025-11-17,1427.494140625
2025-11-18,1387.9788818359
2025-11-19,1378.0998535156
2025-11-20,1437.3731689453
2025-11-21,1368.2211914062
2025-11-24,1358.3422851562
2025-11-25,1397.8577880859
2025-11-26,1422.5549316406
2025-11-27,1417.6153564453
2025-11-28,1422.5549316406
2025-12-01,1392.9182128906
2025-12-02,1412.6759033203
2025-12-03,1432.43359375
2025-12-04,1427.494140625
2025-12-05,1442.3126220703
2025-12-08,1476.8885498047
2025-12-09,1462.0701904297
2025-12-10,1486.7673339844
2025-12-11,1457.0319824219
2025-12-12,1466.9438476562
2025-12-15,1437.2083740234
2025-12-16,1422.3406982422
2025-12-17,1417.3848876953
2025-12-18,1417.3848876953
2025-12-19,1417.3848876953
2025-12-22,1452.0759277344
2025-12-23,1476.85546875
2025-12-24,1481.8114013672
2025-12-26,1496.6791992188
2025-12-29,1516.5026855469
2025-12-30,1506.5908203125
2025-12-31,1536.3262939453
2026-01-02,1571.0174560547
2026-01-05,1655.267578125
2026-01-06,1689.9588623047
2026-01-07,1660.2235107422
2026-01-08,1670.1353759766
2026-01-09,1665.1793212891
2026-01-12,1675.0910644531
2026-01-13,1694.9147949219
2026-01-14,1694.9147949219
2026-01-15,1675.0910644531
2026-01-16,1724.6500244141
2026-01-19,1744.4735107422
2026-01-20,1759.3413085938
2026-01-21,1724.6500244141
2026-01-22,1744.4735107422
2026-01-23,1754.3853759766
2026-01-26,1739.5178222656
2026-01-27,1764.2972412109
2026-01-28,1803.9443359375
2026-01-29,1789.0767822266
2026-01-30,1759.3413085938
2026-02-02,1749.4295654297
2026-02-03,1784.1207275391
2026-02-04,1769.2530517578
2026-02-05,1749.4295654297
2026-02-06,1764.2972412109
2026-02-09,1798.9884033203
2026-02-10,1863.4150390625
2026-02-11,1898.1063232422
2026-02-23,1883.2386474609
2026-02-24,1947.6651611328
2026-02-25,1997.2239990234
2026-02-26,1977.4006347656
2026-03-02,1957.5770263672
2026-03-03,1917.9298095703
2026-03-04,1848.5473632812
2026-03-05,1883.2386474609
2026-03-06,1873.3267822266
2026-03-09,1794.0324707031
2026-03-10,1833.6796875
2026-03-11,1922.8857421875
2026-03-12,1868.3709716797
2026-03-13,1848.5473632812
2026-03-16,1828.7238769531
2026-03-17,1859.5505371094
2026-03-18,1894.3549804688
2026-03-19,1839.6623535156
2026-03-20,1829.7182617188
2026-03-23,1799.8858642578
2026-03-24,1799.8858642578
2026-03-25,1834.6903076172
2026-03-26,1829.7182617188
2026-03-27,1809.8299560547
2026-03-30,1770.0535888672
2026-03-31,1750.1652832031
2026-04-01,1844.6343994141
2026-04-02,1799.8858642578
2026-04-07,1849.6064453125
2026-04-08,1939.103515625
2026-04-09,1944.0755615234
2026-04-10,1988.8240966797
2026-04-13,1978.8800048828
2026-04-14,2043.5168457031
2026-04-15,2068.376953125
2026-04-16,2073.3491210938
2026-04-17,2018.6564941406
2026-04-20,2013.6844482422
2026-04-21,2038.5446777344
2026-04-22,2038.5446777344
2026-04-23,2068.376953125
2026-04-24,2172.7902832031
2026-04-27,2252.3432617188
2026-04-28,2202.6228027344
2026-04-29,2167.8181152344
2026-04-30,2123.0698242188
2026-05-04,2262.2873535156
2026-05-05,2237.4272460938
2026-05-06,2237.4272460938
2026-05-07,2297.0920410156
2026-05-08,2277.2036132812
2026-05-11,2222.5109863281
2026-05-12,2242.3991699219
2026-05-13,2207.5947265625
2026-05-14,2257.3154296875
2026-05-15,2252.3432617188
2026-05-18,2227.4831542969
2026-05-19,2192.6787109375
2026-05-20,2172.7902832031
2026-05-21,2217.5388183594
2026-05-22,2242.3991699219
2026-05-25,2297.0920410156
2026-05-26,2257.3154296875
2026-05-27,2287.1479492188
2026-05-28,2282.17578125
2026-05-29,2341.8403320312
2026-06-01,2341.8403320312
2026-06-02,2366.7006835938
2026-06-03,2411.44921875
2026-06-04,2371.6726074219
2026-06-05,2351.7844238281
2026-06-08,2282.17578125
2026-06-09,2292.1198730469
2026-06-10,2242.3991699219
2026-06-11,2243.3962402344
2026-06-12,2303.2202148438
2026-06-15,2368.029296875
2026-06-16,2392.9560546875
2026-06-17,2378
2026-06-18,2402.9267578125
2026-06-22,2502.6330566406
2026-06-23,2482.6918945312
2026-06-24,2382.9853515625
2026-06-25,2382.9853515625
2026-06-26,2333.1320800781
2026-06-29,2363.0441894531
2026-06-30,2402.9267578125
2026-07-01,2497.6479492188
2026-07-02,2457.7651367188
2026-07-03,2437.8239746094
2026-07-06,2452.7800292969
2026-07-07,2432.8386230469
2026-07-08,2457.7651367188
2026-07-09,2407.912109375
2026-07-10,2407.912109375
2026-07-13,2432.8386230469
2026-07-14,2412.8972167969
2026-07-15,2432.8386230469
2026-07-16,2462.7504882812
2026-07-17,2283.2788085938
2026-07-20,2313.1909179688
2026-07-21,2402.9267578125
2026-07-22,2392.9560546875
2026-07-23,2397.94140625
2026-07-24,2343.1027832031
2026-07-27,2343.1027832031
2026-07-28,2273.3081054688
2026-07-29,2193.54296875
2026-07-30,2198.5283203125
2026-07-31,2417.8825683594
2026-08-03,2363.0441894531
2026-08-04,2313.1909179688
2026-08-05,2397.94140625
2026-08-06,2358.0588378906
2026-08-07,2363.0441894531
2026-08-10,2373.0146484375
2026-08-11,2387.970703125
2026-08-12,2407.912109375
2026-08-13,2427.8532714844
2026-08-14,2387.970703125
2026-08-17,2392.9560546875
2026-08-18,2373.0146484375
2026-08-19,2343.1027832031
2026-08-20,2368.029296875
2026-08-21,2402.9267578125
2026-08-24,2368.029296875
2026-08-25,2392.9560546875
2026-08-26,2407.912109375
2026-08-27,2402.9267578125
2026-08-28,2412.8972167969
2026-08-31,2397.94140625
2026-09-01,2432.8386230469
2026-09-02,2378
2026-09-03,2382.9853515625
2026-09-04,2402.9267578125
2026-09-07,2452.7800292969
2026-09-08,2462.7504882812
2026-09-09,2457.7651367188
2026-09-10,2442.8093261719
2026-09-11,2402.9267578125
2026-09-14,2373.0146484375
2026-09-15,2378
2026-09-16,2380
2026-09-17,2425
2026-09-18,2460
2026-09-21,2480
2026-09-22,2460
2026-09-23,2500
