date,value
2008-06-26,33.7874717712
2008-06-27,33.732963562
2008-06-30,33.760219574
2008-07-01,33.4603691101
2008-07-02,32.9696998596
2008-07-03,33.058303833
2008-07-07,32.9901580811
2008-07-08,33.0514793396
2008-07-09,32.6698570251
2008-07-10,32.6153411865
2008-07-11,32.4722328186
2008-07-14,32.3632011414
2008-07-15,31.8657150269
2008-07-16,32.5199317932
2008-07-17,32.9356307983
2008-07-18,32.9015579224
2008-07-21,33.0037918091
2008-07-22,33.1877822876
2008-07-23,33.4467391968
2008-07-24,32.710735321
2008-07-25,32.8538665771
2008-07-28,32.329120636
2008-07-29,32.6425933838
2008-07-30,33.1877822876
2008-07-31,32.8538665771
2008-08-01,32.6630401611
2008-08-04,32.1860046387
2008-08-05,32.9765205383
2008-08-06,33.194606781
2008-08-07,32.4381561279
2008-08-08,32.867477417
2008-08-11,33.0651283264
2008-08-12,32.6085319519
2008-08-13,32.247341156
2008-08-14,32.3904418945
2008-08-15,32.3632011414
2008-08-18,31.8248348236
2008-08-19,31.5522441864
2008-08-20,31.838470459
2008-08-21,32.0837898254
2008-08-22,32.2541656494
2008-08-25,31.6612796783
2008-08-26,31.8248348236
2008-08-27,31.8657150269
2008-08-28,32.5403747559
2008-08-29,32.247341156
2008-09-02,31.3478012085
2008-09-03,31.4568347931
2008-09-04,30.2983322144
2008-09-05,30.1007041931
2008-09-08,30.952539444
2008-09-09,30.182472229
2008-09-10,30.427822113
2008-09-11,30.4073638916
2008-09-12,30.7481002808
2008-09-15,29.4873790741
2008-09-16,29.9780368805
2008-09-17,28.3561248779
2008-09-18,29.8485641479
2008-09-19,31.6271896362
2008-09-22,30.4823322296
2008-09-23,30.6799564362
2008-09-24,29.7122612
2008-09-25,30.5572834015
2008-09-26,30.8503265381
2008-09-29,28.8944892883
2008-09-30,29.3101978302
2008-10-01,28.8808746338
2008-10-02,27.3271064758
2008-10-03,27.0885906219
2008-10-06,25.7937889099
2008-10-07,24.6080265045
2008-10-08,24.2263946533
2008-10-09,23.0678901672
2008-10-10,22.3387126923
2008-10-13,25.3440189362
2008-10-14,25.8823852539
2008-10-15,22.7407836914
2008-10-16,23.2791519165
2008-10-17,23.0542602539
2008-10-20,24.6693477631
2008-10-21,23.1428489685
2008-10-22,21.4459819794
2008-10-23,21.3982810974
2008-10-24,21.2415390015
2008-10-27,20.0557823181
2008-10-28,21.2619857788
2008-10-29,22.8293704987
2008-10-30,23.0269985199
2008-10-31,23.0269985199
2008-11-03,23.0406341553
2008-11-04,24.2809143066
2008-11-05,23.0065612793
2008-11-06,21.6504173279
2008-11-07,22.7067127228
2008-11-10,22.4954528809
2008-11-11,21.6027240753
2008-11-12,20.6145801544
2008-11-13,22.1547164917
2008-11-14,20.832660675
2008-11-17,20.6554775238
2008-11-18,20.8053970337
2008-11-19,19.428817749
2008-11-20,18.140838623
2008-11-21,19.565120697
2008-11-24,20.5805072784
2008-11-25,20.791759491
2008-11-26,21.2960586548
2008-11-28,21.4596061707
2008-12-01,19.6945991516
2008-12-02,20.6350326538
2008-12-03,21.0507297516
2008-12-04,20.267036438
2008-12-05,20.9144306183
2008-12-08,21.7799053192
2008-12-09,21.4664287567
2008-12-10,21.9025688171
2008-12-11,21.575466156
2008-12-12,21.7730884552
2008-12-15,21.6027240753
2008-12-16,22.7816734314
2008-12-17,22.6726341248
2008-12-18,21.9707221985
2008-12-19,21.8889408112
2008-12-22,21.6504173279
2008-12-23,21.4528045654
2008-12-24,21.5920276642
2008-12-26,21.7772254944
2008-12-29,21.763507843
2008-12-30,22.3328018188
2008-12-31,22.6208744049
2009-01-02,23.2313308716
2009-01-05,23.2999210358
2009-01-06,23.2176132202
2009-01-07,22.7031860352
2009-01-08,22.62774086
2009-01-09,22.0790328979
2009-01-12,21.5165882111
2009-01-13,21.3313941956
2009-01-14,20.5837669373
2009-01-15,20.8238277435
2009-01-16,21.0776100159
2009-01-20,19.5274848938
2009-01-21,20.5769176483
2009-01-22,20.1790885925
2009-01-23,20.2065238953
2009-01-26,20.3437023163
2009-01-27,20.7346572876
2009-01-28,21.3725509644
2009-01-29,20.4603042603
2009-01-30,20.1653690338
2009-02-02,20.1310806274
2009-02-03,20.5288963318
2009-02-04,20.3848590851
2009-02-05,21.2765254974
2009-02-06,21.3999881744
2009-02-09,21.3382587433
2009-02-10,20.3437023163
2009-02-11,20.4877414703
2009-02-12,20.4397315979
2009-02-13,20.364282608
2009-02-17,19.2737007141
2009-02-18,19.1571025848
2009-02-19,19.1022338867
2009-02-20,18.5192165375
2009-02-23,18.2242851257
2009-02-24,18.9376163483
2009-02-25,18.6632518768
2009-02-26,18.5329341888
2009-02-27,18.244852066
2009-03-02,17.3120365143
2009-03-03,17.1679992676
2009-03-04,17.8950500488
2009-03-05,17.1611442566
2009-03-06,17.0994148254
2009-03-09,16.804479599
2009-03-10,17.9979343414
2009-03-11,18.0116500854
2009-03-12,18.6769771576
2009-03-13,19.2051181793
2009-03-16,18.7867221832
2009-03-17,19.3423061371
2009-03-18,19.7949867249
2009-03-19,19.6920986176
2009-03-20,19.33543396
2009-03-23,20.8306903839
2009-03-24,20.233959198
2009-03-25,20.5151748657
2009-03-26,20.864982605
2009-03-27,20.2888259888
2009-03-30,19.4520397186
2009-03-31,19.8567218781
2009-04-01,20.2751216888
2009-04-02,21.1324825287
2009-04-03,21.228515625
2009-04-06,21.0090236664
2009-04-07,20.5288963318
2009-04-08,20.8512611389
2009-04-09,21.5783119202
2009-04-13,21.7086410522
2009-04-14,21.4137058258
2009-04-15,21.6743507385
2009-04-16,21.9281311035
2009-04-17,21.88697052
2009-04-20,20.8855667114
2009-04-21,21.3519611359
2009-04-22,21.228515625
2009-04-23,21.6743507385
2009-04-24,21.9144077301
2009-04-27,21.6674842834
2009-04-28,21.4891548157
2009-04-29,22.0515842438
2009-04-30,22.2504997253
2009-05-01,22.5111312866
2009-05-04,23.3753681183
2009-05-05,23.2381896973
2009-05-06,23.6085720062
2009-05-07,23.3410797119
2009-05-08,24.1710090637
2009-05-11,23.4713916779
2009-05-12,23.6017150879
2009-05-13,22.9158153534
2009-05-14,23.0872879028
2009-05-15,22.9638328552
2009-05-18,23.8554954529
2009-05-19,23.9515285492
2009-05-20,23.9378108978
2009-05-21,23.7183227539
2009-05-22,23.800617218
2009-05-26,24.294462204
2009-05-27,23.8829364777
2009-05-28,24.2670345306
2009-05-29,24.6099815369
2009-06-01,25.3370304108
2009-06-02,25.2958831787
2009-06-03,24.7677402496
2009-06-04,25.0078048706
2009-06-05,24.8843345642
2009-06-08,24.7677402496
2009-06-09,24.9872283936
2009-06-10,24.911775589
2009-06-11,25.2890110016
2009-06-12,25.2204284668
2009-06-15,24.4522209167
2009-06-16,24.1229915619
2009-06-17,24.020111084
2009-06-18,24.0749816895
2009-06-19,24.1435718536
2009-06-22,23.402797699
2009-06-23,23.6565856934
2009-06-24,23.8760738373
2009-06-25,24.3836402893
2009-06-26,24.3973407745
2009-06-29,24.5962600708
2009-06-30,24.1847248077
2009-07-01,24.6168365479
2009-07-02,23.8897914886
2009-07-06,23.8554954529
2009-07-07,23.3753681183
2009-07-08,23.3136367798
2009-07-09,23.5194072723
2009-07-10,23.4096679688
2009-07-13,23.8623485565
2009-07-14,24.020111084
2009-07-15,24.8431854248
2009-07-16,24.9597873688
2009-07-17,25.0146617889
2009-07-20,25.4879283905
2009-07-21,25.4879283905
2009-07-22,25.5633773804
2009-07-23,26.1326694489
2009-07-24,26.2012653351
2009-07-27,26.2972869873
2009-07-28,26.1875476837
2009-07-29,25.9063224792
2009-07-30,26.4344806671
2009-07-31,26.6333770752
2009-08-03,27.2095279694
2009-08-04,27.1203727722
2009-08-05,27.0929374695
2009-08-06,26.9145870209
2009-08-07,27.1066474915
2009-08-10,26.9351730347
2009-08-11,26.6470966339
2009-08-12,26.942029953
2009-08-13,27.2781238556
2009-08-14,26.9969005585
2009-08-17,26.1944065094
2009-08-18,26.5510730743
2009-08-19,26.6608123779
2009-08-20,26.9694671631
2009-08-21,27.518196106
2009-08-24,27.5524806976
2009-08-25,27.6279296875
2009-08-26,27.5387687683
2009-08-27,27.6210765839
2009-08-28,27.6142101288
2009-08-31,27.3467082977
2009-09-01,26.7499885559
2009-09-02,26.797996521
2009-09-03,27.0929374695
2009-09-04,27.4358825684
2009-09-08,27.9365978241
2009-09-09,28.1903629303
2009-09-10,28.4852924347
2009-09-11,28.451002121
2009-09-14,28.5401706696
2009-09-15,28.6636390686
2009-09-16,29.1574783325
2009-09-17,29.1094684601
2009-09-18,29.1231880188
2009-09-21,28.8831214905
2009-09-22,29.2946529388
2009-09-23,28.9242687225
2009-09-24,28.4990196228
2009-09-25,28.430431366
2009-09-28,28.8556880951
2009-09-29,28.8145179749
2009-09-30,28.7802333832
2009-10-01,28.0326080322
2009-10-02,27.8954238892
2009-10-05,28.2795372009
2009-10-06,28.6293449402
2009-10-07,28.7665138245
2009-10-08,29.1643352509
2009-10-09,29.205493927
2009-10-12,29.3563957214
2009-10-13,29.2946529388
2009-10-14,29.9805526733
2009-10-15,30.0148506165
2009-10-16,29.6718997955
2009-10-19,30.0902900696
2009-10-20,29.7816524506
2009-10-21,29.6650371552
2009-10-22,29.9668388367
2009-10-23,29.5553016663
2009-10-26,29.1574783325
2009-10-27,28.9105529785
2009-10-28,28.1011924744
2009-10-29,29.08203125
2009-10-30,28.0531902313
2009-11-02,28.2383708954
2009-11-03,28.3001117706
2009-11-04,28.4852924347
2009-11-05,28.9517059326
2009-11-06,28.9517059326
2009-11-09,29.8159313202
2009-11-10,29.7610797882
2009-11-11,29.9393939972
2009-11-12,29.5072917938
2009-11-13,29.8090858459
2009-11-16,30.2754917145
2009-11-17,30.2069034576
2009-11-18,30.4606800079
2009-11-19,29.713054657
2009-11-20,29.5141448975
2009-11-23,30.0079956055
2009-11-24,29.8433685303
2009-11-25,30.2000389099
2009-11-27,29.4181194305
2009-11-30,29.5484428406
2009-12-01,30.1726074219
2009-12-02,30.2274932861
2009-12-03,30.0216999054
2009-12-04,30.0765762329
2009-12-07,29.9188213348
2009-12-08,29.5209941864
2009-12-09,29.575881958
2009-12-10,29.713054657
2009-12-11,29.7610797882
2009-12-14,29.9942760468
2009-12-15,29.7679405212
2009-12-16,29.9462547302
2009-12-17,29.3563957214
2009-12-18,29.4935646057
2009-12-21,29.6513328552
2009-12-22,29.8227977753
2009-12-23,29.9874286652
2009-12-24,30.1698818207
2009-12-28,30.2395324707
2009-12-29,30.225610733
2009-12-30,30.1629219055
2009-12-31,30.0097026825
2010-01-04,30.7131004333
2010-01-05,30.8036270142
2010-01-06,30.9568576813
2010-01-07,30.8384571075
2010-01-08,31.040435791
2010-01-11,31.137928009
2010-01-12,30.7897090912
2010-01-13,31.0264949799
2010-01-14,31.1100788116
2010-01-15,30.7688217163
2010-01-19,31.1309719086
2010-01-20,30.511138916
2010-01-21,29.8355846405
2010-01-22,29.2227153778
2010-01-25,29.4455757141
2010-01-26,29.2993335724
2010-01-27,29.1948661804
2010-01-28,28.7630729675
2010-01-29,28.4775314331
2010-02-01,29.0555744171
2010-02-02,29.5012893677
2010-02-03,29.250579834
2010-02-04,28.2128696442
2010-02-05,27.969127655
2010-02-08,27.7880439758
2010-02-09,28.3869934082
2010-02-10,28.2337722778
2010-02-11,28.6028709412
2010-02-12,28.4287719727
2010-02-16,29.01379776
2010-02-17,29.1252155304
2010-02-18,29.2923603058
2010-02-19,29.2227153778
2010-02-22,29.250579834
2010-02-23,28.7212848663
2010-02-24,28.9650363922
2010-02-25,28.9023532867
2010-02-26,29.0695114136
2010-03-01,29.3271884918
2010-03-02,29.5779018402
2010-03-03,29.6754055023
2010-03-04,29.7311172485
2010-03-05,30.2604217529
2010-03-08,30.2952327728
2010-03-09,30.2952327728
2010-03-10,30.4345245361
2010-03-11,30.4902496338
2010-03-12,30.5459651947
2010-03-15,30.4206085205
2010-03-16,30.7618598938
2010-03-17,30.8941841125
2010-03-18,30.7757873535
2010-03-19,30.5459651947
2010-03-22,30.6295261383
2010-03-23,30.9011535645
2010-03-24,30.6504364014
2010-03-25,30.5529155731
2010-03-26,30.6713256836
2010-03-29,30.9568576813
2010-03-30,31.0334701538
2010-03-31,31.0056114197
2010-04-01,31.3886642456
2010-04-05,31.6254501343
2010-04-06,31.6324329376
2010-04-07,31.3886642456
2010-04-08,31.4374046326
2010-04-09,31.743850708
2010-04-12,31.8065223694
2010-04-13,31.7786579132
2010-04-14,32.1617126465
2010-04-15,32.1268806458
2010-04-16,31.5000743866
2010-04-19,31.465259552
2010-04-20,31.7020645142
2010-04-21,31.590631485
2010-04-22,31.4931144714
2010-04-23,31.7507953644
2010-04-26,31.6950798035
2010-04-27,30.7131004333
2010-04-28,30.7618598938
2010-04-29,31.2772274017
2010-04-30,30.8663291931
2010-05-03,31.1518707275
2010-05-04,30.107208252
2010-05-05,29.7171859741
2010-05-06,28.5750198364
2010-05-07,28.366109848
2010-05-10,29.9818344116
2010-05-11,29.6196899414
2010-05-12,29.9818344116
2010-05-13,29.6475582123
2010-05-14,28.9510955811
2010-05-17,29.0068264008
2010-05-18,28.5193138123
2010-05-19,28.3312778473
2010-05-20,27.2587585449
2010-05-21,27.8577003479
2010-05-24,27.4328632355
2010-05-25,27.2448310852
2010-05-26,27.0776805878
2010-05-27,28.345199585
2010-05-28,27.81590271
2010-06-01,27.4746398926
2010-06-02,28.2476940155
2010-06-03,28.275560379
2010-06-04,27.2100028992
2010-06-07,26.875711441
2010-06-08,27.2587585449
2010-06-09,27.1891136169
2010-06-10,28.052696228
2010-06-11,28.1710968018
2010-06-14,28.1571769714
2010-06-15,29.0068264008
2010-06-16,28.9302082062
2010-06-17,28.9441375732
2010-06-18,28.9789638519
2010-06-21,29.0416488647
2010-06-22,28.5750198364
2010-06-23,28.6168174744
2010-06-24,28.1084251404
2010-06-25,28.2964420319
2010-06-28,28.1571769714
2010-06-29,27.2378616333
2010-06-30,27.0358924866
2010-07-01,27.1124992371
2010-07-02,27.0776805878
2010-07-06,27.425901413
2010-07-07,28.2407360077
2010-07-08,28.4775314331
2010-07-09,28.6725254059
2010-07-12,28.5471687317
2010-07-13,29.01379776
2010-07-14,29.0207500458
2010-07-15,29.062538147
2010-07-16,28.2128696442
2010-07-19,28.4009075165
2010-07-20,28.7352142334
2010-07-21,28.324306488
2010-07-22,29.1043300629
2010-07-23,29.3620052338
2010-07-26,29.5848560333
2010-07-27,29.6057624817
2010-07-28,29.4734325409
2010-07-29,29.4664726257
2010-07-30,29.522195816
2010-08-02,30.3300666809
2010-08-03,30.1768455505
2010-08-04,30.3161392212
2010-08-05,30.2952327728
2010-08-06,30.2186431885
2010-08-09,30.3439846039
2010-08-10,30.1350631714
2010-08-11,29.062538147
2010-08-12,28.9650363922
2010-08-13,28.8745059967
2010-08-16,28.9929027557
2010-08-17,29.4038009644
2010-08-18,29.4455757141
2010-08-19,28.9929027557
2010-08-20,28.8118267059
2010-08-23,28.6934318542
2010-08-24,28.2476940155
2010-08-25,28.2964420319
2010-08-26,28.1710968018
2010-08-27,28.7352142334
2010-08-30,28.3103809357
2010-08-31,28.345199585
2010-09-01,29.2575283051
2010-09-02,29.4455757141
2010-09-03,29.7798690796
2010-09-07,29.438615799
2010-09-08,29.6684398651
2010-09-09,29.8634433746
2010-09-10,29.9888000488
2010-09-13,30.4554233551
2010-09-14,30.5459651947
2010-09-15,30.57380867
2010-09-16,30.4972133636
2010-09-17,30.4136276245
2010-09-20,30.8802585602
2010-09-21,30.8593654633
2010-09-22,30.8245277405
2010-09-23,30.5041770935
2010-09-24,31.2284736633
2010-09-27,31.1100788116
2010-09-28,31.3050994873
2010-09-29,31.2772274017
2010-09-30,31.193655014
2010-10-01,31.451341629
2010-10-04,31.1657943726
2010-10-05,31.8970565796
2010-10-06,31.9667072296
2010-10-07,31.8900985718
2010-10-08,32.0781402588
2010-10-11,32.0502815247
2010-10-12,32.0920753479
2010-10-13,32.4402885437
2010-10-14,32.454208374
2010-10-15,32.4263534546
2010-10-18,32.5029716492
2010-10-19,31.8134899139
2010-10-20,32.3427810669
2010-10-21,32.3009872437
2010-10-22,32.3706436157
2010-10-25,32.5168800354
2010-10-26,32.3845710754
2010-10-27,32.1338577271
2010-10-28,32.3427810669
2010-10-29,32.3776092529
2010-11-01,32.3567199707
2010-11-02,32.7467155457
2010-11-03,32.9208221436
2010-11-04,33.6172790527
2010-11-05,33.6103096008
2010-11-08,33.4988746643
2010-11-09,33.1994018555
2010-11-10,33.2760276794
2010-11-11,33.1297531128
2010-11-12,32.6910018921
2010-11-15,32.6631546021
2010-11-16,32.0015182495
2010-11-17,32.0920753479
2010-11-18,32.7467155457
2010-11-19,32.7467155457
2010-11-22,32.6282958984
2010-11-23,31.855266571
2010-11-24,32.3497428894
2010-11-26,31.9875888824
2010-11-29,31.8134899139
2010-11-30,31.5209960938
2010-12-01,32.3288536072
2010-12-02,32.9208221436
2010-12-03,33.0810203552
2010-12-06,32.990486145
2010-12-07,32.9556465149
2010-12-08,33.0113716125
2010-12-09,33.1019096375
2010-12-10,33.2411956787
2010-12-13,33.4570846558
2010-12-14,33.4988746643
2010-12-15,33.1785354614
2010-12-16,33.3665466309
2010-12-17,33.2690544128
2010-12-20,33.3108329773
2010-12-21,33.5963745117
2010-12-22,33.6872444153
2010-12-23,33.6233673096
2010-12-27,33.6446609497
2010-12-28,33.6233673096
2010-12-29,33.8576431274
2010-12-30,33.8292427063
2010-12-31,33.9357452393
2011-01-03,34.2410202026
2011-01-04,34.1842269897
2011-01-05,34.198425293
2011-01-06,33.95703125
2011-01-07,33.8434371948
2011-01-10,33.7014579773
2011-01-11,33.9996261597
2011-01-12,34.5178985596
2011-01-13,34.49659729
2011-01-14,34.7024841309
2011-01-18,34.8089981079
2011-01-19,34.5036964417
2011-01-20,34.319103241
2011-01-21,34.4043121338
2011-01-24,34.6314926147
2011-01-25,34.5321006775
2011-01-26,34.7450714111
2011-01-27,34.8515739441
2011-01-28,34.0919380188
2011-01-31,34.4113998413
2011-02-01,35.078754425
2011-02-02,35.0006713867
2011-02-03,35.0432662964
2011-02-04,35.0858573914
2011-02-07,35.178150177
2011-02-08,35.3556365967
2011-02-09,35.1284561157
2011-02-10,34.9367675781
2011-02-11,35.1426620483
2011-02-14,35.2278442383
2011-02-15,35.1497497559
2011-02-16,35.4124412537
2011-02-17,35.6112098694
2011-02-18,35.724822998
2011-02-22,34.8160820007
2011-02-23,34.7166786194
2011-02-24,34.7663955688
2011-02-25,35.1355628967
2011-02-28,35.41954422
2011-03-01,34.943862915
2011-03-02,35.1355628967
2011-03-03,35.6680221558
2011-03-04,35.3982391357
2011-03-07,35.1497497559
2011-03-08,35.3414421082
2011-03-09,35.2846374512
2011-03-10,34.4824028015
2011-03-11,34.6101837158
2011-03-14,34.3120117188
2011-03-15,33.6872444153
2011-03-16,32.9062957764
2011-03-17,33.637550354
2011-03-18,33.9073371887
2011-03-21,34.5817947388
2011-03-22,34.5107917786
2011-03-23,34.5605010986
2011-03-24,35.0077590942
2011-03-25,34.943862915
2011-03-28,34.8444747925
2011-03-29,35.0929641724
2011-03-30,35.440826416
2011-03-31,35.3982391357
2011-04-01,35.6893119812
2011-04-04,35.7461204529
2011-04-05,35.7461204529
2011-04-06,35.9236068726
2011-04-07,35.8029136658
2011-04-08,35.8384017944
2011-04-11,35.7319145203
2011-04-12,35.3698348999
2011-04-13,35.4266281128
2011-04-14,35.547328949
2011-04-15,35.561542511
2011-04-18,34.943862915
2011-04-19,35.25623703
2011-04-20,35.9306983948
2011-04-21,36.1791915894
2011-04-25,36.1436805725
2011-04-26,36.3921699524
2011-04-27,36.6974525452
2011-04-28,36.7826499939
2011-04-29,36.9388313293
2011-05-02,36.8323402405
2011-05-03,36.5554695129
2011-05-04,36.2004814148
2011-05-05,35.6893119812
2011-05-06,35.852596283
2011-05-09,36.04429245
2011-05-10,36.434753418
2011-05-11,35.7958145142
2011-05-12,35.8242073059
2011-05-13,35.4053497314
2011-05-16,35.2846374512
2011-05-17,35.3911247253
2011-05-18,35.6964111328
2011-05-19,35.7745323181
2011-05-20,35.3982391357
2011-05-23,34.7876853943
2011-05-24,34.9012794495
2011-05-25,35.1000709534
2011-05-26,35.3556365967
2011-05-27,35.5899276733
2011-05-31,36.1011009216
2011-06-01,35.3414421082
2011-06-02,35.3840332031
2011-06-03,35.2704391479
2011-06-06,34.7876853943
2011-06-07,34.943862915
2011-06-08,34.7308807373
2011-06-09,35.0148582458
2011-06-10,34.3120117188
2011-06-13,34.3830108643
2011-06-14,34.9083595276
2011-06-15,34.0351257324
2011-06-16,33.9144439697
2011-06-17,34.1274147034
2011-06-20,34.155834198
2011-06-21,34.773475647
2011-06-22,34.5392036438
2011-06-23,34.3546142578
2011-06-24,34.0067367554
2011-06-27,34.2836151123
2011-06-28,34.7521858215
2011-06-29,35.1994438171
2011-06-30,35.6183242798
2011-07-01,36.0229911804
2011-07-05,35.9449119568
2011-07-06,35.8455123901
2011-07-07,36.186290741
2011-07-08,35.8313102722
2011-07-11,34.9935760498
2011-07-12,34.7308807373
2011-07-13,35.078754425
2011-07-14,34.8160820007
2011-07-15,35.0290679932
2011-07-18,34.5888824463
2011-07-19,35.1639633179
2011-07-20,35.3840332031
2011-07-21,35.9591140747
2011-07-22,35.9662094116
2011-07-25,35.6893119812
2011-07-26,35.7461204529
2011-07-27,34.9722633362
2011-07-28,34.9154548645
2011-07-29,34.8515739441
2011-08-01,34.5888824463
2011-08-02,33.7227630615
2011-08-03,33.8576431274
2011-08-04,31.8555717468
2011-08-05,31.9904670715
2011-08-08,29.6334285736
2011-08-09,31.3018131256
2011-08-10,29.7754077911
2011-08-11,31.2166213989
2011-08-12,31.5005989075
2011-08-15,32.2034606934
2011-08-16,31.8697624207
2011-08-17,32.0117759705
2011-08-18,30.5847606659
2011-08-19,30.1232891083
2011-08-22,30.1445941925
2011-08-23,31.1882171631
2011-08-24,31.3302078247
2011-08-25,30.6628494263
2011-08-26,31.1456108093
2011-08-29,31.9904670715
2011-08-30,32.025970459
2011-08-31,32.3241386414
2011-09-01,32.0969543457
2011-09-02,31.3160037994
2011-09-06,30.7480545044
2011-09-07,31.59998703
2011-09-08,31.1030273438
2011-09-09,30.2013816833
2011-09-12,30.1658802032
2011-09-13,30.4498672485
2011-09-14,30.79063797
2011-09-15,31.3089008331
2011-09-16,31.3798999786
2011-09-19,30.7764549255
2011-09-20,30.7693500519
2011-09-21,29.825094223
2011-09-22,28.5826892853
2011-09-23,28.8453636169
2011-09-26,29.4559326172
2011-09-27,30.0239009857
2011-09-28,29.3707447052
2011-09-29,29.7825107574
2011-09-30,28.859577179
2011-10-03,28.1354389191
2011-10-04,28.6891841888
2011-10-05,29.2216529846
2011-10-06,29.9316005707
2011-10-07,29.6760158539
2011-10-10,30.7764549255
2011-10-11,30.65574646
2011-10-12,31.2592105865
2011-10-13,31.0888290405
2011-10-14,31.6141872406
2011-10-17,30.8474407196
2011-10-18,31.4509029388
2011-10-19,30.9823303223
2011-10-20,30.9397411346
2011-10-21,31.6781024933
2011-10-24,32.1608543396
2011-10-25,31.5857791901
2011-10-26,32.0330581665
2011-10-27,33.4458694458
2011-10-28,33.3393821716
2011-10-31,32.1111450195
2011-11-01,31.1882171631
2011-11-02,31.7419719696
2011-11-03,32.3880386353
2011-11-04,32.1182479858
2011-11-07,32.2673530579
2011-11-08,32.6649093628
2011-11-09,31.159822464
2011-11-10,31.4864025116
2011-11-11,32.1821594238
2011-11-14,31.699382782
2011-11-15,31.7135829926
2011-11-16,31.2308120728
2011-11-17,30.7196540833
2011-11-18,30.7480545044
2011-11-21,30.0451850891
2011-11-22,30.0025920868
2011-11-23,29.2145557404
2011-11-25,29.1222553253
2011-11-28,30.2155818939
2011-11-29,30.3220710754
2011-11-30,31.7135829926
2011-12-01,31.571603775
2011-12-02,31.5573940277
2011-12-05,31.9336795807
2011-12-06,31.8555717468
2011-12-07,31.962064743
2011-12-08,31.0959281921
2011-12-09,31.6781024933
2011-12-12,30.9397411346
2011-12-13,30.6131649017
2011-12-14,30.2368831635
2011-12-15,30.3504810333
2011-12-16,30.4001693726
2011-12-19,30.0309963226
2011-12-20,30.9965267181
2011-12-21,30.9223823547
2011-12-22,31.2785720825
2011-12-23,31.4675807953
2011-12-27,31.4239559174
2011-12-28,30.951461792
2011-12-29,31.3149185181
2011-12-30,31.3876018524
2012-01-03,31.9764156342
2012-01-04,31.9764156342
2012-01-05,31.8092060089
2012-01-06,31.5693225861
2012-01-09,31.6783618927
2012-01-10,32.165397644
2012-01-11,32.1217689514
2012-01-12,32.2235450745
2012-01-13,31.9400539398
2012-01-17,32.2090110779
2012-01-18,32.6378707886
2012-01-19,32.9286346436
2012-01-20,33.0013427734
2012-01-23,33.0376625061
2012-01-24,32.9141044617
2012-01-25,33.3138999939
2012-01-26,33.1903152466
2012-01-27,33.2339286804
2012-01-30,33.0304107666
2012-01-31,33.1030921936
2012-02-01,33.5610351562
2012-02-02,33.6918907166
2012-02-03,34.1643714905
2012-02-06,34.0771331787
2012-02-07,34.1934394836
2012-02-08,34.3242797852
2012-02-09,34.3679008484
2012-02-10,33.909954071
2012-02-13,34.2079925537
2012-02-14,34.0698738098
2012-02-15,34.004447937
2012-02-16,34.4696807861
2012-02-17,34.5641670227
2012-02-21,34.5787124634
2012-02-22,34.4769325256
2012-02-23,34.6005210876
2012-02-24,34.796787262
2012-02-27,34.7095451355
2012-02-28,34.9058113098
2012-02-29,34.6804618835
2012-03-01,35.0148468018
2012-03-02,34.7604255676
2012-03-05,34.5423431396
2012-03-06,33.6918907166
2012-03-07,34.0626182556
2012-03-08,34.6295967102
2012-03-09,34.6005210876
2012-03-12,34.5423431396
2012-03-13,35.1529579163
2012-03-14,35.0221214294
2012-03-15,35.2329025269
2012-03-16,35.3492202759
2012-03-19,35.4509811401
2012-03-20,35.1747589111
2012-03-21,35.1093406677
2012-03-22,34.6950073242
2012-03-23,34.9639587402
2012-03-26,35.4800682068
2012-03-27,35.2692527771
2012-03-28,35.0075759888
2012-03-29,34.9494361877
2012-03-30,35.0875320435
2012-04-02,35.4509811401
2012-04-03,35.1166114807
2012-04-04,34.5787124634
2012-04-05,34.5060157776
2012-04-09,34.2079925537
2012-04-10,33.5246887207
2012-04-11,33.909954071
2012-04-12,34.4987449646
2012-04-13,33.9317626953
2012-04-16,34.0480613708
2012-04-17,34.5714378357
2012-04-18,34.360622406
2012-04-19,34.2079925537
2012-04-20,34.3170127869
2012-04-23,33.8736076355
2012-04-24,33.9971923828
2012-04-25,34.4551391602
2012-04-26,34.7458992004
2012-04-27,34.8185806274
2012-04-30,34.6731910706
2012-05-01,34.8476676941
2012-05-02,34.7168006897
2012-05-03,34.4260520935
2012-05-04,33.8154563904
2012-05-07,33.9608459473
2012-05-08,33.619178772
2012-05-09,33.2993736267
2012-05-10,33.3865890503
2012-05-11,33.277557373
2012-05-14,32.7323760986
2012-05-15,32.4561538696
2012-05-16,32.2017288208
2012-05-17,31.7583274841
2012-05-18,31.4893684387
2012-05-21,32.0781593323
2012-05-22,32.0200119019
2012-05-23,31.9109725952
2012-05-24,31.8164787292
2012-05-25,31.7510623932
2012-05-29,32.1872024536
2012-05-30,31.5547962189
2012-05-31,31.5765895844
2012-06-01,30.8569602966
2012-06-04,30.9369220734
2012-06-05,31.0968513489
2012-06-06,31.9473056793
2012-06-07,31.9473056793
2012-06-08,31.9909420013
2012-06-11,31.5765895844
2012-06-12,32.0418128967
2012-06-13,31.7801303864
2012-06-14,32.0054702759
2012-06-15,32.4052619934
2012-06-18,32.4343490601
2012-06-19,32.8995628357
2012-06-20,32.9504394531
2012-06-21,32.0927009583
2012-06-22,32.3979949951
2012-06-25,31.7583274841
2012-06-26,31.9400539398
2012-06-27,32.2526168823
2012-06-28,32.1581268311
2012-06-29,33.1975784302
2012-07-02,33.3211631775
2012-07-03,33.6773529053
2012-07-05,33.357509613
2012-07-06,32.9940643311
2012-07-09,32.906829834
2012-07-10,32.6451377869
2012-07-11,32.7105636597
2012-07-12,32.3834533691
2012-07-13,32.8995628357
2012-07-16,32.8922996521
2012-07-17,33.0958328247
2012-07-18,33.2702941895
2012-07-19,33.4738082886
2012-07-20,32.9940643311
2012-07-23,32.5288543701
2012-07-24,32.165397644
2012-07-25,32.2744216919
2012-07-26,32.9722518921
2012-07-27,33.6409873962
2012-07-30,33.5610351562
2012-07-31,33.4374694824
2012-08-01,33.3356895447
2012-08-02,33.0013427734
2012-08-03,33.8300018311
2012-08-06,33.9971923828
2012-08-07,34.2370605469
2012-08-08,34.2079925537
2012-08-09,34.2806777954
2012-08-10,34.34608078
2012-08-13,34.26612854
2012-08-14,34.2806777954
2012-08-15,34.302482605
2012-08-16,34.6441192627
2012-08-17,34.6731910706
2012-08-20,34.6295967102
2012-08-21,34.6368522644
2012-08-22,34.6077842712
2012-08-23,34.3751716614
2012-08-24,34.4333229065
2012-08-27,34.4187812805
2012-08-28,34.4260520935
2012-08-29,34.3679008484
2012-08-30,34.0262680054
2012-08-31,34.26612854
2012-09-04,34.229801178
2012-09-05,34.1789169312
2012-09-06,34.9639587402
2012-09-07,35.2983436584
2012-09-10,35.0439224243
2012-09-11,35.2619934082
2012-09-12,35.4073677063
2012-09-13,36.0252418518
2012-09-14,36.3014602661
2012-09-17,36.1197280884
2012-09-18,36.0034408569
2012-09-19,36.0761260986
2012-09-20,35.8944015503
2012-09-21,35.8944015503
2012-09-24,35.8090591431
2012-09-25,35.5148200989
2012-09-26,35.2426300049
2012-09-27,35.6840133667
2012-09-28,35.3309249878
2012-10-01,35.5074729919
2012-10-02,35.6472320557
2012-10-03,35.6030921936
2012-10-04,35.9194107056
2012-10-05,35.9341239929
2012-10-08,35.7722854614
2012-10-09,35.3677101135
2012-10-10,35.1838111877
2012-10-11,35.3529853821
2012-10-12,35.2058639526
2012-10-15,35.5221786499
2012-10-16,35.9782485962
2012-10-17,36.1915855408
2012-10-18,36.1180152893
2012-10-19,35.5589523315
2012-10-22,35.7060813904
2012-10-23,35.0808181763
2012-10-24,35.0440368652
2012-10-25,35.2647361755
2012-10-26,35.1543884277
2012-10-31,35.1175994873
2012-11-01,35.6398620605
2012-11-02,35.2647361755
2012-11-05,35.316204071
2012-11-06,35.6104354858
2012-11-07,34.9483985901
2012-11-08,34.5953292847
2012-11-09,34.6100349426
2012-11-12,34.6394615173
2012-11-13,34.4261398315
2012-11-14,34.0215339661
2012-11-15,33.9700737
2012-11-16,34.080406189
2012-11-19,34.8012886047
2012-11-20,34.757144928
2012-11-21,34.8748550415
2012-11-23,35.433921814
2012-11-26,35.3456459045
2012-11-27,35.1323165894
2012-11-28,35.433921814
2012-11-29,35.6251792908
2012-11-30,35.6545944214
2012-12-03,35.5663108826
2012-12-04,35.6104354858
2012-12-05,35.7134246826
2012-12-06,35.8532028198
2012-12-07,35.9267616272
2012-12-10,35.9414672852
2012-12-11,36.2210121155
2012-12-12,36.2872047424
2012-12-13,36.0591697693
2012-12-14,36.081237793
2012-12-17,36.3828430176
2012-12-18,36.7432785034
2012-12-19,36.6697120667
2012-12-20,36.904045105
2012-12-21,36.5916061401
2012-12-24,36.5320968628
2012-12-26,36.4725875854
2012-12-27,36.5097770691
2012-12-28,36.2866249084
2012-12-31,36.7626838684
2013-01-02,37.5660934448
2013-01-03,37.3578109741
2013-01-04,37.5363464355
2013-01-07,37.3429336548
2013-01-08,37.201587677
2013-01-09,37.3652458191
2013-01-10,37.7595024109
2013-01-11,37.737197876
2013-01-14,37.7595024109
2013-01-15,37.7223014832
2013-01-16,37.6479301453
2013-01-17,37.8934059143
2013-01-18,37.9305915833
2013-01-22,38.079372406
2013-01-23,38.0496177673
2013-01-24,38.1240081787
2013-01-25,38.3322906494
2013-01-28,38.1835250854
2013-01-29,38.3918037415
2013-01-30,38.3397331238
2013-01-31,38.2355918884
2013-02-01,38.592666626
2013-02-04,38.0496177673
2013-02-05,38.3099822998
2013-02-06,38.3471717834
2013-02-07,38.146320343
2013-02-08,38.3769302368
2013-02-11,38.3248634338
2013-02-12,38.4438743591
2013-02-13,38.5182571411
2013-02-14,38.4587516785
2013-02-15,38.3620643616
2013-02-19,38.6967964172
2013-02-20,38.2579040527
2013-02-21,37.8636550903
2013-02-22,38.2504730225
2013-02-25,37.5363464355
2013-02-26,37.7743797302
2013-02-27,38.1909561157
2013-02-28,38.1165733337
2013-03-01,38.2132720947
2013-03-04,38.3025474548
2013-03-05,38.6595993042
2013-03-06,38.7191238403
2013-03-07,38.8604545593
2013-03-08,39.0166625977
2013-03-11,39.1282424927
2013-03-12,38.9274101257
2013-03-13,38.9050827026
2013-03-14,39.1803245544
2013-03-15,39.06873703
2013-03-18,38.8158226013
2013-03-19,38.5480308533
2013-03-20,38.8827667236
2013-03-21,38.5777549744
2013-03-22,38.8419494629
2013-03-25,38.6106147766
2013-03-26,38.9016494751
2013-03-27,38.8568840027
2013-03-28,39.0135879517
2013-04-01,38.6777763367
2013-04-02,38.9091110229
2013-04-03,38.4837684631
2013-04-04,38.7001419067
2013-04-05,38.5733108521
2013-04-08,38.7598571777
2013-04-09,38.8792572021
2013-04-10,39.4090881348
2013-04-11,39.6031227112
2013-04-12,39.4314842224
2013-04-15,38.4539031982
2013-04-16,39.0807418823
2013-04-17,38.3867454529
2013-04-18,38.2076377869
2013-04-19,38.6329994202
2013-04-22,38.7598571777
2013-04-23,39.1926879883
2013-04-24,39.3568611145
2013-04-25,39.5807342529
2013-04-26,39.4762573242
2013-04-29,39.8643035889
2013-04-30,40.0583152771
2013-05-01,39.6702804565
2013-05-02,39.9762306213
2013-05-03,40.4090499878
2013-05-06,40.4538230896
2013-05-07,40.6254615784
2013-05-08,40.9090423584
2013-05-09,40.7075576782
2013-05-10,40.7224807739
2013-05-13,40.6926193237
2013-05-14,40.9538154602
2013-05-15,41.1105270386
2013-05-16,40.8941078186
2013-05-17,41.2299346924
2013-05-20,41.2746887207
2013-05-21,41.3344039917
2013-05-22,40.9165153503
2013-05-23,40.7299346924
2013-05-24,40.4836807251
2013-05-28,40.6403923035
2013-05-29,40.3344268799
2013-05-30,40.5284614563
2013-05-31,39.8344535828
2013-06-03,40.08070755
2013-06-04,39.9314537048
2013-06-05,39.2598381042
2013-06-06,39.5881958008
2013-06-07,39.9463996887
2013-06-10,39.9687690735
2013-06-11,39.4389457703
2013-06-12,39.2225456238
2013-06-13,39.8046073914
2013-06-14,39.4613304138
2013-06-17,39.8717689514
2013-06-18,40.1702728271
2013-06-19,39.4613304138
2013-06-20,38.2598800659
2013-06-21,38.3344917297
2013-06-24,37.7316017151
2013-06-25,38.235912323
2013-06-26,38.5294456482
2013-06-27,38.9283676147
2013-06-28,38.7702980042
2013-07-01,39.0939598083
2013-07-02,38.8756713867
2013-07-03,38.9358863831
2013-07-05,39.2143707275
2013-07-08,39.3649177551
2013-07-09,39.6283493042
2013-07-10,39.6810302734
2013-07-11,40.5541343689
2013-07-12,40.4562988281
2013-07-15,40.6670417786
2013-07-16,40.5466270447
2013-07-17,40.7121925354
2013-07-18,40.9229469299
2013-07-19,40.9229469299
2013-07-22,41.1111183167
2013-07-23,41.1337051392
2013-07-24,40.9982223511
2013-07-25,41.0810165405
2013-07-26,40.9756278992
2013-07-29,40.7573623657
2013-07-30,40.7272529602
2013-07-31,40.7724113464
2013-08-01,41.3143501282
2013-08-02,41.4347648621
2013-08-05,41.344455719
2013-08-06,41.1487579346
2013-08-07,40.9154205322
2013-08-08,41.2842445374
2013-08-09,41.2541275024
2013-08-12,41.2315368652
2013-08-13,41.4272499084
2013-08-14,41.3369102478
2013-08-15,40.8552055359
2013-08-16,40.8025169373
2013-08-19,40.4713478088
2013-08-20,40.5993118286
2013-08-21,40.1777954102
2013-08-22,40.5390777588
2013-08-23,40.8025169373
2013-08-26,40.6143417358
2013-08-27,39.899307251
2013-08-28,39.9595298767
2013-08-29,39.9821166992
2013-08-30,39.77135849
2013-09-03,40.132648468
2013-09-04,40.5466270447
2013-09-05,40.6294136047
2013-09-06,40.7347793579
2013-09-09,41.2917671204
2013-09-10,41.6906852722
2013-09-11,41.8111076355
2013-09-12,41.5928382874
2013-09-13,41.7283172607
2013-09-16,42.0218582153
2013-09-17,42.1196975708
2013-09-18,42.9476509094
2013-09-19,42.8121757507
2013-09-20,42.4282951355
2013-09-23,42.3640441895
2013-09-24,42.2884407043
2013-09-25,42.2506523132
2013-09-26,42.3867301941
2013-09-27,42.2506523132
2013-09-30,41.9936218262
2013-10-01,42.3262481689
2013-10-02,42.2657775879
2013-10-03,42.0163154602
2013-10-04,42.1901741028
2013-10-07,41.8499908447
2013-10-08,41.4039840698
2013-10-09,41.487121582
2013-10-10,42.3413658142
2013-10-11,42.6361885071
2013-10-14,42.742023468
2013-10-15,42.4471931458
2013-10-16,42.9159088135
2013-10-17,43.3392295837
2013-10-18,43.5962600708
2013-10-21,43.6416053772
2013-10-22,43.9515647888
2013-10-23,43.5660209656
2013-10-24,43.8003692627
2013-10-25,43.8457336426
2013-10-28,43.8381652832
2013-10-29,43.9440116882
2013-10-30,43.7776908875
2013-10-31,43.5509033203
2013-11-01,43.5282249451
2013-11-04,43.7776908875
2013-11-05,43.4526481628
2013-11-06,43.6567497253
2013-11-07,43.0444145203
2013-11-08,43.4223976135
2013-11-11,43.4526481628
2013-11-12,43.3316764832
2013-11-13,43.5735816956
2013-11-14,43.7776908875
2013-11-15,44.0951843262
2013-11-18,44.0725135803
2013-11-19,43.9288825989
2013-11-20,43.7172203064
2013-11-21,44.0120391846
2013-11-22,44.1783447266
2013-11-25,44.0120391846
2013-11-26,44.0271606445
2013-11-27,44.19348526
2013-11-29,44.2237052917
2013-12-02,43.9213256836
2013-12-03,43.6869773865
2013-12-04,43.5282249451
2013-12-05,43.3694725037
2013-12-06,43.8910903931
2013-12-09,43.9288825989
2013-12-10,43.8608512878
2013-12-11,43.3543434143
2013-12-12,43.1502532959
2013-12-13,43.1351394653
2013-12-16,43.4601860046
2013-12-17,43.2863121033
2013-12-18,43.8835220337
2013-12-19,43.8910903931
2013-12-20,44.1376037598
2013-12-23,44.4875984192
2013-12-24,44.594127655
2013-12-26,44.7538986206
2013-12-27,44.8908653259
2013-12-30,45.0126037598
2013-12-31,45.1952171326
2014-01-02,44.5256462097
2014-01-03,44.571308136
2014-01-06,44.4495506287
2014-01-07,44.6549835205
2014-01-08,44.6625938416
2014-01-09,44.6549835205
2014-01-10,44.9593391418
2014-01-13,44.4571685791
2014-01-14,44.8604316711
2014-01-15,44.9973831177
2014-01-16,45.0126037598
2014-01-17,44.8452148438
2014-01-21,44.9669342041
2014-01-22,45.0810775757
2014-01-23,44.6702079773
2014-01-24,43.5136871338
2014-01-27,43.2854347229
2014-01-28,43.6430435181
2014-01-29,43.2017440796
2014-01-30,43.6354370117
2014-01-31,43.1865234375
2014-02-03,42.3267669678
2014-02-04,42.6767578125
2014-02-05,42.6463127136
2014-02-06,43.3082618713
2014-02-07,43.7952308655
2014-02-10,43.7647781372
2014-02-11,44.343044281
2014-02-12,44.4267349243
2014-02-13,44.586517334
2014-02-14,44.8071594238
2014-02-18,45.0049858093
2014-02-19,44.7158660889
2014-02-20,44.9669342041
2014-02-21,44.9745559692
2014-02-24,45.2560768127
2014-02-25,45.1419372559
2014-02-26,45.1495399475
2014-02-27,45.3169326782
2014-02-28,45.4386901855
2014-03-03,44.8223800659
2014-03-04,45.5832481384
2014-03-05,45.6060600281
2014-03-06,45.811504364
2014-03-07,45.6669464111
2014-03-10,45.4614982605
2014-03-11,45.2256393433
2014-03-12,45.1799926758
2014-03-13,44.571308136
2014-03-14,44.5256462097
2014-03-17,44.9060707092
2014-03-18,45.2484703064
2014-03-19,44.8071594238
2014-03-20,44.8908653259
2014-03-21,44.8147697449
2014-03-24,44.7767333984
2014-03-25,45.0552597046
2014-03-26,44.8716201782
2014-03-27,44.9863967896
2014-03-28,45.2695236206
2014-03-31,45.6597900391
2014-04-01,45.9964675903
2014-04-02,46.0653419495
2014-04-03,45.9658432007
2014-04-04,45.567943573
2014-04-07,45.2542190552
2014-04-08,45.4225730896
2014-04-09,45.9582099915
2014-04-10,45.1088256836
2014-04-11,44.7568435669
2014-04-14,45.0016937256
2014-04-15,44.9940452576
2014-04-16,45.4684677124
2014-04-17,45.6521263123
2014-04-21,45.7209892273
2014-04-22,45.8893318176
2014-04-23,45.7975082397
2014-04-24,45.8204727173
2014-04-25,45.4608192444
2014-04-28,45.5985603333
2014-04-29,45.8281288147
2014-04-30,45.9964675903
2014-05-01,46.0882949829
2014-05-02,46.1036109924
2014-05-05,46.1112442017
2014-05-06,45.9046516418
2014-05-07,46.0959510803
2014-05-08,46.0270690918
2014-05-09,46.0423851013
2014-05-12,46.4479370117
2014-05-13,46.424987793
2014-05-14,46.3101921082
2014-05-15,45.9811668396
2014-05-16,46.1877670288
2014-05-19,46.2336769104
2014-05-20,45.92760849
2014-05-21,46.2413368225
2014-05-22,46.424987793
2014-05-23,46.6239318848
2014-05-27,46.8381881714
2014-05-28,46.7540092468
2014-05-29,47.0371398926
2014-05-30,46.9376792908
2014-06-02,47.1213188171
2014-06-03,47.0524330139
2014-06-04,47.0983581543
2014-06-05,47.4503555298
2014-06-06,47.7105293274
2014-06-09,47.7640953064
2014-06-10,47.7258262634
2014-06-11,47.5574760437
2014-06-12,47.3738327026
2014-06-13,47.5039100647
2014-06-16,47.4733085632
2014-06-17,47.5651321411
2014-06-18,47.8406105042
2014-06-19,47.924785614
2014-06-20,48.0012969971
2014-06-23,47.924785614
2014-06-24,47.6881103516
2014-06-25,47.7729148865
2014-06-26,47.7652130127
2014-06-27,47.9270858765
2014-06-30,47.9733505249
2014-07-01,48.3819351196
2014-07-02,48.420463562
2014-07-03,48.6363105774
2014-07-07,48.3279838562
2014-07-08,47.9425125122
2014-07-09,48.1429481506
2014-07-10,47.8268737793
2014-07-11,47.8422966003
2014-07-14,48.1275253296
2014-07-15,47.9810600281
2014-07-16,48.189201355
2014-07-17,47.5956192017
2014-07-18,48.0966949463
2014-07-21,47.9887809753
2014-07-22,48.2277374268
2014-07-23,48.3511047363
2014-07-24,48.3896331787
2014-07-25,48.189201355
2014-07-28,48.189201355
2014-07-29,47.9733505249
2014-07-30,47.9964675903
2014-07-31,47.13306427
2014-08-01,46.9711799622
2014-08-04,47.2718200684
2014-08-05,46.7938652039
2014-08-06,46.7399177551
2014-08-07,46.4546775818
2014-08-08,46.8015785217
2014-08-11,47.0251350403
2014-08-12,46.9711799622
2014-08-13,47.2487068176
2014-08-14,47.4722633362
2014-08-15,47.4491233826
2014-08-18,47.857711792
2014-08-19,47.9810600281
2014-08-20,48.0195999146
2014-08-21,48.1198158264
2014-08-22,48.0735664368
2014-08-25,48.2971458435
2014-08-26,48.3433837891
2014-08-27,48.4281806946
2014-08-28,48.2662963867
2014-08-29,48.3819351196
2014-09-02,48.4590148926
2014-09-03,48.5592498779
2014-09-04,48.4050636292
2014-09-05,48.5129776001
2014-09-08,48.2200431824
2014-09-09,47.9656486511
2014-09-10,48.1275253296
2014-09-11,48.027305603
2014-09-12,47.7883377075
2014-09-15,47.6881103516
2014-09-16,48.0041770935
2014-09-17,47.8268737793
2014-09-18,48.0658493042
2014-09-19,47.8731307983
2014-09-22,47.5185241699
2014-09-23,47.1947364807
2014-09-24,47.5734939575
2014-09-25,46.7989501953
2014-09-26,47.0700454712
2014-09-29,46.8376693726
2014-09-30,46.76795578
2014-10-01,46.0708618164
2014-10-02,45.931438446
2014-10-03,46.2644844055
2014-10-06,46.3109588623
2014-10-07,45.6603431702
2014-10-08,46.3729362488
2014-10-09,45.3117828369
2014-10-10,44.6611557007
2014-10-13,44.3513298035
2014-10-14,44.4132957458
2014-10-15,44.1189613342
2014-10-16,44.0647392273
2014-10-17,44.6146812439
2014-10-20,45.0019569397
2014-10-21,45.6525993347
2014-10-22,45.2498054504
2014-10-23,45.7300491333
2014-10-24,45.9701538086
2014-10-27,45.9081840515
2014-10-28,46.5046005249
2014-10-29,46.3419494629
2014-10-30,46.5975341797
2014-10-31,47.2094573975
2014-11-03,47.0390472412
2014-11-04,46.8686485291
2014-11-05,46.9770927429
2014-11-06,47.0080680847
2014-11-07,47.0390472412
2014-11-10,47.178478241
2014-11-11,47.302406311
2014-11-12,47.1862068176
2014-11-13,47.1707344055
2014-11-14,47.2946510315
2014-11-17,47.2094573975
2014-11-18,47.5192756653
2014-11-19,47.4728126526
2014-11-20,47.4108467102
2014-11-21,47.8136100769
2014-11-24,47.9065628052
2014-11-25,47.9530410767
2014-11-26,48.0769691467
2014-11-28,47.8058662415
2014-12-01,47.4495620728
2014-12-02,47.619972229
2014-12-03,47.8058662415
2014-12-04,47.6819419861
2014-12-05,47.7516403198
2014-12-08,47.3488807678
2014-12-09,47.2017097473
2014-12-10,46.5200996399
2014-12-11,46.5278396606
2014-12-12,45.753288269
2014-12-15,45.2575721741
2014-12-16,45.1800956726
2014-12-17,46.0476112366
2014-12-18,46.8531608582
2014-12-19,47.0080680847
2014-12-22,47.279296875
2014-12-23,47.2559394836
2014-12-24,47.3884162903
2014-12-26,47.5988693237
2014-12-29,47.474155426
2014-12-30,47.2247390747
2014-12-31,46.8584327698
2015-01-02,46.7337188721
2015-01-05,45.8295822144
2015-01-06,45.3697357178
2015-01-07,45.9542922974
2015-01-08,46.6479873657
2015-01-09,46.3362159729
2015-01-12,46.0945854187
2015-01-13,46.1257781982
2015-01-14,45.9153289795
2015-01-15,45.7672576904
2015-01-16,46.3284072876
2015-01-20,46.414150238
2015-01-21,46.7571105957
2015-01-22,47.2949028015
2015-01-23,46.944152832
2015-01-26,47.2637176514
2015-01-27,46.9675521851
2015-01-28,46.3751831055
2015-01-29,46.7648925781
2015-01-30,46.0945854187
2015-02-02,46.710319519
2015-02-03,47.3884162903
2015-02-04,47.1779823303
2015-02-05,47.7391586304
2015-02-06,47.2949028015
2015-02-09,47.1701850891
2015-02-10,47.567691803
2015-02-11,47.458568573
2015-02-12,48.0587234497
2015-02-13,48.3626937866
2015-02-17,48.4172477722
2015-02-18,48.5731506348
2015-02-19,48.5107765198
2015-02-20,48.9004821777
2015-02-23,48.7757835388
2015-02-24,48.9472541809
2015-02-25,48.9394607544
2015-02-26,48.8615341187
2015-02-27,48.8381462097
2015-03-02,49.0096168518
2015-03-03,48.7523956299
2015-03-04,48.4718132019
2015-03-05,48.5419464111
2015-03-06,47.9418144226
2015-03-09,48.0353355408
2015-03-10,47.1623954773
2015-03-11,47.1857795715
2015-03-12,47.7625389099
2015-03-13,47.458568573
2015-03-16,48.0353355408
2015-03-17,47.9573898315
2015-03-18,48.760181427
2015-03-19,48.3860740662
2015-03-20,49.0563735962
2015-03-23,49.1109352112
2015-03-24,48.955039978
2015-03-25,48.3158531189
2015-03-26,48.104347229
2015-03-27,48.2531700134
2015-03-30,48.5900154114
2015-03-31,48.245349884
2015-04-01,48.2766876221
2015-04-02,48.5978546143
2015-04-06,49.02085495
2015-04-07,48.9268531799
2015-04-08,49.2088470459
2015-04-09,49.3341827393
2015-04-10,49.5691795349
2015-04-13,49.3185119629
2015-04-14,49.5300140381
2015-04-15,49.8120155334
2015-04-16,49.8590164185
2015-04-17,49.2558479309
2015-04-20,49.5143508911
2015-04-21,49.6396827698
2015-04-22,49.8433456421
2015-04-23,50.054851532
2015-04-24,50.1879997253
2015-04-27,50.1801719666
2015-04-28,50.305519104
2015-04-29,49.9921836853
2015-04-30,49.4751663208
2015-05-01,49.9686698914
2015-05-04,50.0078392029
2015-05-05,49.4203491211
2015-05-06,49.3106842041
2015-05-07,49.3655128479
2015-05-08,50.1018409729
2015-05-11,49.8041801453
2015-05-12,49.757183075
2015-05-13,49.8825073242
2015-05-14,50.3760147095
2015-05-15,50.4700012207
2015-05-18,50.4465026855
2015-05-19,50.383846283
2015-05-20,50.3681716919
2015-05-21,50.5561828613
2015-05-22,50.3603553772
2015-05-26,49.7336769104
2015-05-27,50.164516449
2015-05-28,49.9921836853
2015-05-29,49.6396827698
2015-06-01,49.6396827698
2015-06-02,49.7180099487
2015-06-03,49.9060020447
2015-06-04,49.4203491211
2015-06-05,49.1148452759
2015-06-08,48.9033508301
2015-06-09,48.7858352661
2015-06-10,49.5770187378
2015-06-11,49.6631660461
2015-06-12,49.3420181274
2015-06-15,49.0678482056
2015-06-16,49.2010192871
2015-06-17,49.2010192871
2015-06-18,49.7101860046
2015-06-19,49.4751663208
2015-06-22,50.0313491821
2015-06-23,50.1096839905
2015-06-24,49.7728538513
2015-06-25,49.6318359375
2015-06-26,49.673664093
2015-06-29,48.4112892151
2015-06-30,48.5375480652
2015-07-01,48.7979125977
2015-07-02,48.8057975769
2015-07-06,48.285068512
2015-07-07,48.2929649353
2015-07-08,47.2751922607
2015-07-09,47.6459999084
2015-07-10,48.6243247986
2015-07-13,48.9635772705
2015-07-14,49.2555084229
2015-07-15,49.1134986877
2015-07-16,49.5079727173
2015-07-17,49.4291000366
2015-07-20,49.4133033752
2015-07-21,49.2712860107
2015-07-22,49.0345878601
2015-07-23,48.8215713501
2015-07-24,48.2377357483
2015-07-27,47.8432502747
2015-07-28,48.3718719482
2015-07-29,48.679561615
2015-07-30,48.7347869873
2015-07-31,48.7821235657
2015-08-03,48.5769920349
2015-08-04,48.5848846436
2015-08-05,48.7032394409
2015-08-06,48.395526886
2015-08-07,48.3481826782
2015-08-10,48.9556922913
2015-08-11,48.3324165344
2015-08-12,48.2140693665
2015-08-13,48.1509361267
2015-08-14,48.2929649353
2015-08-17,48.3639717102
2015-08-18,48.1193809509
2015-08-19,47.6933441162
2015-08-20,46.6519012451
2015-08-21,45.3658676147
2015-08-24,43.5749130249
2015-08-25,43.5749130249
2015-08-26,44.8530311584
2015-08-27,45.8392562866
2015-08-28,45.8392562866
2015-08-31,45.5473518372
2015-09-01,44.1192855835
2015-09-02,44.8609275818
2015-09-03,44.924041748
2015-09-04,44.0561904907
2015-09-08,45.2396354675
2015-09-09,44.8135986328
2015-09-10,45.0976295471
2015-09-11,45.1923103333
2015-09-14,44.9713897705
2015-09-15,45.4368782043
2015-09-16,46.0128326416
2015-09-17,46.0128326416
2015-09-18,45.1212921143
2015-09-21,45.176525116
2015-09-22,44.3954544067
2015-09-23,44.1981887817
2015-09-24,44.0640678406
2015-09-25,44.094997406
2015-09-28,43.0721206665
2015-09-29,43.1038284302
2015-09-30,43.8571166992
2015-10-01,44.0474205017
2015-10-02,44.7769126892
2015-10-05,45.6729354858
2015-10-06,45.6095046997
2015-10-07,46.1804084778
2015-10-08,46.5768852234
2015-10-09,46.6482391357
2015-10-12,46.5689506531
2015-10-13,46.1011161804
2015-10-14,46.077331543
2015-10-15,46.8068199158
2015-10-16,46.8702659607
2015-10-19,46.7592658997
2015-10-20,46.703754425
2015-10-21,46.4183006287
2015-10-22,47.0447044373
2015-10-23,47.4808197021
2015-10-26,47.3380966187
2015-10-27,47.0447044373
2015-10-28,47.4411849976
2015-10-29,47.2191543579
2015-10-30,47.0526313782
2015-11-02,47.6473274231
2015-11-03,47.8059234619
2015-11-04,47.5839042664
2015-11-05,47.5204658508
2015-11-06,47.3618812561
2015-11-09,46.9099235535
2015-11-10,46.8861198425
2015-11-11,46.8544006348
2015-11-12,46.2993469238
2015-11-13,45.7839393616
2015-11-16,46.3865890503
2015-11-17,46.3707122803
2015-11-18,46.9733543396
2015-11-19,47.1319198608
2015-11-20,47.2191543579
2015-11-23,47.0288467407
2015-11-24,47.1398544312
2015-11-25,47.155708313
2015-11-27,47.1240119934
2015-11-30,47.0130004883
2015-12-01,47.5125389099
2015-12-02,47.0050506592
2015-12-03,46.4737968445
2015-12-04,47.155708313
2015-12-07,46.7434005737
2015-12-08,46.2676391602
2015-12-09,46.0297546387
2015-12-10,45.9742469788
2015-12-11,45.0465126038
2015-12-14,45.1892433167
2015-12-15,45.6570663452
2015-12-16,46.3786430359
2015-12-17,45.7284393311
2015-12-18,45.1178817749
2015-12-21,45.4674453735
2015-12-22,45.8664970398
2015-12-23,46.5049781799
2015-12-24,46.4091911316
2015-12-28,46.3054351807
2015-12-29,46.7284431458
2015-12-30,46.3852729797
2015-12-31,45.9862060547
2016-01-04,45.2120552063
2016-01-05,45.2200393677
2016-01-06,44.5496520996
2016-01-07,43.5121154785
2016-01-08,43.0013275146
2016-01-11,43.02526474
2016-01-12,43.2647018433
2016-01-13,42.2990112305
2016-01-14,42.9853668213
2016-01-15,41.7802429199
2016-01-19,41.9079437256
2016-01-20,41.237537384
2016-01-21,41.4769821167
2016-01-22,42.5144958496
2016-01-25,41.8520812988
2016-01-26,42.5543899536
2016-01-27,42.1713180542
2016-01-28,42.3149757385
2016-01-29,43.2886390686
2016-02-01,43.3445243835
2016-02-02,42.3149757385
2016-02-03,42.698059082
2016-02-04,42.7858428955
2016-02-05,42.0515899658
2016-02-08,41.3732223511
2016-02-09,41.077922821
2016-02-10,41.1018753052
2016-02-11,40.5511932373
2016-02-12,41.2694816589
2016-02-16,42.0276565552
2016-02-17,42.8496932983
2016-02-18,42.6661338806
2016-02-19,42.6102714539
2016-02-22,43.2567214966
2016-02-23,42.6501693726
2016-02-24,42.6820983887
2016-02-25,43.1450004578
2016-02-26,43.0891342163
2016-02-29,42.8097915649
2016-03-01,43.8952064514
2016-03-02,44.1825065613
2016-03-03,44.5496520996
2016-03-04,44.8529129028
2016-03-07,44.8529129028
2016-03-08,44.2703132629
2016-03-09,44.5097312927
2016-03-10,44.4618453979
2016-03-11,45.4195594788
2016-03-14,45.3158149719
2016-03-15,44.9728927612
2016-03-16,45.4456100464
2016-03-17,45.862247467
2016-03-18,45.9423675537
2016-03-21,45.9423675537
2016-03-22,45.862247467
2016-03-23,45.4055519104
2016-03-24,45.3093948364
2016-03-28,45.4696311951
2016-03-29,45.9664039612
2016-03-30,46.246837616
2016-03-31,46.2227897644
2016-04-01,46.1426696777
2016-04-04,45.9583892822
2016-04-05,45.3494644165
2016-04-06,45.8782653809
2016-04-07,45.197227478
2016-04-08,45.6218719482
2016-04-11,45.6699523926
2016-04-12,46.2147903442
2016-04-13,46.8477630615
2016-04-14,46.8076896667
2016-04-15,46.743598938
2016-04-18,47.0560722351
2016-04-19,47.5448188782
2016-04-20,47.5608520508
2016-04-21,47.2884292603
2016-04-22,47.2644004822
2016-04-25,47.1121673584
2016-04-26,47.280418396
2016-04-27,47.3365058899
2016-04-28,46.9759483337
2016-04-29,46.6875114441
2016-05-02,47.0160140991
2016-05-03,46.4070739746
2016-05-04,46.0064506531
2016-05-05,45.9984474182
2016-05-06,46.1506881714
2016-05-09,45.9744224548
2016-05-10,46.6394348145
2016-05-11,46.3109207153
2016-05-12,46.2308082581
2016-05-13,45.7821311951
2016-05-16,46.2948989868
2016-05-17,45.9103126526
2016-05-18,45.8862800598
2016-05-19,45.6378936768
2016-05-20,46.0224838257
2016-05-23,45.8782653809
2016-05-24,46.5432853699
2016-05-25,46.8958244324
2016-05-26,46.9519119263
2016-05-27,47.0240211487
2016-05-31,46.991973877
2016-06-01,47.0801086426
2016-06-02,47.192276001
2016-06-03,47.3284912109
2016-06-06,47.6008987427
2016-06-07,47.8973503113
2016-06-08,48.0255661011
2016-06-09,47.7130813599
2016-06-10,46.8237113953
2016-06-13,46.3670082092
2016-06-14,46.0326194763
2016-06-15,46.2345542908
2016-06-16,46.2587852478
2016-06-17,46.3476371765
2016-06-20,46.985748291
2016-06-21,47.1876716614
2016-06-22,47.1069068909
2016-06-23,48.051940918
2016-06-24,45.4995079041
2016-06-27,44.5221557617
2016-06-28,45.4914360046
2016-06-29,46.3153266907
2016-06-30,46.9049720764
2016-07-01,47.1230583191
2016-07-05,46.4849433899
2016-07-06,46.6061134338
2016-07-07,46.4687995911
2016-07-08,47.2119140625
2016-07-11,47.6400032043
2016-07-12,48.0761756897
2016-07-13,48.051940918
2016-07-14,48.4154243469
2016-07-15,48.3104324341
2016-07-18,48.4235038757
2016-07-19,48.1650238037
2016-07-20,48.4315834045
2016-07-21,48.2700271606
2016-07-22,48.4558105469
2016-07-25,48.3104324341
2016-07-26,48.5042762756
2016-07-27,48.5204353333
2016-07-28,48.5688858032
2016-07-29,48.8515968323
2016-08-01,48.6658210754
2016-08-02,48.35887146
2016-08-03,48.4638938904
2016-08-04,48.5446586609
2016-08-05,48.9242935181
2016-08-08,48.9889068604
2016-08-09,49.1827735901
2016-08-10,49.158531189
2016-08-11,49.5220108032
2016-08-12,49.417011261
2016-08-15,49.6512527466
2016-08-16,49.4573974609
2016-08-17,49.441242218
2016-08-18,49.6431808472
2016-08-19,49.4654846191
2016-08-22,49.3927764893
2016-08-23,49.546245575
2016-08-24,49.2797050476
2016-08-25,49.26354599
2016-08-26,49.0293006897
2016-08-29,49.3120117188
2016-08-30,49.2150764465
2016-08-31,49.0212173462
2016-09-01,49.1908493042
2016-09-02,49.6351051331
2016-09-06,49.942035675
2016-09-07,50.0147361755
2016-09-08,49.8047294617
2016-09-09,48.593120575
2016-09-12,49.1666069031
2016-09-13,48.2418861389
2016-09-14,48.2256546021
2016-09-15,48.7858467102
2016-09-16,48.3880310059
2016-09-19,48.5585250854
2016-09-20,48.680305481
2016-09-21,49.4109916687
2016-09-22,49.7438583374
2016-09-23,49.3785171509
2016-09-26,48.9319915771
2016-09-27,49.2405090332
2016-09-28,49.5652656555
2016-09-29,49.0618743896
2016-09-30,49.4028701782
2016-10-03,49.3216934204
2016-10-04,49.1268234253
2016-10-05,49.4353523254
2016-10-06,49.2891998291
2016-10-07,49.1024742126
2016-10-10,49.3135757446
2016-10-11,48.5666313171
2016-10-12,48.6315879822
2016-10-13,48.3961410522
2016-10-14,48.4286079407
2016-10-17,48.2824783325
2016-10-18,48.7046546936
2016-10-19,48.9157485962
2016-10-20,48.8913879395
2016-10-21,48.7858467102
2016-10-24,48.9482154846
2016-10-25,48.8183174133
2016-10-26,48.607219696
2016-10-27,48.5179214478
2016-10-28,48.3717803955
2016-10-31,48.4286079407
2016-11-01,48.1363525391
2016-11-02,47.8034744263
2016-11-03,47.6735649109
2016-11-04,47.4218902588
2016-11-07,48.3717803955
2016-11-08,48.5828742981
2016-11-09,48.680305481
2016-11-10,48.5422706604
2016-11-11,48.2743644714
2016-11-14,48.2581253052
2016-11-15,48.7127838135
2016-11-16,48.4529571533
2016-11-17,48.7208900452
2016-11-18,48.4773330688
2016-11-21,48.9238548279
2016-11-22,49.0375289917
2016-11-23,48.9969367981
2016-11-25,49.1755409241
2016-11-28,48.9806938171
2016-11-29,49.0781173706
2016-11-30,49.0050544739
2016-12-01,48.7858467102
2016-12-02,48.8913879395
2016-12-05,49.2486038208
2016-12-06,49.4921836853
2016-12-07,50.1741600037
2016-12-08,50.3121795654
2016-12-09,50.458316803
2016-12-12,50.3040542603
2016-12-13,50.7100143433
2016-12-14,50.0523834229
2016-12-15,50.1416740417
2016-12-16,50.0929641724
2016-12-19,50.1335601807
2016-12-20,50.3274078369
2016-12-21,50.2456245422
2016-12-22,50.0493240356
2016-12-23,50.1311149597
2016-12-27,50.2292671204
2016-12-28,49.9348220825
2016-12-29,49.9920578003
2016-12-30,49.8939170837
2017-01-03,50.3028717041
2017-01-04,50.7609291077
2017-01-05,50.9245033264
2017-01-06,50.9326820374
2017-01-09,50.7936325073
2017-01-10,50.8427124023
2017-01-11,51.120803833
2017-01-12,51.0226516724
2017-01-13,51.1944236755
2017-01-17,51.0390129089
2017-01-18,50.9817657471
2017-01-19,50.8590736389
2017-01-20,51.0308380127
2017-01-23,51.0308380127
2017-01-24,51.3825531006
2017-01-25,51.8405838013
2017-01-26,51.7342605591
2017-01-27,51.6688156128
2017-01-30,51.3007545471
2017-01-31,51.3907279968
2017-02-01,51.46434021
2017-02-02,51.5625
2017-02-03,51.8242301941
2017-02-06,51.6442985535
2017-02-07,51.6115684509
2017-02-08,51.676990509
2017-02-09,51.9387435913
2017-02-10,52.2004814148
2017-02-13,52.4622192383
2017-02-14,52.5685386658
2017-02-15,52.8711853027
2017-02-16,52.8875579834
2017-02-17,52.8630027771
2017-02-21,53.1410980225
2017-02-22,53.1329307556
2017-02-23,53.1329307556
2017-02-24,53.018409729
2017-02-27,52.9775047302
2017-02-28,52.7730255127
2017-03-01,53.4192047119
2017-03-02,53.0265922546
2017-03-03,53.2228889465
2017-03-06,53.0756607056
2017-03-07,52.9039077759
2017-03-08,52.748500824
2017-03-09,52.7730255127
2017-03-10,53.0674819946
2017-03-13,53.2719650269
2017-03-14,52.9856987
2017-03-15,53.6318664551
2017-03-16,53.7136726379
2017-03-17,53.7300224304
2017-03-20,53.6563987732
2017-03-21,53.1247367859
2017-03-22,53.2065505981
2017-03-23,53.1738166809
2017-03-24,53.2719650269
2017-03-27,53.3292121887
2017-03-28,53.6318664551
2017-03-29,53.7082252502
2017-03-30,53.6835861206
2017-03-31,53.5522041321
2017-04-03,53.5029525757
2017-04-04,53.5357818604
2017-04-05,53.3305091858
2017-04-06,53.4126396179
2017-04-07,53.3469390869
2017-04-10,53.3715782166
2017-04-11,53.4208335876
2017-04-12,53.2976722717
2017-04-13,52.9610214233
2017-04-17,53.4126396179
2017-04-18,53.1252441406
2017-04-19,53.0184898376
2017-04-20,53.4618988037
2017-04-21,53.379776001
2017-04-24,54.2172927856
2017-04-25,54.5457458496
2017-04-26,54.5129013062
2017-04-27,54.5375328064
2017-04-28,54.4225845337
2017-05-01,54.5375328064
2017-05-02,54.7510261536
2017-05-03,54.5621643066
2017-05-04,54.685344696
2017-05-05,55.0794563293
2017-05-08,54.8823928833
2017-05-09,54.92345047
2017-05-10,55.0219917297
2017-05-11,54.9398765564
2017-05-12,54.9070167542
2017-05-15,55.2765235901
2017-05-16,55.3832435608
2017-05-17,54.529335022
2017-05-18,54.5621643066
2017-05-19,55.1123161316
2017-05-22,55.3339996338
2017-05-23,55.3257827759
2017-05-24,55.4325447083
2017-05-25,55.6213989258
2017-05-26,55.5639190674
2017-05-30,55.5064239502
2017-05-31,55.4818000793
2017-06-01,55.8923377991
2017-06-02,56.229019165
2017-06-05,56.1058387756
2017-06-06,55.9826812744
2017-06-07,55.9826812744
2017-06-08,55.966255188
2017-06-09,55.867729187
2017-06-12,55.7856063843
2017-06-13,56.1468963623
2017-06-14,56.0073013306
2017-06-15,55.6624641418
2017-06-16,55.9087677002
2017-06-19,56.261844635
2017-06-20,55.769203186
2017-06-21,55.769203186
2017-06-22,55.7938232422
2017-06-23,55.8923377991
2017-06-26,56.0647773743
2017-06-27,55.769203186
2017-06-28,56.2371330261
2017-06-29,55.6997566223
2017-06-30,55.8320274353
2017-07-03,55.9229698181
2017-07-05,55.9229698181
2017-07-06,55.4517059326
2017-07-07,55.6997566223
2017-07-10,55.8237571716
2017-07-11,55.8733711243
2017-07-12,56.3611526489
2017-07-13,56.5265235901
2017-07-14,56.8654785156
2017-07-17,56.8241653442
2017-07-18,56.8737487793
2017-07-19,57.1796531677
2017-07-20,57.2788772583
2017-07-21,57.1796531677
2017-07-24,57.1796531677
2017-07-25,57.2954063416
2017-07-26,57.469039917
2017-07-27,57.3284912109
2017-07-28,57.3036880493
2017-07-31,57.3119430542
2017-08-01,57.5599822998
2017-08-02,57.5103683472
2017-08-03,57.4359741211
2017-08-04,57.5434417725
2017-08-07,57.6839790344
2017-08-08,57.5021286011
2017-08-09,57.3698158264
2017-08-10,56.4934463501
2017-08-11,56.518245697
2017-08-14,57.0391197205
2017-08-15,56.9812240601
2017-08-16,57.2623519897
2017-08-17,56.4520950317
2017-08-18,56.518245697
2017-08-21,56.5678520203
2017-08-22,57.0225715637
2017-08-23,56.9564285278
2017-08-24,56.8654785156
2017-08-25,57.0887184143
2017-08-28,57.0804519653
2017-08-29,57.030834198
2017-08-30,57.1962051392
2017-08-31,57.5517120361
2017-09-01,57.7253379822
2017-09-05,57.3367462158
2017-09-06,57.5517120361
2017-09-07,57.7749443054
2017-09-08,57.7088012695
2017-09-11,58.2627334595
2017-09-12,58.4198303223
2017-09-13,58.2710075378
2017-09-14,58.2875328064
2017-09-15,58.3950195312
2017-09-18,58.593460083
2017-09-19,58.6844062805
2017-09-20,58.6844062805
2017-09-21,58.5273208618
2017-09-22,58.568649292
2017-09-25,58.3123435974
2017-09-26,58.2544593811
2017-09-27,58.3658218384
2017-09-28,58.4406089783
2017-09-29,58.764667511
2017-10-02,58.8976211548
2017-10-03,59.1552314758
2017-10-04,59.1801643372
2017-10-05,59.3546409607
2017-10-06,59.2798690796
2017-10-09,59.1967582703
2017-10-10,59.5208358765
2017-10-11,59.6870231628
2017-10-12,59.6537818909
2017-10-13,59.8199691772
2017-10-16,59.844909668
2017-10-17,59.8199691772
2017-10-18,59.8615379333
2017-10-19,59.78673172
2017-10-20,59.9280014038
2017-10-23,59.6953353882
2017-10-24,59.7950325012
2017-10-25,59.5540733337
2017-10-26,59.570690155
2017-10-27,59.8864631653
2017-10-30,59.8116645813
2017-10-31,60.0027923584
2017-11-01,60.1357345581
2017-11-02,60.2021980286
2017-11-03,60.2520675659
2017-11-06,60.4099502563
2017-11-07,60.2853164673
2017-11-08,60.418258667
2017-11-09,60.0858726501
2017-11-10,60.0360221863
2017-11-13,59.9446372986
2017-11-14,59.8532104492
2017-11-15,59.5042190552
2017-11-16,60.077583313
2017-11-17,59.9944801331
2017-11-20,60.0858726501
2017-11-21,60.5595283508
2017-11-22,60.6426086426
2017-11-24,60.8669662476
2017-11-27,60.6259994507
2017-11-28,61.0913314819
2017-11-29,60.9002075195
2017-11-30,61.1411781311
2017-12-01,61.0082244873
2017-12-04,60.9002075195
2017-12-05,60.7091064453
2017-12-06,60.5179786682
2017-12-07,60.7091064453
2017-12-08,61.0663948059
2017-12-11,61.2159538269
2017-12-12,61.2326011658
2017-12-13,61.3655357361
2017-12-14,61.099647522
2017-12-15,61.3821601868
2017-12-18,61.9555053711
2017-12-19,61.7397041321
2017-12-20,61.69789505
2017-12-21,61.8735389709
2017-12-22,61.9822692871
2017-12-26,61.9906463623
2017-12-27,62.0324478149
2017-12-28,62.2164993286
2017-12-29,62.116104126
2018-01-02,62.6598205566
2018-01-03,63.0864181519
2018-01-04,63.4628562927
2018-01-05,63.8308906555
2018-01-08,63.8977813721
2018-01-09,64.0065231323
2018-01-10,63.7974243164
2018-01-11,64.2658462524
2018-01-12,64.7761077881
2018-01-16,64.6255340576
2018-01-17,65.1357650757
2018-01-18,65.001914978
2018-01-19,65.3448867798
2018-01-22,65.8216781616
2018-01-23,66.0057067871
2018-01-24,66.1144104004
2018-01-25,66.0140762329
2018-01-26,66.6916046143
2018-01-29,66.139541626
2018-01-30,65.4619827271
2018-01-31,65.5205459595
2018-02-01,65.4703521729
2018-02-02,64.0399856567
2018-02-05,61.5807876587
2018-02-06,62.8689613342
2018-02-07,62.0659179688
2018-02-08,60.1002235413
2018-02-09,60.7359428406
2018-02-12,61.6393432617
2018-02-13,61.6811676025
2018-02-14,62.6598205566
2018-02-15,63.3540725708
2018-02-16,63.4042816162
2018-02-20,62.9275093079
2018-02-21,62.6932830811
2018-02-22,62.8020248413
2018-02-23,63.6468658447
2018-02-26,64.2407531738
2018-02-27,63.3457298279
2018-02-28,62.60962677
2018-03-01,61.8651657104
2018-03-02,62.1579551697
2018-03-05,62.6598205566
2018-03-06,63.0278587341
2018-03-07,62.9525871277
2018-03-08,63.1951408386
2018-03-09,63.9898071289
2018-03-12,64.0567321777
2018-03-13,63.6134223938
2018-03-14,63.5464744568
2018-03-15,63.4461097717
2018-03-16,63.4544639587
2018-03-19,62.7852897644
2018-03-20,62.9358558655
2018-03-21,62.9860458374
2018-03-22,61.5138511658
2018-03-23,60.476650238
2018-03-26,61.9011993408
2018-03-27,61.0785255432
2018-03-28,61.0533561707
2018-03-29,61.8088531494
2018-04-02,60.5832443237
2018-04-03,61.2212295532
2018-04-04,61.7081069946
2018-04-05,62.0355072021
2018-04-06,61.0365562439
2018-04-09,61.405921936
2018-04-10,62.3125190735
2018-04-11,62.0271148682
2018-04-12,62.3964500427
2018-04-13,62.2285652161
2018-04-16,62.5475578308
2018-04-17,63.0512428284
2018-04-18,63.2946891785
2018-04-19,62.8833503723
2018-04-20,62.4720230103
2018-04-23,62.3964500427
2018-04-24,61.8843955994
2018-04-25,61.8592300415
2018-04-26,62.3796882629
2018-04-27,62.4888153076
2018-04-30,62.0690727234
2018-05-01,62.0355072021
2018-05-02,61.8004684448
2018-05-03,61.7752723694
2018-05-04,62.3041305542
2018-05-07,62.3964500427
2018-05-08,62.404876709
2018-05-09,62.7826271057
2018-05-10,63.3618164062
2018-05-11,63.4961433411
2018-05-14,63.5884857178
2018-05-15,63.0176696777
2018-05-16,63.3366546631
2018-05-17,63.3198509216
2018-05-18,63.1100006104
2018-05-21,63.470954895
2018-05-22,63.4122123718
2018-05-23,63.2275085449
2018-05-24,63.1183929443
2018-05-25,62.9085235596
2018-05-29,61.9347686768
2018-05-30,62.7406463623
2018-05-31,62.4216499329
2018-06-01,63.026058197
2018-06-04,63.3450469971
2018-06-05,63.3282661438
2018-06-06,63.8822746277
2018-06-07,63.6640510559
2018-06-08,63.8067512512
2018-06-11,63.9662437439
2018-06-12,63.8990974426
2018-06-13,63.7060127258
2018-06-14,63.7731666565
2018-06-15,63.504535675
2018-06-18,63.202331543
2018-06-19,62.7742385864
2018-06-20,62.9924812317
2018-06-21,62.4720230103
2018-06-22,62.8449859619
2018-06-25,61.9485168457
2018-06-26,62.0161743164
2018-06-27,61.4326171875
2018-06-28,61.7455482483
2018-06-29,62.0500106812
2018-07-02,61.8301429749
2018-07-03,61.7624664307
2018-07-05,62.2529830933
2018-07-06,62.6504745483
2018-07-09,63.2762985229
2018-07-10,63.3862228394
2018-07-11,62.6842765808
2018-07-12,63.1748008728
2018-07-13,63.2509078979
2018-07-16,63.1663589478
2018-07-17,63.4115943909
2018-07-18,63.4539108276
2018-07-19,63.2170791626
2018-07-20,63.3354988098
2018-07-23,63.3354988098
2018-07-24,63.6145820618
2018-07-25,64.2742080688
2018-07-26,64.0035934448
2018-07-27,63.8090858459
2018-07-30,63.5892105103
2018-07-31,63.834438324
2018-08-01,63.6061096191
2018-08-02,63.6145820618
2018-08-03,63.834438324
2018-08-06,63.834438324
2018-08-07,64.0797271729
2018-08-08,64.0374298096
2018-08-09,63.893661499
2018-08-10,63.1748008728
2018-08-13,62.8365211487
2018-08-14,63.1325073242
2018-08-15,62.4305877686
2018-08-16,62.9041786194
2018-08-17,63.183265686
2018-08-20,63.4285125732
2018-08-21,63.6822319031
2018-08-22,63.851360321
2018-08-23,63.5553855896
2018-08-24,64.0120620728
2018-08-27,64.6886444092
2018-08-28,64.6378936768
2018-08-29,64.9423599243
2018-08-30,64.4010925293
2018-08-31,64.3841705322
2018-09-04,63.9782295227
2018-09-05,63.5553855896
2018-09-06,63.4200630188
2018-09-07,63.1325073242
2018-09-10,63.2847671509
2018-09-11,63.4115943909
2018-09-12,63.5299987793
2018-09-13,63.9274749756
2018-09-14,63.9697723389
2018-09-17,63.7414131165
2018-09-18,64.189666748
2018-09-19,64.3503494263
2018-09-20,64.9508132935
2018-09-21,64.9338912964
2018-09-24,64.6463546753
2018-09-25,64.7309112549
2018-09-26,64.622177124
2018-09-27,64.6731262207
2018-09-28,64.4352035522
2018-10-01,64.6391677856
2018-10-02,64.3332366943
2018-10-03,64.3332366943
2018-10-04,63.6279525757
2018-10-05,63.2456092834
2018-10-08,63.10962677
2018-10-09,62.9566650391
2018-10-10,61.1722450256
2018-10-11,60.1015892029
2018-10-12,60.7813606262
2018-10-15,60.5264358521
2018-10-16,61.7245674133
2018-10-17,61.4781532288
2018-10-18,60.5264358521
2018-10-19,60.5859336853
2018-10-22,60.4159660339
2018-10-23,59.9996185303
2018-10-24,58.164188385
2018-10-25,59.1328697205
2018-10-26,58.4106140137
2018-10-29,58.0112190247
2018-10-30,58.8609657288
2018-10-31,59.3962745667
2018-11-01,60.3310012817
2018-11-02,60.2035484314
2018-11-05,60.3649978638
2018-11-06,60.6709136963
2018-11-07,61.7160568237
2018-11-08,61.2232170105
2018-11-09,60.7388839722
2018-11-12,59.6682167053
2018-11-13,59.7616767883
2018-11-14,59.5577507019
2018-11-15,60.0845794678
2018-11-16,60.2035484314
2018-11-19,59.3792991638
2018-11-20,58.2916526794
2018-11-21,58.8354682922
2018-11-23,58.4615974426
2018-11-26,59.3113250732
2018-11-27,59.3198127747
2018-11-28,60.4584465027
2018-11-29,60.305519104
2018-11-30,60.4244804382
2018-12-03,61.2487068176
2018-12-04,59.4472846985
2018-12-06,59.1413726807
2018-12-07,58.0537261963
2018-12-10,57.9262542725
2018-12-11,57.9517440796
2018-12-12,58.5805625916
2018-12-13,58.4700965881
2018-12-14,57.5523757935
2018-12-17,56.6006851196
2018-12-18,56.6771430969
2018-12-19,55.9463920593
2018-12-20,55.3515663147
2018-12-21,54.3913726807
2018-12-24,53.371547699
2018-12-26,55.3581008911
2018-12-27,55.6663551331
2018-12-28,55.7263069153
2018-12-31,56.0516891479
2019-01-02,55.9831848145
2019-01-03,55.1097831726
2019-01-04,56.899394989
2019-01-07,57.2504806519
2019-01-08,57.7128601074
2019-01-09,58.2523040771
2019-01-10,58.5177612305
2019-01-11,58.2951278687
2019-01-14,57.978302002
2019-01-15,58.5006370544
2019-01-16,58.6975784302
2019-01-17,59.0315284729
2019-01-18,59.6737365723
2019-01-22,58.8260231018
2019-01-23,58.9630203247
2019-01-24,59.1428260803
2019-01-25,59.7422180176
2019-01-28,59.3568992615
2019-01-29,59.3911590576
2019-01-30,60.2302932739
2019-01-31,60.5300064087
2019-02-01,60.5385513306
2019-02-04,60.8553771973
2019-02-05,61.2749595642
2019-02-06,61.0180778503
2019-02-07,60.4272460938
2019-02-08,60.3159332275
2019-02-11,60.3159332275
2019-02-12,61.0523376465
2019-02-13,61.0780258179
2019-02-14,61.0694465637
2019-02-15,61.7373390198
2019-02-19,61.8914871216
2019-02-20,62.12266922
2019-02-21,61.8914871216
2019-02-22,62.2853431702
2019-02-25,62.4480514526
2019-02-26,62.5165519714
2019-02-27,62.4395027161
2019-02-28,62.2339897156
2019-03-01,62.5508041382
2019-03-04,62.3624382019
2019-03-05,62.4480514526
2019-03-06,62.071269989
2019-03-07,61.4119644165
2019-03-08,61.2492675781
2019-03-11,62.071269989
2019-03-12,62.2254295349
2019-03-13,62.5850639343
2019-03-14,62.5079956055
2019-03-15,62.9960975647
2019-03-18,63.2786483765
2019-03-19,63.2872009277
2019-03-20,63.1844558716
2019-03-21,63.5612030029
2019-03-22,62.2682380676
2019-03-25,62.2518997192
2019-03-26,62.6215324402
2019-03-27,62.3894233704
2019-03-28,62.5613555908
2019-03-29,62.8965950012
2019-04-01,63.7046051025
2019-04-02,63.6960296631
2019-04-03,63.9625091553
2019-04-04,64.0484466553
2019-04-05,64.3063354492
2019-04-08,64.3836975098
2019-04-09,64.0398788452
2019-04-10,64.3063354492
2019-04-11,64.1945648193
2019-04-12,64.6501922607
2019-04-15,64.5470352173
2019-04-16,64.6931533813
2019-04-17,64.6157836914
2019-04-18,64.667388916
2019-04-22,64.6072158813
2019-04-23,65.0198135376
2019-04-24,64.667388916
2019-04-25,64.6243896484
2019-04-26,64.93384552
2019-04-29,65.0198135376
2019-04-30,65.0799636841
2019-05-01,64.6587905884
2019-05-02,64.5642242432
2019-05-03,65.1831054688
2019-05-06,64.7275390625
2019-05-07,63.6530189514
2019-05-08,63.6444396973
2019-05-09,63.2748222351
2019-05-10,63.5842781067
2019-05-13,61.9854278564
2019-05-14,62.6301078796
2019-05-15,62.9223632812
2019-05-16,63.3865699768
2019-05-17,62.8794136047
2019-05-20,62.5269508362
2019-05-21,63.0771064758
2019-05-22,62.7934532166
2019-05-23,62.0885734558
2019-05-24,62.3722457886
2019-05-28,61.8822593689
2019-05-29,61.5728187561
2019-05-30,61.7877120972
2019-05-31,61.194606781
2019-06-03,61.2891693115
2019-06-04,62.3378486633
2019-06-05,62.5527687073
2019-06-06,62.8450431824
2019-06-07,63.4811248779
2019-06-10,63.7475814819
2019-06-11,63.9281158447
2019-06-12,63.6186637878
2019-06-13,63.7991638184
2019-06-14,63.4983291626
2019-06-17,63.5857810974
2019-06-18,64.365234375
2019-06-19,64.6683349609
2019-06-20,65.3005599976
2019-06-21,65.0667266846
2019-06-24,65.0407714844
2019-06-25,64.4778366089
2019-06-26,64.5124740601
2019-06-27,64.798286438
2019-06-28,65.0927352905
2019-07-01,65.6556777954
2019-07-02,65.7509384155
2019-07-03,66.1752929688
2019-07-05,65.9154815674
2019-07-08,65.6036911011
2019-07-09,65.4997634888
2019-07-10,65.8202133179
2019-07-11,65.8548202515
2019-07-12,66.0800094604
2019-07-15,66.0973510742
2019-07-16,65.8721694946
2019-07-17,65.5604095459
2019-07-18,65.8288574219
2019-07-19,65.5690612793
2019-07-22,65.6383361816
2019-07-23,66.0627059937
2019-07-24,66.2792282104
2019-07-25,65.8028945923
2019-07-26,66.1319961548
2019-07-29,66.0713653564
2019-07-30,65.6903076172
2019-07-31,65.0927352905
2019-08-01,64.5730895996
2019-08-02,63.9755058289
2019-08-05,62.1914100647
2019-08-06,62.8842697144
2019-08-07,63.06615448
2019-08-08,64.0447692871
2019-08-09,63.5511474609
2019-08-12,62.8842697144
2019-08-13,63.6810569763
2019-08-14,61.8190345764
2019-08-15,62.0442085266
2019-08-16,62.9015884399
2019-08-19,63.4385452271
2019-08-20,63.0921325684
2019-08-21,63.6204223633
2019-08-22,63.4904975891
2019-08-23,62.1827964783
2019-08-26,62.7889976501
2019-08-27,62.5898208618
2019-08-28,62.9102592468
2019-08-29,63.6117553711
2019-08-30,63.7243537903
2019-09-03,63.386592865
2019-09-04,64.1660461426
2019-09-05,64.8935241699
2019-09-06,65.0061035156
2019-09-09,65.0580825806
2019-09-10,65.0840759277
2019-09-11,65.5430679321
2019-09-12,65.8375167847
2019-09-13,65.967414856
2019-09-16,65.7249526978
2019-09-17,65.8548202515
2019-09-18,65.8028945923
2019-09-19,65.8461761475
2019-09-20,65.6296844482
2019-09-23,65.6123580933
2019-09-24,65.1811981201
2019-09-25,65.32056427
2019-09-26,65.3466873169
2019-09-27,64.9372940063
2019-09-30,65.1724777222
2019-10-01,64.4756240845
2019-10-02,63.4129333496
2019-10-03,63.9007453918
2019-10-04,64.5801620483
2019-10-07,64.3711166382
2019-10-08,63.5261764526
2019-10-09,64.057510376
2019-10-10,64.5017547607
2019-10-11,65.3641052246
2019-10-14,65.1986236572
2019-10-15,65.878036499
2019-10-16,65.8431549072
2019-10-17,66.0261306763
2019-10-18,65.8257827759
2019-10-21,66.2874069214
2019-10-22,66.1044921875
2019-10-23,66.2961349487
2019-10-24,66.4355010986
2019-10-25,66.6881027222
2019-10-28,67.0452346802
2019-10-29,66.9842834473
2019-10-30,67.1933517456
2019-10-31,66.9929885864
2019-11-01,67.6549835205
2019-11-04,67.9772949219
2019-11-05,67.9859695435
2019-11-06,67.9772949219
2019-11-07,68.1950454712
2019-11-08,68.2473144531
2019-11-11,68.0731048584
2019-11-12,68.1253509521
2019-11-13,68.0034179688
2019-11-14,68.0208206177
2019-11-15,68.4999160767
2019-11-18,68.5260391235
2019-11-19,68.5434570312
2019-11-20,68.203742981
2019-11-21,68.1253509521
2019-11-22,68.2734298706
2019-11-25,68.7960739136
2019-11-26,68.8570556641
2019-11-27,69.1357955933
2019-11-29,68.7089614868
2019-12-02,68.2211761475
2019-12-03,67.8640441895
2019-12-04,68.3779602051
2019-12-05,68.4389343262
2019-12-06,69.0486679077
2019-12-09,68.8134918213
2019-12-10,68.7525100708
2019-12-11,69.0486679077
2019-12-12,69.6845474243
2019-12-13,69.8064956665
2019-12-16,70.3988265991
2019-12-17,70.3726654053
2019-12-18,70.3988265991
2019-12-19,70.5817184448
2019-12-20,70.7907714844
2019-12-23,70.8882064819
2019-12-24,70.861869812
2019-12-26,71.1866149902
2019-12-27,71.2743911743
2019-12-30,70.8530883789
2019-12-31,71.0812911987
2020-01-02,71.8009796143
2020-01-03,71.1515045166
2020-01-06,71.4148025513
2020-01-07,71.1953964233
2020-01-08,71.4850082397
2020-01-09,71.8360900879
2020-01-10,71.686882019
2020-01-13,72.1959381104
2020-01-14,72.1696014404
2020-01-15,72.178352356
2020-01-16,72.696182251
2020-01-17,72.9155960083
2020-01-21,72.4504318237
2020-01-22,72.5469894409
2020-01-23,72.4679870605
2020-01-24,71.8975067139
2020-01-27,70.5634841919
2020-01-28,71.2568283081
2020-01-29,71.1866149902
2020-01-30,71.1866149902
2020-01-31,69.9754486084
2020-02-03,70.361618042
2020-02-04,71.5201339722
2020-02-05,72.1696014404
2020-02-06,72.3977584839
2020-02-07,71.8097305298
2020-02-10,72.1871414185
2020-02-11,72.5469894409
2020-02-12,72.9945831299
2020-02-13,72.7312850952
2020-02-14,72.7839584351
2020-02-18,72.4679870605
2020-02-19,72.8541641235
2020-02-20,72.4504318237
2020-02-21,71.8623962402
2020-02-24,69.3962097168
2020-02-25,67.7462005615
2020-02-26,67.6321029663
2020-02-27,65.1307907104
2020-02-28,64.9201660156
2020-03-02,66.701789856
2020-03-03,65.4116439819
2020-03-04,67.5970077515
2020-03-05,65.6661682129
2020-03-06,64.5076675415
2020-03-09,59.4172554016
2020-03-10,62.111656189
2020-03-11,59.0398674011
2020-03-12,53.0015983582
2020-03-13,57.2231140137
2020-03-16,50.5617141724
2020-03-17,53.4667549133
2020-03-18,50.0614509583
2020-03-19,50.552947998
2020-03-20,49.1750297546
2020-03-23,48.0040016174
2020-03-24,52.3920288086
2020-03-25,53.5903701782
2020-03-26,56.3042526245
2020-03-27,54.4274291992
2020-03-30,55.8724975586
2020-03-31,55.3350143433
2020-04-01,52.89427948
2020-04-02,53.9780654907
2020-04-03,53.0352516174
2020-04-06,56.2866325378
2020-04-07,56.4980964661
2020-04-08,57.8550376892
2020-04-09,58.9300231934
2020-04-13,58.401348114
2020-04-14,59.8023490906
2020-04-15,58.2427406311
2020-04-16,58.4718322754
2020-04-17,60.0138130188
2020-04-20,59.1150512695
2020-04-21,57.44090271
2020-04-22,58.7009429932
2020-04-23,58.6568832397
2020-04-24,59.3001022339
2020-04-27,60.3045654297
2020-04-28,60.3045654297
2020-04-29,62.0227851868
2020-04-30,61.0711669922
2020-05-01,59.4851417542
2020-05-04,59.6613616943
2020-05-05,60.0843048096
2020-05-06,59.7318572998
2020-05-07,60.5424880981
2020-05-08,61.6086578369
2020-05-11,61.5998420715
2020-05-12,60.5424880981
2020-05-13,59.6966247559
2020-05-14,59.9697532654
2020-05-15,60.0843048096
2020-05-18,62.199016571
2020-05-19,61.5734062195
2020-05-20,62.6395683289
2020-05-21,62.1021003723
2020-05-22,62.040397644
2020-05-26,63.2211151123
2020-05-27,64.0758361816
2020-05-28,64.1110687256
2020-05-29,64.2520523071
2020-06-01,65.0803070068
2020-06-02,65.8028335571
2020-06-03,66.9747543335
2020-06-04,66.648727417
2020-06-05,68.2523880005
2020-06-08,69.1070709229
2020-06-09,68.3845443726
2020-06-10,68.1818847656
2020-06-11,64.2961120605
2020-06-12,65.265335083
2020-06-15,65.6618728638
2020-06-16,66.7808761597
2020-06-17,66.6839752197
2020-06-18,66.6222839355
2020-06-19,66.3138961792
2020-06-22,66.8982315063
2020-06-23,67.1727142334
2020-06-24,65.561340332
2020-06-25,66.2961807251
2020-06-26,65.0212631226
2020-06-29,65.8003921509
2020-06-30,66.2253494263
2020-07-01,66.6680374146
2020-07-02,67.2701034546
2020-07-06,68.5096054077
2020-07-07,67.7039108276
2020-07-08,68.3768157959
2020-07-09,67.9429626465
2020-07-10,68.491897583
2020-07-13,67.9429626465
2020-07-14,68.7397842407
2020-07-15,69.4657974243
2020-07-16,69.0762329102
2020-07-17,69.3241348267
2020-07-20,69.8819122314
2020-07-21,70.1475219727
2020-07-22,70.4308395386
2020-07-23,69.6871185303
2020-07-24,69.3152999878
2020-07-27,70.0589828491
2020-07-28,69.580909729
2020-07-29,70.4662780762
2020-07-30,70.0058670044
2020-07-31,69.7314071655
2020-08-03,70.5459365845
2020-08-04,70.9000778198
2020-08-05,71.3781967163
2020-08-06,71.688079834
2020-08-07,71.4401702881
2020-08-10,71.6349411011
2020-08-11,71.4135971069
2020-08-12,72.4848937988
2020-08-13,72.2901077271
2020-08-14,72.1572952271
2020-08-17,72.6000061035
2020-08-18,72.6619796753
2020-08-19,72.2989730835
2020-08-20,72.3166732788
2020-08-21,72.3874816895
2020-08-24,73.1400680542
2020-08-25,73.3968353271
2020-08-26,73.972328186
2020-08-27,73.8040771484
2020-08-28,74.3441696167
2020-08-31,73.9191665649
2020-09-01,74.4769821167
2020-09-02,75.3180618286
2020-09-03,73.0603790283
2020-09-04,72.7859268188
2020-09-08,71.1037445068
2020-09-09,72.4052047729
2020-09-10,71.3870239258
2020-09-11,71.6703567505
2020-09-14,72.5734405518
2020-09-15,72.9984054565
2020-09-16,72.874458313
2020-09-17,72.4848937988
2020-09-18,71.8474273682
2020-09-21,70.8001556396
2020-09-22,71.1293716431
2020-09-23,69.7590866089
2020-09-24,69.7946929932
2020-09-25,70.5599212646
2020-09-28,71.6721496582
2020-09-29,71.4141235352
2020-09-30,71.7522201538
2020-10-01,72.3305740356
2020-10-02,71.8678970337
2020-10-05,73.0513000488
2020-10-06,72.303894043
2020-10-07,73.3271408081
2020-10-08,73.932182312
2020-10-09,74.4927444458
2020-10-12,75.3113479614
2020-10-13,74.8219680786
2020-10-14,74.4927444458
2020-10-15,74.1368408203
2020-10-16,74.1724319458
2020-10-19,73.4695053101
2020-10-20,73.8165130615
2020-10-21,73.6296691895
2020-10-22,73.9143829346
2020-10-23,74.2525177002
2020-10-26,72.9356613159
2020-10-27,72.624206543
2020-10-28,70.3730545044
2020-10-29,70.9869995117
2020-10-30,70.2840805054
2020-11-02,71.1560516357
2020-11-03,72.4996414185
2020-11-04,73.8610153198
2020-11-05,75.4270401001
2020-11-06,75.5160217285
2020-11-09,76.7261123657
2020-11-10,76.7794952393
2020-11-11,77.2688751221
2020-11-12,76.4502792358
2020-11-13,77.5269241333
2020-11-16,78.5145950317
2020-11-17,78.3544082642
2020-11-18,77.6781768799
2020-11-19,78.1586685181
2020-11-20,78.0341033936
2020-11-23,78.4167098999
2020-11-24,79.6090164185
2020-11-25,79.4844589233
2020-11-27,79.8759613037
2020-11-30,78.9772872925
2020-12-01,80.1517944336
2020-12-02,80.2051925659
2020-12-03,80.4720916748
2020-12-04,81.2462081909
2020-12-07,80.9881820679
2020-12-08,81.2462081909
2020-12-09,80.7479476929
2020-12-10,80.979309082
2020-12-11,80.7657546997
2020-12-14,80.5877838135
2020-12-15,81.6288299561
2020-12-16,81.8246002197
2020-12-17,82.3495635986
2020-12-18,82.0915222168
2020-12-21,81.5025177002
2020-12-22,81.4219512939
2020-12-23,81.7979278564
2020-12-24,81.9858932495
2020-12-28,82.3618621826
2020-12-29,82.5229873657
2020-12-30,82.8094177246
2020-12-31,82.8720703125
2021-01-04,82.3976745605
2021-01-05,83.3017654419
2021-01-06,83.8925476074
2021-01-07,84.7429428101
2021-01-08,85.5127487183
2021-01-11,84.7429428101
2021-01-12,85.0651702881
2021-01-13,85.1367950439
2021-01-14,85.2800064087
2021-01-15,84.3938140869
2021-01-19,85.1278457642
2021-01-20,86.1572570801
2021-01-21,86.1840896606
2021-01-22,85.781288147
2021-01-25,85.96925354
2021-01-26,85.7186355591
2021-01-27,83.6598205566
2021-01-28,84.34009552
2021-01-29,82.68409729
2021-02-01,84.0984268188
2021-02-02,85.2621078491
2021-02-03,85.3963851929
2021-02-04,85.987159729
2021-02-05,86.5153121948
2021-02-08,87.1150588989
2021-02-09,87.383605957
2021-02-10,87.3746490479
2021-02-11,87.822227478
2021-02-12,88.2429351807
2021-02-16,88.3592987061
2021-02-17,88.072845459
2021-02-18,87.5984268188
2021-02-19,87.822227478
2021-02-22,86.8823165894
2021-02-23,87.0434494019
2021-02-24,87.5984268188
2021-02-25,85.6022415161
2021-02-26,84.895111084
2021-03-01,86.9091644287
2021-03-02,86.3452377319
2021-03-03,85.4321899414
2021-03-04,84.1879348755
2021-03-05,85.342666626
2021-03-08,84.7339935303
2021-03-09,86.0498352051
2021-03-10,86.4526519775
2021-03-11,87.5625991821
2021-03-12,87.5715789795
2021-03-15,87.938583374
2021-03-16,87.8669662476
2021-03-17,88.2429351807
2021-03-18,86.953918457
2021-03-19,87.0434494019
2021-03-22,87.4320373535
2021-03-23,86.3460998535
2021-03-24,85.6550521851
2021-03-25,86.1486587524
2021-03-26,87.4948806763
2021-03-29,87.1628036499
2021-03-30,87.1448440552
2021-03-31,87.3153915405
2021-04-01,88.4641265869
2021-04-05,89.4782791138
2021-04-06,89.2898101807
2021-04-07,89.1552047729
2021-04-08,89.7206115723
2021-04-09,90.0526657104
2021-04-12,89.8641967773
2021-04-13,90.2052383423
2021-04-14,90.1693344116
2021-04-15,91.0398788452
2021-04-16,91.3899307251
2021-04-19,90.97706604
2021-04-20,89.9539413452
2021-04-21,90.869392395
2021-04-22,90.2950134277
2021-04-23,91.3450393677
2021-04-26,91.6142807007
2021-04-27,91.5155639648
2021-04-28,91.6861038208
2021-04-29,91.8924789429
2021-04-30,90.923210144
2021-05-03,91.3450393677
2021-05-04,90.4565353394
2021-05-05,90.8604125977
2021-05-06,91.4617233276
2021-05-07,92.3233032227
2021-05-10,91.3899307251
2021-05-11,90.5911483765
2021-05-12,88.6346511841
2021-05-13,89.4603424072
2021-05-14,90.9052886963
2021-05-17,90.7257843018
2021-05-18,90.5642318726
2021-05-19,90.0885772705
2021-05-20,91.1206741333
2021-05-21,90.9950332642
2021-05-24,91.7219924927
2021-05-25,91.7399368286
2021-05-26,91.9643096924
2021-05-27,92.0989227295
2021-05-28,92.3591995239
2021-06-01,92.709197998
2021-06-02,92.8438186646
2021-06-03,92.3322677612
2021-06-04,93.2117919922
2021-06-07,93.2746276855
2021-06-08,93.2477035522
2021-06-09,93.005355835
2021-06-10,93.4630813599
2021-06-11,93.6336212158
2021-06-14,93.7951431274
2021-06-15,93.6066818237
2021-06-16,92.9963989258
2021-06-17,92.7540893555
2021-06-18,91.3809509277
2021-06-21,92.6391601562
2021-06-22,92.873664856
2021-06-23,92.7383804321
2021-06-24,93.4148330688
2021-06-25,93.7846221924
2021-06-28,93.6854019165
2021-06-29,93.7034454346
2021-06-30,93.450920105
2021-07-01,93.7936325073
2021-07-02,94.1905136108
2021-07-06,93.7124938965
2021-07-07,93.9470062256
2021-07-08,92.873664856
2021-07-09,94.2446136475
2021-07-12,94.4701004028
2021-07-13,94.0281600952
2021-07-14,94.1003341675
2021-07-15,93.6944198608
2021-07-16,92.9728927612
2021-07-19,91.5658111572
2021-07-20,92.6662063599
2021-07-21,93.6132507324
2021-07-22,93.7124938965
2021-07-23,94.3257980347
2021-07-26,94.2175750732
2021-07-27,93.6042327881
2021-07-28,94.1003341675
2021-07-29,94.5603027344
2021-07-30,94.0281600952
2021-08-02,94.1003341675
2021-08-03,94.7948150635
2021-08-04,94.4881515503
2021-08-05,94.9571838379
2021-08-06,94.8759994507
2021-08-09,94.830909729
2021-08-10,94.9030380249
2021-08-11,95.2818603516
2021-08-12,95.2818603516
2021-08-13,95.4983444214
2021-08-16,95.2818603516
2021-08-17,94.3889389038
2021-08-18,93.7575683594
2021-08-19,93.2705459595
2021-08-20,93.838760376
2021-08-23,94.8218612671
2021-08-24,95.3359909058
2021-08-25,95.5073623657
2021-08-26,94.8759994507
2021-08-27,95.8861694336
2021-08-30,96.1116485596
2021-08-31,96.1567611694
2021-09-01,96.6257781982
2021-09-02,96.9234085083
2021-09-03,97.0947799683
2021-09-07,96.8332366943
2021-09-08,96.3461685181
2021-09-09,96.0936279297
2021-09-10,95.6065750122
2021-09-13,95.9493179321
2021-09-14,95.3810806274
2021-09-15,95.9583358765
2021-09-16,95.741859436
2021-09-17,94.7948150635
2021-09-20,93.0852508545
2021-09-21,93.3749847412
2021-09-22,94.2714309692
2021-09-23,95.3308792114
2021-09-24,94.9867782593
2021-09-27,94.9233856201
2021-09-28,92.9494018555
2021-09-29,92.8407287598
2021-09-30,92.2069091797
2021-10-01,92.9494018555
2021-10-04,91.8628158569
2021-10-05,92.5781555176
2021-10-06,92.5781555176
2021-10-07,93.4927062988
2021-10-08,93.4021606445
2021-10-11,92.913192749
2021-10-12,92.8407287598
2021-10-13,93.5017623901
2021-10-14,94.79662323
2021-10-15,95.4666976929
2021-10-18,95.5572433472
2021-10-19,96.2454223633
2021-10-20,96.5985565186
2021-10-21,96.5532913208
2021-10-22,96.6076278687
2021-10-25,96.9245529175
2021-10-26,96.8792572021
2021-10-27,96.3088150024
2021-10-28,97.1781005859
2021-10-29,96.9517211914
2021-11-01,97.5493545532
2021-11-02,97.5674591064
2021-11-03,98.2194061279
2021-11-04,98.3824081421
2021-11-05,98.6993408203
2021-11-08,98.9076004028
2021-11-09,98.6359481812
2021-11-10,97.6851654053
2021-11-11,97.9930343628
2021-11-12,98.6449813843
2021-11-15,98.5906677246
2021-11-16,98.7627029419
2021-11-17,98.4005050659
2021-11-18,98.4367523193
2021-11-19,97.9930343628
2021-11-22,97.4316177368
2021-11-23,97.413520813
2021-11-24,97.4678497314
2021-11-26,95.0139465332
2021-11-29,95.8560714722
2021-11-30,94.4163131714
2021-12-01,93.4202804565
2021-12-02,94.8600158691
2021-12-03,93.9816818237
2021-12-06,95.0139465332
2021-12-07,96.9788818359
2021-12-08,97.3410873413
2021-12-09,96.471824646
2021-12-10,96.9607696533
2021-12-13,95.9828186035
2021-12-14,95.3851776123
2021-12-15,96.5895004272
2021-12-16,96.0462036133
2021-12-17,95.1678771973
2021-12-20,94.2966156006
2021-12-21,95.893157959
2021-12-22,96.7781219482
2021-12-23,97.398475647
2021-12-27,98.4294128418
2021-12-28,98.3199234009
2021-12-29,98.3564147949
2021-12-30,98.2742919922
2021-12-31,98.0097351074
2022-01-03,98.575378418
2022-01-04,98.6118545532
2022-01-05,96.9332046509
2022-01-06,96.8419570923
2022-01-07,96.7051239014
2022-01-10,96.3858261108
2022-01-11,97.498840332
2022-01-12,98.0371017456
2022-01-13,96.8237228394
2022-01-14,96.8146057129
2022-01-18,95.1542053223
2022-01-19,94.6159362793
2022-01-20,93.8404693604
2022-01-21,92.2439193726
2022-01-24,92.1253051758
2022-01-25,91.2130126953
2022-01-26,90.8024597168
2022-01-27,90.1182327271
2022-01-28,91.6053085327
2022-01-31,93.5211639404
2022-02-01,94.2601242065
2022-02-02,94.8166503906
2022-02-03,92.9828872681
2022-02-04,93.3934326172
2022-02-07,93.2839508057
2022-02-08,93.9955596924
2022-02-09,95.5282363892
2022-02-10,94.150642395
2022-02-11,92.517616272
2022-02-14,92.0523529053
2022-02-15,93.6671295166
2022-02-16,93.9499511719
2022-02-17,92.134437561
2022-02-18,91.4867019653
2022-02-22,90.4010467529
2022-02-23,89.1420593262
2022-02-24,89.5161056519
2022-02-25,91.4958267212
2022-02-28,90.93019104
2022-03-01,89.4157562256
2022-03-02,90.7477416992
2022-03-03,89.7989273071
2022-03-04,88.4851760864
2022-03-07,85.6661453247
2022-03-08,85.5749206543
2022-03-09,88.15675354
2022-03-10,87.4725265503
2022-03-11,86.3595046997
2022-03-14,85.8212356567
2022-03-15,87.1805877686
2022-03-16,89.9448852539
2022-03-17,90.8845901489
2022-03-18,91.8516082764
2022-03-21,91.620223999
2022-03-22,92.6629180908
2022-03-23,91.5287322998
2022-03-24,92.5622940063
2022-03-25,92.7726745605
2022-03-28,93.074508667
2022-03-29,94.5836791992
2022-03-30,94.0623168945
2022-03-31,92.6446151733
2022-04-01,93.2391433716
2022-04-04,93.9983062744
2022-04-05,92.6446151733
2022-04-06,91.6110687256
2022-04-07,91.8214416504
2022-04-08,91.6019287109
2022-04-11,90.3214187622
2022-04-12,89.9464035034
2022-04-13,91.0531387329
2022-04-14,90.1842193604
2022-04-18,89.9281082153
2022-04-19,90.952545166
2022-04-20,91.0256881714
2022-04-21,89.6354370117
2022-04-22,87.6049118042
2022-04-25,87.7055282593
2022-04-26,85.3091506958
2022-04-27,85.6292800903
2022-04-28,87.4036941528
2022-04-29,85.1445007324
2022-05-02,85.4189071655
2022-05-03,85.8762283325
2022-05-04,87.9341888428
2022-05-05,84.9341506958
2022-05-06,84.0926818848
2022-05-09,81.3030014038
2022-05-10,81.5865097046
2022-05-11,80.5438537598
2022-05-12,80.424949646
2022-05-13,82.6475296021
2022-05-16,82.3822860718
2022-05-17,84.0835266113
2022-05-18,81.2846984863
2022-05-19,81.4950714111
2022-05-20,81.7237319946
2022-05-23,83.0042419434
2022-05-24,82.2999649048
2022-05-25,82.8853530884
2022-05-26,84.2847595215
2022-05-27,85.9859924316
2022-05-31,85.5652618408
2022-06-01,84.9249954224
2022-06-02,86.6445388794
2022-06-03,85.2542648315
2022-06-06,85.5835494995
2022-06-07,86.2146759033
2022-06-08,85.3640213013
2022-06-09,83.4341278076
2022-06-10,81.2481155396
2022-06-13,78.2206344604
2022-06-14,77.9736785889
2022-06-15,79.2084579468
2022-06-16,76.7206192017
2022-06-17,76.8029251099
2022-06-21,78.4132080078
2022-06-22,77.9710006714
2022-06-23,78.4408340454
2022-06-24,80.7991256714
2022-06-27,80.5964736938
2022-06-28,79.4541702271
2022-06-29,79.2146682739
2022-06-30,78.6158599854
2022-07-01,79.1041030884
2022-07-05,78.6895523071
2022-07-06,78.7356338501
2022-07-07,79.9884643555
2022-07-08,79.9608383179
2022-07-11,78.7724761963
2022-07-12,78.3210754395
2022-07-13,78.0447158813
2022-07-14,77.445930481
2022-07-15,78.7448425293
2022-07-18,78.6066589355
2022-07-19,80.6148757935
2022-07-20,80.8820648193
2022-07-21,81.7387695312
2022-07-22,81.0386352539
2022-07-25,81.3426437378
2022-07-26,80.3569488525
2022-07-27,82.3006973267
2022-07-28,83.1021499634
2022-07-29,84.106262207
2022-08-01,83.9036102295
2022-08-02,83.2495346069
2022-08-03,84.2352371216
2022-08-04,84.3734054565
2022-08-05,84.1799621582
2022-08-08,84.2997207642
2022-08-09,83.8483123779
2022-08-10,85.6999511719
2022-08-11,85.7552337646
2022-08-12,86.9159469604
2022-08-15,86.9343795776
2022-08-16,87.0357131958
2022-08-17,86.3448104858
2022-08-18,86.3540039062
2022-08-19,85.1472473145
2022-08-22,83.571975708
2022-08-23,83.5351028442
2022-08-24,83.8114852905
2022-08-25,85.0274734497
2022-08-26,82.503364563
2022-08-29,82.0519790649
2022-08-30,81.2228622437
2022-08-31,80.6977996826
2022-09-01,80.4030075073
2022-09-02,79.7213134766
2022-09-06,79.3343963623
2022-09-07,80.4859237671
2022-09-08,80.8636169434
2022-09-09,82.4020309448
2022-09-12,83.3785095215
2022-09-13,80.1082229614
2022-09-14,80.4398651123
2022-09-15,79.6199874878
2022-09-16,78.9567184448
2022-09-19,79.440788269
2022-09-20,78.4041442871
2022-09-21,77.1638946533
2022-09-22,76.5622940063
2022-09-23,74.8129882812
2022-09-26,73.9151916504
2022-09-27,73.6652984619
2022-09-28,75.2017211914
2022-09-29,73.7856063843
2022-09-30,73.0081481934
2022-10-03,74.8129882812
2022-10-04,77.3490219116
2022-10-05,76.9787826538
2022-10-06,76.1180114746
2022-10-07,74.2761535645
2022-10-10,73.646774292
2022-10-11,72.9988937378
2022-10-12,72.8137741089
2022-10-13,74.3779602051
2022-10-14,72.8230361938
2022-10-17,74.7389450073
2022-10-18,75.4608688354
2022-10-19,74.6649017334
2022-10-20,74.3131561279
2022-10-21,75.8588638306
2022-10-24,76.0069503784
2022-10-25,77.4045562744
2022-10-26,77.4230575562
2022-10-27,76.9880523682
2022-10-28,78.2190322876
2022-10-31,77.6637115479
2022-11-01,77.8210525513
2022-11-02,76.1828155518
2022-11-03,75.5997009277
2022-11-04,77.367515564
2022-11-07,77.8766021729
2022-11-08,78.4319152832
2022-11-09,76.9232559204
2022-11-10,81.0882644653
2022-11-11,82.2730026245
2022-11-14,81.4770126343
2022-11-15,82.3007659912
2022-11-16,81.6065750122
2022-11-17,81.4122085571
2022-11-18,81.6065750122
2022-11-21,81.1253051758
2022-11-22,82.1711807251
2022-11-23,82.8005599976
2022-11-25,82.8931121826
2022-11-28,81.6991348267
2022-11-29,81.8657455444
2022-11-30,84.0963516235
2022-12-01,84.2907104492
2022-12-02,84.244430542
2022-12-05,82.7913131714
2022-12-06,81.9120254517
2022-12-07,81.7731933594
2022-12-08,82.3933105469
2022-12-09,81.9675521851
2022-12-12,82.726524353
2022-12-13,83.4947357178
2022-12-14,83.1522674561
2022-12-15,81.0975418091
2022-12-16,80.3385772705
2022-12-19,79.851852417
2022-12-20,80.0383529663
2022-12-21,81.0826263428
2022-12-22,80.1036148071
2022-12-23,80.4765548706
2022-12-27,80.4672546387
2022-12-28,79.4602432251
2022-12-29,80.8308792114
2022-12-30,80.3646850586
2023-01-03,80.4112930298
2023-01-04,81.3996582031
2023-01-05,80.5604858398
2023-01-06,82.4066390991
2023-01-09,82.6024703979
2023-01-10,83.0500183105
2023-01-11,83.889213562
2023-01-12,84.4859390259
2023-01-13,84.9241790771
2023-01-17,84.9055328369
2023-01-18,83.9917678833
2023-01-19,83.6188049316
2023-01-20,84.9148483276
2023-01-23,85.7167282104
2023-01-24,85.6328048706
2023-01-25,85.7913284302
2023-01-26,86.5186157227
2023-01-27,86.574546814
2023-01-30,85.5209197998
2023-01-31,86.5092849731
2023-02-01,87.4510345459
2023-02-02,88.1596374512
2023-02-03,87.1806182861
2023-02-06,86.3974075317
2023-02-07,87.3204956055
2023-02-08,86.6025238037
2023-02-09,86.1736068726
2023-02-10,86.0150985718
2023-02-13,86.9661712646
2023-02-14,87.0221176147
2023-02-15,87.0687332153
2023-02-16,86.2388763428
2023-02-17,86.0430679321
2023-02-21,84.5885162354
2023-02-22,84.3087921143
2023-02-23,84.7563476562
2023-02-24,83.6560897827
2023-02-27,84.1222991943
2023-02-28,83.7586746216
2023-03-01,83.9265136719
2023-03-02,84.3647232056
2023-03-03,85.5768585205
2023-03-06,85.4463195801
2023-03-07,84.140953064
2023-03-08,84.3647232056
2023-03-09,82.9754333496
2023-03-10,81.8285675049
2023-03-13,81.567489624
2023-03-14,82.6491012573
2023-03-15,81.3810195923
2023-03-16,82.7330093384
2023-03-17,81.7539672852
2023-03-20,82.6379776001
2023-03-21,83.7231292725
2023-03-22,82.7595825195
2023-03-23,82.9560394287
2023-03-24,83.1618270874
2023-03-27,83.4798812866
2023-03-28,83.5640869141
2023-03-29,84.5930709839
2023-03-30,85.2478942871
2023-03-31,86.1459274292
2023-04-03,86.5481567383
2023-04-04,86.1833572388
2023-04-05,85.7624053955
2023-04-06,86.0430374146
2023-04-10,86.1459274292
2023-04-11,86.3517379761
2023-04-12,86.2301177979
2023-04-13,87.3620071411
2023-04-14,87.0907516479
2023-04-17,87.2965240479
2023-04-18,87.4462203979
2023-04-19,87.2404098511
2023-04-20,86.9223632812
2023-04-21,86.9504241943
2023-04-24,87.0439682007
2023-04-25,85.6220855713
2023-04-26,85.4349899292
2023-04-27,86.8568725586
2023-04-28,87.3713684082
2023-05-01,87.2684707642
2023-05-02,86.286239624
2023-05-03,85.9868927002
2023-05-04,85.6875610352
2023-05-05,87.1468582153
2023-05-08,87.1936416626
2023-05-09,86.838180542
2023-05-10,87.0159072876
2023-05-11,86.8101043701
2023-05-12,86.5668945312
2023-05-15,87.1562042236
2023-05-16,86.4078674316
2023-05-17,87.2217102051
2023-05-18,87.6894454956
2023-05-19,87.6987762451
2023-05-22,87.8391036987
2023-05-23,86.7352676392
2023-05-24,85.9588470459
2023-05-25,86.2207717896
2023-05-26,87.2684707642
2023-05-30,86.9597854614
2023-05-31,86.3143157959
2023-06-01,87.3900909424
2023-06-02,88.7558517456
2023-06-05,88.4564971924
2023-06-06,88.9803619385
2023-06-07,88.5968170166
2023-06-08,89.1393814087
2023-06-09,89.2422866821
2023-06-12,89.840965271
2023-06-13,90.5425643921
2023-06-14,90.6828842163
2023-06-15,91.7305984497
2023-06-16,91.4686737061
2023-06-20,90.5646209717
2023-06-21,90.2821121216
2023-06-22,90.244430542
2023-06-23,89.255645752
2023-06-26,89.1991271973
2023-06-27,90.1126098633
2023-06-28,90.1596908569
2023-06-29,90.3291931152
2023-06-30,91.3274002075
2023-07-03,91.6193389893
2023-07-05,91.1013946533
2023-07-06,89.9807739258
2023-07-07,90.2162094116
2023-07-10,90.4986953735
2023-07-11,91.2803268433
2023-07-12,92.3444671631
2023-07-13,93.4086074829
2023-07-14,93.0695877075
2023-07-17,93.3332595825
2023-07-18,93.8982925415
2023-07-19,93.983039856
2023-07-20,93.3426742554
2023-07-21,93.3803405762
2023-07-24,93.7193603516
2023-07-25,94.0018692017
2023-07-26,94.1713790894
2023-07-27,93.5498428345
2023-07-28,94.519821167
2023-07-31,94.7269973755
2023-08-01,94.1525650024
2023-08-02,92.5798873901
2023-08-03,92.3821411133
2023-08-04,92.2126083374
2023-08-07,92.890663147
2023-08-08,92.3162078857
2023-08-09,91.9395141602
2023-08-10,92.0807723999
2023-08-11,91.7511825562
2023-08-14,91.8265380859
2023-08-15,90.7435379028
2023-08-16,90.0561065674
2023-08-17,89.4628219604
2023-08-18,89.4063110352
2023-08-21,89.8489303589
2023-08-22,89.6605758667
2023-08-23,90.6870346069
2023-08-24,89.5569915771
2023-08-25,90.0749359131
2023-08-28,90.8188705444
2023-08-29,92.0431137085
2023-08-30,92.2691192627
2023-08-31,92.0336990356
2023-09-01,92.3538742065
2023-09-05,91.7700195312
2023-09-06,91.2426605225
2023-09-07,90.8659820557
2023-09-08,90.9036331177
2023-09-11,91.6381759644
2023-09-12,91.2520675659
2023-09-13,91.1484832764
2023-09-14,92.0713500977
2023-09-15,91.3085784912
2023-09-18,91.2007598877
2023-09-19,91.0305404663
2023-09-20,90.4063949585
2023-09-21,88.9216918945
2023-09-22,88.9027786255
2023-09-25,88.9973449707
2023-09-26,87.7490463257
2023-09-27,87.7584991455
2023-09-28,88.3637466431
2023-09-29,88.1178817749
2023-10-02,87.6450424194
2023-10-03,86.4534759521
2023-10-04,86.8128433228
2023-10-05,87.0208892822
2023-10-06,87.985458374
2023-10-09,88.2502822876
2023-10-10,89.0351791382
2023-10-11,89.4418106079
2023-10-12,88.6474533081
2023-10-13,88.0611419678
2023-10-16,88.9595108032
2023-10-17,88.9595108032
2023-10-18,87.607208252
2023-10-19,86.8506469727
2023-10-20,85.8577194214
2023-10-23,85.6969451904
2023-10-24,86.3494644165
2023-10-25,85.2241210938
2023-10-26,84.5054016113
2023-10-27,84.1365814209
2023-10-30,85.1295394897
2023-10-31,85.5456390381
2023-11-01,86.387298584
2023-11-02,88.1462402344
2023-11-03,89.2243118286
2023-11-06,89.2148513794
2023-11-07,89.1581192017
2023-11-08,89.1013717651
2023-11-09,88.5339813232
2023-11-10,89.5742034912
2023-11-13,89.5647506714
2023-11-14,91.6357650757
2023-11-15,91.8154525757
2023-11-16,91.6452331543
2023-11-17,92.1558837891
2023-11-20,92.7611236572
2023-11-21,92.5152664185
2023-11-22,92.742225647
2023-11-24,92.9880905151
2023-11-27,92.8084182739
2023-11-28,92.9597396851
2023-11-29,92.9786224365
2023-11-30,93.2528686523
2023-12-01,94.0567016602
2023-12-04,93.4798278809
2023-12-05,93.2717971802
2023-12-06,93.1015701294
2023-12-07,93.7257156372
2023-12-08,93.9905014038
2023-12-11,94.3404006958
2023-12-12,94.5768356323
2023-12-13,95.9764251709
2023-12-14,96.7234954834
2023-12-15,96.2790374756
2023-12-18,96.6612548828
2023-12-19,97.3856506348
2023-12-20,96.0512313843
2023-12-21,97.2903442383
2023-12-22,97.4333114624
2023-12-26,97.9194641113
2023-12-27,98.2053833008
2023-12-28,98.2721176147
2023-12-29,98.0624237061
2024-01-02,97.2331466675
2024-01-03,96.3943557739
2024-01-04,96.2799758911
2024-01-05,96.3943557739
2024-01-08,97.5572357178
2024-01-09,97.0806427002
2024-01-10,97.5572357178
2024-01-11,97.5191040039
2024-01-12,97.6716156006
2024-01-16,96.727973938
2024-01-17,95.9654541016
2024-01-18,96.7851715088
2024-01-19,97.6620941162
2024-01-22,97.8908462524
2024-01-23,98.0433654785
2024-01-24,98.3007049561
2024-01-25,98.7296295166
2024-01-26,98.7963485718
2024-01-29,99.5017166138
2024-01-30,99.2729492188
2024-01-31,98.0624237061
2024-02-01,99.2062225342
2024-02-02,99.5779647827
2024-02-05,99.1013793945
2024-02-06,99.6542129517
2024-02-07,100.1593933105
2024-02-08,100.197517395
2024-02-09,100.7503509521
2024-02-12,100.8837814331
2024-02-13,99.2920150757
2024-02-14,100.3976974487
2024-02-15,101.2555389404
2024-02-16,101.017250061
2024-02-20,100.7408370972
2024-02-21,100.7694244385
2024-02-22,102.4088897705
2024-02-23,102.4851379395
2024-02-26,102.21824646
2024-02-27,102.4374923706
2024-02-28,102.0466766357
2024-02-29,102.4660720825
2024-03-01,103.3811264038
2024-03-04,103.2190856934
2024-03-05,102.4279556274
2024-03-06,103.2476882935
2024-03-07,104.3056945801
2024-03-08,103.8100509644
2024-03-11,103.5717773438
2024-03-12,104.572593689
2024-03-13,104.4010009766
2024-03-14,103.9339599609
2024-03-15,103.4756240845
2024-03-18,103.8583679199
2024-03-19,104.2219696045
2024-03-20,105.2553939819
2024-03-21,105.5711593628
2024-03-22,105.2458343506
2024-03-25,105.0353088379
2024-03-26,104.9109191895
2024-03-27,105.6955490112
2024-03-28,105.733833313
2024-04-01,105.4563369751
2024-04-02,104.8439483643
2024-04-03,105.1118469238
2024-04-04,104.0306015015
2024-04-05,104.8822097778
2024-04-08,105.1118469238
2024-04-09,105.2745285034
2024-04-10,104.0688858032
2024-04-11,104.6621398926
2024-04-12,102.9684829712
2024-04-15,102.0020523071
2024-04-16,101.4183578491
2024-04-17,101.0355911255
2024-04-18,100.8825149536
2024-04-19,100.4136505127
2024-04-22,101.3513793945
2024-04-23,102.509185791
2024-04-24,102.4804763794
2024-04-25,102.1551437378
2024-04-26,103.0737304688
2024-04-29,103.5234680176
2024-04-30,101.9446487427
2024-05-01,101.7532577515
2024-05-02,102.997177124
2024-05-03,104.0975799561
2024-05-06,105.0257492065
2024-05-07,105.0544586182
2024-05-08,104.9874725342
2024-05-09,105.6381454468
2024-05-10,105.8103790283
2024-05-13,105.7912521362
2024-05-14,106.4419174194
2024-05-15,107.6762619019
2024-05-16,107.3317871094
2024-05-17,107.6284179688
2024-05-20,107.6954116821
2024-05-21,107.685836792
2024-05-22,107.1404190063
2024-05-23,106.3749313354
2024-05-24,107.1595535278
2024-05-28,107.0734481812
2024-05-29,105.9060592651
2024-05-30,105.8390808105
2024-05-31,106.6332855225
2024-06-03,106.7385253906
2024-06-04,106.5280303955
2024-06-05,107.6284179688
2024-06-06,107.7049636841
2024-06-07,107.1787033081
2024-06-10,107.4274673462
2024-06-11,107.2456817627
2024-06-12,108.2886657715
2024-06-13,107.905921936
2024-06-14,107.5614395142
2024-06-17,108.2599639893
2024-06-18,108.6139984131
2024-06-20,108.4226226807
2024-06-21,108.1321563721
2024-06-24,108.2475814819
2024-06-25,108.4591751099
2024-06-26,108.2956619263
2024-06-27,108.4976348877
2024-06-28,108.324508667
2024-07-01,108.4687957764
2024-07-02,108.9785232544
2024-07-03,109.8152770996
2024-07-05,110.325012207
2024-07-08,110.2961578369
2024-07-09,110.2769317627
2024-07-10,111.4406738281
2024-07-11,111.2194519043
2024-07-12,111.9696273804
2024-07-15,111.940788269
2024-07-16,112.7679214478
2024-07-17,111.3733444214
2024-07-18,110.4308013916
2024-07-19,109.6998519897
2024-07-22,110.7962722778
2024-07-23,110.4500427246
2024-07-24,108.324508667
2024-07-25,107.9590530396
2024-07-26,109.19972229
2024-07-29,109.0554733276
2024-07-30,108.776550293
2024-07-31,110.469291687
2024-08-01,108.4687957764
2024-08-02,106.4779052734
2024-08-05,103.6022186279
2024-08-06,104.3812484741
2024-08-07,104.1119537354
2024-08-08,106.3336639404
2024-08-09,106.7760620117
2024-08-12,106.7953033447
2024-08-13,108.4591751099
2024-08-14,108.7284622192
2024-08-15,110.3346176147
2024-08-16,110.7674255371
2024-08-19,111.9023132324
2024-08-20,111.5945510864
2024-08-21,112.2389297485
2024-08-22,111.2964096069
2024-08-23,112.9121780396
2024-08-26,112.392829895
2024-08-27,112.7198257446
2024-08-28,112.0658111572
2024-08-29,112.2293167114
2024-08-30,113.0468215942
2024-09-03,110.8251342773
2024-09-04,110.5846939087
2024-09-05,110.3923339844
2024-09-06,108.5168762207
2024-09-09,109.6325378418
2024-09-10,109.7479400635
2024-09-11,110.6424026489
2024-09-12,111.5945510864
2024-09-13,112.1812286377
2024-09-16,112.6140136719
2024-09-17,112.5467071533
2024-09-18,112.2293167114
2024-09-19,114.2201919556
2024-09-20,113.7926254272
2024-09-23,114.1593933105
2024-09-24,114.9315109253
2024-09-25,114.3620758057
2024-09-26,115.7808685303
2024-09-27,115.443069458
2024-09-30,115.529914856
2024-10-01,114.7963867188
2024-10-02,114.970123291
2024-10-03,114.3331222534
2024-10-04,115.3465423584
2024-10-07,114.6516113281
2024-10-08,114.8446426392
2024-10-09,115.298286438
2024-10-10,115.1148910522
2024-10-11,115.9063186646
2024-10-14,116.4854354858
2024-10-15,115.2886276245
2024-10-16,115.8580703735
2024-10-17,115.8001861572
2024-10-18,116.3696060181
2024-10-21,115.7712020874
2024-10-22,115.4913101196
2024-10-23,114.4875488281
2024-10-24,114.7867431641
2024-10-25,114.5937271118
2024-10-28,115.1921157837
2024-10-29,115.0955963135
2024-10-30,114.6709136963
2024-10-31,113.0108413696
2024-11-01,113.4644699097
2024-11-04,113.4065628052
2024-11-05,114.77709198
2024-11-06,116.2827453613
2024-11-07,117.5084991455
2024-11-08,117.1803512573
2024-11-11,117.3154754639
2024-11-12,116.3792648315
2024-11-13,116.1379699707
2024-11-14,115.5395736694
2024-11-15,114.3910293579
2024-11-18,115.0666427612
2024-11-19,115.3658447266
2024-11-20,115.3368835449
2024-11-21,115.8870239258
2024-11-22,116.3889160156
2024-11-25,116.8811416626
2024-11-26,116.9583511353
2024-11-27,116.813583374
2024-11-29,117.6918945312
2024-12-02,117.9428253174
2024-12-03,118.135848999
2024-12-04,118.6184387207
2024-12-05,118.6377334595
2024-12-06,118.7825088501
2024-12-09,118.5412216187
2024-12-10,117.7883911133
2024-12-11,118.6860122681
2024-12-12,117.8849105835
2024-12-13,117.7498016357
2024-12-16,117.9042205811
2024-12-17,117.4119873047
2024-12-18,113.947052002
2024-12-19,113.9277648926
2024-12-20,114.8486022949
2024-12-23,115.4806518555
2024-12-24,116.3946914673
2024-12-26,116.5308151245
2024-12-27,115.6167907715
2024-12-30,114.4985275269
2024-12-31,114.236000061
2025-01-02,114.0026245117
2025-01-03,115.1791992188
2025-01-06,115.8890457153
2025-01-07,114.7513656616
2025-01-08,114.7902526855
2025-01-10,112.9524459839
2025-01-13,112.9913330078
2025-01-14,113.3802947998
2025-01-15,115.1111373901
2025-01-16,115.2181015015
2025-01-17,116.180770874
2025-01-21,117.5907287598
2025-01-22,117.8921661377
2025-01-23,118.5242233276
2025-01-24,118.5339355469
2025-01-27,117.1823120117
2025-01-28,117.940788269
2025-01-29,117.5810012817
2025-01-30,118.5728530884
2025-01-31,117.7268753052
2025-02-03,116.8030853271
2025-02-04,117.8921661377
2025-02-05,118.5144958496
2025-02-06,118.9034423828
2025-02-07,117.940788269
2025-02-10,118.7186965942
2025-02-11,118.7867736816
2025-02-12,118.6700744629
2025-02-13,119.9536209106
2025-02-14,120.0800247192
2025-02-18,120.5467834473
2025-02-19,120.4009246826
2025-02-20,120.2356262207
2025-02-21,118.5436706543
2025-02-24,117.9602432251
2025-02-25,117.8240966797
2025-02-26,117.999130249
2025-02-27,116.2196655273
2025-02-28,117.2406692505
2025-03-03,115.9960174561
2025-03-04,115.1500320435
2025-03-05,117.0559158325
2025-03-06,115.3153305054
2025-03-07,116.0446395874
2025-03-10,113.0885772705
2025-03-11,112.6315536499
2025-03-12,113.2441482544
2025-03-13,111.9022750854
2025-03-14,114.2262802124
2025-03-17,115.3639602661
2025-03-18,114.5374298096
2025-03-19,115.4806518555
2025-03-20,114.9847259521
2025-03-21,114.7262039185
2025-03-24,116.1797866821
2025-03-25,116.4041748047
2025-03-26,115.1359329224
2025-03-27,115.0091247559
2025-03-28,112.9897003174
2025-03-31,113.1165390015
2025-04-01,113.4872436523
2025-04-02,114.1603775024
2025-04-03,109.6532821655
2025-04-04,103.1170043945
2025-04-07,101.8780441284
2025-04-08,100.6390762329
2025-04-09,109.2435455322
2025-04-10,106.1997833252
2025-04-11,108.3947982788
2025-04-14,109.4191360474
2025-04-15,109.5264511108
2025-04-16,107.8972702026
2025-04-17,108.4630966187
2025-04-21,106.7851104736
2025-04-22,109.1167144775
2025-04-23,110.5117645264
2025-04-24,112.4336395264
2025-04-25,112.9701919556
2025-04-28,113.2921218872
2025-04-29,113.809173584
2025-04-30,113.7506408691
2025-05-01,114.1603775024
2025-05-02,116.1505203247
2025-05-05,115.8968887329
2025-05-06,115.2432479858
2025-05-07,115.3212966919
2025-05-08,115.7212753296
2025-05-09,115.8871154785
2025-05-12,118.7552871704
2025-05-13,119.3406143188
2025-05-14,119.3406143188
2025-05-15,120.0137481689
2025-05-16,120.5990905762
2025-05-19,120.9307785034
2025-05-20,120.8039627075
2025-05-21,119.2918395996
2025-05-22,119.2040405273
2025-05-23,118.9308853149
2025-05-27,120.8624954224
2025-05-28,120.0332565308
2025-05-29,120.5210418701
2025-05-30,120.3552017212
2025-06-02,121.1551589966
2025-06-03,121.4673461914
2025-06-04,121.7502593994
2025-06-05,121.4185714722
2025-06-06,122.3648605347
2025-06-09,122.569732666
2025-06-10,123.1550598145
2025-06-11,122.9209365845
2025-06-12,123.4477386475
2025-06-13,121.8965835571
2025-06-16,122.9599609375
2025-06-17,121.7600097656
2025-06-18,121.8283081055
2025-06-20,121.2940673828
2025-06-23,122.4507522583
2025-06-24,123.9897155762
2025-06-25,123.774055481
2025-06-26,124.9307403564
2025-06-27,125.4698638916
2025-06-30,125.9795913696
2025-07-01,125.9893875122
2025-07-02,126.5579223633
2025-07-03,127.2244873047
2025-07-07,126.0678024292
2025-07-08,126.3324737549
2025-07-09,127.0872344971
2025-07-10,127.322517395
2025-07-11,126.6853637695
2025-07-14,126.9108123779
2025-07-15,126.2638549805
2025-07-16,126.7637710571
2025-07-17,127.410736084
2025-07-18,127.3028945923
2025-07-21,127.6165924072
2025-07-22,127.9694595337
2025-07-23,129.4398193359
2025-07-24,129.0967254639
2025-07-25,129.3712005615
2025-07-28,128.7242584229
2025-07-29,128.4889831543
2025-07-30,128.0380706787
2025-07-31,127.3617172241
2025-08-01,125.8717651367
2025-08-04,127.6361923218
2025-08-05,127.3813171387
2025-08-06,128.2145233154
2025-08-07,128.4497528076
2025-08-08,129.2045593262
2025-08-11,128.8614807129
2025-08-12,130.4004516602
2025-08-13,131.0571899414
2025-08-14,130.7435455322
2025-08-15,130.7435455322
2025-08-18,130.8121185303
2025-08-19,130.2141876221
2025-08-20,130.0475463867
2025-08-21,129.5770568848
2025-08-22,131.7923736572
2025-08-25,130.9297637939
2025-08-26,131.272857666
2025-08-27,131.3316650391
2025-08-28,131.8511962891
2025-08-29,131.1258239746
2025-09-02,130.1847839355
2025-09-03,130.6651000977
2025-09-04,131.5963287354
2025-09-05,131.7237548828
2025-09-08,132.4393310547
2025-09-09,132.5667877197
2025-09-10,132.8510284424
2025-09-11,134.1645355225
2025-09-12,133.8998565674
2025-09-15,134.6546478271
2025-09-16,134.6056518555
2025-09-17,134.4095916748
2025-09-18,135.0369415283
2025-09-19,135.2218780518
2025-09-22,135.7727203369
2025-09-23,135.2612304688
2025-09-24,134.6513366699
2025-09-25,133.893951416
2025-09-26,134.6218414307
2025-09-29,135.1333465576
2025-09-30,135.5464935303
2025-10-01,136.2448577881
2025-10-02,136.4415893555
2025-10-03,136.805557251
2025-10-06,137.2973632812
2025-10-07,136.4514160156
2025-10-08,137.189163208
2025-10-09,136.4710998535
2025-10-10,132.9496612549
2025-10-13,135.0743408203
2025-10-14,135.0054626465
2025-10-15,135.7628631592
2025-10-16,135.3989257812
2025-10-17,135.8218841553
2025-10-20,137.1694793701
2025-10-21,136.8153839111
2025-10-22,136.225189209
2025-10-23,137.120300293
2025-10-24,137.9859313965
2025-10-27,139.3630065918
2025-10-28,139.4613952637
2025-10-29,139.2744903564
2025-10-30,138.0449371338
2025-10-31,138.2908477783
2025-11-03,138.4580841064
2025-11-04,136.7170257568
2025-11-05,137.4645843506
2025-11-06,136.2350311279
2025-11-07,136.5596313477
2025-11-10,138.4679107666
2025-11-11,138.8416900635
2025-11-12,139.1761322021
2025-11-13,137.0121154785
2025-11-14,136.9629364014
2025-11-17,135.4579620361
2025-11-18,134.4447784424
2025-11-19,134.5825195312
2025-11-20,132.5266723633
2025-11-21,133.9234466553
2025-11-24,135.5464935303
2025-11-25,136.805557251
2025-11-26,137.9269104004
2025-11-28,138.5859375
2025-12-01,137.9269104004
2025-12-02,138.1826477051
2025-12-03,138.7531738281
2025-12-04,138.969543457
2025-12-05,139.2449951172
2025-12-08,138.8220062256
2025-12-09,138.6646575928
2025-12-10,139.8450164795
2025-12-11,140.2286071777
2025-12-12,138.9105377197
2025-12-15,138.9105377197
2025-12-16,138.3793640137
2025-12-17,137.1104736328
2025-12-18,138.1432952881
2025-12-19,139.3083343506
2025-12-22,140.141204834
2025-12-23,140.8055267334
2025-12-24,141.152557373
2025-12-26,141.2913665771
2025-12-29,140.8055267334
2025-12-30,140.7757873535
2025-12-31,139.8635864258
2026-01-02,140.8947601318
2026-01-05,142.0845947266
2026-01-06,142.91746521
2026-01-07,142.3225402832
2026-01-08,142.4217071533
2026-01-09,143.3636474609
2026-01-12,144.0081329346
2026-01-13,143.4727020264
2026-01-14,143.3735656738
2026-01-15,143.7007598877
2026-01-16,143.7007598877
2026-01-20,141.2417907715
2026-01-21,142.8976287842
2026-01-22,143.6908416748
2026-01-23,143.9684753418
2026-01-26,144.6030426025
2026-01-27,145.8027801514
2026-01-28,145.554901123
2026-01-29,145.4755859375
2026-01-30,144.2163543701
2026-02-02,144.9104003906
2026-02-03,144.3749847412
2026-02-04,143.8990631104
2026-02-05,142.1539764404
2026-02-06,145.2177886963
2026-02-09,146.4175262451
2026-02-10,146.3282928467
2026-02-11,146.724899292
2026-02-12,144.7220306396
2026-02-13,145.0988006592
2026-02-17,145.0492248535
2026-02-18,145.7631225586
2026-02-19,145.4359130859
2026-02-20,146.6951599121
2026-02-23,145.4061737061
2026-02-24,146.4472503662
2026-02-25,147.6470031738
2026-02-26,147.1413421631
2026-02-27,146.5860748291
2026-03-02,145.70362854
2026-03-03,142.8182983398
2026-03-04,144.0279693604
2026-03-05,142.3522949219
2026-03-06,140.7261962891
2026-03-09,142.025100708
2026-03-10,142.0052642822
2026-03-11,141.8267822266
2026-03-12,139.3579101562
2026-03-13,138.3366546631
2026-03-16,140.2899475098
2026-03-17,140.8154449463
2026-03-18,138.6341094971
2026-03-19,138.3664093018
2026-03-20,135.481262207
2026-03-23,137.7472229004
2026-03-24,137.0515289307
2026-03-25,138.3137207031
2026-03-26,135.6005249023
2026-03-27,133.7917022705
2026-03-30,133.364364624
2026-03-31,137.468963623
2026-04-01,138.8305206299
2026-04-02,138.5124816895
2026-04-06,139.208190918
2026-04-07,139.2678222656
2026-04-08,143.6904449463
2026-04-09,144.0581665039
2026-04-10,144.0879669189
2026-04-13,145.4992218018
2026-04-14,147.1788330078
2026-04-15,147.705581665
2026-04-16,147.8745269775
2026-04-17,149.9119110107
2026-04-20,149.5541229248
2026-04-21,147.8447113037
2026-04-22,149.1764831543
2026-04-23,148.2323150635
2026-04-24,149.4149932861
2026-04-27,149.3951263428
2026-04-28,148.5404205322
2026-04-29,148.0236053467
2026-04-30,150.2696990967
2026-05-01,150.5082397461
2026-05-04,149.6336364746
2026-05-05,151.1840362549
2026-05-06,154.1059570312
2026-05-07,152.7742004395
2026-05-08,154.2252044678
2026-05-11,154.3643493652
2026-05-12,153.4003295898
2026-05-13,154.4438476562
2026-05-14,155.060043335
2026-05-15,152.5754394531
2026-05-18,152.7642669678
2026-05-19,151.6909179688
2026-05-20,153.678604126
2026-05-21,154.2550354004
2026-05-22,154.6128234863
2026-05-26,156.4116821289
2026-05-27,156.1930389404
2026-05-28,156.8986663818
2026-05-29,157.1471252441
2026-06-01,157.6241912842
2026-06-02,158.3695678711
2026-06-03,156.9781646729
2026-06-04,157.5645446777
2026-06-05,152.7344360352
2026-06-08,153.529510498
2026-06-09,153.3506317139
2026-06-10,150.9852600098
2026-06-11,154.6525726318
2026-06-12,155.3283691406
2026-06-15,157.7434387207
2026-06-16,157.0179290771
2026-06-17,155.4476470947
2026-06-18,157.2560119629
2026-06-22,157.15625
2026-06-23,153.9345397949
2026-06-24,153.8647155762
2026-06-25,154.4532012939
2026-06-26,153.5555114746
2026-06-29,155.4306945801
2026-06-30,156.5478210449
2026-07-01,155.7199401855
2026-07-02,155.769821167
2026-07-06,157.4056091309
2026-07-07,155.9393768311
2026-07-08,155.410736084
2026-07-09,156.5976867676
2026-07-10,157.2260894775
2026-07-13,155.410736084
2026-07-14,156.3782501221
2026-07-15,156.8869476318
2026-07-16,155.7299346924
2026-07-17,154.3833770752
2026-07-20,153.8946380615
2026-07-21,155.7398986816
2026-07-22,155.6202087402
2026-07-23,153.9145812988
2026-07-24,153.8048706055
2026-07-27,154.0542297363
2026-07-28,153.9544830322
2026-07-29,151.8299407959
2026-07-30,155.0516662598
2026-07-31,155.4606170654
2026-08-03,157.2061309814
2026-08-04,160.038848877
2026-08-05,159.7595672607
2026-08-06,159.5102081299
2026-08-07,160.8866729736
2026-08-10,160.5575256348
2026-08-11,160.407913208
2026-08-12,161.1160888672
2026-08-13,161.9738769531
2026-08-14,161.8342437744
2026-08-17,161.4153137207
2026-08-18,159.6498565674
2026-08-19,160.2882080078
2026-08-20,159.5201721191
2026-08-21,160.3580322266
2026-08-24,159.6897583008
2026-08-25,160.5774688721
2026-08-26,160.4577789307
2026-08-27,161.1559906006
2026-08-28,160.5974121094
2026-08-31,160.1385955811
2026-09-01,158.901763916
2026-09-02,159.69972229
2026-09-03,161.345489502
2026-09-04,161.3155670166
2026-09-08,160.5076446533
2026-09-09,159.4802856445
2026-09-10,158.1237640381
2026-09-11,159.530166626
2026-09-14,158.3232574463
2026-09-15,157.6250457764
2026-09-16,157.006652832
2026-09-17,158.8120117188
2026-09-18,158.5500030518
2026-09-21,160.8899993896
2026-09-22,161.2100067139
