date,value
2001-06-15,35.7219848633
2001-06-18,35.4941596985
2001-06-19,35.5936317444
2001-06-20,35.969039917
2001-06-21,36.2578353882
2001-06-22,36.0268058777
2001-06-25,35.795211792
2001-06-26,35.7019081116
2001-06-27,35.7051277161
2001-06-28,36.1426010132
2001-06-29,36.348449707
2001-07-02,36.4449577332
2001-07-03,36.4256629944
2001-07-05,36.0107078552
2001-07-06,35.061794281
2001-07-09,35.2869606018
2001-07-10,34.8205490112
2001-07-11,34.8655853271
2001-07-12,35.6922836304
2001-07-13,35.8627471924
2001-07-16,35.4477920532
2001-07-17,35.8659667969
2001-07-18,35.4928283691
2001-07-19,35.6922836304
2001-07-20,35.6954917908
2001-07-23,35.0778808594
2001-07-24,34.5921669006
2001-07-25,35.0296287537
2001-07-26,35.4767341614
2001-07-27,35.5378570557
2001-07-30,35.5089111328
2001-07-31,35.6536636353
2001-08-01,35.808052063
2001-08-02,35.9206504822
2001-08-03,35.795211792
2001-08-06,35.3834686279
2001-08-07,35.4477920532
2001-08-08,34.804473877
2001-08-09,34.9073982239
2001-08-10,35.0489273071
2001-08-13,35.1100616455
2001-08-14,35.0328483582
2001-08-15,34.7304878235
2001-08-16,34.8366241455
2001-08-17,34.3058776855
2001-08-20,34.5471191406
2001-08-21,34.0646247864
2001-08-22,34.379863739
2001-08-23,34.3348236084
2001-08-24,34.9620742798
2001-08-27,34.8366241455
2001-08-28,34.2544174194
2001-08-29,33.9327354431
2001-08-30,33.4245147705
2001-08-31,33.5660362244
2001-09-04,33.3891181946
2001-09-05,33.3408622742
2001-09-06,32.6653671265
2001-09-07,32.0059623718
2001-09-10,32.2471923828
2001-09-17,30.7160739899
2001-09-18,30.3236236572
2001-09-19,29.9151115417
2001-09-20,28.9501132965
2001-09-21,28.4837017059
2001-09-24,29.5021743774
2001-09-25,29.7797927856
2001-09-26,29.5505962372
2001-09-27,29.8443431854
2001-09-28,30.6513900757
2001-10-01,30.3737697601
2001-10-02,30.7482395172
2001-10-03,31.2905693054
2001-10-04,31.3938922882
2001-10-05,31.4100189209
2001-10-08,31.2002029419
2001-10-09,30.9935836792
2001-10-10,31.7296123505
2001-10-11,32.3106689453
2001-10-12,32.0653381348
2001-10-15,32.1105194092
2001-10-16,32.2912902832
2001-10-17,31.6359920502
2001-10-18,31.4713535309
2001-10-19,31.5585327148
2001-10-22,32.0298347473
2001-10-23,31.9103889465
2001-10-24,31.8942489624
2001-10-25,32.3461914062
2001-10-26,32.5205039978
2001-10-29,31.7651195526
2001-10-30,31.2421607971
2001-10-31,31.280872345
2001-11-01,31.9394340515
2001-11-02,31.9911003113
2001-11-05,32.4494819641
2001-11-06,32.9207992554
2001-11-07,32.8626861572
2001-11-08,32.8820533752
2001-11-09,32.9530677795
2001-11-12,32.8949623108
2001-11-13,33.4760284424
2001-11-14,33.6826553345
2001-11-15,33.5761260986
2001-11-16,33.5631980896
2001-11-19,33.9053878784
2001-11-20,33.6632652283
2001-11-21,33.4566841125
2001-11-23,33.8666267395
2001-11-26,34.0732498169
2001-11-27,33.979637146
2001-11-28,33.2629890442
2001-11-29,33.7730140686
2001-11-30,33.6632652283
2001-12-03,33.4308395386
2001-12-04,33.869884491
2001-12-05,34.7027244568
2001-12-06,34.6381835938
2001-12-07,34.5639228821
2001-12-10,33.9118270874
2001-12-11,33.824672699
2001-12-12,33.8053016663
2001-12-13,33.3017196655
2001-12-14,33.4534492493
2001-12-17,33.6987838745
2001-12-18,34.0474319458
2001-12-19,34.2023925781
2001-12-20,33.895690918
2001-12-21,34.0764770508
2001-12-24,34.1519737244
2001-12-26,34.3204879761
2001-12-27,34.5181274414
2001-12-28,34.6218299866
2001-12-31,34.1487350464
2002-01-02,34.427406311
2002-01-03,34.7967758179
2002-01-04,35.02684021
2002-01-07,34.8000221252
2002-01-08,34.6995773315
2002-01-09,34.5829238892
2002-01-10,34.5570030212
2002-01-11,34.268611908
2002-01-14,33.9996833801
2002-01-15,34.2329902649
2002-01-16,33.6659317017
2002-01-17,34.0158996582
2002-01-18,33.7015991211
2002-01-22,33.4391174316
2002-01-23,33.7275009155
2002-01-24,33.8765525818
2002-01-25,33.9316253662
2002-01-28,33.9057121277
2002-01-29,33.0632514954
2002-01-30,33.374332428
2002-01-31,33.8506240845
2002-02-01,33.6529884338
2002-02-04,32.8396987915
2002-02-05,32.7230377197
2002-02-06,32.5059509277
2002-02-07,32.3698616028
2002-02-08,32.8332023621
2002-02-11,33.2868461609
2002-02-12,33.2058258057
2002-02-13,33.5136489868
2002-02-14,33.4682884216
2002-02-15,33.1053848267
2002-02-19,32.4897460938
2002-02-20,32.8947715759
2002-02-21,32.3698616028
2002-02-22,32.6063995361
2002-02-25,33.1864089966
2002-02-26,33.2965583801
2002-02-27,33.1799163818
2002-02-28,33.257648468
2002-03-01,33.9219093323
2002-03-04,34.5570030212
2002-03-05,34.3625946045
2002-03-06,34.861579895
2002-03-07,34.7157783508
2002-03-08,34.9750061035
2002-03-11,35.0884017944
2002-03-12,35.020362854
2002-03-13,34.6930847168
2002-03-14,34.6639480591
2002-03-15,34.9685058594
2002-03-18,34.9944381714
2002-03-19,35.1564559937
2002-03-20,34.5894050598
2002-03-21,34.7417030334
2002-03-22,34.6056213379
2002-03-25,34.085723877
2002-03-26,34.3229103088
2002-03-27,34.5276145935
2002-03-28,34.4788856506
2002-04-01,34.5016174316
2002-04-02,34.2774238586
2002-04-03,33.9037437439
2002-04-04,34.007724762
2002-04-05,33.9524841309
2002-04-08,34.0369949341
2002-04-09,33.8582649231
2002-04-10,34.2579231262
2002-04-11,33.4845809937
2002-04-12,33.7477760315
2002-04-15,33.5463371277
2002-04-16,34.2481918335
2002-04-17,34.1961898804
2002-04-18,34.1637077332
2002-04-19,34.1766891479
2002-04-22,33.6925468445
2002-04-23,33.5138130188
2002-04-24,33.2408828735
2002-04-25,33.2961349487
2002-04-26,32.6754951477
2002-04-29,32.52602005
2002-04-30,32.9419326782
2002-05-01,33.2149009705
2002-05-02,33.0556678772
2002-05-03,32.7502250671
2002-05-06,32.1328659058
2002-05-07,31.9866504669
2002-05-08,33.1726379395
2002-05-09,32.7307510376
2002-05-10,32.1685905457
2002-05-13,32.7762145996
2002-05-14,33.5203170776
2002-05-15,33.3351020813
2002-05-16,33.4683380127
2002-05-17,33.7055511475
2002-05-20,33.2571296692
2002-05-21,32.8607063293
2002-05-22,32.9971809387
2002-05-23,33.3481063843
2002-05-24,32.9517059326
2002-05-28,32.7502250671
2002-05-29,32.568271637
2002-05-30,32.4707870483
2002-05-31,32.4772949219
2002-06-03,31.6811790466
2002-06-04,31.6324462891
2002-06-05,31.9801292419
2002-06-06,31.3789997101
2002-06-07,31.4244880676
2002-06-10,31.4797267914
2002-06-11,30.9468383789
2002-06-12,31.0995693207
2002-06-13,30.7713699341
2002-06-14,30.6998844147
2002-06-17,31.5837116241
2002-06-18,31.6162147522
2002-06-19,31.1255550385
2002-06-20,30.7291374207
2002-06-21,30.2222366333
2002-06-24,30.326499939
2002-06-25,29.7693099976
2002-06-26,29.684595108
2002-06-27,30.183134079
2002-06-28,30.2385139465
2002-07-01,29.4825630188
2002-07-02,28.8764781952
2002-07-03,29.0198516846
2002-07-05,30.1049156189
2002-07-08,29.6454925537
2002-07-09,28.9123306274
2002-07-10,28.029296875
2002-07-11,28.2345790863
2002-07-12,28.1693935394
2002-07-15,27.8924236298
2002-07-16,27.5405101776
2002-07-17,27.6871433258
2002-07-18,26.8725261688
2002-07-19,25.9699382782
2002-07-22,25.2270030975
2002-07-23,24.5036277771
2002-07-24,25.9373512268
2002-07-25,25.7190361023
2002-07-26,26.067691803
2002-07-29,27.5144577026
2002-07-30,27.6513080597
2002-07-31,27.7164707184
2002-08-01,27.0061321259
2002-08-02,26.3772354126
2002-08-05,25.4974460602
2002-08-06,26.3283748627
2002-08-07,26.7422122955
2002-08-08,27.5828762054
2002-08-09,27.6317615509
2002-08-12,27.5665836334
2002-08-13,26.9637718201
2002-08-14,27.9901809692
2002-08-15,28.2834472656
2002-08-16,28.2671527863
2002-08-19,28.9481716156
2002-08-20,28.5767002106
2002-08-21,28.9970664978
2002-08-22,29.3131103516
2002-08-23,28.7233390808
2002-08-26,28.9188632965
2002-08-27,28.4496383667
2002-08-28,27.9966850281
2002-08-29,28.0227584839
2002-08-30,27.9282722473
2002-09-03,26.8399467468
2002-09-04,27.2863616943
2002-09-05,26.947479248
2002-09-06,27.4362468719
2002-09-09,27.6513080597
2002-09-10,27.8435573578
2002-09-11,27.8109798431
2002-09-12,27.1755599976
2002-09-13,27.2407360077
2002-09-16,27.2733211517
2002-09-17,26.7780475616
2002-09-18,26.6020793915
2002-09-19,25.917804718
2002-09-20,25.917804718
2002-09-23,25.640832901
2002-09-24,25.28565979
2002-09-25,25.7874546051
2002-09-26,26.2175788879
2002-09-27,25.419260025
2002-09-30,25.1052417755
2002-10-01,26.0472984314
2002-10-02,25.4323291779
2002-10-03,25.1542987823
2002-10-04,24.6374740601
2002-10-07,24.1075763702
2002-10-08,24.4510250092
2002-10-09,23.8131694794
2002-10-10,24.5328102112
2002-10-11,25.5893554688
2002-10-14,25.7267341614
2002-10-15,26.8716125488
2002-10-16,26.2599220276
2002-10-17,26.8356189728
2002-10-18,26.9435482025
2002-10-21,27.4276790619
2002-10-22,27.0842189789
2002-10-23,27.2641143799
2002-10-24,26.9043064117
2002-10-25,27.4244022369
2002-10-28,27.1300106049
2002-10-29,26.920665741
2002-10-30,27.1201896667
2002-10-31,26.9860858917
2002-11-01,27.5421714783
2002-11-04,27.7187957764
2002-11-05,27.8856258392
2002-11-06,28.2617950439
2002-11-07,27.6075820923
2002-11-08,27.2804698944
2002-11-11,26.806180954
2002-11-12,26.9337425232
2002-11-13,26.9860858917
2002-11-14,27.6304912567
2002-11-15,27.8038578033
2002-11-18,27.5487136841
2002-11-19,27.4538536072
2002-11-20,27.9805030823
2002-11-21,28.5529174805
2002-11-22,28.4907474518
2002-11-25,28.5398311615
2002-11-26,28.0001029968
2002-11-27,28.7851715088
2002-11-29,28.6052684784
2002-12-02,28.6968383789
2002-12-03,28.2454433441
2002-12-04,28.170217514
2002-12-05,27.8529148102
2002-12-06,27.9739456177
2002-12-09,27.3131923676
2002-12-10,27.7874946594
2002-12-11,27.8365631104
2002-12-12,27.7384281158
2002-12-13,27.3131923676
2002-12-16,27.9673881531
2002-12-17,27.7449684143
2002-12-18,27.3491821289
2002-12-19,27.1823444366
2002-12-20,27.4996376038
2002-12-23,27.5101451874
2002-12-24,27.3786964417
2002-12-26,27.4082641602
2002-12-27,26.9481868744
2002-12-30,27.0960769653
2002-12-31,27.1552295685
2003-01-02,27.934091568
2003-01-03,27.9176635742
2003-01-06,28.5223636627
2003-01-07,28.3153190613
2003-01-08,27.9603919983
2003-01-09,28.3941936493
2003-01-10,28.4730682373
2003-01-13,28.4467735291
2003-01-14,28.5749454498
2003-01-15,28.2955932617
2003-01-16,28.2134456635
2003-01-17,27.802646637
2003-01-21,27.3261241913
2003-01-22,27.0467777252
2003-01-23,27.2275295258
2003-01-24,26.6097049713
2003-01-27,26.1134529114
2003-01-28,26.3566379547
2003-01-29,26.6688461304
2003-01-30,25.9787139893
2003-01-31,26.4026489258
2003-02-03,26.501247406
2003-02-04,26.6195468903
2003-02-05,26.0937366486
2003-02-06,25.8538208008
2003-02-07,25.6007843018
2003-02-10,25.8078136444
2003-02-11,25.6172142029
2003-02-12,25.2721385956
2003-02-13,25.2327060699
2003-02-14,25.6599197388
2003-02-18,26.2481994629
2003-02-19,26.0378665924
2003-02-20,25.8308238983
2003-02-21,26.1791801453
2003-02-24,25.6500759125
2003-02-25,25.9589977264
2003-02-26,25.6040554047
2003-02-27,25.8998394012
2003-02-28,25.9951400757
2003-03-03,25.8012542725
2003-03-04,25.4364700317
2003-03-05,25.5909233093
2003-03-06,25.4528865814
2003-03-07,25.6303539276
2003-03-10,25.0059528351
2003-03-11,24.8054847717
2003-03-12,24.8942050934
2003-03-13,25.7322349548
2003-03-14,25.8308238983
2003-03-17,26.5538215637
2003-03-18,26.7937259674
2003-03-19,26.8988990784
2003-03-20,27.0303382874
2003-03-21,27.6054649353
2003-03-24,26.6688461304
2003-03-25,26.984336853
2003-03-26,26.8528823853
2003-03-27,26.8003101349
2003-03-28,26.6721305847
2003-03-31,26.1905441284
2003-04-01,26.5698680878
2003-04-02,27.2065162659
2003-04-03,27.048166275
2003-04-04,27.1438407898
2003-04-07,27.1471195221
2003-04-08,27.1306324005
2003-04-09,26.8172626495
2003-04-10,26.9591140747
2003-04-11,26.8469638824
2003-04-14,27.4044189453
2003-04-15,27.5825462341
2003-04-16,27.2163944244
2003-04-17,27.6386108398
2003-04-21,27.6320095062
2003-04-22,28.1960659027
2003-04-23,28.4335803986
2003-04-24,28.2059669495
2003-04-25,27.8167552948
2003-04-28,28.3082199097
2003-04-29,28.4005680084
2003-04-30,28.4467639923
2003-05-01,28.4137802124
2003-05-02,28.8129043579
2003-05-05,28.7964076996
2003-05-06,28.994304657
2003-05-07,28.895357132
2003-05-08,28.598487854
2003-05-09,29.0108165741
2003-05-12,29.3571605682
2003-05-13,29.3241786957
2003-05-14,29.2186145782
2003-05-15,29.4495220184
2003-05-16,29.3868274689
2003-05-19,28.6974430084
2003-05-20,28.6677532196
2003-05-21,28.7865066528
2003-05-22,28.9778232574
2003-05-23,29.0998744965
2003-05-27,29.6804275513
2003-05-28,29.7134094238
2003-05-29,29.6639404297
2003-05-30,30.1059322357
2003-06-02,30.2312850952
2003-06-03,30.4127063751
2003-06-04,30.8481025696
2003-06-05,31.0163269043
2003-06-06,30.940454483
2003-06-09,30.5281410217
2003-06-10,30.8085250854
2003-06-11,31.1779594421
2003-06-12,31.2406406403
2003-06-13,30.9338626862
2003-06-16,31.5671901703
2003-06-17,31.6166648865
2003-06-18,31.550699234
2003-06-19,31.0658149719
2003-06-20,31.1054077148
2003-06-23,30.6586647034
2003-06-24,30.7414035797
2003-06-25,30.5428333282
2003-06-26,30.8737659454
2003-06-27,30.6123352051
2003-06-30,30.5924777985
2003-07-01,30.8108882904
2003-07-02,31.151720047
2003-07-03,30.9399471283
2003-07-07,31.5355644226
2003-07-08,31.7175636292
2003-07-09,31.6017665863
2003-07-10,31.2046833038
2003-07-11,31.439617157
2003-07-14,31.6811599731
2003-07-15,31.5223388672
2003-07-16,31.3601989746
2003-07-17,30.9531803131
2003-07-18,31.2708435059
2003-07-21,30.8108882904
2003-07-22,31.1186389923
2003-07-23,31.1550159454
2003-07-24,30.9134788513
2003-07-25,31.4561443329
2003-07-28,31.4263725281
2003-07-29,31.2344455719
2003-07-30,31.2278289795
2003-07-31,31.3039417267
2003-08-01,30.9432544708
2003-08-04,31.0226612091
2003-08-05,30.4700374603
2003-08-06,30.4932308197
2003-08-07,30.6917667389
2003-08-08,30.777797699
2003-08-11,30.9233951569
2003-08-12,31.2708435059
2003-08-13,31.0855331421
2003-08-14,31.2774620056
2003-08-15,31.2543048859
2003-08-18,31.6116809845
2003-08-19,31.7274875641
2003-08-20,31.7242069244
2003-08-21,31.8664836884
2003-08-22,31.5355644226
2003-08-25,31.5024929047
2003-08-26,31.6083660126
2003-08-27,31.6513938904
2003-08-28,31.8830375671
2003-08-29,32.0517997742
2003-09-02,32.518371582
2003-09-03,32.6110191345
2003-09-04,32.7069892883
2003-09-05,32.5315933228
2003-09-08,32.8426780701
2003-09-09,32.6110191345
2003-09-10,32.1543807983
2003-09-11,32.3628349304
2003-09-12,32.4521942139
2003-09-15,32.2801361084
2003-09-16,32.7930145264
2003-09-17,32.6772041321
2003-09-18,33.0908584595
2003-09-19,32.9717178345
2003-09-22,32.5944824219
2003-09-23,32.7764968872
2003-09-24,32.2106285095
2003-09-25,31.935968399
2003-09-26,31.7209072113
2003-09-29,31.9068584442
2003-09-30,31.7142410278
2003-10-01,32.3485221863
2003-10-02,32.4946632385
2003-10-03,32.84998703
2003-10-06,32.9927749634
2003-10-07,33.1422080994
2003-10-08,33.0160293579
2003-10-09,33.1023674011
2003-10-10,33.1554832458
2003-10-13,33.3912734985
2003-10-14,33.5407142639
2003-10-15,33.4244766235
2003-10-16,33.5606613159
2003-10-17,33.198677063
2003-10-20,33.3248672485
2003-10-21,33.3713569641
2003-10-22,32.9429588318
2003-10-23,32.9927749634
2003-10-24,32.8067893982
2003-10-27,32.9961013794
2003-10-28,33.4344482422
2003-10-29,33.5739250183
2003-10-30,33.4809303284
2003-10-31,33.6336936951
2003-11-03,33.8395881653
2003-11-04,33.7399406433
2003-11-05,33.7997436523
2003-11-06,33.9425392151
2003-11-07,33.7897796631
2003-11-10,33.620426178
2003-11-11,33.5573234558
2003-11-12,33.9624519348
2003-11-13,34.0156059265
2003-11-14,33.7532463074
2003-11-17,33.4876022339
2003-11-18,33.2052993774
2003-11-19,33.4410858154
2003-11-20,33.1953468323
2003-11-21,33.2152671814
2003-11-24,33.7897796631
2003-11-25,33.8728027344
2003-11-26,34.0587844849
2003-11-28,34.1384544373
2003-12-01,34.4871711731
2003-12-02,34.400806427
2003-12-03,34.2779350281
2003-12-04,34.4041481018
2003-12-05,34.1152267456
2003-12-08,34.3974990845
2003-12-09,34.0355186462
2003-12-10,33.9392242432
2003-12-11,34.3941802979
2003-12-12,34.5037689209
2003-12-15,34.2314529419
2003-12-16,34.4041481018
2003-12-17,34.5037689209
2003-12-18,34.8690643311
2003-12-19,34.8192329407
2003-12-22,35.0166740417
2003-12-23,35.1500778198
2003-12-24,35.116733551
2003-12-26,35.116733551
2003-12-29,35.5502662659
2003-12-30,35.6036224365
2003-12-31,35.5035743713
2004-01-02,35.5269088745
2004-01-05,35.9237594604
2004-01-06,36.0471763611
2004-01-07,36.1505508423
2004-01-08,36.2839431763
2004-01-09,36.0505104065
2004-01-12,36.2172546387
2004-01-13,36.1338729858
2004-01-14,36.3940010071
2004-01-15,36.5474052429
2004-01-16,36.6574401855
2004-01-20,36.7508392334
2004-01-21,36.907585144
2004-01-22,36.8809051514
2004-01-23,36.8142127991
2004-01-26,37.20104599
2004-01-27,36.884223938
2004-01-28,36.4173316956
2004-01-29,36.484046936
2004-01-30,36.4306716919
2004-02-02,36.4973754883
2004-02-03,36.4873847961
2004-02-04,36.1472053528
2004-02-05,36.293964386
2004-02-06,36.7608299255
2004-02-09,36.7141571045
2004-02-10,36.9475860596
2004-02-11,37.2544136047
2004-02-12,37.1543426514
2004-02-13,36.9642486572
2004-02-17,37.3511238098
2004-02-18,37.1843795776
2004-02-19,36.9809455872
2004-02-20,36.8675537109
2004-02-23,36.620765686
2004-02-24,36.6374359131
2004-02-25,36.834197998
2004-02-26,36.8875617981
2004-02-27,36.9409217834
2004-03-01,37.3011131287
2004-03-02,37.1643600464
2004-03-03,37.1843795776
2004-03-04,37.3511238098
2004-03-05,37.4678649902
2004-03-08,37.1243553162
2004-03-09,36.9309310913
2004-03-10,36.2705955505
2004-03-11,35.8070602417
2004-03-12,36.3139533997
2004-03-15,35.7636833191
2004-03-16,35.9604530334
2004-03-17,36.3472862244
2004-03-18,36.3039550781
2004-03-19,35.8837394714
2004-03-22,35.4268608093
2004-03-23,35.3868484497
2004-03-24,35.350151062
2004-03-25,35.8504066467
2004-03-26,35.9370994568
2004-03-29,36.295124054
2004-03-30,36.4958648682
2004-03-31,36.5627670288
2004-04-01,36.7501335144
2004-04-02,37.0846977234
2004-04-05,37.3289604187
2004-04-06,37.2285766602
2004-04-07,37.0746879578
2004-04-08,37.0211524963
2004-04-12,37.1382522583
2004-04-13,36.6397399902
2004-04-14,36.5192642212
2004-04-15,36.5359992981
2004-04-16,36.7099876404
2004-04-19,36.7534866333
2004-04-20,36.1679840088
2004-04-21,36.4021835327
2004-04-22,36.9810028076
2004-04-23,36.9776382446
2004-04-26,36.8204040527
2004-04-27,36.9040489197
2004-04-28,36.3854446411
2004-04-29,36.040813446
2004-04-30,35.7497444153
2004-05-03,36.1311798096
2004-05-04,36.1679840088
2004-05-05,36.3185348511
2004-05-06,35.9605369568
2004-05-07,35.4586753845
2004-05-10,34.9668464661
2004-05-11,35.2713012695
2004-05-12,35.3984375
2004-05-13,35.2980728149
2004-05-14,35.2846946716
2004-05-17,34.8831939697
2004-05-18,35.1608886719
2004-05-19,35.1140480042
2004-05-20,35.1274299622
2004-05-21,35.2612533569
2004-05-24,35.3950881958
2004-05-25,35.9939994812
2004-05-26,36.0675964355
2004-05-27,36.2348899841
2004-05-28,36.2683486938
2004-06-01,36.3018112183
2004-06-02,36.4021835327
2004-06-03,36.1110877991
2004-06-04,36.3285675049
2004-06-07,36.8705749512
2004-06-08,36.9174156189
2004-06-09,36.5895423889
2004-06-10,36.6731948853
2004-06-14,36.295124054
2004-06-15,36.5928993225
2004-06-16,36.6196594238
2004-06-17,36.6096229553
2004-06-18,36.6196594238
2004-06-21,36.529335022
2004-06-22,36.6263465881
2004-06-23,37.0044021606
2004-06-24,36.9341773987
2004-06-25,36.8940048218
2004-06-28,36.6992835999
2004-06-29,36.8570823669
2004-06-30,37.0048217773
2004-07-01,36.6455612183
2004-07-02,36.5515632629
2004-07-06,36.2560997009
2004-07-07,36.2795982361
2004-07-08,35.9573020935
2004-07-09,36.0681037903
2004-07-12,36.0580215454
2004-07-13,36.1218299866
2004-07-14,35.9573020935
2004-07-15,35.8700256348
2004-07-16,35.7055244446
2004-07-19,35.7055244446
2004-07-20,35.9573020935
2004-07-21,35.3529853821
2004-07-22,35.4738502502
2004-07-23,35.0844192505
2004-07-26,34.9803161621
2004-07-27,35.3261222839
2004-07-28,35.3529853821
2004-07-29,35.577922821
2004-07-30,35.6887168884
2004-08-02,35.7793655396
2004-08-03,35.5040588379
2004-08-04,35.4100379944
2004-08-05,34.8158226013
2004-08-06,34.3289833069
2004-08-09,34.3390846252
2004-08-10,34.7486610413
2004-08-11,34.661365509
2004-08-12,34.2786407471
2004-08-13,34.3323478699
2004-08-16,34.765460968
2004-08-17,34.9400367737
2004-08-18,35.359703064
2004-08-19,35.2522583008
2004-08-20,35.5477104187
2004-08-23,35.467124939
2004-08-24,35.4100379944
2004-08-25,35.7256698608
2004-08-26,35.7088623047
2004-08-27,35.8397941589
2004-08-30,35.5846405029
2004-08-31,35.7088623047
2004-09-01,35.77602005
2004-09-02,36.1789016724
2004-09-03,36.0580215454
2004-09-07,36.3098258972
2004-09-08,36.1587562561
2004-09-09,36.2326087952
2004-09-10,36.4743461609
2004-09-13,36.5314064026
2004-09-14,36.6388549805
2004-09-15,36.4105415344
2004-09-16,36.5280570984
2004-09-17,36.6388549805
2004-09-20,36.4978370667
2004-09-21,36.7328643799
2004-09-22,36.2292518616
2004-09-23,36.0748214722
2004-09-24,36.1553916931
2004-09-27,35.9724197388
2004-09-28,36.1678543091
2004-09-29,36.2487258911
2004-09-30,36.3093643188
2004-10-01,36.8956565857
2004-10-04,37.0169715881
2004-10-05,37.0068511963
2004-10-06,37.2325973511
2004-10-07,36.8956565857
2004-10-08,36.5890464783
2004-10-11,36.6766471863
2004-10-12,36.5957679749
2004-10-13,36.3262252808
2004-10-14,36.0027427673
2004-10-15,36.198184967
2004-10-18,36.356552124
2004-10-19,36.0364456177
2004-10-20,36.0465774536
2004-10-21,36.211643219
2004-10-22,35.8848228455
2004-10-25,35.8578681946
2004-10-26,36.4239501953
2004-10-27,36.8720664978
2004-10-28,36.8552474976
2004-10-29,36.963054657
2004-11-01,37.0169715881
2004-11-02,36.929359436
2004-11-03,37.4078140259
2004-11-04,37.9941101074
2004-11-05,38.1288909912
2004-11-08,38.0345420837
2004-11-09,38.0749588013
2004-11-10,38.0951843262
2004-11-11,38.452381134
2004-11-12,38.7825584412
2004-11-15,38.8095169067
2004-11-16,38.5803833008
2004-11-17,38.8061561584
2004-11-18,38.8667984009
2004-11-19,38.3950614929
2004-11-22,38.6477966309
2004-11-23,38.6612663269
2004-11-24,38.8836479187
2004-11-26,38.8836479187
2004-11-29,38.7994117737
2004-11-30,38.7151832581
2004-12-01,39.2172241211
2004-12-02,39.1970100403
2004-12-03,39.203742981
2004-12-06,39.1801605225
2004-12-07,38.7960395813
2004-12-08,38.95104599
2004-12-09,39.1329803467
2004-12-10,39.0858306885
2004-12-13,39.4564552307
2004-12-14,39.6316757202
2004-12-15,39.7597084045
2004-12-16,39.6923217773
2004-12-17,39.4901504517
2004-12-20,39.4193992615
2004-12-21,39.7866706848
2004-12-22,39.9349212646
2004-12-23,39.9787368774
2004-12-27,39.787071228
2004-12-28,40.1194877625
2004-12-29,40.1771583557
2004-12-30,40.1432342529
2004-12-31,40.0414772034
2005-01-03,39.7531661987
2005-01-04,39.2240180969
2005-01-05,38.9526901245
2005-01-06,39.1392326355
2005-01-07,39.0137290955
2005-01-10,39.1697616577
2005-01-11,38.9323158264
2005-01-12,39.1053161621
2005-01-13,38.8000488281
2005-01-14,38.9730300903
2005-01-18,39.3970184326
2005-01-19,39.0442657471
2005-01-20,38.8068275452
2005-01-21,38.6067047119
2005-01-24,38.3997955322
2005-01-25,38.4981689453
2005-01-26,38.735584259
2005-01-27,38.789855957
2005-01-28,38.6474113464
2005-01-31,39.0408554077
2005-02-01,39.2613296509
2005-02-02,39.4411087036
2005-02-03,39.2443733215
2005-02-04,39.7361907959
2005-02-07,39.7192268372
2005-02-08,39.787071228
2005-02-09,39.4139785767
2005-02-10,39.5496520996
2005-02-11,39.8718795776
2005-02-14,39.8820610046
2005-02-15,40.0245246887
2005-02-16,40.031288147
2005-02-17,39.7701225281
2005-02-18,39.7531661987
2005-02-22,39.1527900696
2005-02-23,39.3597068787
2005-02-24,39.6581840515
2005-02-25,40.0550270081
2005-02-28,39.8549346924
2005-03-01,40.082195282
2005-03-02,40.0482521057
2005-03-03,40.0923652649
2005-03-04,40.4959907532
2005-03-07,40.5977516174
2005-03-08,40.339969635
2005-03-09,39.9736366272
2005-03-10,39.9024085999
2005-03-11,39.7735176086
2005-03-14,39.970249176
2005-03-15,39.7599411011
2005-03-16,39.4173698425
2005-03-17,39.46484375
2005-03-18,39.380065918
2005-03-21,39.257938385
2005-03-22,38.9221458435
2005-03-23,38.8916130066
2005-03-24,38.9011573792
2005-03-28,38.9352035522
2005-03-29,38.6083374023
2005-03-30,39.1326942444
2005-03-31,39.1088447571
2005-04-01,38.9420127869
2005-04-04,39.0714035034
2005-04-05,39.1939888
2005-04-06,39.2825012207
2005-04-07,39.4970016479
2005-04-08,39.156539917
2005-04-11,39.1258811951
2005-04-12,39.3267784119
2005-04-13,38.9011573792
2005-04-14,38.441493988
2005-04-15,37.8285980225
2005-04-18,37.9647979736
2005-04-19,38.2848815918
2005-04-20,37.7400741577
2005-04-21,38.455116272
2005-04-22,38.2031326294
2005-04-25,38.5776863098
2005-04-26,38.1623001099
2005-04-27,38.3018875122
2005-04-28,37.7945518494
2005-04-29,38.24741745
2005-05-02,38.441493988
2005-05-03,38.5606651306
2005-05-04,38.8909416199
2005-05-05,38.8194274902
2005-05-06,38.8092155457
2005-05-09,39.0237388611
2005-05-10,38.6696205139
2005-05-11,38.8636856079
2005-05-12,38.4210510254
2005-05-13,38.2576217651
2005-05-16,38.6389694214
2005-05-17,38.9045562744
2005-05-18,39.3744316101
2005-05-19,39.5515098572
2005-05-20,39.4970016479
2005-05-23,39.7013015747
2005-05-24,39.7013015747
2005-05-25,39.554901123
2005-05-26,39.7796211243
2005-05-27,39.8409080505
2005-05-31,39.7319526672
2005-06-01,40.0622138977
2005-06-02,40.1235160828
2005-06-03,39.8919906616
2005-06-06,39.9566764832
2005-06-07,39.983921051
2005-06-08,39.8919906616
2005-06-09,40.0996932983
2005-06-10,40.0486183167
2005-06-13,40.1405525208
2005-06-14,40.2767333984
2005-06-15,40.331199646
2005-06-16,40.5184745789
2005-06-17,40.6921386719
2005-06-20,40.6887207031
2005-06-21,40.6104202271
2005-06-22,40.6887207031
2005-06-23,40.1950263977
2005-06-24,39.8545379639
2005-06-27,39.8931388855
2005-06-28,40.2997093201
2005-06-29,40.2313766479
2005-06-30,40.0332069397
2005-07-01,40.1801338196
2005-07-05,40.5286407471
2005-07-06,40.2177352905
2005-07-07,40.3338890076
2005-07-08,40.8293037415
2005-07-11,41.1197242737
2005-07-12,41.1880645752
2005-07-13,41.2393226624
2005-07-14,41.2803153992
2005-07-15,41.3144721985
2005-07-18,41.1436424255
2005-07-19,41.4135704041
2005-07-20,41.5468063354
2005-07-21,41.2939949036
2005-07-22,41.5741424561
2005-07-25,41.471660614
2005-07-26,41.5228919983
2005-07-27,41.6868934631
2005-07-28,41.9739151001
2005-07-29,41.7859687805
2005-08-01,41.7278900146
2005-08-02,41.9841423035
2005-08-03,42.0183105469
2005-08-04,41.6458969116
2005-08-05,41.3247337341
2005-08-08,41.1880645752
2005-08-09,41.399887085
2005-08-10,41.4614143372
2005-08-11,41.662979126
2005-08-12,41.4067153931
2005-08-15,41.6185531616
2005-08-16,41.0753211975
2005-08-17,41.0718955994
2005-08-18,41.027469635
2005-08-19,41.1709747314
2005-08-22,41.133392334
2005-08-23,41.0787277222
2005-08-24,40.8088150024
2005-08-25,40.9386367798
2005-08-26,40.6584663391
2005-08-29,40.9420585632
2005-08-30,40.8053855896
2005-08-31,41.3315811157
2005-09-01,41.3281517029
2005-09-02,41.2222328186
2005-09-06,41.7005729675
2005-09-07,41.8372077942
2005-09-08,41.6903152466
2005-09-09,41.9739151001
2005-09-12,41.9841423035
2005-09-13,41.7176437378
2005-09-14,41.5468063354
2005-09-15,41.5570678711
2005-09-16,41.8406448364
2005-09-19,41.6868934631
2005-09-20,41.2769050598
2005-09-21,40.883972168
2005-09-22,41.0240592957
2005-09-23,41.1060562134
2005-09-26,41.1575508118
2005-09-27,41.1575508118
2005-09-28,41.1953125
2005-09-29,41.5386161804
2005-09-30,41.6587753296
2005-10-03,41.6793556213
2005-10-04,41.171295166
2005-10-05,40.5361938477
2005-10-06,40.371421814
2005-10-07,40.5155944824
2005-10-10,40.16198349
2005-10-11,40.024684906
2005-10-12,39.7260169983
2005-10-13,39.6951293945
2005-10-14,40.1173667908
2005-10-17,40.2237930298
2005-10-18,39.8152770996
2005-10-19,40.3988723755
2005-10-20,39.7946853638
2005-10-21,39.9560241699
2005-10-24,40.6528930664
2005-10-25,40.5533485413
2005-10-26,40.4023170471
2005-10-27,39.8701934814
2005-10-28,40.4950027466
2005-10-31,40.6803817749
2005-11-01,40.7559089661
2005-11-02,41.2468261719
2005-11-03,41.3978462219
2005-11-04,41.3944244385
2005-11-07,41.4253234863
2005-11-08,41.4012985229
2005-11-09,41.5008583069
2005-11-10,41.7480163574
2005-11-11,41.9333992004
2005-11-14,41.8475799561
2005-11-15,41.6827926636
2005-11-16,41.7617492676
2005-11-17,42.1531028748
2005-11-18,42.4243164062
2005-11-21,42.6131134033
2005-11-22,42.8499946594
2005-11-23,43.0490913391
2005-11-25,43.1074638367
2005-11-28,42.7195510864
2005-11-29,42.7264213562
2005-11-30,42.5581970215
2005-12-01,43.0902900696
2005-12-02,43.1040267944
2005-12-05,43.0079040527
2005-12-06,43.0010375977
2005-12-07,42.8190994263
2005-12-08,42.8259849548
2005-12-09,42.9255142212
2005-12-12,42.9976196289
2005-12-13,43.241355896
2005-12-14,43.3271560669
2005-12-15,43.2173156738
2005-12-16,43.1658248901
2005-12-19,42.8019256592
2005-12-20,42.836265564
2005-12-21,42.9907417297
2005-12-22,43.1898765564
2005-12-23,43.2173156738
2005-12-27,42.8211097717
2005-12-28,42.8832244873
2005-12-29,42.724445343
2005-12-30,42.5657119751
2006-01-03,43.193862915
2006-01-04,43.5079116821
2006-01-05,43.4803085327
2006-01-06,43.9082832336
2006-01-09,44.0705032349
2006-01-10,44.1326293945
2006-01-11,44.2568664551
2006-01-12,44.004940033
2006-01-13,44.0532341003
2006-01-17,43.8979415894
2006-01-18,43.7633247375
2006-01-19,44.0014762878
2006-01-20,43.2283592224
2006-01-23,43.3560676575
2006-01-24,43.4872207642
2006-01-25,43.390586853
2006-01-26,43.7598724365
2006-01-27,44.1084632874
2006-01-30,44.1533279419
2006-01-31,43.9358978271
2006-02-01,44.1050224304
2006-02-02,43.711555481
2006-02-03,43.4975700378
2006-02-06,43.6011314392
2006-02-07,43.1765975952
2006-02-08,43.4872207642
2006-02-09,43.4043731689
2006-02-10,43.4941062927
2006-02-13,43.2973976135
2006-02-14,43.7081108093
2006-02-15,43.8737792969
2006-02-16,44.2154579163
2006-02-17,44.1636810303
2006-02-21,44.0394515991
2006-02-22,44.3845748901
2006-02-23,44.2741127014
2006-02-24,44.343170166
2006-02-27,44.4708633423
2006-02-28,44.0325317383
2006-03-01,44.4190826416
2006-03-02,44.3880386353
2006-03-03,44.3155403137
2006-03-06,43.9911079407
2006-03-07,43.8116569519
2006-03-08,43.9358978271
2006-03-09,43.7011985779
2006-03-10,44.0428924561
2006-03-13,44.1498718262
2006-03-14,44.6054420471
2006-03-15,44.805644989
2006-03-16,44.9022712708
2006-03-17,44.936794281
2006-03-20,44.8418388367
2006-03-21,44.5923347473
2006-03-22,44.8626365662
2006-03-23,44.852230072
2006-03-24,44.911151886
2006-03-27,44.8799629211
2006-03-28,44.6165962219
2006-03-29,45.0324325562
2006-03-30,44.911151886
2006-03-31,44.9354095459
2006-04-03,44.8868865967
2006-04-04,45.1467895508
2006-04-05,45.313117981
2006-04-06,45.2923202515
2006-04-07,44.8071784973
2006-04-10,44.8660926819
2006-04-11,44.4606704712
2006-04-12,44.5507507324
2006-04-13,44.5403518677
2006-04-17,44.4710502625
2006-04-18,45.2369041443
2006-04-19,45.3720321655
2006-04-20,45.4344177246
2006-04-21,45.4136238098
2006-04-24,45.2819328308
2006-04-25,45.1363983154
2006-04-26,45.1467895508
2006-04-27,45.2784729004
2006-04-28,45.3651237488
2006-05-01,45.1467895508
2006-05-02,45.4136238098
2006-05-03,45.2819328308
2006-05-04,45.4933319092
2006-05-05,45.881439209
2006-05-08,45.923034668
2006-05-09,45.9195632935
2006-05-10,45.8572158813
2006-05-11,45.2646141052
2006-05-12,44.6581840515
2006-05-15,44.7066955566
2006-05-16,44.5646095276
2006-05-17,43.75025177
2006-05-18,43.545791626
2006-05-19,43.7918434143
2006-05-22,43.5319252014
2006-05-23,43.1923103333
2006-05-24,43.3413391113
2006-05-25,43.9408340454
2006-05-26,44.1903495789
2006-05-30,43.3898468018
2006-05-31,43.9027252197
2006-06-01,44.4606704712
2006-06-02,44.5472946167
2006-06-05,43.7987632751
2006-06-06,43.6012496948
2006-06-07,43.3170814514
2006-06-08,43.2754974365
2006-06-09,43.1091499329
2006-06-12,42.5442962646
2006-06-13,42.0383605957
2006-06-14,42.3052024841
2006-06-15,43.2824287415
2006-06-16,43.0571670532
2006-06-19,42.6240158081
2006-06-20,42.6343994141
2006-06-21,43.1091499329
2006-06-22,42.8735160828
2006-06-23,42.9393501282
2006-06-26,43.1499176025
2006-06-27,42.7392196655
2006-06-28,43.0420227051
2006-06-29,43.9817352295
2006-06-30,43.960849762
2006-07-03,44.29845047
2006-07-05,43.9364891052
2006-07-06,44.0791931152
2006-07-07,43.7137336731
2006-07-10,43.7659454346
2006-07-11,43.9260368347
2006-07-12,43.456199646
2006-07-13,42.8088493347
2006-07-14,42.5582466125
2006-07-17,42.485168457
2006-07-18,42.6278610229
2006-07-19,43.3309020996
2006-07-20,42.8888931274
2006-07-21,42.547794342
2006-07-24,43.3761329651
2006-07-25,43.5223312378
2006-07-26,43.6406707764
2006-07-27,43.5292701721
2006-07-28,43.9121131897
2006-07-31,43.9086494446
2006-08-01,43.6824302673
2006-08-02,43.9573707581
2006-08-03,44.0548095703
2006-08-04,44.0339393616
2006-08-07,43.8877754211
2006-08-08,43.6859054565
2006-08-09,43.4631538391
2006-08-10,43.6302261353
2006-08-11,43.4944725037
2006-08-14,43.5745277405
2006-08-15,44.1313896179
2006-08-16,44.5629463196
2006-08-17,44.6638793945
2006-08-18,44.841381073
2006-08-21,44.6708488464
2006-08-22,44.6847610474
2006-08-23,44.4689865112
2006-08-24,44.465511322
2006-08-25,44.4829177856
2006-08-28,44.7404632568
2006-08-29,44.8274688721
2006-08-30,44.924911499
2006-08-31,44.9179725647
2006-09-01,45.1789779663
2006-09-05,45.2694816589
2006-09-06,44.7857093811
2006-09-07,44.618637085
2006-09-08,44.7091407776
2006-09-11,44.7230453491
2006-09-12,45.2311973572
2006-09-13,45.4713478088
2006-09-14,45.3738975525
2006-09-15,45.4817733765
2006-09-18,45.5165748596
2006-09-19,45.3982429504
2006-09-20,45.6697311401
2006-09-21,45.3843231201
2006-09-22,45.2694816589
2006-09-25,45.6570396423
2006-09-26,45.975025177
2006-09-27,46.0309677124
2006-09-28,46.076385498
2006-09-29,45.9331054688
2006-10-02,45.8037986755
2006-10-03,45.8736915588
2006-10-04,46.3594436646
2006-10-05,46.583114624
2006-10-06,46.4922409058
2006-10-09,46.5376663208
2006-10-10,46.6425018311
2006-10-11,46.558631897
2006-10-12,47.0234336853
2006-10-13,47.1876792908
2006-10-16,47.3169670105
2006-10-17,47.1317596436
2006-10-18,47.1981391907
2006-10-19,47.2505912781
2006-10-20,47.2365913391
2006-10-23,47.4392814636
2006-10-24,47.5546035767
2006-10-25,47.7118492126
2006-10-26,47.9634742737
2006-10-27,47.5965309143
2006-10-30,47.6140022278
2006-10-31,47.5546035767
2006-11-01,47.1701812744
2006-11-02,47.1422348022
2006-11-03,47.1352539062
2006-11-06,47.6594352722
2006-11-07,47.823677063
2006-11-08,47.9459915161
2006-11-09,47.6838951111
2006-11-10,47.7922286987
2006-11-13,47.9005813599
2006-11-14,48.2744941711
2006-11-15,48.4562187195
2006-11-16,48.5610427856
2006-11-17,48.5365905762
2006-11-20,48.5645484924
2006-11-21,48.6903381348
2006-11-22,48.8266410828
2006-11-24,48.6833457947
2006-11-27,47.9110488892
2006-11-28,48.0927696228
2006-11-29,48.5855102539
2006-11-30,48.6624107361
2006-12-01,48.5260887146
2006-12-04,49.0013618469
2006-12-05,49.1795921326
2006-12-06,49.1516151428
2006-12-07,48.9314727783
2006-12-08,49.0153427124
2006-12-11,49.1201667786
2006-12-12,49.0432929993
2006-12-13,49.1271781921
2006-12-14,49.5011253357
2006-12-15,49.5150756836
2006-12-18,49.3123779297
2006-12-19,49.3822784424
2006-12-20,49.3613166809
2006-12-21,49.1691169739
2006-12-22,48.8923416138
2006-12-26,49.1768417358
2006-12-27,49.5140113831
2006-12-28,49.4437789917
2006-12-29,49.247089386
2007-01-03,49.1557502747
2007-01-04,49.2541007996
2007-01-05,48.8642311096
2007-01-08,49.0433654785
2007-01-09,49.0433654785
2007-01-10,49.1522636414
2007-01-11,49.5245513916
2007-01-12,49.8512191772
2007-01-16,49.7563858032
2007-01-17,49.7915115356
2007-01-18,49.5245513916
2007-01-19,49.7177429199
2007-01-22,49.521068573
2007-01-23,49.6615486145
2007-01-24,50.1005973816
2007-01-25,49.538608551
2007-01-26,49.5069923401
2007-01-29,49.5175476074
2007-01-30,49.8020210266
2007-01-31,50.1638298035
2007-02-01,50.4518508911
2007-02-02,50.5150566101
2007-02-05,50.5747756958
2007-02-06,50.578289032
2007-02-07,50.7433547974
2007-02-08,50.6801185608
2007-02-09,50.2972717285
2007-02-12,50.1181678772
2007-02-13,50.5431442261
2007-02-14,50.8803215027
2007-02-15,50.8908882141
2007-02-16,50.9260215759
2007-02-20,51.0770454407
2007-02-21,51.0981254578
2007-02-22,51.0805549622
2007-02-23,50.9154624939
2007-02-26,50.8487129211
2007-02-27,48.9625740051
2007-02-28,49.348941803
2007-03-01,49.208442688
2007-03-02,48.5059967041
2007-03-05,47.9440002441
2007-03-06,48.7518386841
2007-03-07,48.713218689
2007-03-08,49.1206626892
2007-03-09,49.1381950378
2007-03-12,49.2681465149
2007-03-13,48.3830375671
2007-03-14,48.62890625
2007-03-15,48.8220977783
2007-03-16,48.6113548279
2007-03-19,49.166305542
2007-03-20,49.4894256592
2007-03-21,50.2797317505
2007-03-22,50.3078193665
2007-03-23,50.4061813354
2007-03-26,50.3218612671
2007-03-27,50.1208152771
2007-03-28,49.7927474976
2007-03-29,49.9303245544
2007-03-30,49.9020996094
2007-04-02,50.0255661011
2007-04-03,50.4805984497
2007-04-04,50.5335006714
2007-04-05,50.6746177673
2007-04-09,50.7345848083
2007-04-10,50.8756637573
2007-04-11,50.5511512756
2007-04-12,50.8827209473
2007-04-13,51.0520401001
2007-04-16,51.5670623779
2007-04-17,51.6481819153
2007-04-18,51.694026947
2007-04-19,51.598777771
2007-04-20,52.0573539734
2007-04-23,51.9550666809
2007-04-24,51.9479980469
2007-04-25,52.4100952148
2007-04-26,52.427734375
2007-04-27,52.3712844849
2007-04-30,51.9092140198
2007-05-01,52.0256195068
2007-05-02,52.4100952148
2007-05-03,52.6428909302
2007-05-04,52.7980918884
2007-05-07,52.8827400208
2007-05-08,52.8298568726
2007-05-09,53.0168113708
2007-05-10,52.3501319885
2007-05-11,52.8404350281
2007-05-14,52.6816940308
2007-05-15,52.5405807495
2007-05-16,52.992099762
2007-05-17,52.8651313782
2007-05-18,53.2602005005
2007-05-21,53.4118423462
2007-05-22,53.4048042297
2007-05-23,53.3766059875
2007-05-24,52.8298568726
2007-05-25,53.0873184204
2007-05-29,53.298992157
2007-05-30,53.7575569153
2007-05-31,53.8422164917
2007-06-01,54.0608863831
2007-06-04,54.1491088867
2007-06-05,53.8739433289
2007-06-06,53.323677063
2007-06-07,52.2725219727
2007-06-08,52.9885826111
2007-06-11,53.0520706177
2007-06-12,52.3994941711
2007-06-13,53.2178726196
2007-06-14,53.5988082886
2007-06-15,53.8845329285
2007-06-18,53.7998962402
2007-06-19,53.9480400085
2007-06-20,53.2390174866
2007-06-21,53.5035972595
2007-06-22,53.0520706177
2007-06-25,52.6771011353
2007-06-26,52.2486495972
2007-06-27,53.0205726624
2007-06-28,53.0134887695
2007-06-29,52.8930931091
2007-07-02,53.5056533813
2007-07-03,53.7358093262
2007-07-05,53.7074775696
2007-07-06,54.0049133301
2007-07-09,53.9765777588
2007-07-10,53.2365722656
2007-07-11,53.6260528564
2007-07-12,54.4369010925
2007-07-13,54.5997924805
2007-07-16,54.5608520508
2007-07-17,54.5289382935
2007-07-18,54.4050292969
2007-07-19,54.5360336304
2007-07-20,54.0474014282
2007-07-23,54.1536254883
2007-07-24,53.2046890259
2007-07-25,53.2153091431
2007-07-26,51.9547729492
2007-07-27,50.9774932861
2007-07-30,51.7316970825
2007-07-31,51.0235481262
2007-08-01,51.3245277405
2007-08-02,51.7600097656
2007-08-03,50.4144973755
2007-08-06,51.2643089294
2007-08-07,51.6502418518
2007-08-08,52.4292564392
2007-08-09,51.0058288574
2007-08-10,50.8889732361
2007-08-13,50.9881210327
2007-08-14,50.0993537903
2007-08-15,49.4301452637
2007-08-16,49.7488288879
2007-08-17,50.6552505493
2007-08-20,50.761505127
2007-08-21,50.7685661316
2007-08-22,51.4767456055
2007-08-23,51.3952980042
2007-08-24,51.9972610474
2007-08-27,51.4555053711
2007-08-28,50.4003334045
2007-08-29,51.4023933411
2007-08-30,51.2678489685
2007-08-31,51.7741889954
2007-09-04,52.3761177063
2007-09-05,51.9158172607
2007-09-06,52.0716171265
2007-09-07,51.3174095154
2007-09-10,51.0978775024
2007-09-11,51.7671012878
2007-09-12,51.9441299438
2007-09-13,52.1388816833
2007-09-14,52.1849327087
2007-09-17,51.9087142944
2007-09-18,53.3569374084
2007-09-19,53.7428970337
2007-09-20,53.4171600342
2007-09-21,53.5446052551
2007-09-24,53.3924179077
2007-09-25,53.2679443359
2007-09-26,53.6591186523
2007-09-27,53.9542350769
2007-09-28,53.7657814026
2007-10-01,54.4591941833
2007-10-02,54.3702926636
2007-10-03,54.2849464417
2007-10-04,54.3880996704
2007-10-05,54.9783325195
2007-10-08,54.907207489
2007-10-09,55.2912902832
2007-10-10,55.184589386
2007-10-11,54.871673584
2007-10-12,55.1455078125
2007-10-15,54.715221405
2007-10-16,54.3276405334
2007-10-17,54.3667411804
2007-10-18,54.3809509277
2007-10-19,52.9834480286
2007-10-22,53.2430686951
2007-10-23,53.6235351562
2007-10-24,53.5879974365
2007-10-25,53.5524330139
2007-10-26,54.1960487366
2007-10-29,54.4129714966
2007-10-30,54.0253753662
2007-10-31,54.7294425964
2007-11-01,53.342628479
2007-11-02,53.3319587708
2007-11-05,52.912361145
2007-11-06,53.6449050903
2007-11-07,52.1655960083
2007-11-08,52.0980491638
2007-11-09,51.4117622375
2007-11-12,50.7432327271
2007-11-13,52.2260322571
2007-11-14,52.0447120667
2007-11-15,51.2943954468
2007-11-16,51.4971084595
2007-11-19,50.6543197632
2007-11-20,50.8498840332
2007-11-21,49.9609413147
2007-11-23,50.707660675
2007-11-26,49.7155647278
2007-11-27,50.3236351013
2007-11-28,51.8633384705
2007-11-29,51.8882293701
2007-11-30,52.2545051575
2007-12-03,51.9380149841
2007-12-04,51.6037788391
2007-12-05,52.375415802
2007-12-06,53.1328239441
2007-12-07,53.1968345642
2007-12-10,53.6520080566
2007-12-11,52.1904830933
2007-12-12,52.5211982727
2007-12-13,52.5283241272
2007-12-14,51.8100242615
2007-12-17,51.0170478821
2007-12-18,51.3833236694
2007-12-19,51.32995224
2007-12-20,51.6878433228
2007-12-21,52.4850463867
2007-12-24,52.9748191833
2007-12-26,53.0177345276
2007-12-27,52.352771759
2007-12-28,52.1525840759
2007-12-31,51.891582489
2008-01-02,51.2766838074
2008-01-03,51.2159156799
2008-01-04,49.8466796875
2008-01-07,49.8717269897
2008-01-08,48.9779434204
2008-01-09,49.4963264465
2008-01-10,49.821647644
2008-01-11,49.3533287048
2008-01-14,49.8287963867
2008-01-15,48.6204452515
2008-01-16,48.3272895813
2008-01-17,46.9973907471
2008-01-18,46.6792259216
2008-01-22,46.1608390808
2008-01-23,47.3692016602
2008-01-24,47.6730690002
2008-01-25,46.9794998169
2008-01-28,47.9626541138
2008-01-29,48.1592712402
2008-01-30,47.7231178284
2008-01-31,48.6919593811
2008-02-01,49.4784660339
2008-02-04,48.8921585083
2008-02-05,47.5050201416
2008-02-06,47.143951416
2008-02-07,47.5765266418
2008-02-08,47.2976799011
2008-02-11,47.5729446411
2008-02-12,48.0126914978
2008-02-13,48.5596733093
2008-02-14,47.9304695129
2008-02-15,47.941204071
2008-02-19,48.0949172974
2008-02-20,48.3201446533
2008-02-21,47.7802963257
2008-02-22,48.0019836426
2008-02-25,48.8063583374
2008-02-26,49.1209411621
2008-02-27,49.0422973633
2008-02-28,48.5489463806
2008-02-29,47.4764289856
2008-03-03,47.3084144592
2008-03-04,47.1582794189
2008-03-05,47.4228210449
2008-03-06,46.439666748
2008-03-07,45.9391708374
2008-03-10,45.2384643555
2008-03-11,46.8400802612
2008-03-12,46.3932113647
2008-03-13,46.6934928894
2008-03-14,45.8355140686
2008-03-17,45.306388855
2008-03-18,47.190448761
2008-03-19,45.9284591675
2008-03-20,46.8901252747
2008-03-24,47.9054298401
2008-03-25,47.9747695923
2008-03-26,47.4108734131
2008-03-27,47.2348670959
2008-03-28,46.8146209717
2008-03-31,47.0516891479
2008-04-01,48.6571807861
2008-04-02,48.6895065308
2008-04-03,48.7469940186
2008-04-04,48.7649650574
2008-04-07,48.7900695801
2008-04-08,48.7002868652
2008-04-09,48.2620849609
2008-04-10,48.5063591003
2008-04-11,47.5150146484
2008-04-14,47.3533935547
2008-04-15,47.5796813965
2008-04-16,48.7577629089
2008-04-17,48.8188438416
2008-04-18,49.4904747009
2008-04-21,49.3863220215
2008-04-22,48.9732704163
2008-04-23,49.1241188049
2008-04-24,49.397102356
2008-04-25,49.7778129578
2008-04-28,49.7562446594
2008-04-29,49.5479316711
2008-04-30,49.3503837585
2008-05-01,50.2196006775
2008-05-02,50.3632621765
2008-05-05,50.104675293
2008-05-06,50.5320892334
2008-05-07,49.8209228516
2008-05-08,49.7203407288
2008-05-09,49.6916275024
2008-05-12,50.2052268982
2008-05-13,50.2626953125
2008-05-14,50.4207458496
2008-05-15,50.9558982849
2008-05-16,51.0456848145
2008-05-19,51.1247024536
2008-05-20,50.7044715881
2008-05-21,49.8532371521
2008-05-22,50.0220603943
2008-05-23,49.3001060486
2008-05-27,49.7311286926
2008-05-28,50.0292167664
2008-05-29,50.2483139038
2008-05-30,50.345287323
2008-06-02,49.9430198669
2008-06-03,49.6736717224
2008-06-04,49.763469696
2008-06-05,50.7332191467
2008-06-06,49.2031555176
2008-06-09,49.2426223755
2008-06-10,48.9948005676
2008-06-11,48.2549171448
2008-06-12,48.3985786438
2008-06-13,49.1169242859
2008-06-16,49.1995506287
2008-06-17,48.8475532532
2008-06-18,48.4883728027
2008-06-19,48.6320533752
2008-06-20,47.8418617249
2008-06-23,47.698184967
2008-06-24,47.4621925354
2008-06-25,47.8014068604
2008-06-26,46.4156455994
2008-06-27,46.350692749
2008-06-30,46.2568702698
2008-07-01,46.4733924866
2008-07-02,45.5206871033
2008-07-03,45.4773788452
2008-07-07,45.0371055603
2008-07-08,45.8671226501
2008-07-09,44.9360733032
2008-07-10,45.2175636292
2008-07-11,44.8205795288
2008-07-14,44.3803215027
2008-07-15,43.810131073
2008-07-16,44.8205795288
2008-07-17,45.2897186279
2008-07-18,45.5423355103
2008-07-21,45.6650352478
2008-07-22,46.2713050842
2008-07-23,46.4950447083
2008-07-24,45.4052009583
2008-07-25,45.5423355103
2008-07-28,44.9288330078
2008-07-29,45.8815574646
2008-07-30,46.4950447083
2008-07-31,45.9681739807
2008-08-01,45.7660675049
2008-08-04,45.3835639954
2008-08-05,46.5455589294
2008-08-06,46.6033058167
2008-08-07,45.9392967224
2008-08-08,46.9136428833
2008-08-11,47.3827972412
2008-08-12,46.8631286621
2008-08-13,46.7548675537
2008-08-14,47.0002670288
2008-08-15,47.2745285034
2008-08-18,46.5816574097
2008-08-19,46.0908660889
2008-08-20,46.2568702698
2008-08-21,46.3795661926
2008-08-22,47.029132843
2008-08-25,46.0403442383
2008-08-26,46.1918983459
2008-08-27,46.5022544861
2008-08-28,47.2600975037
2008-08-29,46.6394004822
2008-09-02,46.4445075989
2008-09-03,46.3579139709
2008-09-04,44.9360733032
2008-09-05,45.2031211853
2008-09-08,45.9898223877
2008-09-09,44.394744873
2008-09-10,44.6906738281
2008-09-11,45.3185997009
2008-09-12,45.7660675049
2008-09-15,43.6657867432
2008-09-16,44.2287483215
2008-09-17,42.251159668
2008-09-18,43.6657867432
2008-09-19,45.7732849121
2008-09-22,44.1926612854
2008-09-23,43.4420471191
2008-09-24,43.4028778076
2008-09-25,44.1789703369
2008-09-26,44.1427116394
2008-09-29,41.2341842651
2008-09-30,42.3294143677
2008-10-01,42.278629303
2008-10-02,40.3782997131
2008-10-03,39.761806488
2008-10-06,38.3764381409
2008-10-07,36.0336761475
2008-10-08,35.3446350098
2008-10-09,33.1251487732
2008-10-10,32.1677398682
2008-10-13,36.2947769165
2008-10-14,35.9828948975
2008-10-15,32.6174316406
2008-10-16,34.118850708
2008-10-17,33.7996940613
2008-10-20,35.5331993103
2008-10-21,34.4597320557
2008-10-22,32.5376548767
2008-10-23,32.9438209534
2008-10-24,31.3626461029
2008-10-27,30.3471870422
2008-10-28,33.3935279846
2008-10-29,33.0598907471
2008-10-30,34.1768569946
2008-10-31,34.9312019348
2008-11-03,34.8151435852
2008-11-04,36.0699462891
2008-11-05,34.2856712341
2008-11-06,32.6029319763
2008-11-07,33.4442863464
2008-11-10,33.0743980408
2008-11-11,32.32006073
2008-11-12,30.666343689
2008-11-13,32.6899681091
2008-11-14,31.297372818
2008-11-17,30.4777622223
2008-11-18,30.7606315613
2008-11-19,28.8965682983
2008-11-20,26.9672298431
2008-11-21,28.4976387024
2008-11-24,30.1948757172
2008-11-25,30.6155548096
2008-11-26,31.7470684052
2008-11-28,32.1314849854
2008-12-01,29.2592277527
2008-12-02,30.41248703
2008-12-03,31.1958084106
2008-12-04,30.2674121857
2008-12-05,31.340877533
2008-12-08,32.5376548767
2008-12-09,31.9428920746
2008-12-10,32.3055496216
2008-12-11,31.3988990784
2008-12-12,31.7107982635
2008-12-15,31.1885547638
2008-12-16,32.8277931213
2008-12-17,32.5884246826
2008-12-18,32.0226745605
2008-12-19,31.9936656952
2008-12-22,31.5441837311
2008-12-23,31.2079811096
2008-12-24,31.3322124481
2008-12-26,31.6611175537
2008-12-29,31.4199237823
2008-12-30,32.2458190918
2008-12-31,32.6989593506
2009-01-02,33.6417732239
2009-01-05,33.6344642639
2009-01-06,33.9121894836
2009-01-07,32.962059021
2009-01-08,33.1082267761
2009-01-09,32.2969741821
2009-01-12,31.5880374908
2009-01-13,31.6318836212
2009-01-14,30.6013660431
2009-01-15,30.7110004425
2009-01-16,30.9375743866
2009-01-20,29.3296470642
2009-01-21,30.5282764435
2009-01-22,30.0020465851
2009-01-23,30.1847820282
2009-01-26,30.3528804779
2009-01-27,30.7110004425
2009-01-28,31.7707538605
2009-01-29,30.7256126404
2009-01-30,30.0678348541
2009-02-02,30.0166664124
2009-02-03,30.4405574799
2009-02-04,30.2797756195
2009-02-05,30.7621631622
2009-02-06,31.6465110779
2009-02-09,31.6538181305
2009-02-10,30.2066936493
2009-02-11,30.3894195557
2009-02-12,30.4698123932
2009-02-13,30.1628494263
2009-02-17,28.861907959
2009-02-18,28.7668800354
2009-02-19,28.4599132538
2009-02-20,28.1237163544
2009-02-23,27.1662826538
2009-02-24,28.1529560089
2009-02-25,27.9336948395
2009-02-26,27.4220943451
2009-02-27,26.9031829834
2009-03-02,25.6533966064
2009-03-03,25.4341506958
2009-03-04,25.9895954132
2009-03-05,24.9371585846
2009-03-06,24.9298553467
2009-03-09,24.6301879883
2009-03-10,26.2015419006
2009-03-11,26.2965660095
2009-03-12,27.3782520294
2009-03-13,27.6706047058
2009-03-16,27.5171127319
2009-03-17,28.3868484497
2009-03-18,28.9934482574
2009-03-19,28.7011241913
2009-03-20,28.0944900513
2009-03-23,30.0458965302
2009-03-24,29.4465904236
2009-03-25,29.7542190552
2009-03-26,30.4975223541
2009-03-27,29.9234981537
2009-03-30,28.871088028
2009-03-31,29.1286716461
2009-04-01,29.7100582123
2009-04-02,30.6005592346
2009-04-03,30.9832553864
2009-04-06,30.6815109253
2009-04-07,29.9014072418
2009-04-08,30.3208999634
2009-04-09,31.5499038696
2009-04-13,31.5940856934
2009-04-14,31.00532341
2009-04-15,31.3364982605
2009-04-16,31.8737335205
2009-04-17,32.0871772766
2009-04-20,30.7256584167
2009-04-21,31.3364982605
2009-04-22,31.2040290833
2009-04-23,31.4248161316
2009-04-24,31.9767856598
2009-04-27,31.6455917358
2009-04-28,31.5867195129
2009-04-29,32.3373718262
2009-04-30,32.3300247192
2009-05-01,32.5140037537
2009-05-04,33.6252784729
2009-05-05,33.5075302124
2009-05-06,34.0300559998
2009-05-07,33.5001792908
2009-05-08,34.2581977844
2009-05-11,33.6694335938
2009-05-12,33.5811386108
2009-05-13,32.6244049072
2009-05-14,32.9555702209
2009-05-15,32.6096916199
2009-05-18,33.6105651855
2009-05-19,33.617931366
2009-05-20,33.4265937805
2009-05-21,32.8231010437
2009-05-22,32.8451728821
2009-05-26,33.7283210754
2009-05-27,33.1616325378
2009-05-28,33.5737762451
2009-05-29,34.0962944031
2009-06-01,34.9426345825
2009-06-02,35.0824584961
2009-06-03,34.6556053162
2009-06-04,35.0015144348
2009-06-05,34.9352645874
2009-06-08,34.8395996094
2009-06-09,35.0235824585
2009-06-10,34.9352645874
2009-06-11,35.1413345337
2009-06-12,35.1707725525
2009-06-15,34.3538703918
2009-06-16,33.8755111694
2009-06-17,33.8313484192
2009-06-18,34.0153274536
2009-06-19,34.1404418945
2009-06-22,33.1542892456
2009-06-23,33.1542892456
2009-06-24,33.4153747559
2009-06-25,34.1919403076
2009-06-26,34.1253623962
2009-06-29,34.4508171082
2009-06-30,34.2215270996
2009-07-01,34.4212379456
2009-07-02,33.5189208984
2009-07-06,33.3931846619
2009-07-07,32.7053527832
2009-07-08,32.6609573364
2009-07-09,32.7275314331
2009-07-10,32.646156311
2009-07-13,33.4005775452
2009-07-14,33.6372337341
2009-07-15,34.6431121826
2009-07-16,34.9833450317
2009-07-17,34.9981231689
2009-07-20,35.39012146
2009-07-21,35.545425415
2009-07-22,35.567615509
2009-07-23,36.4107627869
2009-07-24,36.5291099548
2009-07-27,36.6844177246
2009-07-28,36.5956611633
2009-07-29,36.4181632996
2009-07-30,36.8101463318
2009-07-31,36.8693237305
2009-08-03,37.4905853271
2009-08-04,37.6311149597
2009-08-05,37.5423583984
2009-08-06,37.2834968567
2009-08-07,37.8086280823
2009-08-10,37.7198753357
2009-08-11,37.2317428589
2009-08-12,37.6385154724
2009-08-13,37.97133255
2009-08-14,37.6237220764
2009-08-17,36.6474456787
2009-08-18,37.0320358276
2009-08-19,37.3500595093
2009-08-20,37.7050819397
2009-08-21,38.4077033997
2009-08-24,38.4594650269
2009-08-25,38.5334205627
2009-08-26,38.5038490295
2009-08-27,38.6369628906
2009-08-28,38.6073875427
2009-08-31,38.2375869751
2009-09-01,37.3944358826
2009-09-02,37.239112854
2009-09-03,37.5793457031
2009-09-04,38.0600814819
2009-09-08,38.4446792603
2009-09-09,38.8292808533
2009-09-10,39.2286567688
2009-09-11,39.2582435608
2009-09-14,39.4653320312
2009-09-15,39.6576309204
2009-09-16,40.2789077759
2009-09-17,40.2049331665
2009-09-18,40.2641029358
2009-09-21,40.1531600952
2009-09-22,40.3898391724
2009-09-23,39.9756736755
2009-09-24,39.550655365
2009-09-25,39.2980384827
2009-09-28,40.0336112976
2009-09-29,39.9667434692
2009-09-30,39.8181495667
2009-10-01,38.7630500793
2009-10-02,38.5327186584
2009-10-05,39.1271438599
2009-10-06,39.7066917419
2009-10-07,39.7958526611
2009-10-08,40.1450691223
2009-10-09,40.4199829102
2009-10-12,40.5685958862
2009-10-13,40.457118988
2009-10-14,41.1778373718
2009-10-15,41.3190460205
2009-10-16,41.0143966675
2009-10-19,41.3487510681
2009-10-20,41.0961303711
2009-10-21,40.6949043274
2009-10-22,41.1332778931
2009-10-23,40.6057434082
2009-10-26,40.1450691223
2009-10-27,39.929599762
2009-10-28,39.0602760315
2009-10-29,39.8478660583
2009-10-30,38.7705001831
2009-11-02,38.9859771729
2009-11-03,39.1642837524
2009-11-04,39.2311630249
2009-11-05,39.9816017151
2009-11-06,40.0856285095
2009-11-09,40.9846725464
2009-11-10,40.9995422363
2009-11-11,41.2075767517
2009-11-12,40.7469062805
2009-11-13,40.9846725464
2009-11-16,41.6013793945
2009-11-17,41.6459503174
2009-11-18,41.6162376404
2009-11-19,41.0218315125
2009-11-20,40.8955116272
2009-11-23,41.3784675598
2009-11-24,41.4081840515
2009-11-25,41.5716400146
2009-11-27,40.8732147217
2009-11-30,40.9772567749
2009-12-01,41.4824981689
2009-12-02,41.6013793945
2009-12-03,41.2298698425
2009-12-04,41.5345191956
2009-12-07,41.4824981689
2009-12-08,41.0515556335
2009-12-09,41.1852912903
2009-12-10,41.3933296204
2009-12-11,41.6013793945
2009-12-14,41.9134407043
2009-12-15,41.7351150513
2009-12-16,41.8391456604
2009-12-17,41.3710403442
2009-12-18,41.6236610413
2009-12-21,42.0323066711
2009-12-22,42.2476730347
2009-12-23,42.3897514343
2009-12-24,42.6065979004
2009-12-28,42.6589393616
2009-12-29,42.5841674805
2009-12-30,42.5692024231
2009-12-31,42.1504669189
2010-01-04,42.8533554077
2010-01-05,43.0178718567
2010-01-06,43.077671051
2010-01-07,43.2571296692
2010-01-08,43.3992156982
2010-01-11,43.459022522
2010-01-12,43.0103874207
2010-01-13,43.4141693115
2010-01-14,43.4889297485
2010-01-15,42.9954299927
2010-01-19,43.5637168884
2010-01-20,43.1599464417
2010-01-21,42.3673057556
2010-01-22,41.432636261
2010-01-25,41.6120910645
2010-01-26,41.4251556396
2010-01-27,41.6270561218
2010-01-28,41.1335220337
2010-01-29,40.6475028992
2010-02-01,41.2681427002
2010-02-02,41.7990455627
2010-02-03,41.5896568298
2010-02-04,40.2960624695
2010-02-05,40.3633613586
2010-02-08,40.0492973328
2010-02-09,40.5801925659
2010-02-10,40.5203781128
2010-02-11,40.954082489
2010-02-12,40.954082489
2010-02-16,41.6420021057
2010-02-17,41.8738098145
2010-02-18,42.1130828857
2010-02-19,42.2626457214
2010-02-22,42.1953277588
2010-02-23,41.6868591309
2010-02-24,42.0607414246
2010-02-25,42.0457725525
2010-02-26,42.0457725525
2010-03-01,42.5467758179
2010-03-02,42.6813583374
2010-03-03,42.7337150574
2010-03-04,42.8458747864
2010-03-05,43.5263366699
2010-03-08,43.5338058472
2010-03-09,43.6235313416
2010-03-10,43.8553390503
2010-03-11,44.0198135376
2010-03-12,44.0198135376
2010-03-15,44.0048904419
2010-03-16,44.36378479
2010-03-17,44.6479568481
2010-03-18,44.595615387
2010-03-19,44.3039894104
2010-03-22,44.6180419922
2010-03-23,44.9320869446
2010-03-24,44.6703910828
2010-03-25,44.5922966003
2010-03-26,44.5847930908
2010-03-29,44.8475570679
2010-03-30,44.8700675964
2010-03-31,44.7349510193
2010-04-01,45.0577468872
2010-04-05,45.4931602478
2010-04-06,45.6207733154
2010-04-07,45.3805618286
2010-04-08,45.4856529236
2010-04-09,45.7934532166
2010-04-12,45.8985443115
2010-04-13,45.9435882568
2010-04-14,46.5066223145
2010-04-15,46.5666618347
2010-04-16,45.8384933472
2010-04-19,45.9586029053
2010-04-20,46.3940048218
2010-04-21,46.3564834595
2010-04-22,46.5816879272
2010-04-23,46.8969993591
2010-04-26,46.7318267822
2010-04-27,45.6057624817
2010-04-28,45.9060401917
2010-04-29,46.5066223145
2010-04-30,45.7108573914
2010-05-03,46.3264465332
2010-05-04,45.200378418
2010-05-05,44.8325271606
2010-05-06,43.323600769
2010-05-07,42.5053138733
2010-05-10,44.4571762085
2010-05-11,44.4196395874
2010-05-12,45.1328086853
2010-05-13,44.5922966003
2010-05-14,43.7890396118
2010-05-17,43.8190612793
2010-05-18,43.1959762573
2010-05-19,42.8881835938
2010-05-20,41.2215919495
2010-05-21,41.8221702576
2010-05-24,41.296661377
2010-05-25,41.296661377
2010-05-26,41.1240081787
2010-05-27,42.5653877258
2010-05-28,42.1074333191
2010-06-01,41.2366218567
2010-06-02,42.3101425171
2010-06-03,42.5353546143
2010-06-04,41.0414352417
2010-06-07,40.3733139038
2010-06-08,40.7186317444
2010-06-09,40.5309562683
2010-06-10,41.777130127
2010-06-11,42.032371521
2010-06-14,42.0398902893
2010-06-15,42.9857711792
2010-06-16,42.9407501221
2010-06-17,43.0158042908
2010-06-18,43.0458374023
2010-06-21,42.8806724548
2010-06-22,42.1449661255
2010-06-23,41.9798240662
2010-06-24,41.3152503967
2010-06-25,41.5264663696
2010-06-28,41.3906707764
2010-06-29,40.0856666565
2010-06-30,39.6481552124
2010-07-01,39.4746589661
2010-07-02,39.286075592
2010-07-06,39.4067573547
2010-07-07,40.689163208
2010-07-08,41.0889549255
2010-07-09,41.4057731628
2010-07-12,41.4208450317
2010-07-13,42.0997543335
2010-07-14,42.0922241211
2010-07-15,42.1299324036
2010-07-16,40.9079093933
2010-07-19,41.1417655945
2010-07-20,41.6169929504
2010-07-21,41.0964889526
2010-07-22,42.0092430115
2010-07-23,42.4392166138
2010-07-26,42.9597167969
2010-07-27,42.9069137573
2010-07-28,42.6051712036
2010-07-29,42.3864021301
2010-07-30,42.431678772
2010-08-02,43.3444252014
2010-08-03,43.110584259
2010-08-04,43.4500312805
2010-08-05,43.3595046997
2010-08-06,43.2011108398
2010-08-09,43.4274101257
2010-08-10,43.1558456421
2010-08-11,41.8810081482
2010-08-12,41.6471748352
2010-08-13,41.4887390137
2010-08-16,41.4510421753
2010-08-17,42.0394134521
2010-08-18,42.1374855042
2010-08-19,41.3982429504
2010-08-20,41.2549057007
2010-08-23,41.0361480713
2010-08-24,40.4477500916
2010-08-25,40.576007843
2010-08-26,40.3270530701
2010-08-27,41.0210609436
2010-08-30,40.4251174927
2010-08-31,40.4326782227
2010-09-01,41.6169929504
2010-09-02,42.0544967651
2010-09-03,42.6127204895
2010-09-07,42.1525650024
2010-09-08,42.3713302612
2010-09-09,42.5825462341
2010-09-10,42.7635879517
2010-09-13,43.3067054749
2010-09-14,43.2991752625
2010-09-15,43.4424934387
2010-09-16,43.4274101257
2010-09-17,43.4500312805
2010-09-20,44.1666526794
2010-09-21,44.0610466003
2010-09-22,43.827205658
2010-09-23,43.4500312805
2010-09-24,44.3728294373
2010-09-27,44.1832695007
2010-09-28,44.4334907532
2010-09-29,44.3576698303
2010-09-30,44.2590904236
2010-10-01,44.4562606812
2010-10-04,44.061958313
2010-10-05,44.9794273376
2010-10-06,44.9339370728
2010-10-07,44.8732757568
2010-10-08,45.1765708923
2010-10-11,45.2448196411
2010-10-12,45.4040489197
2010-10-13,45.7604293823
2010-10-14,45.6391105652
2010-10-15,45.6770172119
2010-10-18,45.9272499084
2010-10-19,45.2599754333
2010-10-20,45.7149238586
2010-10-21,45.7907600403
2010-10-22,45.9272499084
2010-10-25,46.0788993835
2010-10-26,46.071308136
2010-10-27,45.9803314209
2010-10-28,45.9803314209
2010-10-29,46.0409851074
2010-11-01,46.0485610962
2010-11-02,46.412525177
2010-11-03,46.6020851135
2010-11-04,47.5119972229
2010-11-05,47.7243003845
2010-11-08,47.6636390686
2010-11-09,47.2920951843
2010-11-10,47.4968299866
2010-11-11,47.3679351807
2010-11-12,46.7688903809
2010-11-15,46.700668335
2010-11-16,45.9575653076
2010-11-17,46.0333976746
2010-11-18,46.6779289246
2010-11-19,46.8674736023
2010-11-22,46.8750495911
2010-11-23,46.2077980042
2010-11-24,46.9508705139
2010-11-26,46.6324119568
2010-11-29,46.564163208
2010-11-30,46.2760391235
2010-12-01,47.2693519592
2010-12-02,47.8759422302
2010-12-03,48.0275993347
2010-12-06,48.0124359131
2010-12-07,48.0655059814
2010-12-08,48.2019882202
2010-12-09,48.3763885498
2010-12-10,48.6872673035
2010-12-13,48.7024383545
2010-12-14,48.7176017761
2010-12-15,48.5052947998
2010-12-16,48.7934265137
2010-12-17,48.8844223022
2010-12-20,49.0133171082
2010-12-21,49.3090286255
2010-12-22,49.4965705872
2010-12-23,49.427936554
2010-12-27,49.458442688
2010-12-28,49.504196167
2010-12-29,49.5804367065
2010-12-30,49.5194282532
2010-12-31,49.4965705872
2011-01-03,50.0073165894
2011-01-04,49.9082107544
2011-01-05,50.1826400757
2011-01-06,50.0682868958
2011-01-07,49.953956604
2011-01-10,49.9920806885
2011-01-11,50.1902580261
2011-01-12,50.6400375366
2011-01-13,50.5637969971
2011-01-14,50.8915977478
2011-01-18,51.0211868286
2011-01-19,50.4113464355
2011-01-20,50.2588806152
2011-01-21,50.3427314758
2011-01-24,50.624786377
2011-01-25,50.6552581787
2011-01-26,50.9449462891
2011-01-27,51.0974121094
2011-01-28,50.1826400757
2011-01-31,50.5104255676
2011-02-01,51.3413543701
2011-02-02,51.2803573608
2011-02-03,51.3947105408
2011-02-04,51.5395545959
2011-02-07,51.8825798035
2011-02-08,52.1417579651
2011-02-09,52.004573822
2011-02-10,52.0655403137
2011-02-11,52.4085845947
2011-02-14,52.5457839966
2011-02-15,52.3780860901
2011-02-16,52.7211494446
2011-02-17,52.9117240906
2011-02-18,53.0108108521
2011-02-22,51.874961853
2011-02-23,51.4404449463
2011-02-24,51.4480628967
2011-02-25,52.0960159302
2011-02-28,52.3780860901
2011-03-01,51.4938163757
2011-03-02,51.6005363464
2011-03-03,52.5381469727
2011-03-04,52.1875
2011-03-07,51.7148666382
2011-03-08,52.1798820496
2011-03-09,52.1036376953
2011-03-10,51.1050300598
2011-03-11,51.4480628967
2011-03-14,51.1355323792
2011-03-15,50.594291687
2011-03-16,49.7176208496
2011-03-17,50.2893600464
2011-03-18,50.5256996155
2011-03-21,51.31848526
2011-03-22,51.15076828
2011-03-23,51.2727508545
2011-03-24,51.7606201172
2011-03-25,51.9466362
2011-03-28,51.8241500854
2011-03-29,52.2068862915
2011-03-30,52.5973014832
2011-03-31,52.5973014832
2011-04-01,52.8499336243
2011-04-04,52.8958435059
2011-04-05,52.9264717102
2011-04-06,53.064250946
2011-04-07,52.9111557007
2011-04-08,52.6891822815
2011-04-11,52.4978065491
2011-04-12,52.0537948608
2011-04-13,52.0844116211
2011-04-14,52.1150436401
2011-04-15,52.367641449
2011-04-18,51.7399368286
2011-04-19,52.0384902954
2011-04-20,52.7963180542
2011-04-21,53.0566139221
2011-04-25,53.0030288696
2011-04-26,53.4699745178
2011-04-27,53.8220977783
2011-04-28,53.9828567505
2011-04-29,54.1206359863
2011-05-02,54.0288009644
2011-05-03,53.7302589417
2011-05-04,53.3321990967
2011-05-05,52.9035186768
2011-05-06,53.1331481934
2011-05-09,53.4164047241
2011-05-10,53.8910179138
2011-05-11,53.3398399353
2011-05-12,53.5924606323
2011-05-13,53.102519989
2011-05-16,52.7351074219
2011-05-17,52.6891822815
2011-05-18,53.1943893433
2011-05-19,53.3245391846
2011-05-20,52.9264717102
2011-05-23,52.2528572083
2011-05-24,52.1992492676
2011-05-25,52.4135932922
2011-05-26,52.7274246216
2011-05-27,52.9723968506
2011-05-31,53.5465316772
2011-06-01,52.3293495178
2011-06-02,52.2298736572
2011-06-03,51.6940193176
2011-06-06,51.0969200134
2011-06-07,51.0739746094
2011-06-08,50.8060340881
2011-06-09,51.1658325195
2011-06-10,50.4386062622
2011-06-13,50.4309501648
2011-06-14,51.1275634766
2011-06-15,50.2166137695
2011-06-16,50.3008079529
2011-06-17,50.461566925
2011-06-20,50.6988792419
2011-06-21,51.4720230103
2011-06-22,51.1887893677
2011-06-23,51.1045875549
2011-06-24,50.5226325989
2011-06-27,50.9531326294
2011-06-28,51.6604003906
2011-06-29,52.1139831543
2011-06-30,52.5829086304
2011-07-01,53.3362998962
2011-07-05,53.3285827637
2011-07-06,53.4362335205
2011-07-07,54.0127906799
2011-07-08,53.6284141541
2011-07-11,52.63671875
2011-07-12,52.4060935974
2011-07-13,52.6059799194
2011-07-14,52.1600914001
2011-07-15,52.4906654358
2011-07-18,52.0063362122
2011-07-19,52.8827323914
2011-07-20,52.8519706726
2011-07-21,53.4977378845
2011-07-22,53.5899620056
2011-07-25,53.2440338135
2011-07-26,53.0210952759
2011-07-27,51.8525810242
2011-07-28,51.6757926941
2011-07-29,51.3913230896
2011-08-01,51.1607017517
2011-08-02,49.8076934814
2011-08-03,50.0844459534
2011-08-04,47.5706291199
2011-08-05,47.3707466125
2011-08-08,44.0881576538
2011-08-09,46.2944755554
2011-08-10,44.326461792
2011-08-11,46.3559799194
2011-08-12,46.663482666
2011-08-15,47.6782417297
2011-08-16,47.2246932983
2011-08-17,47.2323760986
2011-08-18,45.1259613037
2011-08-19,44.3187789917
2011-08-22,44.326461792
2011-08-23,45.8485984802
2011-08-24,46.5020523071
2011-08-25,45.7255973816
2011-08-26,46.4866752625
2011-08-29,47.9396324158
2011-08-30,48.0703125
2011-08-31,48.2624931335
2011-09-01,47.7166862488
2011-09-02,46.4098014832
2011-09-06,46.1176681519
2011-09-07,47.4937324524
2011-09-08,46.9248733521
2011-09-09,45.7025413513
2011-09-12,46.0254173279
2011-09-13,46.4866752625
2011-09-14,47.1477890015
2011-09-15,47.9703636169
2011-09-16,48.2009887695
2011-09-19,47.693611145
2011-09-20,47.5244941711
2011-09-21,45.9793014526
2011-09-22,44.5647850037
2011-09-23,44.8244476318
2011-09-26,45.8832359314
2011-09-27,46.4628562927
2011-09-28,45.404083252
2011-09-29,45.7364006042
2011-09-30,44.6080703735
2011-10-03,43.131942749
2011-10-04,44.2139167786
2011-10-05,45.1181259155
2011-10-06,45.9914360046
2011-10-07,45.5741043091
2011-10-10,47.14295578
2011-10-11,47.1815986633
2011-10-12,47.6298561096
2011-10-13,47.5680160522
2011-10-14,48.4336013794
2011-10-17,47.4520759583
2011-10-18,48.41040802
2011-10-19,47.7689628601
2011-10-20,47.9853477478
2011-10-21,48.8895721436
2011-10-24,49.708770752
2011-10-25,48.6963653564
2011-10-26,49.2218933105
2011-10-27,50.9221305847
2011-10-28,50.9684944153
2011-10-31,49.6778640747
2011-11-01,48.3563117981
2011-11-02,49.1523284912
2011-11-03,50.1106452942
2011-11-04,49.8401527405
2011-11-07,50.0951881409
2011-11-08,50.6980056763
2011-11-09,48.7659263611
2011-11-10,49.1986999512
2011-11-11,50.1724777222
2011-11-14,49.6778640747
2011-11-15,49.9792633057
2011-11-16,49.1446037292
2011-11-17,48.3408699036
2011-11-18,48.2712974548
2011-11-21,47.3748130798
2011-11-22,47.1506652832
2011-11-23,46.0996360779
2011-11-25,45.9527854919
2011-11-28,47.3361701965
2011-11-29,47.4830131531
2011-11-30,49.492389679
2011-12-01,49.492389679
2011-12-02,49.4691963196
2011-12-05,50.010181427
2011-12-06,50.0333480835
2011-12-07,50.1647529602
2011-12-08,49.0286827087
2011-12-09,49.9019889832
2011-12-12,49.1368675232
2011-12-13,48.6113395691
2011-12-14,48.0549087524
2011-12-15,48.2326545715
2011-12-16,48.3949508667
2011-12-19,47.8307800293
2011-12-20,49.3300895691
2011-12-21,49.4241294861
2011-12-22,49.9370956421
2011-12-23,50.3179550171
2011-12-27,50.325717926
2011-12-28,49.7117080688
2011-12-29,50.2013587952
2011-12-30,49.9759597778
2012-01-03,50.6832427979
2012-01-04,50.7065734863
2012-01-05,50.9319534302
2012-01-06,50.8153839111
2012-01-09,50.9319534302
2012-01-10,51.4371566772
2012-01-11,51.5304222107
2012-01-12,51.6547813416
2012-01-13,51.4138298035
2012-01-17,51.5304222107
2012-01-18,52.1522216797
2012-01-19,52.4708595276
2012-01-20,52.4864120483
2012-01-23,52.5019760132
2012-01-24,52.4942016602
2012-01-25,52.9760780334
2012-01-26,52.7040290833
2012-01-27,52.7429161072
2012-01-30,52.5330352783
2012-01-31,52.5097465515
2012-02-01,53.115978241
2012-02-02,53.2092514038
2012-02-03,54.0020141602
2012-02-06,53.9709358215
2012-02-07,54.095287323
2012-02-08,54.2118644714
2012-02-09,54.2973823547
2012-02-10,53.869884491
2012-02-13,54.281829834
2012-02-14,54.2041130066
2012-02-15,53.9709358215
2012-02-16,54.6160240173
2012-02-17,54.6937599182
2012-02-21,54.6704444885
2012-02-22,54.4994392395
2012-02-23,54.8025627136
2012-02-24,54.880279541
2012-02-27,54.9269180298
2012-02-28,55.082359314
2012-02-29,54.7248420715
2012-03-01,55.1445426941
2012-03-02,54.8725128174
2012-03-05,54.6238136292
2012-03-06,53.7455253601
2012-03-07,54.2118644714
2012-03-08,54.7714729309
2012-03-09,55.0435028076
2012-03-12,55.0046615601
2012-03-13,56.0228157043
2012-03-14,55.9062423706
2012-03-15,56.2326774597
2012-03-16,56.3181762695
2012-03-19,56.5280151367
2012-03-20,56.3336906433
2012-03-21,56.2715263367
2012-03-22,55.8207359314
2012-03-23,56.0461540222
2012-03-26,56.8251609802
2012-03-27,56.6377868652
2012-03-28,56.3568153381
2012-03-29,56.2553329468
2012-03-30,56.4036445618
2012-04-02,56.8797874451
2012-04-03,56.6924514771
2012-04-04,56.0601844788
2012-04-05,56.0211830139
2012-04-09,55.3654747009
2012-04-10,54.3273353577
2012-04-11,54.7800674438
2012-04-12,55.6074638367
2012-04-13,54.9283866882
2012-04-16,54.8737220764
2012-04-17,55.7089385986
2012-04-18,55.51379776
2012-04-19,55.1937637329
2012-04-20,55.2796173096
2012-04-23,54.8035049438
2012-04-24,54.9830207825
2012-04-25,55.7948265076
2012-04-26,56.2007102966
2012-04-27,56.3333969116
2012-04-30,56.0445480347
2012-05-01,56.4036445618
2012-05-02,56.2787399292
2012-05-03,55.7869987488
2012-05-04,54.8581161499
2012-05-07,54.8971595764
2012-05-08,54.6941719055
2012-05-09,54.3663520813
2012-05-10,54.5068626404
2012-05-11,54.358543396
2012-05-14,53.7419052124
2012-05-15,53.4530982971
2012-05-16,53.203327179
2012-05-17,52.282245636
2012-05-18,51.8451385498
2012-05-21,52.8052215576
2012-05-22,52.8208427429
2012-05-23,52.9145240784
2012-05-24,53.0159873962
2012-05-25,52.8910865784
2012-05-29,53.5311508179
2012-05-30,52.6881523132
2012-05-31,52.5554504395
2012-06-01,51.2050743103
2012-06-04,51.1582374573
2012-06-05,51.5485305786
2012-06-06,52.7506027222
2012-06-07,52.6881523132
2012-06-08,53.1486740112
2012-06-11,52.4071769714
2012-06-12,52.9769554138
2012-06-13,52.5866775513
2012-06-14,53.1330909729
2012-06-15,53.6794662476
2012-06-18,53.8355636597
2012-06-19,54.4053878784
2012-06-20,54.3039169312
2012-06-21,53.078414917
2012-06-22,53.5077362061
2012-06-25,52.6337776184
2012-06-26,52.8848381042
2012-06-27,53.3947601318
2012-06-28,53.2849273682
2012-06-29,54.6813812256
2012-07-02,54.8304481506
2012-07-03,55.2776184082
2012-07-05,55.0501022339
2012-07-06,54.5323410034
2012-07-09,54.3989524841
2012-07-10,53.9125595093
2012-07-11,53.8733329773
2012-07-12,53.6615104675
2012-07-13,54.5009460449
2012-07-16,54.3675994873
2012-07-17,54.7284622192
2012-07-18,55.120716095
2012-07-19,55.2148704529
2012-07-20,54.7127723694
2012-07-23,54.1086769104
2012-07-24,53.6222801208
2012-07-25,53.6300926208
2012-07-26,54.4460411072
2012-07-27,55.5208511353
2012-07-30,55.4659042358
2012-07-31,55.1599464417
2012-08-01,54.9402656555
2012-08-02,54.5636940002
2012-08-03,55.6698913574
2012-08-06,55.8111190796
2012-08-07,56.1484489441
2012-08-08,56.2190437317
2012-08-09,56.2661170959
2012-08-10,56.3759880066
2012-08-13,56.3288650513
2012-08-14,56.3131980896
2012-08-15,56.4387207031
2012-08-16,56.8702125549
2012-08-17,56.9800567627
2012-08-20,56.9721984863
2012-08-21,56.8545188904
2012-08-22,56.7839202881
2012-08-23,56.3602790833
2012-08-24,56.6819381714
2012-08-27,56.6740684509
2012-08-28,56.666229248
2012-08-29,56.7368392944
2012-08-30,56.3131980896
2012-08-31,56.6505584717
2012-09-04,56.6113357544
2012-09-05,56.6113357544
2012-09-06,57.7410392761
2012-09-07,58.023475647
2012-09-10,57.6782531738
2012-09-11,57.8037872314
2012-09-12,58.0469932556
2012-09-13,58.9178352356
2012-09-14,59.2316589355
2012-09-17,58.9884529114
2012-09-18,58.8864517212
2012-09-19,58.9335174561
2012-09-20,58.8550453186
2012-09-21,58.8707771301
2012-09-24,58.7398834229
2012-09-25,58.1407394409
2012-09-26,57.7544555664
2012-09-27,58.3299369812
2012-09-28,58.061920166
2012-10-01,58.1643981934
2012-10-02,58.2510871887
2012-10-03,58.4639587402
2012-10-04,58.9054412842
2012-10-05,58.8896751404
2012-10-08,58.6610488892
2012-10-09,58.0697860718
2012-10-10,57.7308044434
2012-10-11,57.8174972534
2012-10-12,57.5652542114
2012-10-15,58.0382575989
2012-10-16,58.6374168396
2012-10-17,58.9133300781
2012-10-18,58.7950668335
2012-10-19,57.7781143188
2012-10-22,57.7781143188
2012-10-23,57.0449409485
2012-10-24,56.8872833252
2012-10-25,57.0449409485
2012-10-26,56.9818763733
2012-10-31,57.0133972168
2012-11-01,57.7308044434
2012-11-02,57.1316490173
2012-11-05,57.3129768372
2012-11-06,57.7465438843
2012-11-07,56.4536628723
2012-11-08,55.7362670898
2012-11-09,55.7914810181
2012-11-12,55.8229827881
2012-11-13,55.6101379395
2012-11-14,54.8296585083
2012-11-15,54.68775177
2012-11-16,54.9873390198
2012-11-19,56.1225776672
2012-11-20,56.1856155396
2012-11-21,56.3275375366
2012-11-23,57.0607070923
2012-11-26,56.9897537231
2012-11-27,56.6901855469
2012-11-28,57.1395339966
2012-11-29,57.4706420898
2012-11-30,57.4548606873
2012-12-03,57.202583313
2012-12-04,57.1237792969
2012-12-05,57.234161377
2012-12-06,57.4154624939
2012-12-07,57.5810165405
2012-12-10,57.6519546509
2012-12-11,58.0146064758
2012-12-12,58.0382575989
2012-12-13,57.7071380615
2012-12-14,57.4627532959
2012-12-17,58.1801490784
2012-12-18,58.8581237793
2012-12-19,58.495475769
2012-12-20,58.8171463013
2012-12-21,58.3168067932
2012-12-24,58.1182441711
2012-12-26,57.8403015137
2012-12-27,57.7926597595
2012-12-28,57.1652565002
2012-12-31,58.1976890564
2013-01-02,59.6748695374
2013-01-03,59.5875167847
2013-01-04,59.8892974854
2013-01-07,59.7304534912
2013-01-08,59.5716209412
2013-01-09,59.7542648315
2013-01-10,60.1672363281
2013-01-11,60.1751823425
2013-01-14,60.111656189
2013-01-15,60.2228469849
2013-01-16,60.1751823425
2013-01-17,60.5881767273
2013-01-18,60.754940033
2013-01-22,61.0726203918
2013-01-23,61.1440887451
2013-01-24,61.2155761719
2013-01-25,61.5570755005
2013-01-28,61.5014953613
2013-01-29,61.7079849243
2013-01-30,61.4617767334
2013-01-31,61.3505935669
2013-02-01,61.9462127686
2013-02-04,61.2949867249
2013-02-05,61.8747520447
2013-02-06,61.985912323
2013-02-07,61.8747520447
2013-02-08,62.248008728
2013-02-11,62.2162399292
2013-02-12,62.3194923401
2013-02-13,62.406867981
2013-02-14,62.4862747192
2013-02-15,62.414806366
2013-02-19,62.8515815735
2013-02-20,62.0176811218
2013-02-21,61.5967712402
2013-02-22,62.1924057007
2013-02-25,61.0487747192
2013-02-26,61.4379730225
2013-02-27,62.1924057007
2013-02-28,62.136806488
2013-03-01,62.2797927856
2013-03-04,62.5656852722
2013-03-05,63.193069458
2013-03-06,63.2883987427
2013-03-07,63.4392662048
2013-03-08,63.7490119934
2013-03-11,63.931640625
2013-03-12,63.8204917908
2013-03-13,63.9396057129
2013-03-14,64.2970199585
2013-03-15,64.2255401611
2013-03-18,63.8760604858
2013-03-19,63.7013397217
2013-03-20,64.1778564453
2013-03-21,63.6616706848
2013-03-22,64.0557785034
2013-03-25,63.8403511047
2013-03-26,64.3190841675
2013-03-27,64.3669204712
2013-03-28,64.5902633667
2013-04-01,64.2472229004
2013-04-02,64.4387283325
2013-04-03,63.7366714478
2013-04-04,64.0158615112
2013-04-05,63.7924804688
2013-04-08,64.1834030151
2013-04-09,64.3669204712
2013-04-10,65.1966247559
2013-04-11,65.4439544678
2013-04-12,65.2125930786
2013-04-15,63.6249465942
2013-04-16,64.5663604736
2013-04-17,63.6010398865
2013-04-18,63.2021179199
2013-04-19,63.8084526062
2013-04-22,64.0797195435
2013-04-23,64.7737960815
2013-04-24,64.8695373535
2013-04-25,65.1327896118
2013-04-26,65.0131378174
2013-04-29,65.427986145
2013-04-30,65.627456665
2013-05-01,64.95728302
2013-05-02,65.6354446411
2013-05-03,66.2497253418
2013-05-06,66.505027771
2013-05-07,66.8720169067
2013-05-08,67.1831588745
2013-05-09,66.9597930908
2013-05-10,67.2549591064
2013-05-13,67.2709121704
2013-05-14,67.9650268555
2013-05-15,68.2602005005
2013-05-16,67.9809646606
2013-05-17,68.6750488281
2013-05-20,68.6670379639
2013-05-21,68.7787628174
2013-05-22,68.1006546021
2013-05-23,67.9729690552
2013-05-24,67.8852386475
2013-05-28,68.3240280151
2013-05-29,67.861289978
2013-05-30,68.1405487061
2013-05-31,67.2310333252
2013-06-03,67.5022964478
2013-06-04,67.1751937866
2013-06-05,66.2258071899
2013-06-06,66.8480682373
2013-06-07,67.6778259277
2013-06-10,67.701713562
2013-06-11,67.0156402588
2013-06-12,66.4492034912
2013-06-13,67.4783706665
2013-06-14,67.0954284668
2013-06-17,67.5661239624
2013-06-18,68.076713562
2013-06-19,67.2071151733
2013-06-20,65.5396881104
2013-06-21,65.7072525024
2013-06-24,64.8623962402
2013-06-25,65.5116577148
2013-06-26,66.1208343506
2013-06-27,66.6097717285
2013-06-28,66.2651138306
2013-07-01,66.8181915283
2013-07-02,66.7460632324
2013-07-03,66.8422470093
2013-07-05,67.5556182861
2013-07-08,67.9163360596
2013-07-09,68.3972625732
2013-07-10,68.4293289185
2013-07-11,69.4232559204
2013-07-12,69.4873962402
2013-07-15,69.7518997192
2013-07-16,69.4392929077
2013-07-17,69.6637191772
2013-07-18,70.0564956665
2013-07-19,70.1607055664
2013-07-22,70.3129882812
2013-07-23,70.1847457886
2013-07-24,69.9042053223
2013-07-25,70.1607055664
2013-07-26,70.1687393188
2013-07-29,69.9282302856
2013-07-30,70.0003890991
2013-07-31,70.072517395
2013-08-01,70.9622802734
2013-08-02,70.9943389893
2013-08-05,71.0023345947
2013-08-06,70.5374298096
2013-08-07,70.2568969727
2013-08-08,70.545463562
2013-08-09,70.3690948486
2013-08-12,70.3210144043
2013-08-13,70.4733276367
2013-08-14,70.1045837402
2013-08-15,69.0625534058
2013-08-16,68.8381500244
2013-08-19,68.3732299805
2013-08-20,68.8220825195
2013-08-21,68.4213256836
2013-08-22,69.0304794312
2013-08-23,69.3190689087
2013-08-26,69.1427459717
2013-08-27,67.9163360596
2013-08-28,68.1648101807
2013-08-29,68.3491516113
2013-08-30,67.9483947754
2013-09-03,68.2930374146
2013-09-04,68.9022674561
2013-09-05,68.9823989868
2013-09-06,69.0385360718
2013-09-09,69.8160324097
2013-09-10,70.3611068726
2013-09-11,70.545463562
2013-09-12,70.3290176392
2013-09-13,70.4733276367
2013-09-16,70.8821182251
2013-09-17,71.2588195801
2013-09-18,72.0924835205
2013-09-19,71.9802474976
2013-09-20,71.4993133545
2013-09-23,71.1763534546
2013-09-24,71.0635910034
2013-09-25,70.9347076416
2013-09-26,71.2085647583
2013-09-27,70.9266738892
2013-09-30,70.5964279175
2013-10-01,71.2085647583
2013-10-02,71.0877685547
2013-10-03,70.4836425781
2013-10-04,70.9991531372
2013-10-07,70.3628692627
2013-10-08,69.4285354614
2013-10-09,69.3802108765
2013-10-10,70.9427490234
2013-10-11,71.4421157837
2013-10-14,71.7562561035
2013-10-15,71.2085647583
2013-10-16,72.20728302
2013-10-17,72.738899231
2013-10-18,73.2543487549
2013-10-21,73.2140808105
2013-10-22,73.6329193115
2013-10-23,73.2865753174
2013-10-24,73.5684585571
2013-10-25,73.8342437744
2013-10-28,73.8906402588
2013-10-29,74.2611694336
2013-10-30,73.8262023926
2013-10-31,73.6087265015
2013-11-01,73.7054367065
2013-11-04,74.0436706543
2013-11-05,73.8262023926
2013-11-06,74.0195159912
2013-11-07,73.0368728638
2013-11-08,74.0114593506
2013-11-11,74.0597915649
2013-11-12,73.947013855
2013-11-13,74.5752792358
2013-11-14,74.929649353
2013-11-15,75.2598800659
2013-11-18,74.9055023193
2013-11-19,74.6880340576
2013-11-20,74.4544525146
2013-11-21,75.1229705811
2013-11-22,75.4934768677
2013-11-25,75.412902832
2013-11-26,75.4854278564
2013-11-27,75.7028656006
2013-11-29,75.5981750488
2013-12-02,75.4371032715
2013-12-03,75.1471481323
2013-12-04,75.0424346924
2013-12-05,74.8249740601
2013-12-06,75.5981750488
2013-12-09,75.7673110962
2013-12-10,75.517616272
2013-12-11,74.5833129883
2013-12-12,74.4463882446
2013-12-13,74.4705886841
2013-12-16,74.9941101074
2013-12-17,74.7685699463
2013-12-18,75.9767379761
2013-12-19,75.8720245361
2013-12-20,76.3772506714
2013-12-23,76.8306503296
2013-12-24,77.0411758423
2013-12-26,77.4055709839
2013-12-27,77.3570098877
2013-12-30,77.3812484741
2013-12-31,77.6646499634
2014-01-02,76.9845504761
2014-01-03,76.9683074951
2014-01-06,76.7659072876
2014-01-07,77.2598266602
2014-01-08,77.3164978027
2014-01-09,77.3812484741
2014-01-10,77.5998916626
2014-01-13,76.6201705933
2014-01-14,77.4622268677
2014-01-15,77.8508987427
2014-01-16,77.7942123413
2014-01-17,77.4945983887
2014-01-21,77.7537078857
2014-01-22,77.8994598389
2014-01-23,77.2274093628
2014-01-24,75.5594940186
2014-01-27,75.0736618042
2014-01-28,75.5999832153
2014-01-29,74.8226852417
2014-01-30,75.6971359253
2014-01-31,75.2032318115
2014-02-03,73.4380950928
2014-02-04,73.9967651367
2014-02-05,73.8834457397
2014-02-06,74.7821731567
2014-02-07,75.7457122803
2014-02-10,75.8348083496
2014-02-11,76.7011260986
2014-02-12,76.8063735962
2014-02-13,77.2760314941
2014-02-14,77.648475647
2014-02-18,77.8751983643
2014-02-19,77.3570098877
2014-02-20,77.8751983643
2014-02-21,77.8104019165
2014-02-24,78.2557220459
2014-02-25,78.2233352661
2014-02-26,78.3042907715
2014-02-27,78.7172546387
2014-02-28,78.8629837036
2014-03-03,78.2881011963
2014-03-04,79.5188064575
2014-03-05,79.5350494385
2014-03-06,79.6807785034
2014-03-07,79.6564865112
2014-03-10,79.5998001099
2014-03-11,79.1544570923
2014-03-12,79.211151123
2014-03-13,78.2962036133
2014-03-14,78.1990432739
2014-03-17,78.8225021362
2014-03-18,79.4945297241
2014-03-19,79.0411224365
2014-03-20,79.4378585815
2014-03-21,79.1463699341
2014-03-24,78.6848526001
2014-03-25,78.9638137817
2014-03-26,78.3051147461
2014-03-27,78.1424331665
2014-03-28,78.4921112061
2014-03-31,79.2646636963
2014-04-01,79.8827438354
2014-04-02,80.1348419189
2014-04-03,79.9152526855
2014-04-04,78.8174209595
2014-04-07,77.8740921021
2014-04-08,78.2156295776
2014-04-09,79.1508102417
2014-04-10,77.4105377197
2014-04-11,76.6461029053
2014-04-14,77.1665802002
2014-04-15,77.6951675415
2014-04-16,78.5083847046
2014-04-17,78.6629104614
2014-04-21,78.9800567627
2014-04-22,79.3866577148
2014-04-23,79.1833648682
2014-04-24,79.2890548706
2014-04-25,78.5165023804
2014-04-28,78.6303634644
2014-04-29,79.0207138062
2014-04-30,79.3134841919
2014-05-01,79.3378677368
2014-05-02,79.2727966309
2014-05-05,79.4029388428
2014-05-06,78.671043396
2014-05-07,79.0370025635
2014-05-08,78.8255310059
2014-05-09,79.0207138062
2014-05-12,79.9152526855
2014-05-13,79.8664627075
2014-05-14,79.4273300171
2014-05-15,78.6954193115
2014-05-16,79.0288543701
2014-05-19,79.394821167
2014-05-20,78.8011550903
2014-05-21,79.4110794067
2014-05-22,79.6794052124
2014-05-23,80.0941543579
2014-05-27,80.6227645874
2014-05-28,80.5332946777
2014-05-29,80.964302063
2014-05-30,80.9805679321
2014-06-02,81.0781402588
2014-06-03,81.0456314087
2014-06-04,81.2164230347
2014-06-05,81.8751220703
2014-06-06,82.2979888916
2014-06-09,82.4362640381
2014-06-10,82.4199752808
2014-06-11,82.1434860229
2014-06-12,81.5579452515
2014-06-13,81.8263397217
2014-06-16,81.8913803101
2014-06-17,82.1841430664
2014-06-18,82.7940673828
2014-06-19,82.8916473389
2014-06-20,83.0868301392
2014-06-23,83.0624237061
2014-06-24,82.4826583862
2014-06-25,82.8991012573
2014-06-26,82.850112915
2014-06-27,83.0705947876
2014-06-30,83.1032409668
2014-07-01,83.6993560791
2014-07-02,83.6503829956
2014-07-03,84.0913314819
2014-07-07,83.6503829956
2014-07-08,83.0134277344
2014-07-09,83.3727035522
2014-07-10,83.0052566528
2014-07-11,83.0787506104
2014-07-14,83.4788742065
2014-07-15,83.2665634155
2014-07-16,83.4788742065
2014-07-17,82.5153121948
2014-07-18,83.4053726196
2014-07-21,83.2094421387
2014-07-22,83.6340332031
2014-07-23,83.8299942017
2014-07-24,83.8463363647
2014-07-25,83.4053726196
2014-07-28,83.3808822632
2014-07-29,83.0787506104
2014-07-30,83.1359176636
2014-07-31,81.4455947876
2014-08-01,81.2414550781
2014-08-04,81.7967224121
2014-08-05,81.0781021118
2014-08-06,81.0944747925
2014-08-07,80.6698303223
2014-08-08,81.6007537842
2014-08-11,81.8946990967
2014-08-12,81.7477340698
2014-08-13,82.3275146484
2014-08-14,82.6868133545
2014-08-15,82.6949539185
2014-08-18,83.4380645752
2014-08-19,83.8545074463
2014-08-20,84.0504989624
2014-08-21,84.2382965088
2014-08-22,84.1158218384
2014-08-25,84.5567626953
2014-08-26,84.7119216919
2014-08-27,84.6629333496
2014-08-28,84.5731048584
2014-08-29,84.8262329102
2014-09-02,84.8915634155
2014-09-03,84.8017272949
2014-09-04,84.6221389771
2014-09-05,85.0140228271
2014-09-08,84.8425598145
2014-09-09,84.2464675903
2014-09-10,84.5649261475
2014-09-11,84.7200698853
2014-09-12,84.172958374
2014-09-15,83.9524917603
2014-09-16,84.5486068726
2014-09-17,84.6384353638
2014-09-18,85.0712051392
2014-09-19,84.9079055786
2014-09-22,84.1239852905
2014-09-23,83.5850372314
2014-09-24,84.2371749878
2014-09-25,82.9164886475
2014-09-26,83.5891571045
2014-09-29,83.4414749146
2014-09-30,83.0477142334
2014-10-01,81.9567489624
2014-10-02,81.9977416992
2014-10-03,82.9164886475
2014-10-06,82.7524261475
2014-10-07,81.4727325439
2014-10-08,82.8262481689
2014-10-09,81.120010376
2014-10-10,80.1110534668
2014-10-13,78.8313674927
2014-10-14,79.0774459839
2014-10-15,78.6344833374
2014-10-16,78.8067779541
2014-10-17,79.6680755615
2014-10-20,80.463760376
2014-10-21,82.0551834106
2014-10-22,81.4153289795
2014-10-23,82.3996963501
2014-10-24,82.9739151001
2014-10-27,82.8590698242
2014-10-28,83.9336624146
2014-10-29,83.8106155396
2014-10-30,84.3274154663
2014-10-31,85.328163147
2014-11-03,85.3774108887
2014-11-04,85.0656738281
2014-11-05,85.4676361084
2014-11-06,85.8860015869
2014-11-07,85.9516067505
2014-11-10,86.2140960693
2014-11-11,86.2961273193
2014-11-12,86.2797393799
2014-11-13,86.2633209229
2014-11-14,86.2715301514
2014-11-17,86.2633209229
2014-11-18,86.7719268799
2014-11-19,86.5504455566
2014-11-20,86.7965164185
2014-11-21,87.2559432983
2014-11-24,87.5758285522
2014-11-25,87.5594100952
2014-11-26,87.7563018799
2014-11-28,87.4445648193
2014-12-01,86.7063293457
2014-12-02,87.2477035522
2014-12-03,87.6414489746
2014-12-04,87.5348205566
2014-12-05,87.7316665649
2014-12-08,87.108215332
2014-12-09,87.1574554443
2014-12-10,85.730140686
2014-12-11,86.123878479
2014-12-12,84.770362854
2014-12-15,84.1551361084
2014-12-16,83.5317230225
2014-12-17,85.3199539185
2014-12-18,87.3379516602
2014-12-19,87.6988601685
2014-12-22,88.046043396
2014-12-23,88.2439956665
2014-12-24,88.2686843872
2014-12-26,88.5325698853
2014-12-29,88.7222518921
2014-12-30,88.2851715088
2014-12-31,87.4110717773
2015-01-02,87.345085144
2015-01-05,85.8442687988
2015-01-06,85.0031433105
2015-01-07,86.0174331665
2015-01-08,87.5347595215
2015-01-09,86.8091125488
2015-01-12,86.1905975342
2015-01-13,85.9926986694
2015-01-14,85.522644043
2015-01-15,84.6567764282
2015-01-16,85.7782821655
2015-01-20,85.9019927979
2015-01-21,86.2895889282
2015-01-22,87.600730896
2015-01-23,87.2049331665
2015-01-26,87.5677261353
2015-01-27,86.5451889038
2015-01-28,85.3741989136
2015-01-29,86.1905975342
2015-01-30,85.0196228027
2015-02-02,85.9762268066
2015-02-03,87.2956237793
2015-02-04,86.9905090332
2015-02-05,87.9470901489
2015-02-06,87.6832199097
2015-02-09,87.2461395264
2015-02-10,88.1367340088
2015-02-11,88.1779632568
2015-02-12,89.02734375
2015-02-13,89.4479064941
2015-02-17,89.5880889893
2015-02-18,89.6375961304
2015-02-19,89.6128463745
2015-02-20,90.1158599854
2015-02-23,90.1076202393
2015-02-24,90.3137664795
2015-02-25,90.2808303833
2015-02-26,90.2230682373
2015-02-27,89.9014511108
2015-03-02,90.4539489746
2015-03-03,90.0828857422
2015-03-04,89.7200546265
2015-03-05,89.8602523804
2015-03-06,88.6150283813
2015-03-09,88.9448852539
2015-03-10,87.5924987793
2015-03-11,87.5265350342
2015-03-12,88.623298645
2015-03-13,88.1285095215
2015-03-16,89.2335128784
2015-03-17,89.0603179932
2015-03-18,90.0828857422
2015-03-19,89.7612609863
2015-03-20,90.5116729736
2015-03-23,90.3550186157
2015-03-24,89.8767166138
2015-03-25,88.4749145508
2015-03-26,88.3009185791
2015-03-27,88.5411987305
2015-03-30,89.667930603
2015-03-31,88.8560256958
2015-04-01,88.690322876
2015-04-02,88.9720001221
2015-04-06,89.5851135254
2015-04-07,89.2868118286
2015-04-08,89.667930603
2015-04-09,89.9827880859
2015-04-10,90.4053115845
2015-04-13,90.0490341187
2015-04-14,90.1815795898
2015-04-15,90.6372833252
2015-04-16,90.5958633423
2015-04-17,89.5436935425
2015-04-20,90.2727432251
2015-04-21,90.2478866577
2015-04-22,90.6290054321
2015-04-23,90.9106903076
2015-04-24,91.0100860596
2015-04-27,90.5378417969
2015-04-28,90.7781219482
2015-04-29,90.3804397583
2015-04-30,89.4028396606
2015-05-01,90.2230300903
2015-05-04,90.5378417969
2015-05-05,89.4608001709
2015-05-06,89.2122573853
2015-05-07,89.5519561768
2015-05-08,90.6787261963
2015-05-11,90.2976150513
2015-05-12,90.0324783325
2015-05-13,90.0821990967
2015-05-14,90.9769668579
2015-05-15,91.0846786499
2015-05-18,91.4243087769
2015-05-19,91.3829193115
2015-05-20,91.3249282837
2015-05-21,91.5569229126
2015-05-22,91.3829193115
2015-05-26,90.4301452637
2015-05-27,91.2586593628
2015-05-28,91.175819397
2015-05-29,90.5627059937
2015-06-01,90.7864151001
2015-06-02,90.7201156616
2015-06-03,91.0349502563
2015-06-04,90.3058929443
2015-06-05,90.2313156128
2015-06-08,89.6762237549
2015-06-09,89.6016616821
2015-06-10,90.695274353
2015-06-11,90.9521026611
2015-06-12,90.3555755615
2015-06-15,89.9413375854
2015-06-16,90.4384460449
2015-06-17,90.587562561
2015-06-18,91.4823226929
2015-06-19,91.0846786499
2015-06-22,91.6397476196
2015-06-23,91.7308959961
2015-06-24,91.0349502563
2015-06-25,90.7532501221
2015-06-26,90.7016830444
2015-06-29,88.8046264648
2015-06-30,89.0459213257
2015-07-01,89.6283340454
2015-07-02,89.5118484497
2015-07-06,89.2788772583
2015-07-07,89.7697906494
2015-07-08,88.2720947266
2015-07-09,88.4551391602
2015-07-10,89.5284729004
2015-07-13,90.5436019897
2015-07-14,90.9513092041
2015-07-15,90.8347930908
2015-07-16,91.4671478271
2015-07-17,91.4921264648
2015-07-20,91.5004425049
2015-07-21,91.1010513306
2015-07-22,90.967956543
2015-07-23,90.4437561035
2015-07-24,89.4952163696
2015-07-27,88.9044647217
2015-07-28,89.9611816406
2015-07-29,90.5768585205
2015-07-30,90.6517562866
2015-07-31,90.560256958
2015-08-03,90.2357254028
2015-08-04,90.0859603882
2015-08-05,90.3855133057
2015-08-06,89.6449890137
2015-08-07,89.3870239258
2015-08-10,90.5019760132
2015-08-11,89.6865692139
2015-08-12,89.7780914307
2015-08-13,89.6532821655
2015-08-14,89.9944458008
2015-08-17,90.5685195923
2015-08-18,90.3355636597
2015-08-19,89.5284729004
2015-08-20,87.581489563
2015-08-21,85.0604095459
2015-08-24,81.6406784058
2015-08-25,80.6671600342
2015-08-26,83.595993042
2015-08-27,85.6178588867
2015-08-28,85.684425354
2015-08-31,85.0437469482
2015-09-01,82.5475845337
2015-09-02,84.1035385132
2015-09-03,84.20337677
2015-09-04,83.0052108765
2015-09-08,85.1019821167
2015-09-09,83.9371261597
2015-09-10,84.3697967529
2015-09-11,84.7525405884
2015-09-14,84.4280319214
2015-09-15,85.4930648804
2015-09-16,86.2169189453
2015-09-17,86.1004638672
2015-09-18,84.7358856201
2015-09-21,85.0770111084
2015-09-22,83.9371261597
2015-09-23,83.7707214355
2015-09-24,83.4711608887
2015-09-25,83.3022460938
2015-09-28,81.0694046021
2015-09-29,81.0526275635
2015-09-30,82.5579605103
2015-10-01,82.7251968384
2015-10-02,83.9294662476
2015-10-05,85.4765777588
2015-10-06,85.200592041
2015-10-07,85.9700012207
2015-10-08,86.714302063
2015-10-09,86.8313522339
2015-10-12,86.8480529785
2015-10-13,86.2125091553
2015-10-14,85.7693023682
2015-10-15,87.0655212402
2015-10-16,87.4000473022
2015-10-19,87.5004043579
2015-10-20,87.4000473022
2015-10-21,86.714302063
2015-10-22,87.9854125977
2015-10-23,88.9053421021
2015-10-26,88.6962509155
2015-10-27,88.4035568237
2015-10-28,89.5660018921
2015-10-29,89.4322052002
2015-10-30,89.0893173218
2015-11-02,90.2601470947
2015-11-03,90.4859008789
2015-11-04,90.2685089111
2015-11-05,90.1681289673
2015-11-06,90.1848602295
2015-11-09,89.2816848755
2015-11-10,89.4823684692
2015-11-11,89.0976791382
2015-11-12,87.7679748535
2015-11-13,86.8397293091
2015-11-16,88.1025314331
2015-11-17,87.9937973022
2015-11-18,89.3987503052
2015-11-19,89.2816848755
2015-11-20,89.6663665771
2015-11-23,89.5743865967
2015-11-24,89.8085327148
2015-11-25,89.8754425049
2015-11-27,90.0092468262
2015-11-30,89.6245574951
2015-12-01,90.4691925049
2015-12-02,89.5241851807
2015-12-03,88.1861343384
2015-12-04,89.8085327148
2015-12-07,89.1060562134
2015-12-08,88.5708389282
2015-12-09,87.8098220825
2015-12-10,88.0690841675
2015-12-11,86.3379745483
2015-12-14,86.6473693848
2015-12-15,87.5756454468
2015-12-16,88.8468170166
2015-12-17,87.5421676636
2015-12-18,86.053604126
2015-12-21,86.7374038696
2015-12-22,87.5195541382
2015-12-23,88.6129302979
2015-12-24,88.5035705566
2015-12-28,88.3101577759
2015-12-29,89.2521286011
2015-12-30,88.5793075562
2015-12-31,87.7213973999
2016-01-04,86.4093704224
2016-01-05,86.6028289795
2016-01-06,85.4421768188
2016-01-07,83.3479614258
2016-01-08,82.397567749
2016-01-11,82.3471374512
2016-01-12,82.9106216431
2016-01-13,80.7743682861
2016-01-14,82.0107192993
2016-01-15,80.2865371704
2016-01-19,80.2024612427
2016-01-20,79.4118728638
2016-01-21,79.7230300903
2016-01-22,81.4219360352
2016-01-25,80.0847015381
2016-01-26,81.3041992188
2016-01-27,80.3790588379
2016-01-28,80.6986618042
2016-01-29,82.7003555298
2016-02-01,82.7171783447
2016-02-02,81.1191864014
2016-02-03,81.6069869995
2016-02-04,81.8004302979
2016-02-05,80.1183319092
2016-02-08,78.8735427856
2016-02-09,78.7726669312
2016-02-10,78.823135376
2016-02-11,77.8475036621
2016-02-12,79.3613967896
2016-02-16,80.8079986572
2016-02-17,82.1452407837
2016-02-18,81.817237854
2016-02-19,81.8340682983
2016-02-22,83.0283813477
2016-02-23,82.0275115967
2016-02-24,82.4480285645
2016-02-25,83.4236450195
2016-02-26,83.3563537598
2016-02-29,82.6919555664
2016-03-01,84.6599960327
2016-03-02,85.1309967041
2016-03-03,85.5515060425
2016-03-04,85.8458709717
2016-03-07,86.0224990845
2016-03-08,84.9543609619
2016-03-09,85.3664703369
2016-03-10,85.3412704468
2016-03-11,86.7878494263
2016-03-14,86.6869277954
2016-03-15,86.3911972046
2016-03-16,86.931968689
2016-03-17,87.5995178223
2016-03-18,87.9881896973
2016-03-21,88.0726928711
2016-03-22,88.0473480225
2016-03-23,87.3291244507
2016-03-24,87.3037567139
2016-03-28,87.3629150391
2016-03-29,88.3346481323
2016-03-30,88.6726455688
2016-03-31,88.5712203979
2016-04-01,89.1289215088
2016-04-04,88.7571258545
2016-04-05,87.8952331543
2016-04-06,88.8585357666
2016-04-07,87.7938461304
2016-04-08,88.0473480225
2016-04-11,87.8023300171
2016-04-12,88.6557388306
2016-04-13,89.69506073
2016-04-14,89.6612625122
2016-04-15,89.6189956665
2016-04-18,90.218963623
2016-04-19,90.4724731445
2016-04-20,90.5654144287
2016-04-21,90.1175765991
2016-04-22,90.2443237305
2016-04-25,90.024597168
2016-04-26,90.2696762085
2016-04-27,90.4893569946
2016-04-28,89.6781692505
2016-04-29,89.1542739868
2016-05-02,89.8471908569
2016-05-03,88.9430465698
2016-05-04,88.4191436768
2016-05-05,88.3853607178
2016-05-06,88.7064590454
2016-05-09,88.7993774414
2016-05-10,89.8556137085
2016-05-11,89.0359649658
2016-05-12,89.0021743774
2016-05-13,88.233253479
2016-05-16,89.1120376587
2016-05-17,88.3093032837
2016-05-18,88.3008575439
2016-05-19,87.9543914795
2016-05-20,88.6304092407
2016-05-23,88.5205383301
2016-05-24,89.7035369873
2016-05-25,90.3541717529
2016-05-26,90.3372497559
2016-05-27,90.7428512573
2016-05-31,90.7006072998
2016-06-01,90.9456558228
2016-06-02,91.2498397827
2016-06-03,90.9963302612
2016-06-06,91.4695358276
2016-06-07,91.6469802856
2016-06-08,91.9681015015
2016-06-09,91.7821807861
2016-06-10,90.8358001709
2016-06-13,90.0837631226
2016-06-14,89.9216461182
2016-06-15,89.8283157349
2016-06-16,90.0914001465
2016-06-17,89.794342041
2016-06-20,90.4054336548
2016-06-21,90.6006393433
2016-06-22,90.3969726562
2016-06-23,91.6445388794
2016-06-24,88.3091049194
2016-06-27,86.5522689819
2016-06-28,88.1393127441
2016-06-29,89.7179489136
2016-06-30,90.9486083984
2016-07-01,91.1268386841
2016-07-05,90.4478530884
2016-07-06,90.9995422363
2016-07-07,90.9570999146
2016-07-08,92.3744735718
2016-07-11,92.756401062
2016-07-12,93.5287094116
2016-07-13,93.4777908325
2016-07-14,93.9276199341
2016-07-15,93.8257751465
2016-07-18,94.0888671875
2016-07-19,93.9021606445
2016-07-20,94.4028930664
2016-07-21,94.0294570923
2016-07-22,94.4792480469
2016-07-25,94.2331466675
2016-07-26,94.3350067139
2016-07-27,94.2246704102
2016-07-28,94.3434829712
2016-07-29,94.5641479492
2016-08-01,94.4368362427
2016-08-02,93.7239151001
2016-08-03,94.0718841553
2016-08-04,94.1822128296
2016-08-05,94.9630432129
2016-08-08,94.9036331177
2016-08-09,94.988494873
2016-08-10,94.7084197998
2016-08-11,95.1836929321
2016-08-12,95.0903625488
2016-08-15,95.4383163452
2016-08-16,94.8951339722
2016-08-17,95.0139694214
2016-08-18,95.3110198975
2016-08-19,95.175239563
2016-08-22,95.2006759644
2016-08-23,95.455291748
2016-08-24,94.9206161499
2016-08-25,94.8611755371
2016-08-26,94.6659698486
2016-08-29,95.1836929321
2016-08-30,95.0309295654
2016-08-31,94.7593460083
2016-09-01,94.8103027344
2016-09-02,95.2940292358
2016-09-06,95.565612793
2016-09-07,95.6929397583
2016-09-08,95.4468078613
2016-09-09,93.0704116821
2016-09-12,94.3689346313
2016-09-13,92.8926620483
2016-09-14,92.9011764526
2016-09-15,93.8563842773
2016-09-16,93.4811172485
2016-09-19,93.6175994873
2016-09-20,93.5749282837
2016-09-21,94.6495437622
2016-09-22,95.34034729
2016-09-23,94.7945251465
2016-09-26,94.0439758301
2016-09-27,94.5813064575
2016-09-28,95.1356658936
2016-09-29,94.2060470581
2016-09-30,94.9480285645
2016-10-03,94.6580581665
2016-10-04,94.2316131592
2016-10-05,94.5983581543
2016-10-06,94.6324691772
2016-10-07,94.2742767334
2016-10-10,94.7859954834
2016-10-11,93.5237808228
2016-10-12,93.6346435547
2016-10-13,93.3020401001
2016-10-14,93.2764358521
2016-10-17,93.0120773315
2016-10-18,93.5578689575
2016-10-19,93.8563842773
2016-10-20,93.6772842407
2016-10-21,93.6431655884
2016-10-24,94.1122436523
2016-10-25,93.7113952637
2016-10-26,93.4299316406
2016-10-27,93.1144180298
2016-10-28,92.8073883057
2016-10-31,92.8670501709
2016-11-01,92.1762771606
2016-11-02,91.5366363525
2016-11-03,91.1357879639
2016-11-04,91.0760879517
2016-11-07,93.0888290405
2016-11-08,93.4896774292
2016-11-09,94.6495437622
2016-11-10,94.9821395874
2016-11-11,95.0162582397
2016-11-14,95.2635650635
2016-11-15,96.0055389404
2016-11-16,95.869102478
2016-11-17,96.3552322388
2016-11-18,96.1761474609
2016-11-21,96.9010772705
2016-11-22,97.182510376
2016-11-23,97.3189697266
2016-11-25,97.6942138672
2016-11-28,97.1313247681
2016-11-29,97.267791748
2016-11-30,97.0375366211
2016-12-01,96.6366882324
2016-12-02,96.6366882324
2016-12-05,97.3104324341
2016-12-06,97.8050842285
2016-12-07,99.01612854
2016-12-08,99.3743438721
2016-12-09,99.9116516113
2016-12-12,99.6557693481
2016-12-13,100.2357177734
2016-12-14,99.3316726685
2016-12-15,99.741065979
2016-12-16,99.5875396729
2016-12-19,99.8689956665
2016-12-20,100.2955245972
2016-12-21,100.0123214722
2016-12-22,99.7548370361
2016-12-23,99.909324646
2016-12-27,100.158203125
2016-12-28,99.3257369995
2016-12-29,99.3343429565
2016-12-30,98.9653015137
2017-01-03,99.7205276489
2017-01-04,100.4842987061
2017-01-05,100.2869262695
2017-01-06,100.6044692993
2017-01-09,100.2182693481
2017-01-10,100.2955245972
2017-01-11,100.6130142212
2017-01-12,100.3469848633
2017-01-13,100.5958786011
2017-01-17,100.1496124268
2017-01-18,100.3813247681
2017-01-19,99.9865570068
2017-01-20,100.3298416138
2017-01-23,100.0637969971
2017-01-24,100.8447113037
2017-01-25,101.7115020752
2017-01-26,101.565612793
2017-01-27,101.4025421143
2017-01-30,100.7160110474
2017-01-31,100.8018264771
2017-02-01,100.7932434082
2017-02-02,100.8619003296
2017-02-03,101.6256561279
2017-02-06,101.3853912354
2017-02-07,101.3768234253
2017-02-08,101.4883575439
2017-02-09,102.1577835083
2017-02-10,102.5868377686
2017-02-13,103.1017456055
2017-02-14,103.4793624878
2017-02-15,104.0457305908
2017-02-16,103.9513549805
2017-02-17,104.1058120728
2017-02-21,104.7237014771
2017-02-22,104.5864105225
2017-02-23,104.5091629028
2017-02-24,104.6808013916
2017-02-27,104.9125137329
2017-02-28,104.5263366699
2017-03-01,105.9337310791
2017-03-02,105.2557907104
2017-03-03,105.3416061401
2017-03-06,104.9296722412
2017-03-07,104.5949859619
2017-03-08,104.3031845093
2017-03-09,104.3546981812
2017-03-10,104.7323074341
2017-03-13,104.8095245361
2017-03-14,104.4319381714
2017-03-15,105.3759231567
2017-03-16,105.2472000122
2017-03-17,105.1871109009
2017-03-20,104.9382400513
2017-03-21,103.4707717896
2017-03-22,103.6080856323
2017-03-23,103.5737762451
2017-03-24,103.5841217041
2017-03-27,103.4634094238
2017-03-28,104.1875305176
2017-03-29,104.377166748
2017-03-30,104.7651290894
2017-03-31,104.5840911865
2017-04-03,104.3254699707
2017-04-04,104.377166748
2017-04-05,103.9547805786
2017-04-06,104.2823486328
2017-04-07,104.2047653198
2017-04-10,104.3340759277
2017-04-11,104.2995910645
2017-04-12,103.7651367188
2017-04-13,103.0582580566
2017-04-17,103.9547805786
2017-04-18,103.7306518555
2017-04-19,103.6444396973
2017-04-20,104.4978713989
2017-04-21,104.1616744995
2017-04-24,105.2650909424
2017-04-25,105.9202423096
2017-04-26,105.9461135864
2017-04-27,106.0495758057
2017-04-28,105.6961135864
2017-05-01,105.9719772339
2017-05-02,105.9719772339
2017-05-03,105.7133636475
2017-05-04,105.7909469604
2017-05-05,106.3168029785
2017-05-08,106.1530227661
2017-05-09,106.1185302734
2017-05-10,106.3512878418
2017-05-11,106.0409393311
2017-05-12,105.8340682983
2017-05-15,106.4030227661
2017-05-16,106.342666626
2017-05-17,104.4289169312
2017-05-18,104.7392272949
2017-05-19,105.4892120361
2017-05-22,106.0495758057
2017-05-23,106.2305984497
2017-05-24,106.5409011841
2017-05-25,106.9891967773
2017-05-26,106.9719619751
2017-05-30,106.7995376587
2017-05-31,106.7650527954
2017-06-01,107.7564163208
2017-06-02,108.1098556519
2017-06-05,107.9719390869
2017-06-06,107.6960601807
2017-06-07,107.8167648315
2017-06-08,108.0064315796
2017-06-09,107.9202041626
2017-06-12,107.9029388428
2017-06-13,108.4374465942
2017-06-14,108.2822647095
2017-06-15,108.0409317017
2017-06-16,107.9719390869
2017-06-19,108.851234436
2017-06-20,108.1098556519
2017-06-21,107.9842910767
2017-06-22,108.0276031494
2017-06-23,108.2960662842
2017-06-26,108.3740158081
2017-06-27,107.4819793701
2017-06-28,108.4952468872
2017-06-29,107.6292266846
2017-06-30,107.7764434814
2017-07-03,108.0362472534
2017-07-05,108.1574859619
2017-07-06,107.0922927856
2017-07-07,107.8370666504
2017-07-10,107.9150009155
2017-07-11,107.8890304565
2017-07-12,108.6597900391
2017-07-13,108.8329849243
2017-07-14,109.3179702759
2017-07-17,109.3179702759
2017-07-18,109.387260437
2017-07-19,110.0194549561
2017-07-20,110.0887298584
2017-07-21,109.9414901733
2017-07-24,109.9501876831
2017-07-25,110.3139038086
2017-07-26,110.2359848022
2017-07-27,110.0454330444
2017-07-28,109.8635559082
2017-07-31,109.8029327393
2017-08-01,110.0281143188
2017-08-02,109.9241714478
2017-08-03,109.6730422974
2017-08-04,109.9068603516
2017-08-07,110.1233825684
2017-08-08,109.8202590942
2017-08-09,109.6989974976
2017-08-10,108.0882339478
2017-08-11,108.287399292
2017-08-14,109.395904541
2017-08-15,109.2920074463
2017-08-16,109.4911651611
2017-08-17,107.7504653931
2017-08-18,107.5685882568
2017-08-21,107.7244873047
2017-08-22,108.8070144653
2017-08-23,108.4779281616
2017-08-24,108.3047027588
2017-08-25,108.5645523071
2017-08-28,108.6078262329
2017-08-29,108.6511154175
2017-08-30,109.2227096558
2017-08-31,109.9674987793
2017-09-01,110.2186203003
2017-09-05,109.3699264526
2017-09-06,109.6730422974
2017-09-07,109.6210784912
2017-09-08,109.5431442261
2017-09-11,110.7209243774
2017-09-12,111.1452560425
2017-09-13,111.1972122192
2017-09-14,111.1625900269
2017-09-15,111.3704299927
2017-09-18,111.6389083862
2017-09-19,111.690864563
2017-09-20,111.8727340698
2017-09-21,111.5609893799
2017-09-22,111.6505355835
2017-09-25,111.4679031372
2017-09-26,111.4939956665
2017-09-27,112.1028289795
2017-09-28,112.2854919434
2017-09-29,112.6507873535
2017-10-02,113.2421875
2017-10-03,113.4683456421
2017-10-04,113.5813903809
2017-10-05,114.1815643311
2017-10-06,114.1032714844
2017-10-09,113.8771209717
2017-10-10,114.146774292
2017-10-11,114.3032989502
2017-10-12,114.1641311646
2017-10-13,114.251083374
2017-10-16,114.3293685913
2017-10-17,114.3815917969
2017-10-18,114.5294342041
2017-10-19,114.5555496216
2017-10-20,115.1730499268
2017-10-23,114.6860046387
2017-10-24,114.8860092163
2017-10-25,114.2859115601
2017-10-26,114.4337768555
2017-10-27,115.3643951416
2017-10-30,114.8599700928
2017-10-31,115.0947952271
2017-11-01,115.1904678345
2017-11-02,115.216545105
2017-11-03,115.5209732056
2017-11-06,115.7384109497
2017-11-07,115.5383377075
2017-11-08,115.7296905518
2017-11-09,115.2600479126
2017-11-10,115.2774200439
2017-11-13,115.3383178711
2017-11-14,115.1295928955
2017-11-15,114.5381546021
2017-11-16,115.5818252563
2017-11-17,115.3643951416
2017-11-20,115.6601104736
2017-11-21,116.4602966309
2017-11-22,116.3733215332
2017-11-24,116.6429519653
2017-11-27,116.5211715698
2017-11-28,117.6779632568
2017-11-29,117.6779632568
2017-11-30,118.5824584961
2017-12-01,118.3476638794
2017-12-04,118.1911010742
2017-12-05,117.686668396
2017-12-06,117.6170654297
2017-12-07,118.0867233276
2017-12-08,118.7042770386
2017-12-11,118.9826049805
2017-12-12,119.1130447388
2017-12-13,119.1304626465
2017-12-14,118.5737838745
2017-12-15,119.6349029541
2017-12-18,120.461151123
2017-12-19,119.9741210938
2017-12-20,119.9654159546
2017-12-21,120.2389984131
2017-12-22,120.1953048706
2017-12-26,120.0991592407
2017-12-27,120.1428527832
2017-12-28,120.4050369263
2017-12-29,119.9593505859
2018-01-02,120.8070907593
2018-01-03,121.5062713623
2018-01-04,121.9695663452
2018-01-05,122.6862487793
2018-01-08,122.9659347534
2018-01-09,123.1931686401
2018-01-10,123.0008773804
2018-01-11,124.040977478
2018-01-12,124.7663955688
2018-01-16,124.2158050537
2018-01-17,125.3606719971
2018-01-18,125.142250061
2018-01-19,125.7890167236
2018-01-22,126.7853546143
2018-01-23,127.1000671387
2018-01-24,126.9776611328
2018-01-25,127.0300979614
2018-01-26,128.3586425781
2018-01-29,127.5195770264
2018-01-30,126.1910858154
2018-01-31,126.2347564697
2018-02-01,126.1823348999
2018-02-02,123.4990463257
2018-02-05,118.6395187378
2018-02-06,120.5798416138
2018-02-07,120.0467147827
2018-02-08,115.7290344238
2018-02-09,117.3197402954
2018-02-12,118.8842391968
2018-02-13,119.2600860596
2018-02-14,120.9294128418
2018-02-15,122.406578064
2018-02-16,122.4589920044
2018-02-20,121.7247695923
2018-02-21,121.1566925049
2018-02-22,121.2353820801
2018-02-23,123.1145324707
2018-02-26,124.4080429077
2018-02-27,122.8435745239
2018-02-28,121.4888305664
2018-03-01,120.0467147827
2018-03-02,120.8246078491
2018-03-05,122.188079834
2018-03-06,122.6337966919
2018-03-07,122.7386856079
2018-03-08,123.2019271851
2018-03-09,125.2470855713
2018-03-12,125.1772079468
2018-03-13,124.3993377686
2018-03-14,123.7700042725
2018-03-15,123.6039581299
2018-03-16,123.8137283325
2018-03-19,122.2230453491
2018-03-20,122.406578064
2018-03-21,122.3016738892
2018-03-22,119.3056488037
2018-03-23,116.8046188354
2018-03-26,119.8848495483
2018-03-27,117.7611541748
2018-03-28,117.4890823364
2018-03-29,119.103805542
2018-04-02,116.3921203613
2018-04-03,117.8401107788
2018-04-04,119.165222168
2018-04-05,119.9989471436
2018-04-06,117.4802932739
2018-04-09,117.8752212524
2018-04-10,119.7883148193
2018-04-11,119.2354202271
2018-04-12,120.2007751465
2018-04-13,119.8585357666
2018-04-16,120.8589706421
2018-04-17,122.1314239502
2018-04-18,122.2981872559
2018-04-19,121.6312255859
2018-04-20,120.6659011841
2018-04-23,120.6219863892
2018-04-24,119.1740112305
2018-04-25,119.3056488037
2018-04-26,120.4377441406
2018-04-27,120.5166854858
2018-04-30,119.6391372681
2018-05-01,119.8234024048
2018-05-02,119.1301651001
2018-05-03,118.8054504395
2018-05-04,120.3411636353
2018-05-07,120.8677215576
2018-05-08,120.9115982056
2018-05-09,122.0524291992
2018-05-10,123.1143035889
2018-05-11,123.3600082397
2018-05-14,123.4214324951
2018-05-15,122.67552948
2018-05-16,123.272277832
2018-05-17,123.3073654175
2018-05-18,123.0353164673
2018-05-21,123.9567947388
2018-05-22,123.5004348755
2018-05-23,123.8251495361
2018-05-24,123.6232681274
2018-05-25,123.3863601685
2018-05-29,122.1665496826
2018-05-30,123.7461471558
2018-05-31,122.8948822021
2018-06-01,124.1761550903
2018-06-04,124.7553710938
2018-06-05,124.9396591187
2018-06-06,126.0453567505
2018-06-07,125.8611068726
2018-06-08,126.2911148071
2018-06-11,126.475402832
2018-06-12,126.7386398315
2018-06-13,126.2648010254
2018-06-14,126.6245574951
2018-06-15,126.5017166138
2018-06-18,126.3612594604
2018-06-19,125.940071106
2018-06-20,126.229675293
2018-06-21,125.3608551025
2018-06-22,125.5397796631
2018-06-25,123.7772293091
2018-06-26,124.0591964722
2018-06-27,122.9047241211
2018-06-28,123.6714477539
2018-06-29,123.7595825195
2018-07-02,124.0591964722
2018-07-03,123.7419586182
2018-07-05,124.7907028198
2018-07-06,125.8394241333
2018-07-09,126.9850997925
2018-07-10,127.3112030029
2018-07-11,126.4034118652
2018-07-12,127.4433746338
2018-07-13,127.5226669312
2018-07-16,127.3199920654
2018-07-17,127.9016189575
2018-07-18,128.1836395264
2018-07-19,127.8752365112
2018-07-20,127.6460494995
2018-07-23,127.8487854004
2018-07-24,128.1307525635
2018-07-25,129.2235870361
2018-07-26,129.0120391846
2018-07-27,127.9809265137
2018-07-30,127.1436920166
2018-07-31,127.8664169312
2018-08-01,127.7165527344
2018-08-02,128.4744415283
2018-08-03,128.9062957764
2018-08-06,129.4879608154
2018-08-07,129.9109344482
2018-08-08,129.7875976562
2018-08-09,129.6994934082
2018-08-10,128.888671875
2018-08-13,128.3951721191
2018-08-14,129.2411651611
2018-08-15,128.2189025879
2018-08-16,129.2235870361
2018-08-17,129.6994934082
2018-08-20,129.9462280273
2018-08-21,130.4309387207
2018-08-22,130.4750366211
2018-08-23,130.2194671631
2018-08-24,131.0302429199
2018-08-27,131.9732208252
2018-08-28,132.052520752
2018-08-29,132.7487487793
2018-08-30,132.2023162842
2018-08-31,132.2552032471
2018-09-04,132.0701293945
2018-09-05,131.6383361816
2018-09-06,131.2417297363
2018-09-07,130.9420928955
2018-09-10,131.2240905762
2018-09-11,131.6647796631
2018-09-12,131.673538208
2018-09-13,132.334564209
2018-09-14,132.440246582
2018-09-17,131.6030731201
2018-09-18,132.30809021
2018-09-19,132.3256988525
2018-09-20,133.3480224609
2018-09-21,133.2158355713
2018-09-24,132.7311096191
2018-09-25,132.6605987549
2018-09-26,132.1494903564
2018-09-27,132.4579315186
2018-09-28,132.5145721436
2018-10-01,132.7182159424
2018-10-02,132.5234680176
2018-10-03,132.7005310059
2018-10-04,131.5759887695
2018-10-05,130.7258911133
2018-10-08,130.6284637451
2018-10-09,130.3982086182
2018-10-10,126.2452850342
2018-10-11,123.5533676147
2018-10-12,125.1826324463
2018-10-15,124.6248321533
2018-10-16,127.3698654175
2018-10-17,127.3344345093
2018-10-18,125.4925765991
2018-10-19,125.1649475098
2018-10-22,124.6690292358
2018-10-23,123.934135437
2018-10-24,120.0822143555
2018-10-25,122.3402328491
2018-10-26,120.2238922119
2018-10-29,119.5597763062
2018-10-30,121.4281539917
2018-10-31,122.6944274902
2018-11-01,124.0846481323
2018-11-02,123.5798950195
2018-11-05,124.1820755005
2018-11-06,124.8904266357
2018-11-07,127.4406585693
2018-11-08,127.1927032471
2018-11-09,125.8910293579
2018-11-12,123.4736709595
2018-11-13,123.2965316772
2018-11-14,122.3933410645
2018-11-15,123.7747421265
2018-11-16,124.0403442383
2018-11-19,121.8885955811
2018-11-20,119.7191467285
2018-11-21,120.3035736084
2018-11-23,119.6571884155
2018-11-26,121.5166931152
2018-11-27,121.6672363281
2018-11-28,124.500869751
2018-11-29,124.2705993652
2018-11-30,125.1649475098
2018-12-03,126.6260910034
2018-12-04,122.4907531738
2018-12-06,122.3402328491
2018-12-07,119.4534606934
2018-12-10,119.5863342285
2018-12-11,119.5597763062
2018-12-12,120.2415847778
2018-12-13,119.9493637085
2018-12-14,117.8773040771
2018-12-17,115.3625030518
2018-12-18,115.3271102905
2018-12-19,113.556098938
2018-12-20,111.7231063843
2018-12-21,109.3499755859
2018-12-24,106.6164474487
2018-12-26,111.7468414307
2018-12-27,112.7533569336
2018-12-28,112.6108322144
2018-12-31,113.679649353
2019-01-02,113.7687454224
2019-01-03,111.1322555542
2019-01-04,114.8108291626
2019-01-07,115.9687728882
2019-01-08,117.1622619629
2019-01-09,117.7145233154
2019-01-10,118.2934875488
2019-01-11,118.3201751709
2019-01-14,117.5720291138
2019-01-15,118.8545913696
2019-01-16,119.193069458
2019-01-17,120.1549987793
2019-01-18,121.7137527466
2019-01-22,120.0481491089
2019-01-23,120.1728134155
2019-01-24,120.4222259521
2019-01-25,121.5534286499
2019-01-28,120.6627426147
2019-01-29,120.4934997559
2019-01-30,122.3104858398
2019-01-31,123.3882446289
2019-02-01,123.5663757324
2019-02-04,124.4481735229
2019-02-05,124.9648132324
2019-02-06,124.8401031494
2019-02-07,123.6554641724
2019-02-08,123.7801742554
2019-02-11,124.0384750366
2019-02-12,125.5883026123
2019-02-13,125.9802246094
2019-02-14,125.757522583
2019-02-15,127.1381225586
2019-02-19,127.3874740601
2019-02-20,127.6547470093
2019-02-21,127.2182693481
2019-02-22,128.0555114746
2019-02-25,128.2425384521
2019-02-26,128.0021057129
2019-02-27,128.0466308594
2019-02-28,127.7794113159
2019-03-01,128.634475708
2019-03-04,128.037689209
2019-03-05,127.797203064
2019-03-06,126.8263397217
2019-03-07,125.8376693726
2019-03-08,125.5793457031
2019-03-11,127.4231109619
2019-03-12,127.8506240845
2019-03-13,128.6700744629
2019-03-14,128.5632019043
2019-03-15,129.1599884033
2019-03-18,129.6409759521
2019-03-19,129.6142425537
2019-03-20,129.079788208
2019-03-21,130.5939941406
2019-03-22,127.8684387207
2019-03-25,127.7807006836
2019-03-26,128.7657623291
2019-03-27,128.1747436523
2019-03-28,128.7389373779
2019-03-29,129.5896606445
2019-04-01,131.0940856934
2019-04-02,131.0851593018
2019-04-03,131.3985900879
2019-04-04,131.6761474609
2019-04-05,132.3388671875
2019-04-08,132.4552612305
2019-04-09,131.6582641602
2019-04-10,132.2672119141
2019-04-11,132.2582702637
2019-04-12,133.1448516846
2019-04-15,133.037322998
2019-04-16,133.0731658936
2019-04-17,132.5806884766
2019-04-18,132.7776947021
2019-04-22,132.8134918213
2019-04-23,134.1478118896
2019-04-24,133.9686889648
2019-04-25,133.7448120117
2019-04-26,134.4701690674
2019-04-29,134.6672058105
2019-04-30,134.6761779785
2019-05-01,133.6731872559
2019-05-02,133.4492950439
2019-05-03,134.8910980225
2019-05-06,134.4612579346
2019-05-07,132.1418609619
2019-05-08,131.9269561768
2019-05-09,131.5059967041
2019-05-10,132.1149749756
2019-05-13,128.7747344971
2019-05-14,129.938873291
2019-05-15,130.7090454102
2019-05-16,131.8911132812
2019-05-17,130.9598083496
2019-05-20,130.028427124
2019-05-21,131.3000793457
2019-05-22,130.8254241943
2019-05-23,129.1598205566
2019-05-24,129.473236084
2019-05-28,128.3359222412
2019-05-29,127.4583282471
2019-05-30,127.7090530396
2019-05-31,125.9897155762
2019-06-03,125.7389450073
2019-06-04,128.5597839355
2019-06-05,129.5448608398
2019-06-06,130.2702178955
2019-06-07,131.4523010254
2019-06-10,132.1866149902
2019-06-11,132.0612487793
2019-06-12,131.8821868896
2019-06-13,132.4910736084
2019-06-14,132.2045440674
2019-06-17,132.3007049561
2019-06-18,133.7478485107
2019-06-19,134.2062988281
2019-06-20,135.4376525879
2019-06-21,135.4556121826
2019-06-24,134.7006072998
2019-06-25,133.4242706299
2019-06-26,133.1725921631
2019-06-27,133.9725646973
2019-06-28,134.9073486328
2019-07-01,135.8601379395
2019-07-02,136.1747131348
2019-07-03,137.1993865967
2019-07-05,137.1185302734
2019-07-08,136.381439209
2019-07-09,136.6241455078
2019-07-10,137.1814575195
2019-07-11,137.3701782227
2019-07-12,138.0712585449
2019-07-15,137.9814147949
2019-07-16,137.630859375
2019-07-17,136.7229766846
2019-07-18,137.2263793945
2019-07-19,136.4444122314
2019-07-22,136.7679595947
2019-07-23,137.6847991943
2019-07-24,138.5296478271
2019-07-25,137.7926635742
2019-07-26,138.7904052734
2019-07-29,138.4577789307
2019-07-30,138.3229370117
2019-07-31,136.8128967285
2019-08-01,135.5455169678
2019-08-02,134.4489440918
2019-08-05,130.4580841064
2019-08-06,132.1568450928
2019-08-07,132.3007049561
2019-08-08,134.8174743652
2019-08-09,133.8557128906
2019-08-12,132.2018585205
2019-08-13,134.0893859863
2019-08-14,130.2153930664
2019-08-15,130.4580841064
2019-08-16,132.4355773926
2019-08-19,134.0084991455
2019-08-20,132.983795166
2019-08-21,134.1074066162
2019-08-22,133.9905548096
2019-08-23,130.6109161377
2019-08-26,131.9321899414
2019-08-27,131.3210296631
2019-08-28,132.2557678223
2019-08-29,134.0084991455
2019-08-30,133.9635620117
2019-09-03,133.0917510986
2019-09-04,134.5119018555
2019-09-05,136.3095245361
2019-09-06,136.336517334
2019-09-09,136.4174346924
2019-09-10,136.5522155762
2019-09-11,137.6668395996
2019-09-12,138.0802307129
2019-09-13,137.9454345703
2019-09-16,137.6654968262
2019-09-17,137.9996185303
2019-09-18,137.9815368652
2019-09-19,137.8912506104
2019-09-20,137.2863006592
2019-09-23,137.3585205078
2019-09-24,136.0853424072
2019-09-25,136.943145752
2019-09-26,136.5278625488
2019-09-27,135.7151031494
2019-09-30,136.3471832275
2019-10-01,134.5684051514
2019-10-02,132.3831939697
2019-10-03,133.4577178955
2019-10-04,135.2004852295
2019-10-07,134.6676635742
2019-10-08,132.4915771484
2019-10-09,133.7105560303
2019-10-10,134.5684051514
2019-10-11,136.0131072998
2019-10-14,135.8867034912
2019-10-15,137.2230834961
2019-10-16,136.9702301025
2019-10-17,137.4217529297
2019-10-18,136.8709411621
2019-10-21,137.7648468018
2019-10-22,137.3494567871
2019-10-23,137.6293792725
2019-10-24,138.0086669922
2019-10-25,138.559463501
2019-10-28,139.3992156982
2019-10-29,139.3721008301
2019-10-30,139.7062225342
2019-10-31,139.2186126709
2019-11-01,140.7084960938
2019-11-04,141.2231750488
2019-11-05,141.0967407227
2019-11-06,141.0335540771
2019-11-07,141.5121612549
2019-11-08,141.9094390869
2019-11-11,141.6294708252
2019-11-12,141.8733520508
2019-11-13,141.9365234375
2019-11-14,142.0809783936
2019-11-15,143.1645355225
2019-11-18,143.2458343506
2019-11-19,143.2909851074
2019-11-20,142.8394775391
2019-11-21,142.4782867432
2019-11-22,142.794342041
2019-11-25,144.1488037109
2019-11-26,144.4557952881
2019-11-27,145.1420135498
2019-11-29,144.4919128418
2019-12-02,143.1826477051
2019-12-03,142.3338470459
2019-12-04,143.2548522949
2019-12-05,143.4625396729
2019-12-06,144.7357330322
2019-12-09,144.2752227783
2019-12-10,144.1488037109
2019-12-11,144.4919128418
2019-12-12,145.6747894287
2019-12-13,145.6747894287
2019-12-16,146.7403411865
2019-12-17,146.7944641113
2019-12-18,146.857635498
2019-12-19,147.4987487793
2019-12-20,148.2572784424
2019-12-23,148.3475646973
2019-12-24,148.3802642822
2019-12-26,149.097442627
2019-12-27,148.9613037109
2019-12-30,148.1532897949
2019-12-31,148.5436248779
2020-01-02,149.7783508301
2020-01-03,148.825088501
2020-01-06,149.3335113525
2020-01-07,148.9794616699
2020-01-08,149.71484375
2020-01-09,150.6499023438
2020-01-10,150.2141265869
2020-01-13,151.240020752
2020-01-14,151.1583099365
2020-01-15,151.5305023193
2020-01-16,152.8287200928
2020-01-17,153.210067749
2020-01-21,152.8832244873
2020-01-22,152.974029541
2020-01-23,153.1465148926
2020-01-24,151.693939209
2020-01-27,149.4151611328
2020-01-28,150.8587188721
2020-01-29,150.7588806152
2020-01-30,151.121963501
2020-01-31,148.4528961182
2020-02-03,149.7602081299
2020-02-04,152.1206054688
2020-02-05,153.6186065674
2020-02-06,154.0452575684
2020-02-07,153.1646575928
2020-02-10,154.2903747559
2020-02-11,154.7170715332
2020-02-12,155.6885223389
2020-02-13,155.6248779297
2020-02-14,155.8791046143
2020-02-18,155.5160064697
2020-02-19,156.305847168
2020-02-20,155.8337554932
2020-02-21,154.2359161377
2020-02-24,149.1609802246
2020-02-25,144.6035614014
2020-02-26,143.8046112061
2020-02-27,137.5041046143
2020-02-28,136.5780944824
2020-03-02,142.2340698242
2020-03-03,138.5662994385
2020-03-04,144.1042480469
2020-03-05,139.3016204834
2020-03-06,136.7142791748
2020-03-09,125.73828125
2020-03-10,131.9752502441
2020-03-11,125.2934417725
2020-03-12,113.109992981
2020-03-13,123.405090332
2020-03-16,109.3605194092
2020-03-17,114.8439865112
2020-03-18,108.2256851196
2020-03-19,109.0246200562
2020-03-20,104.5761108398
2020-03-23,101.5983581543
2020-03-24,111.2397842407
2020-03-25,112.7740707397
2020-03-26,119.6204681396
2020-03-27,115.8067855835
2020-03-30,119.3193817139
2020-03-31,117.61328125
2020-04-01,112.184677124
2020-04-02,114.5203323364
2020-04-03,112.5678710938
2020-04-06,120.4415969849
2020-04-07,120.578453064
2020-04-08,124.8118667603
2020-04-09,127.1474914551
2020-04-13,125.6329879761
2020-04-14,129.4466552734
2020-04-15,126.408493042
2020-04-16,127.0015411377
2020-04-17,130.5962677002
2020-04-20,128.4795532227
2020-04-21,124.492515564
2020-04-22,127.3026123047
2020-04-23,127.3208770752
2020-04-24,129.2185516357
2020-04-27,131.508605957
2020-04-28,131.0980072021
2020-04-29,134.8113861084
2020-04-30,133.0596160889
2020-05-01,129.3828125
2020-05-04,129.8754882812
2020-05-05,131.0798034668
2020-05-06,130.3590240479
2020-05-07,132.0651397705
2020-05-08,134.5468139648
2020-05-11,134.5650177002
2020-05-12,131.7002410889
2020-05-13,129.0543518066
2020-05-14,130.441192627
2020-05-15,131.2257537842
2020-05-18,135.5777587891
2020-05-19,134.13621521
2020-05-20,136.6178741455
2020-05-21,135.7967376709
2020-05-22,136.1799316406
2020-05-26,138.0776519775
2020-05-27,140.2581939697
2020-05-28,139.7746582031
2020-05-29,140.240020752
2020-06-01,141.1888427734
2020-06-02,142.2563018799
2020-06-03,144.4733734131
2020-06-04,144.0172271729
2020-06-05,147.7122650146
2020-06-08,149.7194824219
2020-06-09,148.3509216309
2020-06-10,147.2469329834
2020-06-11,138.5612030029
2020-06-12,140.4771728516
2020-06-15,141.9825897217
2020-06-16,144.7106323242
2020-06-17,144.0080108643
2020-06-18,144.1266326904
2020-06-19,143.3146514893
2020-06-22,144.3091125488
2020-06-23,144.874786377
2020-06-24,140.9424743652
2020-06-25,142.6472015381
2020-06-26,139.3294372559
2020-06-29,141.3732452393
2020-06-30,143.4629364014
2020-07-01,144.2969512939
2020-07-02,144.8743438721
2020-07-06,147.156463623
2020-07-07,145.6625823975
2020-07-08,146.8540496826
2020-07-09,145.9467163086
2020-07-10,147.5139465332
2020-07-13,145.9192199707
2020-07-14,147.8346862793
2020-07-15,149.6677856445
2020-07-16,148.9987030029
2020-07-17,149.5669403076
2020-07-20,150.7125854492
2020-07-21,151.1434173584
2020-07-22,151.9315490723
2020-07-23,150.2726745605
2020-07-24,149.1087188721
2020-07-27,150.3918304443
2020-07-28,149.2919769287
2020-07-29,151.2716827393
2020-07-30,150.9326171875
2020-07-31,151.7024383545
2020-08-03,153.0222167969
2020-08-04,153.6271209717
2020-08-05,154.7452697754
2020-08-06,155.4968566895
2020-08-07,155.6251373291
2020-08-10,156.0559387207
2020-08-11,154.8002624512
2020-08-12,156.8716430664
2020-08-13,156.7524261475
2020-08-14,156.7066192627
2020-08-17,157.3757019043
2020-08-18,157.6140136719
2020-08-19,156.9999389648
2020-08-20,157.449005127
2020-08-21,157.8431549072
2020-08-24,159.3553924561
2020-08-25,159.8869934082
2020-08-26,161.3351135254
2020-08-27,161.7200164795
2020-08-28,162.8473052979
2020-08-31,162.4806976318
2020-09-01,163.9196777344
2020-09-02,166.1101379395
2020-09-03,160.3360443115
2020-09-04,158.970413208
2020-09-08,154.5069580078
2020-09-09,157.5315093994
2020-09-10,154.9469299316
2020-09-11,155.0019073486
2020-09-14,157.4215240479
2020-09-15,158.3197174072
2020-09-16,157.7972869873
2020-09-17,156.4957885742
2020-09-18,154.9743804932
2020-09-21,153.1047058105
2020-09-22,154.6261444092
2020-09-23,150.8959350586
2020-09-24,151.2166595459
2020-09-25,153.6499328613
2020-09-28,156.438369751
2020-09-29,155.5640869141
2020-09-30,156.7328491211
2020-10-01,158.0396270752
2020-10-02,156.8065032959
2020-10-05,159.631729126
2020-10-06,157.6623535156
2020-10-07,160.4139709473
2020-10-08,161.8220214844
2020-10-09,163.1840209961
2020-10-12,165.604309082
2020-10-13,164.7300872803
2020-10-14,163.6349334717
2020-10-15,163.6901550293
2020-10-16,163.395690918
2020-10-19,161.0581665039
2020-10-20,161.6195678711
2020-10-21,161.0673828125
2020-10-22,162.2085418701
2020-10-23,162.7422790527
2020-10-26,159.788192749
2020-10-27,159.1439666748
2020-10-28,153.870803833
2020-10-29,155.3248291016
2020-10-30,153.6775054932
2020-11-02,155.278793335
2020-11-03,158.2605133057
2020-11-04,161.7115631104
2020-11-05,165.0521850586
2020-11-06,164.9692840576
2020-11-09,166.9295501709
2020-11-10,166.653427124
2020-11-11,168.0062866211
2020-11-12,166.3497619629
2020-11-13,168.7057037354
2020-11-16,170.7671051025
2020-11-17,170.3805999756
2020-11-18,168.5768127441
2020-11-19,169.5155181885
2020-11-20,168.6228942871
2020-11-23,170.0032501221
2020-11-24,172.6353149414
2020-11-25,172.5708770752
2020-11-27,173.178237915
2020-11-30,171.8162078857
2020-12-01,173.9972839355
2020-12-02,174.1445159912
2020-12-03,174.4942474365
2020-12-04,176.242767334
2020-12-07,176.0495147705
2020-12-08,176.8133544922
2020-12-09,175.0740509033
2020-12-10,175.3316955566
2020-12-11,175.0188140869
2020-12-14,174.5218658447
2020-12-15,176.9146118164
2020-12-16,177.1630401611
2020-12-17,178.5526885986
2020-12-18,178.0465240479
2020-12-21,177.5311737061
2020-12-22,177.5679779053
2020-12-23,177.8717041016
2020-12-24,178.1692504883
2020-12-28,179.2965087891
2020-12-29,178.5480499268
2020-12-30,179.0285491943
2020-12-31,179.8509216309
2021-01-04,177.2914123535
2021-01-05,178.7236480713
2021-01-06,180.3314208984
2021-01-07,183.2236022949
2021-01-08,184.1106262207
2021-01-11,183.0110321045
2021-01-12,183.6578674316
2021-01-13,183.8611755371
2021-01-14,183.6856231689
2021-01-15,182.0870819092
2021-01-19,183.7503356934
2021-01-20,186.0695953369
2021-01-21,185.9309692383
2021-01-22,185.6260528564
2021-01-25,186.1527252197
2021-01-26,185.4782104492
2021-01-27,181.0244445801
2021-01-28,182.4473724365
2021-01-29,179.2503662109
2021-02-01,182.3087921143
2021-02-02,184.9237670898
2021-02-03,185.2009735107
2021-02-04,187.5480194092
2021-02-05,188.6013336182
2021-02-08,190.2923583984
2021-02-09,190.3662872314
2021-02-10,190.2831268311
2021-02-11,190.7358551025
2021-02-12,191.7245941162
2021-02-16,191.3826751709
2021-02-17,190.9853820801
2021-02-18,189.8857727051
2021-02-19,190.320022583
2021-02-22,188.5089416504
2021-02-23,188.4812316895
2021-02-24,190.5972595215
2021-02-25,185.6167602539
2021-02-26,184.8775939941
2021-03-01,189.6270446777
2021-03-02,187.8436889648
2021-03-03,185.1362915039
2021-03-04,182.2071380615
2021-03-05,185.4967041016
2021-03-08,184.5911865234
2021-03-09,187.4555969238
2021-03-10,188.7954101562
2021-03-11,191.2625274658
2021-03-12,191.6413879395
2021-03-15,192.9812164307
2021-03-16,192.205078125
2021-03-17,192.9350280762
2021-03-18,189.4237518311
2021-03-19,189.6639862061
2021-03-22,190.689666748
2021-03-23,188.5182189941
2021-03-24,186.9566345215
2021-03-25,188.3398742676
2021-03-26,191.4178161621
2021-03-29,190.5185546875
2021-03-30,190.4629211426
2021-03-31,191.6217956543
2021-04-01,194.02293396
2021-04-05,196.2850646973
2021-04-06,196.3592529297
2021-04-07,196.1923675537
2021-04-08,197.3327178955
2021-04-09,198.5286560059
2021-04-12,198.5842590332
2021-04-13,199.1405181885
2021-04-14,198.695526123
2021-04-15,200.8093261719
2021-04-16,201.3192138672
2021-04-19,200.0027160645
2021-04-20,198.1670532227
2021-04-21,200.5311737061
2021-04-22,198.9644012451
2021-04-23,201.3748474121
2021-04-26,202.1072387695
2021-04-27,202.0145568848
2021-04-28,201.9867401123
2021-04-29,202.7562408447
2021-04-30,201.2728729248
2021-05-03,201.6251525879
2021-05-04,200.1139984131
2021-05-05,200.0769042969
2021-05-06,201.0967102051
2021-05-07,202.8025817871
2021-05-10,200.4199066162
2021-05-11,198.8067626953
2021-05-12,194.328918457
2021-05-13,196.470489502
2021-05-14,199.8266143799
2021-05-17,199.4001312256
2021-05-18,197.8426055908
2021-05-19,197.267791748
2021-05-20,199.4094085693
2021-05-21,199.2981567383
2021-05-24,201.309967041
2021-05-25,200.7536621094
2021-05-26,201.4768218994
2021-05-27,201.8477020264
2021-05-28,202.1906890869
2021-06-01,202.2741088867
2021-06-02,202.5429992676
2021-06-03,201.6437225342
2021-06-04,203.3959503174
2021-06-07,203.562789917
2021-06-08,203.97996521
2021-06-09,203.405166626
2021-06-10,204.3044586182
2021-06-11,204.9070892334
2021-06-14,205.2222747803
2021-06-15,204.6845703125
2021-06-16,203.6647338867
2021-06-17,203.4701080322
2021-06-18,200.9483642578
2021-06-21,203.720413208
2021-06-22,204.8792266846
2021-06-23,204.7958831787
2021-06-24,206.186126709
2021-06-25,206.9579772949
2021-06-28,207.1904602051
2021-06-29,207.1996917725
2021-06-30,207.2090301514
2021-07-01,208.3342285156
2021-07-02,209.4873962402
2021-07-06,209.0317230225
2021-07-07,209.3106689453
2021-07-08,207.5438079834
2021-07-09,210.0546417236
2021-07-12,210.6405029297
2021-07-13,209.4687652588
2021-07-14,209.1805267334
2021-07-15,208.4458312988
2021-07-16,206.8091278076
2021-07-19,203.8705291748
2021-07-20,207.3949890137
2021-07-21,209.2549133301
2021-07-22,209.4316101074
2021-07-23,211.5239257812
2021-07-26,211.9516906738
2021-07-27,210.8078918457
2021-07-28,211.1333465576
2021-07-29,212.063293457
2021-07-30,210.8078918457
2021-08-02,210.5102996826
2021-08-03,212.0167999268
2021-08-04,211.0682525635
2021-08-05,212.5747833252
2021-08-06,212.8351593018
2021-08-09,212.751449585
2021-08-10,212.8909454346
2021-08-11,213.3094177246
2021-08-12,213.9046478271
2021-08-13,214.0254669189
2021-08-16,214.1091766357
2021-08-17,212.518951416
2021-08-18,210.398727417
2021-08-19,210.2406463623
2021-08-20,212.1283874512
2021-08-23,214.1835479736
2021-08-24,214.9461212158
2021-08-25,215.5598754883
2021-08-26,214.1184539795
2021-08-27,216.4247283936
2021-08-30,217.2431030273
2021-08-31,216.8338928223
2021-09-01,217.2151641846
2021-09-02,217.9498291016
2021-09-03,217.8754272461
2021-09-07,216.9361877441
2021-09-08,216.4247283936
2021-09-09,215.6714477539
2021-09-10,213.9603881836
2021-09-13,214.4439697266
2021-09-14,213.1513366699
2021-09-15,214.9089202881
2021-09-16,214.7136688232
2021-09-17,212.993270874
2021-09-20,209.3014068604
2021-09-21,209.2827758789
2021-09-22,211.393737793
2021-09-23,213.9696960449
2021-09-24,214.2252960205
2021-09-27,213.7588806152
2021-09-28,209.2810821533
2021-09-29,209.4209899902
2021-09-30,207.1541290283
2021-10-01,210.0086669922
2021-10-04,206.8462219238
2021-10-05,208.7772979736
2021-10-06,209.6448516846
2021-10-07,211.6599121094
2021-10-08,211.1934661865
2021-10-11,209.6728668213
2021-10-12,209.5236206055
2021-10-13,210.475112915
2021-10-14,213.9734039307
2021-10-15,215.2420959473
2021-10-18,216.0257415771
2021-10-19,217.6022949219
2021-10-20,218.4512329102
2021-10-21,219.0482330322
2021-10-22,218.6284484863
2021-10-25,219.971786499
2021-10-26,219.8878479004
2021-10-27,218.3859100342
2021-10-28,220.7181091309
2021-10-29,221.0072631836
2021-11-01,222.1080932617
2021-11-02,222.7984008789
2021-11-03,224.3749847412
2021-11-04,225.2238616943
2021-11-05,226.0914459229
2021-11-08,226.4645843506
2021-11-09,225.8115997314
2021-11-10,223.5913391113
2021-11-11,223.8618927002
2021-11-12,225.5223999023
2021-11-15,225.5223999023
2021-11-16,226.4925689697
2021-11-17,225.5596923828
2021-11-18,225.9142150879
2021-11-19,225.2705383301
2021-11-22,224.1884002686
2021-11-23,224.2629852295
2021-11-24,225.0186767578
2021-11-26,220.1490478516
2021-11-29,222.2200317383
2021-11-30,217.7795562744
2021-12-01,214.7104187012
2021-12-02,218.1993560791
2021-12-03,215.6712493896
2021-12-06,218.4418792725
2021-12-07,223.1155853271
2021-12-08,224.0764465332
2021-12-09,221.9402008057
2021-12-10,223.4514160156
2021-12-13,221.417755127
2021-12-14,219.757232666
2021-12-15,223.1435546875
2021-12-16,220.6434783936
2021-12-17,219.6359405518
2021-12-20,216.5481567383
2021-12-21,220.7927398682
2021-12-22,222.9756622314
2021-12-23,224.5148925781
2021-12-27,227.4630432129
2021-12-28,226.9949493408
2021-12-29,227.1260375977
2021-12-30,226.7608947754
2021-12-31,226.0399475098
2022-01-03,227.4724121094
2022-01-04,227.0417175293
2022-01-05,222.1172637939
2022-01-06,222.0610656738
2022-01-07,221.0499572754
2022-01-10,220.6661071777
2022-01-11,222.8662109375
2022-01-12,223.212600708
2022-01-13,219.9452056885
2022-01-14,220.029510498
2022-01-18,215.7509613037
2022-01-19,213.4853515625
2022-01-20,210.9949951172
2022-01-21,206.8194732666
2022-01-24,208.1488800049
2022-01-25,205.2372436523
2022-01-26,204.4414520264
2022-01-27,202.9248046875
2022-01-28,207.9242095947
2022-01-31,212.3431396484
2022-02-01,213.9628143311
2022-02-02,215.3764648438
2022-02-03,210.2553710938
2022-02-04,211.6503753662
2022-02-07,211.1166992188
2022-02-08,213.0547027588
2022-02-09,216.5186767578
2022-02-10,212.848739624
2022-02-11,208.7200012207
2022-02-14,207.952255249
2022-02-15,211.6503753662
2022-02-16,211.8469390869
2022-02-17,207.0347900391
2022-02-18,205.3777008057
2022-02-22,203.0184783936
2022-02-23,199.282913208
2022-02-24,202.7750396729
2022-02-25,207.2875518799
2022-02-28,207.0628662109
2022-03-01,203.8329620361
2022-03-02,207.699508667
2022-03-03,206.1172637939
2022-03-04,204.0576171875
2022-03-07,197.7662658691
2022-03-08,196.6521911621
2022-03-09,202.1103210449
2022-03-10,201.2021942139
2022-03-11,198.4684448242
2022-03-14,196.5117340088
2022-03-15,200.6123809814
2022-03-16,205.6304931641
2022-03-17,208.3829498291
2022-03-18,210.8170928955
2022-03-21,210.6205291748
2022-03-22,213.2044677734
2022-03-23,210.3006591797
2022-03-24,213.2964782715
2022-03-25,214.2074584961
2022-03-28,215.597366333
2022-03-29,218.8655853271
2022-03-30,217.0906219482
2022-03-31,213.8130493164
2022-04-01,214.6676483154
2022-04-04,216.4895324707
2022-04-05,213.3246154785
2022-04-06,210.8735198975
2022-04-07,211.6718139648
2022-04-08,211.0144195557
2022-04-11,207.7180480957
2022-04-12,207.0794067383
2022-04-13,209.7935333252
2022-04-14,207.2391204834
2022-04-18,206.8822021484
2022-04-19,210.5260620117
2022-04-20,210.2536773682
2022-04-21,206.8164672852
2022-04-22,201.181640625
2022-04-25,202.2804260254
2022-04-26,196.5141143799
2022-04-27,196.899230957
2022-04-28,201.6982116699
2022-04-29,194.2884216309
2022-05-02,195.7534332275
2022-05-03,196.6831817627
2022-05-04,202.449508667
2022-05-05,194.9833831787
2022-05-06,193.4150085449
2022-05-09,186.5592651367
2022-05-10,186.9349517822
2022-05-11,183.5540771484
2022-05-12,183.7512969971
2022-05-13,188.6723175049
2022-05-16,187.7426147461
2022-05-17,191.7526855469
2022-05-18,184.2490539551
2022-05-19,183.4319763184
2022-05-20,183.4319763184
2022-05-23,186.5686798096
2022-05-24,184.699798584
2022-05-25,186.7565307617
2022-05-26,190.5787963867
2022-05-27,195.4059448242
2022-05-31,193.8000335693
2022-06-01,192.5227966309
2022-06-02,196.4483947754
2022-06-03,193.3116607666
2022-06-06,193.8845672607
2022-06-07,195.9882202148
2022-06-08,193.7906341553
2022-06-09,189.1513519287
2022-06-10,183.5352630615
2022-06-13,176.0410003662
2022-06-14,175.5432281494
2022-06-15,178.0977172852
2022-06-16,171.8806152344
2022-06-17,172.5286254883
2022-06-21,176.7077941895
2022-06-22,176.6795806885
2022-06-23,178.2816009521
2022-06-24,184.0426025391
2022-06-27,183.4768676758
2022-06-28,179.695892334
2022-06-29,179.3941650391
2022-06-30,177.8478393555
2022-07-01,179.7241821289
2022-07-05,180.3653411865
2022-07-06,180.7236633301
2022-07-07,183.7031707764
2022-07-08,183.5146179199
2022-07-11,181.1950836182
2022-07-12,179.6298980713
2022-07-13,178.8472747803
2022-07-14,178.0552520752
2022-07-15,181.5156707764
2022-07-18,180.2616424561
2022-07-19,185.296661377
2022-07-20,186.7958374023
2022-07-21,188.6439361572
2022-07-22,186.5978546143
2022-07-25,186.8524169922
2022-07-26,184.5423431396
2022-07-27,189.3888397217
2022-07-28,191.8591918945
2022-07-29,194.4709625244
2022-08-01,194.018371582
2022-08-02,192.971786499
2022-08-03,196.0738677979
2022-08-04,195.8853149414
2022-08-05,195.8193359375
2022-08-08,195.9984283447
2022-08-09,194.7632598877
2022-08-10,199.2043151855
2022-08-11,199.2137145996
2022-08-12,202.6647186279
2022-08-15,203.4567108154
2022-08-16,203.8904571533
2022-08-17,202.0612640381
2022-08-18,202.5892486572
2022-08-19,199.6945495605
2022-08-22,195.4232940674
2022-08-23,195.0555725098
2022-08-24,195.8759002686
2022-08-25,198.7139892578
2022-08-26,192.1326446533
2022-08-29,190.727722168
2022-08-30,188.6061859131
2022-08-31,187.2201843262
2022-09-01,187.3332977295
2022-09-02,185.4757995605
2022-09-06,184.7215118408
2022-09-07,188.134765625
2022-09-08,189.6245422363
2022-09-09,192.7737579346
2022-09-12,194.8481140137
2022-09-13,186.4752655029
2022-09-14,187.2012481689
2022-09-15,185.2023620605
2022-09-16,183.5146179199
2022-09-19,184.8157501221
2022-09-20,182.666015625
2022-09-21,179.5450286865
2022-09-22,177.5366821289
2022-09-23,174.4744415283
2022-09-26,172.5616912842
2022-09-27,172.3060302734
2022-09-28,175.9326324463
2022-09-29,172.2776184082
2022-09-30,169.9388275146
2022-10-03,174.2566680908
2022-10-04,179.8527679443
2022-10-05,179.5119171143
2022-10-06,177.7980194092
2022-10-07,172.7131958008
2022-10-10,171.3402099609
2022-10-11,170.2418060303
2022-10-12,169.7778625488
2022-10-13,173.9915313721
2022-10-14,169.891494751
2022-10-17,174.4271087646
2022-10-18,176.5575866699
2022-10-19,175.0520019531
2022-10-20,173.5370025635
2022-10-21,177.5328826904
2022-10-24,179.4456481934
2022-10-25,182.6934814453
2022-10-26,181.5666656494
2022-10-27,180.7144775391
2022-10-28,184.9186096191
2022-10-31,183.7255554199
2022-11-01,183.157409668
2022-11-02,178.3377532959
2022-11-03,176.6333465576
2022-11-04,178.9059143066
2022-11-07,180.5345916748
2022-11-08,181.4814453125
2022-11-09,177.5707702637
2022-11-10,187.6173095703
2022-11-11,189.5300598145
2022-11-14,187.8161621094
2022-11-15,189.7194213867
2022-11-16,187.7877349854
2022-11-17,187.0018310547
2022-11-18,187.8824615479
2022-11-21,187.0870361328
2022-11-22,189.5395050049
2022-11-23,190.6946716309
2022-11-25,190.836730957
2022-11-28,187.7404174805
2022-11-29,187.4468688965
2022-11-30,193.2229003906
2022-12-01,193.3364868164
2022-12-02,193.1566467285
2022-12-05,189.3595581055
2022-12-06,186.5189208984
2022-12-07,186.2159118652
2022-12-08,187.8256072998
2022-12-09,186.2537689209
2022-12-12,188.9334716797
2022-12-13,190.3443603516
2022-12-14,189.2838287354
2022-12-15,184.5682678223
2022-12-16,182.4567565918
2022-12-19,180.6197662354
2022-12-20,180.9985656738
2022-12-21,183.7350311279
2022-12-22,181.1289825439
2022-12-23,182.128036499
2022-12-27,181.3668823242
2022-12-28,179.0833740234
2022-12-29,182.3753814697
2022-12-30,181.9092254639
2023-01-03,181.1670684814
2023-01-04,182.7750549316
2023-01-05,180.634262085
2023-01-06,184.6208496094
2023-01-09,184.6969451904
2023-01-10,186.1526794434
2023-01-11,188.6074523926
2023-01-12,189.5208282471
2023-01-13,190.3296051025
2023-01-17,190.0727233887
2023-01-18,187.0756378174
2023-01-19,185.553237915
2023-01-20,189.1117248535
2023-01-23,191.5093994141
2023-01-24,191.1954193115
2023-01-25,191.2905426025
2023-01-26,193.2600708008
2023-01-27,194.0402832031
2023-01-30,191.4428100586
2023-01-31,194.5064849854
2023-02-01,196.8756256104
2023-02-02,199.8156280518
2023-02-03,197.7509307861
2023-02-06,196.266708374
2023-02-07,198.7404632568
2023-02-08,196.6187286377
2023-02-09,194.7063293457
2023-02-10,195.058380127
2023-02-13,197.3798675537
2023-02-14,197.4560089111
2023-02-15,198.3408966064
2023-02-16,195.6958465576
2023-02-17,195.1249847412
2023-02-21,191.081237793
2023-02-22,190.9195098877
2023-02-23,191.9375610352
2023-02-24,189.7967529297
2023-02-27,190.4722747803
2023-02-28,189.8348388672
2023-03-01,190.2915344238
2023-03-02,190.5865020752
2023-03-03,193.6882476807
2023-03-06,193.4313354492
2023-03-07,190.5484466553
2023-03-08,190.7958221436
2023-03-09,187.0280456543
2023-03-10,183.8787078857
2023-03-13,183.1175689697
2023-03-14,186.3810577393
2023-03-15,184.9443511963
2023-03-16,188.1412506104
2023-03-17,185.7150115967
2023-03-20,187.3324890137
2023-03-21,190.006072998
2023-03-22,186.6094055176
2023-03-23,186.9494781494
2023-03-24,188.1244812012
2023-03-27,188.6021270752
2023-03-28,188.3346252441
2023-03-29,191.047668457
2023-03-30,192.0793304443
2023-03-31,194.9738769531
2023-04-03,195.4897613525
2023-04-04,194.1809844971
2023-04-05,193.4740753174
2023-04-06,194.1141204834
2023-04-10,194.5535736084
2023-04-11,194.7541656494
2023-04-12,193.9326171875
2023-04-13,196.4545593262
2023-04-14,195.9100494385
2023-04-17,196.6934051514
2023-04-18,196.7889404297
2023-04-19,196.884475708
2023-04-20,195.6616821289
2023-04-21,195.8336334229
2023-04-24,195.9100494385
2023-04-25,192.6429901123
2023-04-26,191.7736816406
2023-04-27,195.3751220703
2023-04-28,197.0755157471
2023-05-01,196.9799804688
2023-05-02,194.5726318359
2023-05-03,193.4358673096
2023-05-04,191.9933776855
2023-05-05,195.5375061035
2023-05-08,195.7476501465
2023-05-09,194.9452209473
2023-05-10,195.8049926758
2023-05-11,195.5470428467
2023-05-12,195.0885009766
2023-05-15,195.9195861816
2023-05-16,194.4006958008
2023-05-17,196.922668457
2023-05-18,198.8809967041
2023-05-19,198.4033966064
2023-05-22,198.7472839355
2023-05-23,196.6456298828
2023-05-24,195.1267089844
2023-05-25,196.4545593262
2023-05-26,199.0433959961
2023-05-30,199.1102752686
2023-05-31,197.9161529541
2023-06-01,199.8936004639
2023-06-02,203.1989135742
2023-06-05,202.6639251709
2023-06-06,203.5905761719
2023-06-07,203.1893463135
2023-06-08,204.1446228027
2023-06-09,204.3643188477
2023-06-12,206.1984863281
2023-06-13,207.7174072266
2023-06-14,207.7174072266
2023-06-15,210.2489013672
2023-06-16,209.4560089111
2023-06-20,208.4243164062
2023-06-21,207.2779846191
2023-06-22,207.83203125
2023-06-23,206.1126556396
2023-06-26,205.3934783936
2023-06-27,207.8962860107
2023-06-28,208.0688934326
2023-06-29,209.0661621094
2023-06-30,211.2333526611
2023-07-03,211.8662719727
2023-07-05,211.2237548828
2023-07-06,209.34425354
2023-07-07,209.0853271484
2023-07-10,209.9963378906
2023-07-11,211.645690918
2023-07-12,213.2662963867
2023-07-13,215.0690612793
2023-07-14,214.7526397705
2023-07-17,215.5677337646
2023-07-18,217.2841949463
2023-07-19,217.8499755859
2023-07-20,216.2773132324
2023-07-21,216.2581634521
2023-07-24,217.0252990723
2023-07-25,217.5719146729
2023-07-26,217.7349090576
2023-07-27,216.0567779541
2023-07-28,218.310256958
2023-07-31,218.9719238281
2023-08-01,218.3773803711
2023-08-02,215.2800292969
2023-08-03,214.65675354
2023-08-04,213.7457580566
2023-08-07,215.3855438232
2023-08-08,214.3882293701
2023-08-09,212.8539276123
2023-08-10,212.892288208
2023-08-11,212.6909332275
2023-08-14,213.7457580566
2023-08-15,211.3196563721
2023-08-16,209.5743713379
2023-08-17,207.8579101562
2023-08-18,208.0976715088
2023-08-21,209.2963104248
2023-08-22,208.7401123047
2023-08-23,211.0223846436
2023-08-24,208.1935272217
2023-08-25,209.6127471924
2023-08-28,210.9552307129
2023-08-29,214.0238647461
2023-08-30,214.9731750488
2023-08-31,214.743057251
2023-09-01,215.4526367188
2023-09-05,214.167678833
2023-09-06,212.8251800537
2023-09-07,212.0963897705
2023-09-08,212.3265533447
2023-09-11,213.6594390869
2023-09-12,212.6238098145
2023-09-13,212.6525726318
2023-09-14,214.4745483398
2023-09-15,211.952545166
2023-09-18,211.9717407227
2023-09-19,211.4347229004
2023-09-20,209.5648040771
2023-09-21,206.0499420166
2023-09-22,205.6168823242
2023-09-25,206.4445648193
2023-09-26,203.4706115723
2023-09-27,203.6823577881
2023-09-28,205.0297851562
2023-09-29,204.4330444336
2023-10-02,204.1635742188
2023-10-03,201.1992340088
2023-10-04,202.6525421143
2023-10-05,202.5466461182
2023-10-06,204.962387085
2023-10-09,206.2520904541
2023-10-10,207.5321350098
2023-10-11,208.3502197266
2023-10-12,206.6755218506
2023-10-13,205.5110015869
2023-10-16,207.8978424072
2023-10-17,208.1673278809
2023-10-18,205.0875091553
2023-10-19,203.1529998779
2023-10-20,200.6410217285
2023-10-23,200.0924072266
2023-10-24,201.6034851074
2023-10-25,198.610244751
2023-10-26,196.5506134033
2023-10-27,195.4919128418
2023-10-30,197.7440795898
2023-10-31,199.0240936279
2023-11-01,201.0163726807
2023-11-02,205.0105133057
2023-11-03,207.3203735352
2023-11-06,207.4070129395
2023-11-07,208.0230102539
2023-11-08,207.9941101074
2023-11-09,206.2231903076
2023-11-10,209.2933959961
2023-11-13,209.1682739258
2023-11-14,213.8072509766
2023-11-15,214.3366546631
2023-11-16,214.1922454834
2023-11-17,214.7312164307
2023-11-20,216.3481292725
2023-11-21,215.7610321045
2023-11-22,216.6850128174
2023-11-24,216.9159698486
2023-11-27,216.6368713379
2023-11-28,216.7715759277
2023-11-29,216.8678436279
2023-11-30,217.7629394531
2023-12-01,219.6012115479
2023-12-04,218.8120269775
2023-12-05,218.3885192871
2023-12-06,217.464553833
2023-12-07,219.2066040039
2023-12-08,220.2556610107
2023-12-11,221.1603240967
2023-12-12,221.9976959229
2023-12-13,225.4432525635
2023-12-14,226.7810516357
2023-12-15,226.4730529785
2023-12-18,227.4547729492
2023-12-19,229.1197967529
2023-12-20,225.7030639648
2023-12-21,228.1988067627
2023-12-22,228.7207489014
2023-12-26,229.8516235352
2023-12-27,230.286605835
2023-12-28,230.1706390381
2023-12-29,229.291015625
2024-01-02,227.754196167
2024-01-03,225.5697021484
2024-01-04,224.9897766113
2024-01-05,225.3280639648
2024-01-08,228.5467529297
2024-01-09,228.1214904785
2024-01-10,229.3006744385
2024-01-11,229.1460571289
2024-01-12,229.1847076416
2024-01-16,228.1214904785
2024-01-17,226.7489318848
2024-01-18,228.7497406006
2024-01-19,231.5335083008
2024-01-22,232.5387115479
2024-01-23,232.9640655518
2024-01-24,232.9253540039
2024-01-25,234.2205505371
2024-01-26,234.0272369385
2024-01-29,236.153717041
2024-01-30,235.825088501
2024-01-31,231.8524169922
2024-02-01,234.9745025635
2024-02-02,236.9849853516
2024-02-05,235.8637390137
2024-02-06,236.6660003662
2024-02-07,238.5315093994
2024-02-08,239.12109375
2024-02-09,240.5806121826
2024-02-12,240.8126220703
2024-02-13,236.9559631348
2024-02-14,239.5754089355
2024-02-15,241.4215393066
2024-02-16,240.1553497314
2024-02-20,238.6474761963
2024-02-21,238.6957855225
2024-02-22,243.4127044678
2024-02-23,243.5770263672
2024-02-26,242.8424377441
2024-02-27,243.51902771
2024-02-28,243.1130523682
2024-02-29,244.1376342773
2024-03-01,246.380065918
2024-03-04,246.1384429932
2024-03-05,243.5286712646
2024-03-06,244.9688720703
2024-03-07,247.3563079834
2024-03-08,245.92578125
2024-03-11,245.5295257568
2024-03-12,247.9556121826
2024-03-13,247.6462860107
2024-03-14,246.6894073486
2024-03-15,245.2298583984
2024-03-18,246.476776123
2024-03-19,247.8976287842
2024-03-20,250.4107208252
2024-03-21,251.4449157715
2024-03-22,250.7378234863
2024-03-25,250.1752624512
2024-03-26,249.7290496826
2024-03-27,251.9308929443
2024-03-28,252.0957794189
2024-04-01,251.9017944336
2024-04-02,249.5738220215
2024-04-03,249.9618835449
2024-04-04,246.9646453857
2024-04-05,249.4574279785
2024-04-08,249.7484436035
2024-04-09,250.1073150635
2024-04-10,247.3138275146
2024-04-11,248.9918823242
2024-04-12,245.4030151367
2024-04-15,242.3863677979
2024-04-16,241.6588897705
2024-04-17,240.2427368164
2024-04-18,239.7480163574
2024-04-19,237.8663024902
2024-04-22,240.2039337158
2024-04-23,243.0653686523
2024-04-24,243.1235351562
2024-04-25,241.9692840576
2024-04-26,244.2196044922
2024-04-29,245.1798706055
2024-04-30,241.1448059082
2024-05-01,240.5434265137
2024-05-02,243.0362548828
2024-05-03,245.9170684814
2024-05-06,248.5554199219
2024-05-07,248.7784881592
2024-05-08,248.6038665771
2024-05-09,250.0685424805
2024-05-10,250.3013000488
2024-05-13,250.4371337891
2024-05-14,251.6593017578
2024-05-15,254.7534637451
2024-05-16,254.0648498535
2024-05-17,254.4236755371
2024-05-20,254.6855926514
2024-05-21,255.2093811035
2024-05-22,254.3461303711
2024-05-23,252.1830749512
2024-05-24,254.0066680908
2024-05-28,254.0066680908
2024-05-29,251.9211883545
2024-05-30,250.6893157959
2024-05-31,252.6195526123
2024-06-03,252.6971740723
2024-06-04,252.6680755615
2024-06-05,255.762298584
2024-06-06,255.5392150879
2024-06-07,255.0542449951
2024-06-10,255.9077606201
2024-06-11,256.3442077637
2024-06-12,258.7594604492
2024-06-13,258.8759155273
2024-06-14,258.6818847656
2024-06-17,260.6509399414
2024-06-18,261.3105163574
2024-06-20,260.6509399414
2024-06-21,260.2532348633
2024-06-24,259.8167419434
2024-06-25,260.6702880859
2024-06-26,260.6606445312
2024-06-27,261.2911682129
2024-06-28,260.3975524902
2024-07-01,260.9231262207
2024-07-02,262.4319763184
2024-07-03,263.5124816895
2024-07-05,264.8849487305
2024-07-08,265.2451171875
2024-07-09,265.176940918
2024-07-10,267.7467956543
2024-07-11,266.5495300293
2024-07-12,268.3113708496
2024-07-15,269.4599914551
2024-07-16,271.6793518066
2024-07-17,267.8440856934
2024-07-18,265.5079345703
2024-07-19,263.8531188965
2024-07-22,266.6078491211
2024-07-23,266.4132080078
2024-07-24,260.4169921875
2024-07-25,259.4143676758
2024-07-26,262.51953125
2024-07-29,262.5390014648
2024-07-30,261.4488220215
2024-07-31,265.3229980469
2024-08-01,261.1665039062
2024-08-02,255.9100341797
2024-08-05,248.3953552246
2024-08-06,250.9164886475
2024-08-07,248.9988708496
2024-08-08,254.8296051025
2024-08-09,255.9295654297
2024-08-12,255.7640228271
2024-08-13,260.0178527832
2024-08-14,260.7576904297
2024-08-15,265.2743225098
2024-08-16,265.9070739746
2024-08-19,268.4184265137
2024-08-20,267.7662353516
2024-08-21,269.109588623
2024-08-22,266.8317871094
2024-08-23,270.2095336914
2024-08-26,269.5281677246
2024-08-27,269.7715148926
2024-08-28,268.1264343262
2024-08-29,268.3891906738
2024-08-30,270.9785461426
2024-09-03,265.1477661133
2024-09-04,264.5539550781
2024-09-05,263.736328125
2024-09-06,259.3559875488
2024-09-09,262.1302185059
2024-09-10,263.15234375
2024-09-11,265.7707824707
2024-09-12,267.9803771973
2024-09-13,269.849395752
2024-09-16,270.3847351074
2024-09-17,270.6572875977
2024-09-18,269.9759216309
2024-09-19,274.5509643555
2024-09-20,273.9766235352
2024-09-23,274.6580200195
2024-09-24,275.3491210938
2024-09-25,274.4438781738
2024-09-26,275.6703796387
2024-09-27,275.3979492188
2024-09-30,276.4817810059
2024-10-01,273.9626159668
2024-10-02,274.0212097168
2024-10-03,273.435333252
2024-10-04,276.0814208984
2024-10-07,273.5623168945
2024-10-08,275.8666381836
2024-10-09,277.7901916504
2024-10-10,277.2140808105
2024-10-11,279.3621520996
2024-10-14,281.5395812988
2024-10-15,279.606262207
2024-10-16,281.0318603516
2024-10-17,280.9732666016
2024-10-18,282.0766296387
2024-10-21,281.1881103516
2024-10-22,280.8658447266
2024-10-23,278.3271789551
2024-10-24,279.0692443848
2024-10-25,278.8056335449
2024-10-28,279.9383239746
2024-10-29,280.3092956543
2024-10-30,279.616027832
2024-10-31,274.4020080566
2024-11-01,275.5736999512
2024-11-04,275.0756835938
2024-11-05,278.5712280273
2024-11-06,286.3630371094
2024-11-07,288.3647155762
2024-11-08,289.7121887207
2024-11-11,290.5226135254
2024-11-12,289.3801574707
2024-11-13,289.2434997559
2024-11-14,287.1051330566
2024-11-15,283.4630737305
2024-11-18,284.6153259277
2024-11-19,285.9237060547
2024-11-20,286.089630127
2024-11-21,288.0912780762
2024-11-22,289.5168762207
2024-11-25,290.9327087402
2024-11-26,291.9969787598
2024-11-27,291.1670227051
2024-11-29,292.787902832
2024-12-02,293.3444824219
2024-12-03,293.3444824219
2024-12-04,295.3168640137
2024-12-05,294.4966125488
2024-12-06,295.3168640137
2024-12-09,293.4322814941
2024-12-10,292.3290100098
2024-12-11,294.6820983887
2024-12-12,293.0026855469
2024-12-13,292.8562316895
2024-12-16,294.0474853516
2024-12-17,292.5926513672
2024-12-18,283.5412902832
2024-12-19,283.1408996582
2024-12-20,286.3630371094
2024-12-23,287.9901123047
2024-12-24,291.0463562012
2024-12-26,291.212890625
2024-12-27,288.0586853027
2024-12-30,284.8751525879
2024-12-31,283.8857421875
2025-01-02,283.3470153809
2025-01-03,287.0693054199
2025-01-06,288.6758422852
2025-01-07,285.4530639648
2025-01-08,285.7175292969
2025-01-10,281.4270629883
2025-01-13,281.8874206543
2025-01-14,282.524230957
2025-01-15,287.7060852051
2025-01-16,287.4905700684
2025-01-17,290.1452026367
2025-01-21,293.0250549316
2025-01-22,294.4552307129
2025-01-23,296.0029296875
2025-01-24,295.1408691406
2025-01-27,291.026763916
2025-01-28,293.5246276855
2025-01-29,292.2707824707
2025-01-30,294.1025695801
2025-01-31,292.49609375
2025-02-03,290.3606872559
2025-02-04,292.4667358398
2025-02-05,293.8184814453
2025-02-06,294.5433654785
2025-02-07,291.9083557129
2025-02-10,293.7793273926
2025-02-11,293.6225891113
2025-02-12,292.6528320312
2025-02-13,295.7090454102
2025-02-14,295.6698608398
2025-02-18,296.5025024414
2025-02-19,296.9237060547
2025-02-20,295.3270568848
2025-02-21,289.8709106445
2025-02-24,288.3917541504
2025-02-25,286.9615783691
2025-02-26,287.0594787598
2025-02-27,282.6123352051
2025-02-28,286.9713439941
2025-03-03,281.828704834
2025-03-04,278.3120727539
2025-03-05,281.4760742188
2025-03-06,276.2452087402
2025-03-07,277.548034668
2025-03-10,269.9858703613
2025-03-11,268.0953063965
2025-03-12,269.4176940918
2025-03-13,265.6366271973
2025-03-14,271.3278503418
2025-03-17,273.5710449219
2025-03-18,270.6225585938
2025-03-19,273.6983642578
2025-03-20,273.0420837402
2025-03-21,273.1498718262
2025-03-24,278.2043762207
2025-03-25,278.6745300293
2025-03-26,275.4126281738
2025-03-27,274.2477111816
2025-03-28,268.7822265625
2025-03-31,270.1682739258
2025-04-01,271.0824584961
2025-04-02,273.2254333496
2025-04-03,259.4732055664
2025-04-04,244.2465057373
2025-04-07,243.4502716064
2025-04-08,239.6067352295
2025-04-09,263.9163818359
2025-04-10,253.0542144775
2025-04-11,257.2909240723
2025-04-14,259.6599731445
2025-04-15,259.2077941895
2025-04-16,253.8209838867
2025-04-17,254.3517913818
2025-04-21,248.3063201904
2025-04-22,254.6269989014
2025-04-23,258.9620666504
2025-04-24,264.4176940918
2025-04-25,266.0397033691
2025-04-28,266.423034668
2025-04-29,268.0253295898
2025-04-30,268.1826477051
2025-05-01,269.8536987305
2025-05-02,274.0609130859
2025-05-05,272.5078125
2025-05-06,270.2960205078
2025-05-07,271.4166564941
2025-05-08,273.5498046875
2025-05-09,273.2450866699
2025-05-12,282.3869628906
2025-05-13,284.3038635254
2025-05-14,284.4906311035
2025-05-15,285.6505432129
2025-05-16,287.6067199707
2025-05-19,287.832824707
2025-05-20,286.8891601562
2025-05-21,281.8954772949
2025-05-22,281.8463439941
2025-05-23,280.1949157715
2025-05-27,285.955291748
2025-05-28,284.2743530273
2025-05-29,285.1885681152
2025-05-30,284.9526672363
2025-06-02,286.4074401855
2025-06-03,288.3833007812
2025-06-04,288.3538208008
2025-06-05,286.7613525391
2025-06-06,290.1035766602
2025-06-09,290.3394775391
2025-06-10,291.8729248047
2025-06-11,291.0963745117
2025-06-12,292.0302429199
2025-06-13,288.5799255371
2025-06-16,291.4305725098
2025-06-17,289.0026245117
2025-06-18,289.1107788086
2025-06-20,288.4423217773
2025-06-23,291.2143554688
2025-06-24,294.6155395508
2025-06-25,294.2715148926
2025-06-26,296.8076477051
2025-06-27,298.1543884277
2025-06-30,299.6658325195
2025-07-01,299.6658325195
2025-07-02,301.2236633301
2025-07-03,303.7082824707
2025-07-07,301.3124084473
2025-07-08,301.2926635742
2025-07-09,303.1856994629
2025-07-10,303.9942626953
2025-07-11,302.7124938965
2025-07-14,303.4026489258
2025-07-15,301.8053588867
2025-07-16,302.9490966797
2025-07-17,304.9210510254
2025-07-18,304.7534179688
2025-07-21,305.0985107422
2025-07-22,305.4534301758
2025-07-23,308.0268554688
2025-07-24,307.9183654785
2025-07-25,309.2889099121
2025-07-28,309.2001342773
2025-07-29,308.224029541
2025-07-30,307.8690795898
2025-07-31,306.5281677246
2025-08-01,301.4504394531
2025-08-04,306.173248291
2025-08-05,304.822479248
2025-08-06,306.8831787109
2025-08-07,306.705657959
2025-08-08,308.6381530762
2025-08-11,307.9282531738
2025-08-12,311.6946411133
2025-08-13,313.2031860352
2025-08-14,312.7398071289
2025-08-15,312.029876709
2025-08-18,312.1481933594
2025-08-19,310.2551269531
2025-08-20,309.4367980957
2025-08-21,308.3719177246
2025-08-22,313.7159118652
2025-08-25,312.2073364258
2025-08-26,313.6271362305
2025-08-27,314.4652404785
2025-08-28,315.6089782715
2025-08-29,313.7356262207
2025-09-02,311.5566101074
2025-09-03,312.8778076172
2025-09-04,315.6483764648
2025-09-05,315.0666503906
2025-09-08,316.0723571777
2025-09-09,316.4766235352
2025-09-10,317.2850952148
2025-09-11,320.2232971191
2025-09-12,319.7598876953
2025-09-15,321.3177185059
2025-09-16,320.8839111328
2025-09-17,320.5979614258
2025-09-18,322.6191711426
2025-09-19,323.8319702148
2025-09-22,325.2319946289
2025-09-23,323.4868469238
2025-09-24,322.3037109375
2025-09-25,320.5782775879
2025-09-26,322.589630127
2025-09-29,323.4072875977
2025-09-30,324.4652099609
2025-10-01,325.5923156738
2025-10-02,326.0669250488
2025-10-03,326.2448730469
2025-10-06,327.4708862305
2025-10-07,325.8988342285
2025-10-08,328.0641174316
2025-10-09,326.9270629883
2025-10-10,318.1671142578
2025-10-13,323.2391967773
2025-10-14,323.1402893066
2025-10-15,324.6728210449
2025-10-16,322.0922851562
2025-10-17,323.6050109863
2025-10-20,327.2138366699
2025-10-21,327.1742858887
2025-10-22,325.1869506836
2025-10-23,327.2731628418
2025-10-24,329.9426269531
2025-10-27,333.6206665039
2025-10-28,334.1347961426
2025-10-29,333.8974914551
2025-10-30,330.3084716797
2025-10-31,331.6333618164
2025-11-03,332.0090332031
2025-11-04,327.9949035645
2025-11-05,329.3988342285
2025-11-06,325.6516723633
2025-11-07,326.363494873
2025-11-10,331.1390075684
2025-11-11,331.9497375488
2025-11-12,332.0683898926
2025-11-13,326.185546875
2025-11-14,326.1360778809
2025-11-17,322.7448425293
2025-11-18,320.5598144531
2025-11-19,321.6078491211
2025-11-20,316.486328125
2025-11-21,320.14453125
2025-11-24,324.9299316406
2025-11-25,328.4101867676
2025-11-26,330.6644287109
2025-11-28,332.5133056641
2025-12-01,330.8819580078
2025-12-02,331.2774047852
2025-12-03,332.7604675293
2025-12-04,333.2844848633
2025-12-05,333.7491760254
2025-12-08,332.7703857422
2025-12-09,332.4342041016
2025-12-10,334.9059753418
2025-12-11,336.0331115723
2025-12-12,332.1969299316
2025-12-15,331.5443725586
2025-12-16,330.5852661133
2025-12-17,326.9765319824
2025-12-18,329.4878540039
2025-12-19,332.4243164062
2025-12-22,334.735534668
2025-12-23,335.8460693359
2025-12-24,336.9961853027
2025-12-26,336.7879943848
2025-12-29,335.5188293457
2025-12-30,334.9834289551
2025-12-31,332.4252929688
2026-01-02,333.4564819336
2026-01-05,335.9649963379
2026-01-06,338.3149108887
2026-01-07,337.1647338867
2026-01-08,337.2539978027
2026-01-09,339.4948120117
2026-01-12,340.1194763184
2026-01-13,339.4353027344
2026-01-14,338.1066894531
2026-01-15,339.1477661133
2026-01-16,338.9494628906
2026-01-20,332.2666320801
2026-01-21,336.2029724121
2026-01-22,337.9777832031
2026-01-23,337.6704406738
2026-01-26,339.1279602051
2026-01-27,340.3573913574
2026-01-28,340.1690368652
2026-01-29,339.3857421875
2026-01-30,337.6803588867
2026-02-02,339.5741271973
2026-02-03,336.9664306641
2026-02-04,335.3800354004
2026-02-05,331.0669250488
2026-02-06,338.0670166016
2026-02-09,339.7327880859
2026-02-10,338.8999023438
2026-02-11,338.5727233887
2026-02-12,333.1590270996
2026-02-13,333.7935791016
2026-02-17,334.2100524902
2026-02-18,335.9550476074
2026-02-19,335.320526123
2026-02-20,337.3828735352
2026-02-23,333.6051940918
2026-02-24,336.3318786621
2026-02-25,338.9296264648
2026-02-26,337.6010131836
2026-02-27,335.8955993652
2026-03-02,336.2426452637
2026-03-03,332.8814086914
2026-03-04,335.320526123
2026-03-05,333.1491088867
2026-03-06,328.5980834961
2026-03-09,331.4437255859
2026-03-10,330.680267334
2026-03-11,330.4125366211
2026-03-12,325.1376647949
2026-03-13,323.3628540039
2026-03-16,326.6645812988
2026-03-17,327.7651977539
2026-03-18,323.2537841797
2026-03-19,322.6787109375
2026-03-20,317.6219787598
2026-03-23,321.4393310547
2026-03-24,320.4378662109
2026-03-25,322.3911743164
2026-03-26,316.838684082
2026-03-27,311.4060668945
2026-03-30,310.0036315918
2026-03-31,319.084564209
2026-04-01,321.5014648438
2026-04-02,322.0187072754
2026-04-06,323.4608764648
2026-04-07,323.6796875
2026-04-08,331.9052429199
2026-04-09,333.6458129883
2026-04-10,333.2479553223
2026-04-13,336.8485107422
2026-04-14,340.8070678711
2026-04-15,343.3831481934
2026-04-16,344.1689147949
2026-04-17,348.6446838379
2026-04-20,348.3264160156
2026-04-21,345.9691467285
2026-04-22,349.3309936523
2026-04-23,347.9186401367
2026-04-24,350.1565246582
2026-04-27,350.6339416504
2026-04-28,348.7441711426
2026-04-29,348.3264160156
2026-04-30,352.2750549316
2026-05-01,353.379119873
2026-05-04,352.076171875
2026-05-05,355.0699768066
2026-05-06,359.9137573242
2026-05-07,358.2627258301
2026-05-08,360.9183044434
2026-05-11,361.6742553711
2026-05-12,360.8387756348
2026-05-13,362.7484436035
2026-05-14,365.4239807129
2026-05-15,360.7890319824
2026-05-18,360.4110717773
2026-05-19,358.1234436035
2026-05-20,362.231262207
2026-05-21,363.126373291
2026-05-22,364.8172607422
2026-05-26,367.4729003906
2026-05-27,367.3734130859
2026-05-28,369.6610412598
2026-05-29,370.5363464355
2026-06-01,371.3916931152
2026-06-02,372.3465270996
2026-06-03,369.6510925293
2026-06-04,371.3718261719
2026-06-05,361.4255981445
2026-06-08,362.5097045898
2026-06-09,361.7140197754
2026-06-10,356.1143188477
2026-06-11,362.340637207
2026-06-12,364.3895568848
2026-06-15,370.5263977051
2026-06-16,368.3779907227
2026-06-17,363.7927856445
2026-06-18,368.0000305176
2026-06-22,366.8263549805
2026-06-23,361.7438964844
2026-06-24,361.6941223145
2026-06-25,362.0223693848
2026-06-26,361.3081665039
2026-06-29,366.1958312988
2026-06-30,369.1084899902
2026-07-01,368.340423584
2026-07-02,367.8317260742
2026-07-06,370.7344055176
2026-07-07,368.6795654297
2026-07-08,367.3229980469
2026-07-09,370.5149536133
2026-07-10,371.7518005371
2026-07-13,368.8491210938
2026-07-14,370.2256774902
2026-07-15,371.4825134277
2026-07-16,369.6470947266
2026-07-17,366.0861206055
2026-07-20,365.3280334473
2026-07-21,368.5199890137
2026-07-22,367.9414367676
2026-07-23,363.7719421387
2026-07-24,363.881652832
2026-07-27,364.2607116699
2026-07-28,365.0686645508
2026-07-29,359.5127258301
2026-07-30,365.3479614258
2026-07-31,367.2830810547
2026-08-03,372.8989257812
2026-08-04,379.8613586426
2026-08-05,378.6942749023
2026-08-06,378.1157531738
2026-08-07,380.818939209
2026-08-10,380.6693115234
2026-08-11,379.6917724609
2026-08-12,380.8688049316
2026-08-13,383.3325805664
2026-08-14,382.8837280273
2026-08-17,381.1680603027
2026-08-18,378.0858459473
2026-08-19,379.033416748
2026-08-20,375.632019043
2026-08-21,377.2878417969
2026-08-24,376.1207885742
2026-08-25,377.198059082
2026-08-26,377.2778625488
2026-08-27,379.6718139648
2026-08-28,378.4049987793
2026-08-31,377.198059082
2026-09-01,374.2255859375
2026-09-02,375.9312744141
2026-09-03,379.9710693359
2026-09-04,378.7741088867
2026-09-08,376.6494445801
2026-09-09,374.6145935059
2026-09-10,372.3004150391
2026-09-11,375.362701416
2026-09-14,373.7367858887
2026-09-15,371.9014282227
2026-09-16,370.3254089355
2026-09-17,374.3951416016
2026-09-18,374.4848937988
2026-09-21,380.1406555176
2026-09-22,380.3102111816
2026-09-23,377.2778625488
2026-09-24,377.1282348633
2026-09-25,378.8139648438
2026-09-28,375.8399963379
2026-09-29,375.2600097656
2026-09-30,374.2399902344
2026-10-01,375.1799926758
2026-10-02,377.9899902344
2026-10-05,380.6000061035
2026-10-06,383.429901123
